/home/yininghong/miniconda3/envs/behavior/lib/python3.10/site-packages/torch/backends/__init__.py:46: UserWarning: Please use the new API settings to control TF32 behavior, such as torch.backends.cudnn.conv.fp32_precision = 'tf32' or torch.backends.cuda.matmul.fp32_precision = 'ieee'. Old settings, e.g, torch.backends.cuda.matmul.allow_tf32 = True, torch.backends.cudnn.allow_tf32 = True, allowTF32CuDNN() and allowTF32CuBLAS() will be deprecated after Pytorch 2.9. Please see https://pytorch.org/docs/main/notes/cuda.html#tensorfloat-32-tf32-on-ampere-and-later-devices (Triggered internally at /pytorch/aten/src/ATen/Context.cpp:80.)
  self.setter(val)
[record_scene_video] args interactive=False frames=48 motion=deformable-unveil output=outputs/qualitative_task_demo/smoke2/deformable_bottle_close_smoke.mp4
[record_scene_video] loading scene=Ihlen_1_int room=bedroom_1 full_scene=False
[0m[00:00:03.442] [INFO] [omnigibson.simulator] ----- Starting OmniGibson. This will take 10-30 seconds... -----[0m
[0m[00:00:03.442] [INFO] [omnigibson.simulator] Texture cache folder found, removing...[0m
[32m[00:00:03.728] [DEBUG] [asyncio] Using selector: EpollSelector[0m
[Info] [carb] Logging to file: /home/yininghong/miniconda3/envs/behavior/lib/python3.10/site-packages/omni/logs/Kit/OmniGibson/3.7/kit_20260512_091055.log
2026-05-12 16:10:55 [0ms] [Warning] [omni.kit.app.plugin] No crash reporter present, dumps uploading isn't available.
[0.046s] [ext: omni.kit.async_engine-0.0.1] startup
[0.230s] [ext: omni.metrics.core-0.0.1] startup
[0.231s] [ext: omni.client.lib-1.0.0] startup
[0.252s] [ext: omni.blobkey-1.1.2] startup
[0.252s] [ext: omni.stats-1.0.1] startup
[0.253s] [ext: omni.datastore-0.0.0] startup
[0.258s] [ext: omni.client-1.2.2] startup
[0.263s] [ext: omni.ujitso.default-1.0.0] startup
[0.264s] [ext: omni.hsscclient-1.1.1] startup
2026-05-12 16:10:55 [255ms] [Warning] [omni.datastore] OmniHub is inaccessible
[0.420s] [ext: omni.gpu_foundation.shadercache.vulkan-1.0.0] startup
[0.423s] [ext: omni.assets.plugins-0.0.0] startup
[0.424s] [ext: omni.gpu_foundation-0.0.0] startup
[0.432s] [ext: carb.windowing.plugins-1.0.0] startup
[0.440s] [ext: omni.kit.renderer.init-0.0.0] startup

|---------------------------------------------------------------------------------------------|
| Driver Version: 580.126.09    | Graphics API: Vulkan
|=============================================================================================|
| GPU | Name                             | Active | LDA | GPU Memory | Vendor-ID | LUID       |
|     |                                  |        |     |            | Device-ID | UUID       |
|     |                                  |        |     |            | Bus-ID    |            |
|---------------------------------------------------------------------------------------------|
| 0   | NVIDIA GeForce RTX 3080 Ti       | Yes: 0 |     | 12534   MB | 10de      | 0          |
|     |                                  |        |     |            | 2208      | 96736115.. |
|     |                                  |        |     |            | 2a        |            |
|=============================================================================================|
| OS: 24.04.3 LTS (Noble Numbat) ubuntu, Version: 24.04.3, Kernel: 6.17.0-22-generic
| XServer Vendor: The X.Org Foundation, XServer Version: 12101011 (1.21.1.11)
| Processor: AMD Ryzen 5 5600X3D 6-Core Processor
| Cores: 6 | Logical Cores: 12
|---------------------------------------------------------------------------------------------|
| Total Memory (MB): 15914 | Free Memory: 11436
| Total Page/Swap (MB): 4095 | Free Page/Swap: 1957
|---------------------------------------------------------------------------------------------|
[1.419s] [ext: omni.kit.pipapi-0.0.0] startup
[1.421s] [ext: omni.kit.pip_archive-0.0.0] startup
[1.421s] [ext: omni.kit.telemetry-0.5.1] startup
[1.461s] [ext: omni.materialx.libs-1.0.6] startup
[1.471s] [ext: omni.services.pip_archive-0.13.6] startup
[1.471s] [ext: omni.kit.loop-isaac-1.2.1] startup
[1.472s] [ext: omni.kit.test-1.1.2] startup
[1.501s] [ext: omni.usd.config-1.0.5] startup
[1.505s] [ext: omni.gpucompute.plugins-0.0.0] startup
[1.505s] [ext: omni.usd.libs-1.0.1] startup
[1.624s] [ext: omni.mdl-55.0.1] startup
[1.642s] [ext: omni.iray.libs-0.0.0] startup
[1.647s] [ext: omni.mdl.neuraylib-0.2.10] startup
[1.649s] [ext: omni.kit.usd.mdl-1.0.7] startup
[1.748s] [ext: omni.appwindow-1.1.9] startup
[2.666s] [ext: omni.kit.renderer.core-1.0.2] startup
[3.666s] [ext: omni.kit.renderer.capture-0.0.0] startup
[3.669s] [ext: omni.kit.renderer.imgui-1.0.2] startup
[3.736s] [ext: omni.ui-2.26.5] startup
[3.745s] [ext: omni.kit.mainwindow-1.0.3] startup
[3.746s] [ext: carb.audio-0.1.0] startup
[3.753s] [ext: omni.uiaudio-1.0.0] startup
[3.754s] [ext: omni.kit.uiapp-0.0.0] startup
[3.754s] [ext: omni.usd.schema.metrics.assembler-106.5.0] startup
[3.767s] [ext: omni.usd.schema.physx-106.5.7] startup
[3.795s] [ext: omni.usd.schema.audio-0.0.0] startup
[3.800s] [ext: omni.usd.schema.geospatial-0.0.0] startup
[3.804s] [ext: omni.usd.schema.semantics-0.0.0] startup
[3.807s] [ext: omni.usd.schema.forcefield-106.5.7] startup
[3.817s] [ext: omni.usd.schema.omnigraph-1.0.0] startup
[3.82[32m[00:00:07.541] [DEBUG] [AutoNode] Defining data type 'any' as 'Any'[0m
[32m[00:00:07.542] [DEBUG] [AutoNode] Defining data type 'bool' as 'Bool' and array 'BoolArray[0m
[32m[00:00:07.542] [DEBUG] [AutoNode] Defining data type 'bundle' as 'Bundle'[0m
[32m[00:00:07.542] [DEBUG] [AutoNode] Defining data type 'colord[3]' as 'Color3d' and array 'Color3dArray[0m
[32m[00:00:07.542] [DEBUG] [AutoNode] Defining data type 'colorf[3]' as 'Color3f' and array 'Color3fArray[0m
[32m[00:00:07.542] [DEBUG] [AutoNode] Defining data type 'colorh[3]' as 'Color3h' and array 'Color3hArray[0m
[32m[00:00:07.542] [DEBUG] [AutoNode] Defining data type 'colord[4]' as 'Color4d' and array 'Color4dArray[0m
[32m[00:00:07.542] [DEBUG] [AutoNode] Defining data type 'colorf[4]' as 'Color4f' and array 'Color4fArray[0m
[32m[00:00:07.542] [DEBUG] [AutoNode] Defining data type 'colorh[4]' as 'Color4h' and array 'Color4hArray[0m
[32m[00:00:07.542] [DEBUG] [AutoNode] Defining data type 'double' as 'Double' and array 'DoubleArray[0m
[32m[00:00:07.542] [DEBUG] [AutoNode] Defining data type 'double[2]' as 'Double2' and array 'Double2Array[0m
[32m[00:00:07.542] [DEBUG] [AutoNode] Defining data type 'double[3]' as 'Double3' and array 'Double3Array[0m
[32m[00:00:07.542] [DEBUG] [AutoNode] Defining data type 'double[4]' as 'Double4' and array 'Double4Array[0m
[32m[00:00:07.542] [DEBUG] [AutoNode] Defining data type 'execution' as 'Execution'[0m
[32m[00:00:07.542] [DEBUG] [AutoNode] Defining data type 'float' as 'Float' and array 'FloatArray[0m
[32m[00:00:07.542] [DEBUG] [AutoNode] Defining data type 'float[2]' as 'Float2' and array 'Float2Array[0m
[32m[00:00:07.542] [DEBUG] [AutoNode] Defining data type 'float[3]' as 'Float3' and array 'Float3Array[0m
[32m[00:00:07.542] [DEBUG] [AutoNode] Defining data type 'float[4]' as 'Float4' and array 'Float4Array[0m
[32m[00:00:07.542] [DEBUG] [AutoNode] Defining data type 'frame[4]' as 'Frame' and array 'FrameArray[0m
[32m[00:00:07.542] [DEBUG] [AutoNode] Defining data type 'half' as 'Half' and array 'HalfArray[0m
[32m[00:00:07.542] [DEBUG] [AutoNode] Defining data type 'half[2]' as 'Half2' and array 'Half2Array[0m
[32m[00:00:07.542] [DEBUG] [AutoNode] Defining data type 'half[3]' as 'Half3' and array 'Half3Array[0m
[32m[00:00:07.542] [DEBUG] [AutoNode] Defining data type 'half[4]' as 'Half4' and array 'Half4Array[0m
[32m[00:00:07.542] [DEBUG] [AutoNode] Defining data type 'int' as 'Int' and array 'IntArray[0m
[32m[00:00:07.542] [DEBUG] [AutoNode] Defining data type 'int[2]' as 'Int2' and array 'Int2Array[0m
[32m[00:00:07.542] [DEBUG] [AutoNode] Defining data type 'int[3]' as 'Int3' and array 'Int3Array[0m
[32m[00:00:07.542] [DEBUG] [AutoNode] Defining data type 'int[4]' as 'Int4' and array 'Int4Array[0m
[32m[00:00:07.542] [DEBUG] [AutoNode] Defining data type 'int64' as 'Int64' and array 'Int64Array[0m
[32m[00:00:07.543] [DEBUG] [AutoNode] Defining data type 'matrixd[2]' as 'Matrix2d' and array 'Matrix2dArray[0m
[32m[00:00:07.543] [DEBUG] [AutoNode] Defining data type 'matrixd[3]' as 'Matrix3d' and array 'Matrix3dArray[0m
[32m[00:00:07.543] [DEBUG] [AutoNode] Defining data type 'matrixd[4]' as 'Matrix4d' and array 'Matrix4dArray[0m
[32m[00:00:07.543] [DEBUG] [AutoNode] Defining data type 'normald[3]' as 'Normal3d' and array 'Normal3dArray[0m
[32m[00:00:07.543] [DEBUG] [AutoNode] Defining data type 'normalf[3]' as 'Normal3f' and array 'Normal3fArray[0m
[32m[00:00:07.543] [DEBUG] [AutoNode] Defining data type 'normalh[3]' as 'Normal3h' and array 'Normal3hArray[0m
[32m[00:00:07.543] [DEBUG] [AutoNode] Defining data type 'objectId' as 'ObjectId' and array 'ObjectIdArray[0m
[32m[00:00:07.543] [DEBUG] [AutoNode] Defining data type 'path' as 'Path'[0m
[32m[00:00:07.543] [DEBUG] [AutoNode] Defining data type 'pointd[3]' as 'Point3d' and array 'Point3dArray[0m
[32m[00:00:07.543] [DEBUG] [AutoNode] Defining data type 'pointf[3]' as 'Point3f' and array 'Point3fArray[0m
[32m[00:00:07.543] [DEBUG] [AutoNode] Defining data type 'pointh[3]' as 'Point3h' and array 'Point3hArray[0m
[32m[00:00:07.543] [DEBUG] [AutoNode] Defining data type 'quatd[4]' as 'Quatd' and array 'QuatdArray[0m
[32m[00:00:07.543] [DEBUG] [AutoNode] Defining data type 'quatf[4]' as 'Quatf' and array 'QuatfArray[0m
[32m[00:00:07.543] [DEBUG] [AutoNode] Defining data type 'quath[4]' as 'Quath' and array 'QuathArray[0m
[32m[00:00:07.543] [DEBUG] [AutoNode] Defining data type 'string' as 'String'[0m
[32m[00:00:07.543] [DEBUG] [AutoNode] Defining data type 'target' as 'Target'[0m
[32m[00:00:07.543] [DEBUG] [AutoNode] Defining data type 'texcoordd[2]' as 'TexCoord2d' and array 'TexCoord2dArray[0m
[32m[00:00:07.543] [DEBUG] [AutoNode] Defining data type 'texcoordf[2]' as 'TexCoord2f' and array 'TexCoord2fArray[0m
[32m[00:00:07.543] [DEBUG] [AutoNode] Defining data type 'texcoordh[2]' as 'TexCoord2h' and array 'TexCoord2hArray[0m
[32m[00:00:07.543] [DEBUG] [AutoNode] Defining data type 'texcoordd[3]' as 'TexCoord3d' and array 'TexCoord3dArray[0m
[32m[00:00:07.543] [DEBUG] [AutoNode] Defining data type 'texcoordf[3]' as 'TexCoord3f' and array 'TexCoord3fArray[0m
[32m[00:00:07.543] [DEBUG] [AutoNode] Defining data type 'texcoordh[3]' as 'TexCoord3h' and array 'TexCoord3hArray[0m
[32m[00:00:07.543] [DEBUG] [AutoNode] Defining data type 'timecode' as 'Timecode' and array 'TimecodeArray[0m
[32m[00:00:07.543] [DEBUG] [AutoNode] Defining data type 'token' as 'Token' and array 'TokenArray[0m
[32m[00:00:07.543] [DEBUG] [AutoNode] Defining data type 'uchar' as 'UChar' and array 'UCharArray[0m
[32m[00:00:07.543] [DEBUG] [AutoNode] Defining data type 'uint' as 'UInt' and array 'UIntArray[0m
[32m[00:00:07.543] [DEBUG] [AutoNode] Defining data type 'uint64' as 'UInt64' and array 'UInt64Array[0m
[32m[00:00:07.543] [DEBUG] [AutoNode] Defining data type 'vectord[3]' as 'Vector3d' and array 'Vector3dArray[0m
[32m[00:00:07.543] [DEBUG] [AutoNode] Defining data type 'vectorf[3]' as 'Vector3f' and array 'Vector3fArray[0m
[32m[00:00:07.544] [DEBUG] [AutoNode] Defining data type 'vectorh[3]' as 'Vector3h' and array 'Vector3hArray[0m
6s] [ext: isaacsim.robot.schema-3.1.2] startup
[3.837s] [ext: omni.usd.schema.omniscripting-1.0.0] startup
[3.843s] [ext: omni.usd.schema.isaac-3.0.2] startup
[3.843s] [ext: omni.usd.schema.anim-0.0.0] startup
[3.870s] [ext: omni.usd.schema.flow-107.0.0] startup
[3.870s] [ext: omni.graph.exec-0.9.4] startup
[3.871s] [ext: omni.kit.usd_undo-0.1.8] startup
[3.871s] [ext: omni.kit.actions.core-1.0.0] startup
[3.874s] [ext: omni.kit.exec.core-0.13.4] startup
[3.877s] [ext: omni.usd_resolver-1.0.0] startup
[3.883s] [ext: omni.kit.commands-1.4.9] startup
[3.886s] [ext: omni.activity.core-1.0.1] startup
[3.888s] [ext: omni.usd.core-1.4.2] startup
[3.892s] [ext: omni.resourcemonitor-107.0.0] startup
[3.894s] [ext: omni.kit.window.popup_dialog-2.0.24] startup
[3.898s] [ext: omni.timeline-1.0.11] startup
[3.899s] [ext: omni.kit.widget.nucleus_connector-1.1.10] startup
[3.901s] [ext: usdrt.scenegraph-7.5.1] startup
[3.936s] [ext: omni.kit.audiodeviceenum-1.0.1] startup
[3.938s] [ext: omni.hydra.usdrt_delegate-7.5.1] startup
[3.952s] [ext: omni.hydra.scene_delegate-0.3.3] startup
[3.959s] [ext: omni.usd-1.12.4] startup
[3.997s] [ext: omni.inspect-1.0.1] startup
[3.998s] [ext: omni.kit.notification_manager-1.0.9] startup
[4.000s] [ext: omni.graph.core-2.181.8] startup
[4.003s] [ext: isaacsim.core.deprecation_manager-0.2.2] startup
[4.004s] [ext: omni.kit.asset_converter-2.8.3] startup
[4.015s] [ext: omni.kit.widget.path_field-2.0.11] startup
[4.016s] [ext: omni.kit.helper.file_utils-0.1.9] startup
[4.017s] [ext: omni.kit.menu.core-1.1.2] startup
[4.018s] [ext: omni.kit.widget.browser_bar-2.0.10] startup
[4.019s] [ext: omni.kit.widget.filebrowser-2.10.52] startup
[4.022s] [ext: omni.kit.widget.context_menu-1.2.4] startup
[4.023s] [ext: omni.kit.clipboard-1.0.5] startup
[4.024s] [ext: omni.kit.widget.options_menu-1.1.6] startup
[4.026s] [ext: omni.graph.tools-1.79.1] startup
[4.048s] [ext: omni.ui.scene-1.11.2] startup
[4.052s] [ext: omni.kit.widget.options_button-1.0.3] startup
[4.053s] [ext: omni.kit.property.adapter.core-1.0.2] startup
[4.054s] [ext: omni.graph-1.140.2] startup
[4.089s] [ext: omni.kit.window.filepicker-2.11.7] startup
[4.096s] [ext: omni.kit.property.adapter.usd-1.0.2] startup
[4.098s] [ext: omni.kit.property.adapter.fabric-1.0.3] startup
[4.100s] [ext: omni.kit.widget.text_editor-1.0.2] startup
[4.101s] [ext: omni.kit.hotkeys.core-1.3.10] startup
[4.104s] [ext: omni.kit.window.content_browser_registry-0.0.6] startup
[4.106s] [ext: omni.kit.widget.filter-1.1.4] startup
[4.107s] [ext: omni.kit.widget.searchfield-1.1.8] startup
[4.108s] [ext: omni.kit.widget.highlight_label-1.0.3] startup
[4.110s] [ext: omni.ujitso.processor.texture-1.0.0] startup
[4.111s] [ext: omni.index.libs-380600.1777.0] startup
[4.111s] [ext: omni.volume-0.5.0] startup
[4.117s] [ext: omni.ujitso.client-0.0.0] startup
[4.117s] [ext: omni.index-1.0.1] startup
[4.119s] [ext: omni.hydra.rtx.shadercache.vulkan-1.0.0] startup
[4.120s] [ext: omni.kit.usd.layers-2.2.0] startup
[4.128s] [ext: omni.hydra.rtx-1.0.0] startup
2026-05-12 16:10:59 [4,129ms] [Warning] [omni.log] Source: omni.hydra was already registered.
[4.162s] [ext: omni.kit.context_menu-1.8.3] startup
[4.163s] [ext: omni.kit.viewport.scene_camera_model-1.0.5] startup
[4.171s] [ext: omni.kit.hydra_texture-1.4.0] startup
[4.176s] [ext: omni.kit.window.file_importer-1.1.14] startup
[4.179s] [ext: omni.kit.menu.utils-1.7.7] startup
[4.184s] [ext: omni.kit.viewport.legacy_gizmos-1.0.16] startup
[4.187s] [ext: omni.kit.raycast.query-1.0.5] startup
[4.195s] [ext: omni.kit.material.library-1.5.15] startup
[4.199s] [ext: omni.kit.widget.viewport-107.0.7] startup
[4.203s] [ext: omni.kit.window.file_exporter-1.0.31] startup
[4.205s] [ext: omni.kit.stage_template.core-1.1.22] startup
[4.206s] [ext: omni.kit.window.drop_support-1.0.4] startup
[4.207s] [ext: omni.kit.viewport.registry-104.0.6] startup
[4.208s] [ext: omni.hydra.engine.stats-1.0.3] startup
[4.212s] [ext: omni.kit.window.file-1.3.57] startup
[4.215s] [ext: omni.kit.viewport.window-107.0.8] startup
[4.232s] [ext: omni.kit.window.content_browser-2.10.3] startup
[4.245s] [ext: omni.kit.window.property-1.11.5] startup
[4.247s] [ext: omni.kit.widget.stage-2.11.6] startup
[4.256s] [ext: omni.kit.viewport.utility-1.0.18] startup
[4.257s] [ext: omni.kit.manipulator.viewport-107.0.1] startup
[4.259s] [ext: omni.kit.property.usd-4.2.16] startup
[4.267s] [ext: omni.kit.xr.telemetry-106.5.13] startup
[4.269s] [ext: omni.kit.window.extensions-1.4.25] startup
[4.275s] [ext: omni.graph.visualization.nodes-2.1.1] startup
[4.280s] [ext: omni.kit.widget.stage_icons-1.0.6] startup
[4.283s] [ext: omni.kit.widget.zoombar-1.0.5] startup
[4.285s] [ext: omni.kit.widget.searchable_combobox-1.0.6] startup
[4.287s] [ext: omni.kit.window.stage-2.5.11] startup
[4.297s] [ext: omni.kit.browser.core-2.3.11] startup
[4.300s] [ext: omni.kit.widget.settings-1.2.2] startup
[4.302s] [ext: omni.kit.menu.stage-1.2.5] startup
[4.304s] [ext: omni.kit.browser.folder.core-1.10.1] startup
[4.308s] [ext: omni.kit.widget.prompt-1.0.7] startup
[4.309s] [ext: omni.kit.window.preferences-1.7.0] startup
[4.314s] [ext: omni.kit.xr.configurations-106.5.13] startup
[4.315s] [ext: omni.convexdecomposition-106.5.7] startup
[4.321s] [ext: omni.kit.usd.collect-2.2.22] startup
[4.324s] [ext: omni.rtx.window.settings-0.6.17] startup
[4.327s] [ext: omni.kit.manipulator.camera-106.0.3] startup
[4.332s] [ext: omni.kit.xr.core-106.5.13] startup
[4.368s] [ext: omni.kvdb-106.5.7] startup
[4.373s] [ext: omni.services.facilities.base-1.0.4] startup
[4.374s] [ext: omni.usdphysics-106.5.7] startup
[4.379s] [ext: omni.physx.foundation-106.5.7] startup
[4.381s] [ext: omni.localcache-106.5.7] startup
[4.383s] [ext: omni.services.core-1.9.0] startup
[4.686s] [ext: omni.physx.cooking-106.5.7] startup
[4.700s] [ext: omni.kit.tool.collect-2.2.16] startup
[4.702s] [ext: omni.kit.xr.ui.window.viewport-106.5.13] startup
[4.709s] [ext: omni.services.transport.server.base-1.1.1] startup
[4.711s] [ext: omni.physx-106.5.7] startup
[4.731s] [ext: isaacsim.examples.browser-0.1.8] startup
[4.734s] [ext: omni.graph.action_core-1.1.7] startup
[4.738s] [ext: omni.ui_query-1.1.7] startup
[4.739s] [ext: omni.services.transport.server.zeroconf-1.0.9] startup
[4.755s] [ext: omni.graph.action_nodes-1.40.1] startup
[4.764s] [ext: omni.kit.ui_test-1.3.3] startup
[4.766s] [ext: omni.kit.xr.advertise-106.5.13] startup
[4.768s] [ext: omni.graph.action-1.120.0] startup
[4.772s] [ext: omni.kit.xr.ui.window.profile-106.5.13] startup
[4.973s] [ext: omni.kit.xr.system.cloudxr-106.5.13] startup
[4.976s] [ext: omni.kit.tool.asset_importer-2.12.2] startup
[4.981s] [ext: isaacsim.gui.components-1.0.9] startup
[4.984s] [ext: omni.kit.xr.profile.common-106.5.13] startup
[4.990s] [ext: isaacsim.asset.importer.urdf-2.3.10] startup
[5.069s] [ext: omni.graph.image.core-0.6.0] startup
[5.071s] [ext: isaacsim.core.version-2.0.2] startup
[5.073s] [ext: omni.graph.image.nodes-1.3.0] startup
[5.075s] [ext: isaacsim.storage.native-1.0.6] startup
[5.082s] [ext: omni.kit.data2ui.core-1.0.27] startup
[5.086s] [ext: omni.graph.nodes-1.162.1] startup
[5.099s] [ext: omni.physx.stageupdate-106.5.7] startup
[5.102s] [ext: omni.kit.numpy.common-0.1.2] startup
[5.104s] [ext: omni.kit.data2ui.usd-1.0.27] startup
[5.111s] [ext: omni.warp.core-1.5.0] startup
[5.114s] [ext: omni.isaac.dynamic_control-1.3.15] startup
2026-05-12 16:11:00 [5,110ms] [Warning] [omni.isaac.dynamic_control] omni.isaac.dynamic_control is deprecated as of Isaac Sim 4.5. No action is needed from end-users.
[5.121s] [ext: omni.no_code_ui.bundle-1.0.27] startup
[5.123s] [ext: omni.kit.xr.scene_view.core-106.5.13] startup
[5.136s] [ext: isaacsim.core.utils-2.2.8] startup
[5.140s] [ext: omni.kit.xr.scene_view.utils-106.5.13] startup
[5.896s] [ext: omni.kit.xr.system.steamvr-106.5.13] startup
[5.899s] [ext: isaacsim.asset.browser-1.3.4] startup
[5.903s] [ext: omni.kit.xr.ui.stage-106.5.13] startup
[5.915s] [ext: omni.kit.xr.system.openxr-106.5.13] startup
[5.922s] [ext: omni.isaac.asset_browser-1.0.2] startup
2026-05-12 16:11:01 [5,913ms] [Warning] [omni.isaac.asset_browser] omni.isaac.asset_browser has been deprecated in favor of isaacsim.asset.browser. Please update your code accordingly.
[5.923s] [ext: omni.kit.xr.profile.vr-106.5.13] startup
[5.927s] [ext: omni.physics.tensors-106.5.7] startup
[5.940s] [ext: omni.graph.ui_nodes-1.40.1] startup
[5.949s] [ext: omni.physx.tensors-106.5.7] startup
[5.957s] [ext: omni.kit.primitive.mesh-1.0.17] startup
[5.962s] [ext: isaacsim.core.simulation_manager-0.3.3] startup
[6.129s] [ext: omni.kit.stage_templates-1.2.6] startup
[6.135s] [ext: isaacsim.core.prims-0.3.7] startup
[6.152s] [ext: omni.kit.widget.graph-1.12.17] startup
[6.158s] [ext: isaacsim.core.api-4.2.16] startup
[6.168s] [ext: omni.kit.graph.delegate.default-1.2.2] startup
[6.170s] [ext: omni.graph.scriptnode-1.40.1] startup
[6.172s] [ext: omni.kit.graph.editor.core-1.5.3] startup
[6.176s] [ext: isaacsim.core.cloner-1.3.4] startup
[6.179s] [ext: omni.kit.graph.usd.commands-1.3.1] startup
[6.181s] [ext: omni.isaac.assets_check-0.3.9] startup
2026-05-12 16:11:01 [6,172ms] [Warning] [omni.isaac.assets_check] omni.isaac.assets_check has been deprecated in favor of isaacsim.asset.browser. Please update your code accordingly.
[6.183s] [ext: omni.kit.widget.material_preview-1.0.16] startup
[6.187s] [ext: omni.kit.viewport.menubar.core-107.1.2] startup
[6.201s] [ext: omni.isaac.cloner-1.0.2] startup
2026-05-12 16:11:01 [6,191ms] [Warning] [omni.isaac.cloner] omni.isaac.cloner has been deprecated in favor of isaacsim.core.cloner. Please update your code accordingly.
[6.202s] [ext: isaacsim.core.throttling-2.0.2] startup
[6.203s] [ext: omni.flowusd-106.5.2] startup
2026-05-12 16:11:01 [6,200ms] [Warning] [omni.stageupdate.plugin] Deprecated: direct use of IStageUpdate callbacks is deprecated. Use IStageUpdate::getStageUpdate instead.
[6.213s] [ext: omni.kit.window.material_graph-1.8.19] startup
[6.222s] [ext: omni.syntheticdata-0.6.10] startup
[6.239s] [ext: omni.warp-1.5.0] startup
[6.246s] [ext: isaacsim.simulation_app-2.4.2] startup
[6.248s] [ext: isaacsim.robot_motion.lula-4.0.4] startup
[6.262s] [ext: omni.replicator.core-1.11.35] startup
2026-05-12 16:11:01 [6,391ms] [Warning] [omni.replicator.core.scripts.extension] No material configuration file, adding configuration to material settings directly.
[6.404s] [ext: omni.isaac.kit-2.0.3] startup
2026-05-12 16:11:01 [6,395ms] [Warning] [omni.isaac.kit] omni.isaac.kit has been deprecated in favor of isaacsim.simulation_app. Please update your code accordingly.
[6.406s] [ext: omni.isaac.lula-4.0.2] startup
2026-05-12 16:11:01 [6,396ms] [Warning] [omni.isaac.lula] omni.isaac.lula has been deprecated in favor of isaacsim.robot_motion.lula. Please update your code accordingly.
[6.407s] [ext: isaacsim.core.nodes-2.1.4] startup
[6.416s] [ext: isaacsim.robot_motion.motion_generation-8.0.6] startup
[6.430s] [ext: isaacsim.robot.surface_gripper-2.0.6] startup
[6.440s] [ext: omni.kit.selection-0.1.5] startup
[6.443s] [ext: isaacsim.robot_motion.lula_test_widget-1.0.5] startup
[6.457s] [ext: isaacsim.robot.manipulators-3.0.4] startup
[6.471s] [ext: isaacsim.gui.menu-2.0.9] startup
[6.512s] [ext: omni.isaac.lula_test_widget-1.0.2] startup
2026-05-12 16:11:02 [6,504ms] [Warning] [omni.isaac.lula_test_widget] omni.isaac.lula_test_widget has been deprecated in favor of isaacsim.robot_motion.lula_test_widget. Please update your code accordingly.
[6.515s] [ext: omni.isaac.manipulators-3.0.3] startup
2026-05-12 16:11:02 [6,507ms] [Warning] [omni.isaac.manipulators] omni.isaac.manipulators has been deprecated in favor of isaacsim.robot.manipulators. Please update your code accordingly.
2026-05-12 16:11:02 [6,508ms] [Warning] [omni.isaac.manipulators.controllers] omni.isaac.manipulators has been deprecated in favor of isaacsim.robot.manipulators. Please update your code accordingly.
2026-05-12 16:11:02 [6,508ms] [Warning] [omni.isaac.manipulators.controllers.pick_place_controller] omni.isaac.manipulators has been deprecated in favor of isaacsim.robot.manipulators. Please update your code accordingly.
2026-05-12 16:11:02 [6,512ms] [Warning] [omni.isaac.manipulators.controllers.stacking_controller] omni.isaac.manipulators has been deprecated in favor of isaacsim.robot.manipulators. Please update your code accordingly.
2026-05-12 16:11:02 [6,513ms] [Warning] [omni.isaac.manipulators.grippers] omni.isaac.manipulators has been deprecated in favor of isaacsim.robot.manipulators. Please update your code accordingly.
2026-05-12 16:11:02 [6,513ms] [Warning] [omni.isaac.manipulators.grippers.gripper] omni.isaac.manipulators has been deprecated in favor of isaacsim.robot.manipulators. Please update your code accordingly.
2026-05-12 16:11:02 [6,514ms] [Warning] [omni.isaac.manipulators.grippers.parallel_gripper] omni.isaac.manipulators has been deprecated in favor of isaacsim.robot.manipulators. Please update your code accordingly.
2026-05-12 16:11:02 [6,514ms] [Warning] [omni.isaac.manipulators.grippers.surface_gripper] omni.isaac.manipulators has been deprecated in favor of isaacsim.robot.manipulators. Please update your code accordingly.
2026-05-12 16:11:02 [6,514ms] [Warning] [omni.isaac.manipulators.manipulators] omni.isaac.manipulators has been deprecated in favor of isaacsim.robot.manipulators. Please update your code accordingly.
2026-05-12 16:11:02 [6,515ms] [Warning] [omni.isaac.manipulators.manipulators.single_manipulator] omni.isaac.manipulators has been deprecated in favor of isaacsim.robot.manipulators. Please update your code accordingly.
[6.526s] [ext: omni.isaac.menu-1.0.2] startup
2026-05-12 16:11:02 [6,518ms] [Warning] [omni.isaac.menu] omni.isaac.menu has been deprecated in favor of isaacsim.gui.menu. Please update your code accordingly.
[6.529s] [ext: isaacsim.util.debug_draw-2.0.2] startup
[6.536s] [ext: omni.isaac.motion_generation-8.0.2] startup
2026-05-12 16:11:02 [6,528ms] [Warning] [omni.isaac.motion_generation] omni.isaac.motion_generation has been deprecated in favor of isaacsim.robot_motion.motion_generation. Please update your code accordingly.
2026-05-12 16:11:02 [6,528ms] [Warning] [omni.isaac.motion_generation.articulation_kinematics_solver] omni.isaac.motion_generation has been deprecated in favor of isaacsim.robot_motion.motion_generation. Please update your code accordingly.
2026-05-12 16:11:02 [6,528ms] [Warning] [omni.isaac.motion_generation.articulation_motion_policy] omni.isaac.motion_generation has been deprecated in favor of isaacsim.robot_motion.motion_generation. Please update your code accordingly.
2026-05-12 16:11:02 [6,529ms] [Warning] [omni.isaac.motion_generation.articulation_trajectory] omni.isaac.motion_generation has been deprecated in favor of isaacsim.robot_motion.motion_generation. Please update your code accordingly.
2026-05-12 16:11:02 [6,529ms] [Warning] [omni.isaac.motion_generation.kinematics_interface] omni.isaac.motion_generation has been deprecated in favor of isaacsim.robot_motion.motion_generation. Please update your code accordingly.
2026-05-12 16:11:02 [6,529ms] [Warning] [omni.isaac.motion_generation.lula] omni.isaac.motion_generation has been deprecated in favor of isaacsim.robot_motion.motion_generation. Please update your code accordingly.
2026-05-12 16:11:02 [6,529ms] [Warning] [omni.isaac.motion_generation.lula.kinematics] omni.isaac.motion_generation has been deprecated in favor of isaacsim.robot_motion.motion_generation. Please update your code accordingly.
2026-05-12 16:11:02 [6,530ms] [Warning] [omni.isaac.motion_generation.lula.motion_policies] omni.isaac.motion_generation has been deprecated in favor of isaacsim.robot_motion.motion_generation. Please update your code accordingly.
2026-05-12 16:11:02 [6,530ms] [Warning] [omni.isaac.motion_generation.lula.path_planners] omni.isaac.motion_generation has been deprecated in favor of isaacsim.robot_motion.motion_generation. Please update your code accordingly.
2026-05-12 16:11:02 [6,530ms] [Warning] [omni.isaac.motion_generation.lula.trajectory_generator] omni.isaac.motion_generation has been deprecated in favor of isaacsim.robot_motion.motion_generation. Please update your code accordingly.
2026-05-12 16:11:02 [6,530ms] [Warning] [omni.isaac.motion_generation.motion_policy_controller] omni.isaac.motion_generation has been deprecated in favor of isaacsim.robot_motion.motion_generation. Please update your code accordingly.
2026-05-12 16:11:02 [6,531ms] [Warning] [omni.isaac.motion_generation.motion_policy_interface] omni.isaac.motion_generation has been deprecated in favor of isaacsim.robot_motion.motion_generation. Please update your code accordingly.
2026-05-12 16:11:02 [6,531ms] [Warning] [omni.isaac.motion_generation.path_planner_visualizer] omni.isaac.motion_generation has been deprecated in favor of isaacsim.robot_motion.motion_generation. Please update your code accordingly.
2026-05-12 16:11:02 [6,531ms] [Warning] [omni.isaac.motion_generation.path_planning_interface] omni.isaac.motion_generation has been deprecated in favor of isaacsim.robot_motion.motion_generation. Please update your code accordingly.
2026-05-12 16:11:02 [6,531ms] [Warning] [omni.isaac.motion_generation.trajectory] omni.isaac.motion_generation has been deprecated in favor of isaacsim.robot_motion.motion_generation. Please update your code accordingly.
2026-05-12 16:11:02 [6,532ms] [Warning] [omni.isaac.motion_generation.world_interface] omni.isaac.motion_generation has been deprecated in favor of isaacsim.robot_motion.motion_generation. Please update your code accordingly.
[6.542s] [ext: isaacsim.sensors.physics-0.3.5] startup
[6.553s] [ext: omni.sensors.nv.common-2.5.0-coreapi] startup
[6.580s] [ext: isaacsim.sensors.physx-2.2.4] startup
[6.591s] [ext: omni.isaac.nucleus-1.0.3] startup
2026-05-12 16:11:02 [6,582ms] [Warning] [omni.isaac.nucleus] omni.isaac.nucleus has been deprecated in favor of isaacsim.storage.native. Please update your code accordingly.
2026-05-12 16:11:02 [6,582ms] [Warning] [omni.isaac.nucleus.nucleus] omni.isaac.nucleus.nucleus has been deprecated in favor of isaacsim.storage.native. Please update your code accordingly.
[6.593s] [ext: isaacsim.robot.policy.examples-4.0.3] startup
[6.601s] [ext: omni.sensors.nv.materials-1.4.0-coreapi] startup
[6.606s] [ext: omni.isaac.range_sensor-4.0.2] startup
[6.618s] [ext: isaacsim.sensors.camera-0.2.9] startup
[6.627s] [ext: omni.isaac.quadruped-3.0.2] startup
2026-05-12 16:11:02 [6,620ms] [Warning] [omni.isaac.quadruped] omni.isaac.quadruped has been deprecated in favor of isaacsim.robot.policy.examples. Please update your code accordingly.
[6.631s] [ext: omni.sensors.nv.ids-1.4.0-coreapi] startup
[6.641s] [ext: omni.kit.menu.create-1.0.17] startup
[6.644s] [ext: omni.sensors.nv.wpm-2.4.0-coreapi] startup
[6.650s] [ext: omni.kit.manipulator.transform-106.0.1] startup
[6.654s] [ext: omni.kit.widget.toolbar-1.7.3] startup
[6.660s] [ext: omni.sensors.nv.radar-2.6.1-coreapi] startup
[6.670s] [ext: omni.sensors.tiled-0.0.6] startup
[6.673s] [ext: omni.sensors.nv.lidar-2.6.3-coreapi] startup
[6.682s] [ext: omni.kit.manipulator.tool.snap-1.5.12] startup
[6.687s] [ext: omni.kit.manipulator.selector-1.1.1] startup
[6.688s] [ext: isaacsim.sensors.rtx-13.6.3] startup
[6.697s] [ext: omni.isaac.core-4.0.3] startup
2026-05-12 16:11:02 [6,689ms] [Warning] [omni.isaac.core.physics_context.physics_context] omni.isaac.core.physics_context.physics_context has been deprecated in favor of isaacsim.core.api.physics_context.physics_context. Please update your code accordingly.
2026-05-12 16:11:02 [6,689ms] [Warning] [omni.isaac.core.simulation_context.simulation_context] omni.isaac.core.simulation_context.simulation_context has been deprecated in favor of isaacsim.core.api.simulation_context.simulation_context. Please update your code accordingly.
2026-05-12 16:11:02 [6,690ms] [Warning] [omni.isaac.core.world.world] omni.isaac.core.world.world has been deprecated in favor of isaacsim.core.api.world.world. Please update your code accordingly.
2026-05-12 16:11:02 [6,690ms] [Warning] [omni.isaac.core] omni.isaac.core has been deprecated in favor of isaacsim.core.api. Please update your code accordingly.
[6.701s] [ext: omni.kit.scripting-106.5.2] startup
[6.712s] [ext: omni.kit.viewport.manipulator.transform-107.0.4] startup
[6.715s] [ext: omni.isaac.sensor-13.0.3] startup
2026-05-12 16:11:02 [6,705ms] [Warning] [omni.isaac.sensor] omni.isaac.sensor has been deprecated in favor of isaacsim.sensors.camera, isaacsim.sensors.physics, isaacsim.sensors.physx, and isaacsim.sensors.rtx. Please update your code accordingly.
2026-05-12 16:11:02 [6,705ms] [Warning] [omni.isaac.sensor.camera] omni.isaac.sensor.camera has been deprecated in favor of isaacsim.sensors.camera.camera. Please update your code accordingly.
2026-05-12 16:11:02 [6,705ms] [Warning] [omni.isaac.sensor.camera_view] omni.isaac.sensor.camera_view has been deprecated in favor of isaacsim.sensors.camera.camera_view. Please update your code accordingly.
2026-05-12 16:11:02 [6,705ms] [Warning] [omni.isaac.sensor.commands] omni.isaac.sensor.commands has been deprecated in favor of isaacsim.sensors.physics.commands, isaacsim.sensors.physx.commands, and isaacsim.sensors.rtx.commands. Please update your code accordingly.
2026-05-12 16:11:02 [6,706ms] [Warning] [omni.isaac.sensor.contact_sensor] omni.isaac.sensor.contact_sensor has been deprecated in favor of isaacsim.sensors.physics.contact_sensor. Please update your code accordingly.
2026-05-12 16:11:02 [6,706ms] [Warning] [omni.isaac.sensor.imu_sensor] omni.isaac.sensor.imu_sensor has been deprecated in favor of isaacsim.sensors.physics.imu_sensor. Please update your code accordingly.
2026-05-12 16:11:02 [6,706ms] [Warning] [omni.isaac.sensor.lidar_rtx] omni.isaac.sensor.lidar_rtx has been deprecated in favor of isaacsim.sensors.rtx.lidar_rtx. Please update your code accordingly.
2026-05-12 16:11:02 [6,706ms] [Warning] [omni.isaac.sensor.rotating_lidar_physX] omni.isaac.sensor.imu_sensor has been deprecated in favor of isaacsim.sensors.physix.rotating_lidar_physX. Please update your code accordingly.
2026-05-12 16:11:02 [6,706ms] [Warning] [omni.isaac.sensor.scripts.samples.contact_sensor] omni.isaac.sensor.scripts.samples.contact_sensor has been deprecated in favor of isaacsim.sensors.physics.scripts.samples.contact_sensor. Please update your code accordingly.
2026-05-12 16:11:02 [6,707ms] [Warning] [omni.isaac.sensor.scripts.samples.imu_sensor] omni.isaac.sensor.scripts.samples.imu_sensor has been deprecated in favor of isaacsim.sensors.physics.scripts.samples.imu_sensor. Please update your code accordingly.
2026-05-12 16:11:02 [6,707ms] [Warning] [omni.isaac.sensor.scripts.samples.lightbeam_sensor] omni.isaac.sensor.scripts.samples.lightbeam_sensor has been deprecated in favor of isaacsim.sensors.physx.scripts.samples.lightbeam_sensor. Please update your code accordingly.
[6.717s] [ext: omni.isaac.surface_gripper-2.0.2] startup
2026-05-12 16:11:02 [6,709ms] [Warning] [omni.isaac.surface_gripper] omni.isaac.surface_gripper has been deprecated in favor of isaacsim.robot.surface_gripper. Please update your code accordingly.
[6.719s] [ext: omni.isaac.core_nodes-2.0.2] startup
2026-05-12 16:11:02 [6,715ms] [Warning] [omni.isaac.core_nodes] omni.isaac.core_nodes has been deprecated in favor of isaacsim.core.nodes. Please update your code accordingly.
[6.726s] [ext: isaacsim.replicator.behavior-1.0.8] startup
[6.728s] [ext: omni.kit.manipulator.prim.core-107.0.7] startup
[6.735s] [ext: omni.fabric.commands-1.1.5] startup
[6.738s] [ext: omni.kit.viewport.actions-107.0.0] startup
[6.742s] [ext: omni.kit.manipulator.prim.usd-107.0.3] startup
[6.743s] [ext: omni.kit.manipulator.prim.fabric-107.0.4] startup
[6.745s] [ext: isaacsim.app.about-2.0.7] startup
[6.747s] [ext: omni.kit.manipulator.selection-106.0.1] startup
[6.749s] [ext: omni.kit.viewport.menubar.display-107.0.3] startup
[6.750s] [ext: omni.kit.widget.layers-1.8.2] startup
[6.760s] [ext: omni.kit.manipulator.prim-107.0.0] startup
[6.761s] [ext: omni.debugdraw-0.1.3] startup
[6.766s] [ext: omni.isaac.window.about-2.0.2] startup
2026-05-12 16:11:02 [6,757ms] [Warning] [omni.isaac.window.about] omni.isaac.window.about has been deprecated in favor of isaacsim.app.about. Please update your code accordingly.
2026-05-12 16:11:02 [6,757ms] [Warning] [omni.isaac.window.about.about] omni.isaac.window.about.about has been deprecated in favor of isaacsim.app.about.about. Please update your code accordingly.
[6.767s] [ext: omni.kit.property.audio-1.0.16] startup
[6.769s] [ext: omni.physx.commands-106.5.7] startup
[6.772s] [ext: omni.usdphysics.ui-106.5.7] startup
[6.803s] [ext: omni.kit.property.camera-1.0.9] startup
[6.804s] [ext: omni.kit.property.geometry-1.3.3] startup
[6.808s] [ext: omni.kit.property.light-1.0.11] startup
[6.809s] [ext: omni.hydra.scene_api-0.1.2] startup
[6.818s] [ext: omni.physx.ui-106.5.7] startup
[6.848s] [ext: omni.kit.property.material-1.10.17] startup
[6.854s] [ext: omni.kit.property.render-1.1.3] startup
[6.856s] [ext: isaacsim.robot.manipulators.examples-1.0.3] startup
[6.858s] [ext: omni.kit.property.transform-1.5.10] startup
[6.862s] [ext: omni.physx.demos-106.5.7] startup
[6.879s] [ext: omni.kit.property.physx-106.5.7] startup
[6.918s] [ext: isaacsim.gui.property-1.0.4] startup
[6.921s] [ext: omni.isaac.franka-1.0.2] startup
2026-05-12 16:11:02 [6,911ms] [Warning] [omni.isaac.franka] omni.isaac.franka has been deprecated in favor of isaacsim.robot.manipulators.examples.franka. Please update your code accordingly.
2026-05-12 16:11:02 [6,912ms] [Warning] [omni.isaac.franka.franka] omni.isaac.franka has been deprecated in favor of isaacsim.robot.manipulators.examples.franka. Please update your code accordingly.
2026-05-12 16:11:02 [6,912ms] [Warning] [omni.isaac.franka.kinematics_solver] omni.isaac.franka has been deprecated in favor of isaacsim.robot.manipulators.examples.franka. Please update your code accordingly.
[6.923s] [ext: omni.kit.property.bundle-1.3.2] startup
[6.926s] [ext: omni.physx.vehicle-106.5.7] startup
[6.945s] [ext: omni.kit.property.isaac-1.0.2] startup
2026-05-12 16:11:02 [6,935ms] [Warning] [omni.kit.property.isaac] omni.kit.property.isaac has been deprecated in favor of isaacsim.gui.property. Please update your code accordingly.
2026-05-12 16:11:02 [6,936ms] [Warning] [omni.kit.property.isaac.widgets] omni.kit.property.isaac.widgets has been deprecated in favor of isaacsim.gui.property.widgets. Please update your code accordingly.
[6.946s] [ext: omni.kit.viewport.menubar.camera-107.0.2] startup
[6.952s] [ext: omni.kit.viewport.menubar.lighting-106.0.2] startup
[6.954s] [ext: omni.kit.viewport.menubar.render-107.0.8] startup
[6.957s] [ext: isaacsim.replicator.domain_randomization-1.0.2] startup
[6.959s] [ext: omni.physx.camera-106.5.7] startup
[6.975s] [ext: omni.kit.window.toolbar-1.6.2] startup
[6.982s] [ext: omni.physx.cct-106.5.7] startup
[6.997s] [ext: isaacsim.cortex.framework-1.0.2] startup
[6.999s] [ext: omni.isaac.universal_robots-1.0.2] startup
2026-05-12 16:11:02 [6,990ms] [Warning] [omni.isaac.universal_robots] omni.isaac.universal_robots has been deprecated in favor of isaacsim.robot.manipulators.examples.universal_robots. Please update your code accordingly.
2026-05-12 16:11:02 [6,991ms] [Warning] [omni.isaac.universal_robots.kinematics_solver] omni.isaac.franka has been deprecated in favor of isaacsim.robot.manipulators.examples.universal_robots. Please update your code accordingly.
2026-05-12 16:11:02 [6,992ms] [Warning] [omni.isaac.universal_robots.ur10] omni.isaac.franka has been deprecated in favor of isaacsim.robot.manipulators.examples.universal_robots. Please update your code accordingly.
[7.003s] [ext: isaacsim.replicator.writers-1.0.1] startup
[7.024s] [ext: omni.physx.graph-106.5.7] startup
[7.050s] [ext: omni.physx.supportui-106.5.7] startup
[7.073s] [ext: omni.isaac.utils-2.0.2] startup
[7.076s] [ext: omni.isaac.cortex-1.0.2] startup
2026-05-12 16:11:02 [7,066ms] [Warning] [omni.isaac.cortex] omni.isaac.cortex has been deprecated in favor of isaacsim.cortex.framework. Please update your code accordingly.
[7.077s] [ext: omni.physx.telemetry-106.5.7] startup
[7.080s] [ext: isaacsim.replicator.examples-1.1.2] startup
[7.083s] [ext: omni.kit.viewport.menubar.settings-107.0.3] startup
[7.099s] [ext: omni.kit.window.console-0.2.14] startup
[7.110s] [ext: omni.usd.metrics.assembler-106.5.0] startup
[7.123s] [ext: omni.kit.window.status_bar-0.1.7] startup
[7.128s] [ext: omni.physx.bundle-106.5.7] startup
[7.129s] [ext: omni.replicator.isaac-2.0.3] startup
2026-05-12 16:11:02 [7,118ms] [Warning] [omni.replicator.isaac] omni.replicator.isaac has been deprecated in favor of isaacsim.replicator.domain_randomization, isaacsim.replicator.examples, isaacsim.replicator.writers. Please update your code accordingly.
[7.129s] [ext: omni.replicator.replicator_yaml-2.0.10] startup
[7.133s] [ext: omni.rtx.settings.core-0.6.3] startup
[7.138s] [ext: omni.usd.metrics.assembler.ui-106.5.0] startup
[7.145s] [ext: isaacsim.robot.wheeled_robots-4.0.3] startup
[7.152s] [ext: isaacsim.cortex.behaviors-2.0.3] startup
[7.154s] [ext: omni.isaac.version-2.0.2] startup
2026-05-12 16:11:02 [7,146ms] [Warning] [omni.isaac.version] omni.isaac.version has been deprecated in favor of isaacsim.core.version. Please update your code accordingly.
[7.157s] [ext: semantics.schema.editor-0.3.10] startup
[7.163s] [ext: omni.kit.ui.actions-1.0.2] startup
[7.165s] [ext: semantics.schema.property-1.0.5] startup
[7.168s] [ext: omni.isaac.wheeled_robots-3.0.3] startup
2026-05-12 16:11:02 [7,159ms] [Warning] [omni.isaac.wheeled_robots] omni.isaac.wheeled_robots has been deprecated in favor of isaacsim.robot.wheeled_robots. Please update your code accordingly.
2026-05-12 16:11:02 [7,159ms] [Warning] [omni.isaac.wheeled_robots.controllers] omni.isaac.wheeled_robots has been deprecated in favor of isaacsim.robot.wheeled_robots. Please update your code accordingly.
2026-05-12 16:11:02 [7,159ms] [Warning] [omni.isaac.wheeled_robots.controllers.ackermann_controller] omni.isaac.wheeled_robots has been deprecated in favor of isaacsim.robot.wheeled_robots. Please update your code accordingly.
2026-05-12 16:11:02 [7,161ms] [Warning] [omni.isaac.wheeled_robots.controllers.differential_controller] omni.isaac.wheeled_robots has been deprecated in favor of isaacsim.robot.wheeled_robots. Please update your code accordingly.
2026-05-12 16:11:02 [7,161ms] [Warning] [omni.isaac.wheeled_robots.controllers.holonomic_controller] omni.isaac.wheeled_robots has been deprecated in favor of isaacsim.robot.wheeled_robots. Please update your code accordingly.
2026-05-12 16:11:02 [7,162ms] [Warning] [omni.isaac.wheeled_robots.controllers.quintic_path_planner] omni.isaac.wheeled_robots has been deprecated in favor of isaacsim.robot.wheeled_robots. Please update your code accordingly.
2026-05-12 16:11:02 [7,162ms] [Warning] [omni.isaac.wheeled_robots.controllers.stanley_control] omni.isaac.wheeled_robots has been deprecated in favor of isaacsim.robot.wheeled_robots. Please update your code accordingly.
2026-05-12 16:11:02 [7,163ms] [Warning] [omni.isaac.wheeled_robots.controllers.wheel_base_pose_controller] omni.isaac.wheeled_robots has been deprecated in favor of isaacsim.robot.wheeled_robots. Please update your code accordingly.
2026-05-12 16:11:02 [7,163ms] [Warning] [omni.isaac.wheeled_robots.impl] omni.isaac.wheeled_robots has been deprecated in favor of isaacsim.robot.wheeled_robots. Please update your code accordingly.
2026-05-12 16:11:02 [7,163ms] [Warning] [omni.isaac.wheeled_robots.robots] omni.isaac.wheeled_robots has been deprecated in favor of isaacsim.robot.wheeled_robots. Please update your code accordingly.
2026-05-12 16:11:02 [7,164ms] [Warning] [omni.isaac.wheeled_robots.robots.holonomic_robot_usd_setup] omni.isaac.wheeled_robots has been deprecated in favor of isaacsim.robot.wheeled_robots. Please update your code accordingly.
2026-05-12 16:11:02 [7,164ms] [Warning] [omni.isaac.wheeled_robots.robots.wheeled_robot] omni.isaac.wheeled_robots has been deprecated in favor of isaacsim.robot.wheeled_robots. Please update your code accordingly.
[7.175s] [ext: omni.isaac.cortex.sample_behaviors-2.0.2] startup
2026-05-12 16:11:02 [7,165ms] [Warning] [omni.isaac.cortex.sample_behaviors] omni.isaac.cortex.sample_behaviors has been deprecated in favor of isaacsim.cortex.behaviors. Please update your code accordingly.
[7.178s] [ext: omni.anim.curve.core-1.2.0] startup
[7.196s] [ext: isaacsim.asset.importer.mjcf-2.3.3] startup
[7.204s] [ext: omni.kit.menu.common-1.1.9] startup
[7.206s] [ext: isaacsim.exp.base-4.5.0] startup
[7.207s] [ext: omnigibson_4_5_0-1.5.0] startup
[7.208s] Simulation App Starting
[7.582s] app ready
2026-05-12 16:11:03 [7,593ms] [Warning] [rtx.scenedb.plugin] SceneDbContext : TLAS limit buffer size 7508933632
2026-05-12 16:11:03 [7,593ms] [Warning] [rtx.scenedb.plugin] SceneDbContext : TLAS limit : valid false, within: false
2026-05-12 16:11:03 [7,593ms] [Warning] [rtx.scenedb.plugin] SceneDbContext : TLAS limit : decrement: 167690, decrement size: 7433845248
2026-05-12 16:11:03 [7,593ms] [Warning] [rtx.scenedb.plugin] SceneDbContext : New limit 9574251 (slope: 447, intercept: 13179904)
2026-05-12 16:11:03 [7,593ms] [Warning] [rtx.scenedb.plugin] SceneDbContext : TLAS limit buffer size 4287216384
2026-05-12 16:11:03 [7,593ms] [Warning] [rtx.scenedb.plugin] SceneDbContext : TLAS limit : valid true, within: true
[0m[00:00:18.731] [INFO] [omnigibson.simulator] ---------- Welcome to OmniGibson! ----------[0m
[0m[00:00:38.548] [INFO] [omnigibson.simulator] Imported scene 0.[0m
Starting kit application with the following args:  ['/home/yininghong/miniconda3/envs/behavior/lib/python3.10/site-packages/isaacsim/exts/isaacsim.simulation_app/isaacsim/simulation_app/simulation_app.py', '/home/yininghong/miniconda3/envs/behavior/lib/python3.10/site-packages/isaacsim/apps/omnigibson_4_5_0.kit', '--/app/tokens/exe-path=/home/yininghong/miniconda3/envs/behavior/lib/python3.10/site-packages/omni', '--/persistent/app/viewport/displayOptions=3094', '--/rtx/materialDb/syncLoads=True', '--/rtx/hydra/materialSyncLoads=True', '--/omni.kit.plugin/syncUsdLoads=True', '--/app/renderer/resolution/width=1280', '--/app/renderer/resolution/height=720', '--/app/window/width=1440', '--/app/window/height=900', '--/renderer/multiGpu/enabled=False', '--/app/fastShutdown=True', '--/app/installSignalHandlers=0', '--ext-folder', '/home/yininghong/miniconda3/envs/behavior/lib/python3.10/site-packages/isaacsim/exts', '--ext-folder', '/home/yininghong/miniconda3/envs/behavior/lib/python3.10/site-packages/isaacsim/apps', '--/physics/cudaDevice=0', '--portable']
Passing the following args to the base kit application:  ['--task', 'deformable', '--metadata', 'json-tmp/deformable/cover_small_item_cloth/Ihlen_1_int/bedroom_1/q_001.json', '--output', 'outputs/qualitative_task_demo/smoke2/deformable_bottle_close_smoke.mp4', '--motion', 'task-demo', '--frames', '48', '--fps', '12']
Warp 1.5.0 initialized:
   CUDA Toolkit 11.8, Driver 13.0
   Devices:
     "cpu"      : "x86_64"
     "cuda:0"   : "NVIDIA GeForce RTX 3080 Ti" (12 GiB, sm_86, mempool enabled)
   Kernel cache:
     /home/yininghong/.cache/warp/1.5.0

                   ____________
                  /          / \
                 /          / /__
                /          / /  /\
               /__________/ /__/  \
               \   _____  \ \__\  /
                \  \  / \  \ \_/ /
                 \  \/___\  \   /
                  \__________\_/  
       ___                  _  ____ _ _                     
      / _ \ _ __ ___  _ __ (_)/ ___(_) |__  ___  ___  _ __  
     | | | | '_ ` _ \| '_ \| | |  _| | '_ \/ __|/ _ \| '_ \ 
     | |_| | | | | | | | | | | |_| | | |_) \__ \ (_) | | | |
      \___/|_| |_| |_|_| |_|_|\____|_|_.__/|___/\___/|_| |_|

[record_scene_video] environment loaded
[record_scene_video] opened doors=13
[record_scene_video] settled 30 steps
[record_scene_video] running task setup for task=deformable
[33m[00:00:52.582] [WARNING] [omnigibson.objects.object_base] An object's articulation root API was changed while simulation is playing. This may cause issues.[0m
2026-05-12 16:11:03 [7,712ms] [Warning] [omni.usd-abi.plugin] No setting was found for '/rtx-defaults-transient/meshlights/forceDisable'
2026-05-12 16:11:03 [7,765ms] [Warning] [omni.usd-abi.plugin] No setting was found for '/rtx-defaults/post/dlss/execMode'
[11.128s] Simulation App Startup Complete
2026-05-12 16:11:10 [15,029ms] [Warning] [omni.syntheticdata.plugin] OgnSdPostRenderVarToHost : rendervar copy from texture directly to host buffer is counter-performant. Please use copy from texture to device buffer first.
2026-05-12 16:11:10 [15,067ms] [Warning] [omni.fabric.plugin] removePath called on non-existent path /Render/OmniverseKit/HydraTextures/Replicator/PostRender/SDGPipeline/Replicator_GpuInteropEntry 

2026-05-12 16:11:16 [21,207ms] [Warning] [carb.imaging.plugin] Could not find suitable channels to load in EXR File. The first four channels will be loaded.
2026-05-12 16:11:30 [34,835ms] [Warning] [omni.syntheticdata.plugin] SdRenderVarPtr missing valid input renderVar LdrColorSDhost
2026-05-12 16:11:35 [40,076ms] [Warning] [rtx.postprocessing.plugin] DLSS increasing input dimensions: Render resolution of (64, 64) is below minimal input resolution of 300.
2026-05-12 16:11:36 [40,916ms] [Warning] [carb] Client omni.hydratexture.plugin has acquired [carb::settings::ISettings v1.0] 100 times. Consider accessing this interface with carb::getCachedInterface() (Performance warning)
2026-05-12 16:11:36 [40,932ms] [Warning] [carb] Client omni.hydratexture.plugin has acquired [carb::dictionary::IDictionary v1.1] 100 times. Consider accessing this interface with carb::getCachedInterface() (Performance warning)
2026-05-12 16:11:36 [41,098ms] [Warning] [carb] Plugin interface for a client: omni.hydratexture.plugin was already released.
2026-05-12 16:11:36 [41,155ms] [Warning] [carb] Client omni.kit.viewport.legacy_gizmos has acquired [carb::settings::ISettings v1.0] 100 times. Consider accessing this interface with carb::getCachedInterface() (Performance warning)
2026-05-12 16:11:42 [46,779ms] [Warning] [omni.syntheticdata.plugin] SdPostRenderVarToHost missing valid input renderVar 
2026-05-12 16:11:44 [49,073ms] [Warning] [omnigibson.objects.object_base] An object's articulation root API was changed while simulation is playing. This may cause issues.
2026-05-12 16:11:46 [51,364ms] [Warning] [omni.physx.plugin] Invalid PhysX transform detected for /World/scene_0/cover_small_item_render_item_4175346132/glass.
2026-05-12 16:11:46 [51,365ms] [Warning] [omni.physx.plugin] Invalid PhysX transform detected for /World/scene_0/controllable__r1__robot_dhaboz/base_footprint_y.
2026-05-12 16:11:46 [51,365ms] [Warning] [omni.physx.plugin] Invalid PhysX transform detected for /World/scene_0/controllable__r1__robot_dhaboz/base_footprint_z.
2026-05-12 16:11:46 [51,365ms] [Warning] [omni.physx.plugin] Invalid PhysX transform detected for /World/scene_0/controllable__r1__robot_dhaboz/base_footprint_rx.
2026-05-12 16:11:46 [51,365ms] [Warning] [omni.physx.plugin] Invalid PhysX transform detected for /World/scene_0/controllable__r1__robot_dhaboz/base_footprint_ry.
2026-05-12 16:11:46 [51,365ms] [Warning] [omni.physx.plugin] Invalid PhysX transform detected for /World/scene_0/controllable__r1__robot_dhaboz/base_footprint_rz.
2026-05-12 16:11:46 [51,365ms] [Warning] [omni.physx.plugin] Invalid PhysX transform detected for /World/scene_0/controllable__r1__robot_dhaboz/base_link.
2026-05-12 16:11:46 [51,365ms] [Warning] [omni.physx.plugin] Invalid PhysX transform detected for /World/scene_0/controllable__r1__robot_dhaboz/servo_link1.
2026-05-12 16:11:46 [51,365ms] [Warning] [omni.physx.plugin] Invalid PhysX transform detected for /World/scene_0/controllable__r1__robot_dhaboz/servo_link2.
2026-05-12 16:11:46 [51,365ms] [Warning] [omni.physx.plugin] Invalid PhysX transform detected for /World/scene_0/controllable__r1__robot_dhaboz/servo_link3.
2026-05-12 16:11:46 [51,365ms] [Warning] [omni.physx.plugin] Invalid PhysX transform detected for /World/scene_0/controllable__r1__robot_dhaboz/torso_link1.
2026-05-12 16:11:46 [51,365ms] [Warning] [omni.physx.plugin] Invalid PhysX transform detected for /World/scene_0/controllable__r1__robot_dhaboz/wheel_link1.
2026-05-12 16:11:46 [51,365ms] [Warning] [omni.physx.plugin] Invalid PhysX transform detected for /World/scene_0/controllable__r1__robot_dhaboz/wheel_link2.
2026-05-12 16:11:46 [51,365ms] [Warning] [omni.physx.plugin] Invalid PhysX transform detected for /World/scene_0/controllable__r1__robot_dhaboz/wheel_link3.
2026-05-12 16:11:46 [51,365ms] [Warning] [omni.physx.plugin] Invalid PhysX transform detected for /World/scene_0/controllable__r1__robot_dhaboz/torso_link2.
2026-05-12 16:11:46 [51,365ms] [Warning] [omni.physx.plugin] Invalid PhysX transform detected for /World/scene_0/controllable__r1__robot_dhaboz/torso_link3.
2026-05-12 16:11:46 [51,365ms] [Warning] [omni.physx.plugin] Invalid PhysX transform detected for /World/scene_0/controllable__r1__robot_dhaboz/torso_link4.
2026-05-12 16:11:46 [51,365ms] [Warning] [omni.physx.plugin] Invalid PhysX transform detected for /World/scene_0/controllable__r1__robot_dhaboz/left_arm_link1.
2026-05-12 16:11:46 [51,365ms] [Warning] [omni.physx.plugin] Invalid PhysX transform detected for /World/scene_0/controllable__r1__robot_dhaboz/right_arm_link1.
2026-05-12 16:11:46 [51,365ms] [Warning] [omni.physx.plugin] Invalid PhysX transform detected for /World/scene_0/controllable__r1__robot_dhaboz/eyes.
2026-05-12 16:11:46 [51,365ms] [Warning] [omni.physx.plugin] Invalid PhysX transform detected for /World/scene_0/controllable__r1__robot_dhaboz/left_arm_link2.
2026-05-12 16:11:46 [51,365ms] [Warning] [omni.physx.plugin] Invalid PhysX transform detected for /World/scene_0/controllable__r1__robot_dhaboz/right_arm_link2.
2026-05-12 16:11:46 [51,365ms] [Warning] [omni.physx.plugin] Invalid PhysX transform detected for /World/scene_0/controllable__r1__robot_dhaboz/left_arm_link3.
2026-05-12 16:11:46 [51,365ms] [Warning] [omni.physx.plugin] Invalid PhysX transform detected for /World/scene_0/controllable__r1__robot_dhaboz/right_arm_link3.
2026-05-12 16:11:46 [51,365ms] [Warning] [omni.physx.plugin] Invalid PhysX transform detected for /World/scene_0/controllable__r1__robot_dhaboz/left_arm_link4.
2026-05-12 16:11:46 [51,365ms] [Warning] [omni.physx.plugin] Invalid PhysX transform detected for /World/scene_0/controllable__r1__robot_dhaboz/right_arm_link4.
2026-05-12 16:11:46 [51,365ms] [Warning] [omni.physx.plugin] Invalid PhysX transform detected for /World/scene_0/controllable__r1__robot_dhaboz/left_arm_link5.
2026-05-12 16:11:46 [51,365ms] [Warning] [omni.physx.plugin] Invalid PhysX transform detected for /World/scene_0/controllable__r1__robot_dhaboz/right_arm_link5.
2026-05-12 16:11:46 [51,365ms] [Warning] [omni.physx.plugin] Invalid PhysX transform detected for /World/scene_0/controllable__r1__robot_dhaboz/left_arm_link6.
2026-05-12 16:11:46 [51,365ms] [Warning] [omni.physx.plugin] Invalid PhysX transform detected for /World/scene_0/controllable__r1__robot_dhaboz/right_arm_link6.
2026-05-12 16:11:46 [51,365ms] [Warning] [omni.physx.plugin] Invalid PhysX transform detected for /World/scene_0/controllable__r1__robot_dhaboz/left_gripper_link1.
2026-05-12 16:11:46 [51,365ms] [Warning] [omni.physx.plugin] Invalid PhysX transform detected for /World/scene_0/controllable__r1__robot_dhaboz/left_gripper_link2.
2026-05-12 16:11:46 [51,365ms] [Warning] [omni.physx.plugin] Invalid PhysX transform detected for /World/scene_0/controllable__r1__robot_dhaboz/left_eef_link.
2026-05-12 16:11:46 [51,365ms] [Warning] [omni.physx.plugin] Invalid PhysX transform detected for /World/scene_0/controllable__r1__robot_dhaboz/right_gripper_link1.
2026-05-12 16:11:46 [51,365ms] [Warning] [omni.physx.plugin] Invalid PhysX transform detected for /World/scene_0/controllable__r1__robot_dhaboz/right_gripper_link2.
2026-05-12 16:11:46 [51,365ms] [Warning] [omni.physx.plugin] Invalid PhysX transform detected for /World/scene_0/controllable__r1__robot_dhaboz/right_eef_link.
2026-05-12 16:11:46 [51,365ms] [Warning] [omni.physx.plugin] Invalid PhysX transform detected for /World/scene_0/cover_small_item_render_item_4175346132/base_link.
2026-05-12 16:11:47 [51,523ms] [Warning] [omni.physx.plugin] Invalid PhysX transform detected for /World/scene_0/cover_small_item_render_item_4175346132/glass.
2026-05-12 16:11:47 [51,523ms] [Warning] [omni.physx.plugin] Invalid PhysX transform detected for /World/scene_0/controllable__r1__robot_dhaboz/base_footprint_y.
2026-05-12 16:11:47 [51,523ms] [Warning] [omni.physx.plugin] Invalid PhysX transform detected for /World/scene_0/controllable__r1__robot_dhaboz/base_footprint_z.
2026-05-12 16:11:47 [51,523ms] [Warning] [omni.physx.plugin] Invalid PhysX transform detected for /World/scene_0/controllable__r1__robot_dhaboz/base_footprint_rx.
2026-05-12 16:11:47 [51,524ms] [Warning] [omni.physx.plugin] Invalid PhysX transform detected for /World/scene_0/controllable__r1__robot_dhaboz/base_footprint_ry.
2026-05-12 16:11:47 [51,524ms] [Warning] [omni.physx.plugin] Invalid PhysX transform detected for /World/scene_0/controllable__r1__robot_dhaboz/base_footprint_rz.
2026-05-12 16:11:47 [51,524ms] [Warning] [omni.physx.plugin] Invalid PhysX transform detected for /World/scene_0/controllable__r1__robot_dhaboz/base_link.
2026-05-12 16:11:47 [51,524ms] [Warning] [omni.physx.plugin] Invalid PhysX transform detected for /World/scene_0/controllable__r1__robot_dhaboz/servo_link1.
2026-05-12 16:11:47 [51,524ms] [Warning] [omni.physx.plugin] Invalid PhysX transform detected for /World/scene_0/controllable__r1__robot_dhaboz/servo_link2.
2026-05-12 16:11:47 [51,524ms] [Warning] [omni.physx.plugin] Invalid PhysX transform detected for /World/scene_0/controllable__r1__robot_dhaboz/servo_link3.
2026-05-12 16:11:47 [51,524ms] [Warning] [omni.physx.plugin] Invalid PhysX transform detected for /World/scene_0/controllable__r1__robot_dhaboz/torso_link1.
2026-05-12 16:11:47 [51,524ms] [Warning] [omni.physx.plugin] Invalid PhysX transform detected for /World/scene_0/controllable__r1__robot_dhaboz/wheel_link1.
2026-05-12 16:11:47 [51,524ms] [Warning] [omni.physx.plugin] Invalid PhysX transform detected for /World/scene_0/controllable__r1__robot_dhaboz/wheel_link2.
2026-05-12 16:11:47 [51,524ms] [Warning] [omni.physx.plugin] Invalid PhysX transform detected for /World/scene_0/controllable__r1__robot_dhaboz/wheel_link3.
2026-05-12 16:11:47 [51,524ms] [Warning] [omni.physx.plugin] Invalid PhysX transform detected for /World/scene_0/controllable__r1__robot_dhaboz/torso_link2.
2026-05-12 16:11:47 [51,524ms] [Warning] [omni.physx.plugin] Invalid PhysX transform detected for /World/scene_0/controllable__r1__robot_dhaboz/torso_link3.
2026-05-12 16:11:47 [51,524ms] [Warning] [omni.physx.plugin] Invalid PhysX transform detected for /World/scene_0/controllable__r1__robot_dhaboz/torso_link4.
2026-05-12 16:11:47 [51,524ms] [Warning] [omni.physx.plugin] Invalid PhysX transform detected for /World/scene_0/controllable__r1__robot_dhaboz/left_arm_link1.
2026-05-12 16:11:47 [51,524ms] [Warning] [omni.physx.plugin] Invalid PhysX transform detected for /World/scene_0/controllable__r1__robot_dhaboz/right_arm_link1.
2026-05-12 16:11:47 [51,524ms] [Warning] [omni.physx.plugin] Invalid PhysX transform detected for /World/scene_0/controllable__r1__robot_dhaboz/eyes.
2026-05-12 16:11:47 [51,524ms] [Warning] [omni.physx.plugin] Invalid PhysX transform detected for /World/scene_0/controllable__r1__robot_dhaboz/left_arm_link2.
2026-05-12 16:11:47 [51,524ms] [Warning] [omni.physx.plugin] Invalid PhysX transform detected for /World/scene_0/controllable__r1__robot_dhaboz/right_arm_link2.
2026-05-12 16:11:47 [51,524ms] [Warning] [omni.physx.plugin] Invalid PhysX transform detected for /World/scene_0/controllable__r1__robot_dhaboz/left_arm_link3.
2026-05-12 16:11:47 [51,524ms] [Warning] [omni.physx.plugin] Invalid PhysX transform detected for /World/scene_0/controllable__r1__robot_dhaboz/right_arm_link3.
2026-05-12 16:11:47 [51,524ms] [Warning] [omni.physx.plugin] Invalid PhysX transform detected for /World/scene_0/controllable__r1__robot_dhaboz/left_arm_link4.
2026-05-12 16:11:47 [51,524ms] [Warning] [omni.physx.plugin] Invalid PhysX transform detected for /World/scene_0/controllable__r1__robot_dhaboz/right_arm_link4.
2026-05-12 16:11:47 [51,524ms] [Warning] [omni.physx.plugin] Invalid PhysX transform detected for /World/scene_0/controllable__r1__robot_dhaboz/left_arm_link5.
2026-05-12 16:11:47 [51,524ms] [Warning] [omni.physx.plugin] Invalid PhysX transform detected for /World/scene_0/controllable__r1__robot_dhaboz/right_arm_link5.
2026-05-12 16:11:47 [51,524ms] [Warning] [omni.physx.plugin] Invalid PhysX transform detected for /World/scene_0/controllable__r1__robot_dhaboz/left_arm_link6.
2026-05-12 16:11:47 [51,524ms] [Warning] [omni.physx.plugin] Invalid PhysX transform detected for /World/scene_0/controllable__r1__robot_dhaboz/right_arm_link6.
2026-05-12 16:11:47 [51,524ms] [Warning] [omni.physx.plugin] Invalid PhysX transform detected for /World/scene_0/controllable__r1__robot_dhaboz/left_gripper_link1.
2026-05-12 16:11:47 [51,524ms] [Warning] [omni.physx.plugin] Invalid PhysX transform detected for /World/scene_0/controllable__r1__robot_dhaboz/left_gripper_link2.
2026-05-12 16:11:47 [51,524ms] [Warning] [omni.physx.plugin] Invalid PhysX transform detected for /World/scene_0/controllable__r1__robot_dhaboz/left_eef_link.
2026-05-12 16:11:47 [51,524ms] [Warning] [omni.physx.plugin] Invalid PhysX transform detected for /World/scene_0/controllable__r1__robot_dhaboz/right_gripper_link1.
2026-05-12 16:11:47 [51,524ms] [Warning] [omni.physx.plugin] Invalid PhysX transform detected for /World/scene_0/controllable__r1__robot_dhaboz/right_gripper_link2.
2026-05-12 16:11:47 [51,524ms] [Warning] [omni.physx.plugin] Invalid PhysX transform detected for /World/scene_0/controllable__r1__robot_dhaboz/right_eef_link.
2026-05-12 16:11:47 [51,524ms] [Warning] [omni.physx.plugin] Invalid PhysX transform detected for /World/scene_0/cover_small_item_render_item_4175346132/base_link.
2026-05-12 16:11:47 [51,599ms] [Warning] [omni.physx.plugin] Invalid PhysX transform detected for /World/scene_0/cover_small_item_render_item_4175346132/glass.
2026-05-12 16:11:47 [51,599ms] [Warning] [omni.physx.plugin] Invalid PhysX transform detected for /World/scene_0/controllable__r1__robot_dhaboz/base_footprint_y.
2026-05-12 16:11:47 [51,599ms] [Warning] [omni.physx.plugin] Invalid PhysX transform detected for /World/scene_0/controllable__r1__robot_dhaboz/base_footprint_z.
2026-05-12 16:11:47 [51,599ms] [Warning] [omni.physx.plugin] Invalid PhysX transform detected for /World/scene_0/controllable__r1__robot_dhaboz/base_footprint_rx.
2026-05-12 16:11:47 [51,599ms] [Warning] [omni.physx.plugin] Invalid PhysX transform detected for /World/scene_0/controllable__r1__robot_dhaboz/base_footprint_ry.
2026-05-12 16:11:47 [51,599ms] [Warning] [omni.physx.plugin] Invalid PhysX transform detected for /World/scene_0/controllable__r1__robot_dhaboz/base_footprint_rz.
2026-05-12 16:11:47 [51,599ms] [Warning] [omni.physx.plugin] Invalid PhysX transform detected for /World/scene_0/controllable__r1__robot_dhaboz/base_link.
2026-05-12 16:11:47 [51,599ms] [Warning] [omni.physx.plugin] Invalid PhysX transform detected for /World/scene_0/controllable__r1__robot_dhaboz/servo_link1.
2026-05-12 16:11:47 [51,599ms] [Warning] [omni.physx.plugin] Invalid PhysX transform detected for /World/scene_0/controllable__r1__robot_dhaboz/servo_link2.
2026-05-12 16:11:47 [51,599ms] [Warning] [omni.physx.plugin] Invalid PhysX transform detected for /World/scene_0/controllable__r1__robot_dhaboz/servo_link3.
2026-05-12 16:11:47 [51,599ms] [Warning] [omni.physx.plugin] Invalid PhysX transform detected for /World/scene_0/controllable__r1__robot_dhaboz/torso_link1.
2026-05-12 16:11:47 [51,599ms] [Warning] [omni.physx.plugin] Invalid PhysX transform detected for /World/scene_0/controllable__r1__robot_dhaboz/wheel_link1.
2026-05-12 16:11:47 [51,599ms] [Warning] [omni.physx.plugin] Invalid PhysX transform detected for /World/scene_0/controllable__r1__robot_dhaboz/wheel_link2.
2026-05-12 16:11:47 [51,599ms] [Warning] [omni.physx.plugin] Invalid PhysX transform detected for /World/scene_0/controllable__r1__robot_dhaboz/wheel_link3.
2026-05-12 16:11:47 [51,599ms] [Warning] [omni.physx.plugin] Invalid PhysX transform detected for /World/scene_0/controllable__r1__robot_dhaboz/torso_link2.
2026-05-12 16:11:47 [51,599ms] [Warning] [omni.physx.plugin] Invalid PhysX transform detected for /World/scene_0/controllable__r1__robot_dhaboz/torso_link3.
2026-05-12 16:11:47 [51,599ms] [Warning] [omni.physx.plugin] Invalid PhysX transform detected for /World/scene_0/controllable__r1__robot_dhaboz/torso_link4.
2026-05-12 16:11:47 [51,599ms] [Warning] [omni.physx.plugin] Invalid PhysX transform detected for /World/scene_0/controllable__r1__robot_dhaboz/left_arm_link1.
2026-05-12 16:11:47 [51,599ms] [Warning] [omni.physx.plugin] Invalid PhysX transform detected for /World/scene_0/controllable__r1__robot_dhaboz/right_arm_link1.
2026-05-12 16:11:47 [51,599ms] [Warning] [omni.physx.plugin] Invalid PhysX transform detected for /World/scene_0/controllable__r1__robot_dhaboz/eyes.
2026-05-12 16:11:47 [51,599ms] [Warning] [omni.physx.plugin] Invalid PhysX transform detected for /World/scene_0/controllable__r1__robot_dhaboz/left_arm_link2.
2026-05-12 16:11:47 [51,599ms] [Warning] [omni.physx.plugin] Invalid PhysX transform detected for /World/scene_0/controllable__r1__robot_dhaboz/right_arm_link2.
2026-05-12 16:11:47 [51,599ms] [Warning] [omni.physx.plugin] Invalid PhysX transform detected for /World/scene_0/controllable__r1__robot_dhaboz/left_arm_link3.
2026-05-12 16:11:47 [51,599ms] [Warning] [omni.physx.plugin] Invalid PhysX transform detected for /World/scene_0/controllable__r1__robot_dhaboz/right_arm_link3.
2026-05-12 16:11:47 [51,599ms] [Warning] [omni.physx.plugin] Invalid PhysX transform detected for /World/scene_0/controllable__r1__robot_dhaboz/left_arm_link4.
2026-05-12 16:11:47 [51,599ms] [Warning] [omni.physx.plugin] Invalid PhysX transform detected for /World/scene_0/controllable__r1__robot_dhaboz/right_arm_link4.
2026-05-12 16:11:47 [51,599ms] [Warning] [omni.physx.plugin] Invalid PhysX transform detected for /World/scene_0/controllable__r1__robot_dhaboz/left_arm_link5.
2026-05-12 16:11:47 [51,599ms] [Warning] [omni.physx.plugin] Invalid PhysX transform detected for /World/scene_0/controllable__r1__robot_dhaboz/right_arm_link5.
2026-05-12 16:11:47 [51,599ms] [Warning] [omni.physx.plugin] Invalid PhysX transform detected for /World/scene_0/controllable__r1__robot_dhaboz/left_arm_link6.
2026-05-12 16:11:47 [51,599ms] [Warning] [omni.physx.plugin] Invalid PhysX transform detected for /World/scene_0/controllable__r1__robot_dhaboz/right_arm_link6.
2026-05-12 16:11:47 [51,599ms] [Warning] [omni.physx.plugin] Invalid PhysX transform detected for /World/scene_0/controllable__r1__robot_dhaboz/left_gripper_link1.
2026-05-12 16:11:47 [51,599ms] [Warning] [omni.physx.plugin] Invalid PhysX transform detected for /World/scene_0/controllable__r1__robot_dhaboz/left_gripper_link2.
2026-05-12 16:11:47 [51,599ms] [Warning] [omni.physx.plugin] Invalid PhysX transform detected for /World/scene_0/controllable__r1__robot_dhaboz/left_eef_link.
2026-05-12 16:11:47 [51,599ms] [Warning] [omni.physx.plugin] Invalid PhysX transform detected for /World/scene_0/controllable__r1__robot_dhaboz/right_gripper_link1.
2026-05-12 16:11:47 [51,599ms] [Warning] [omni.physx.plugin] Invalid PhysX transform detected for /World/scene_0/controllable__r1__robot_dhaboz/right_gripper_link2.
2026-05-12 16:11:47 [51,599ms] [Warning] [omni.physx.plugin] Invalid PhysX transform detected for /World/scene_0/controllable__r1__robot_dhaboz/right_eef_link.
2026-05-12 16:11:47 [51,599ms] [Warning] [omni.physx.plugin] Invalid PhysX transform detected for /World/scene_0/cover_small_item_render_item_4175346132/base_link.
2026-05-12 16:11:47 [51,673ms] [Warning] [omni.physx.plugin] Invalid PhysX transform detected for /World/scene_0/cover_small_item_render_item_4175346132/glass.
2026-05-12 16:11:47 [51,673ms] [Warning] [omni.physx.plugin] Invalid PhysX transform detected for /World/scene_0/controllable__r1__robot_dhaboz/base_footprint_y.
2026-05-12 16:11:47 [51,673ms] [Warning] [omni.physx.plugin] Invalid PhysX transform detected for /World/scene_0/controllable__r1__robot_dhaboz/base_footprint_z.
2026-05-12 16:11:47 [51,673ms] [Warning] [omni.physx.plugin] Invalid PhysX transform detected for /World/scene_0/controllable__r1__robot_dhaboz/base_footprint_rx.
2026-05-12 16:11:47 [51,673ms] [Warning] [omni.physx.plugin] Invalid PhysX transform detected for /World/scene_0/controllable__r1__robot_dhaboz/base_footprint_ry.
2026-05-12 16:11:47 [51,673ms] [Warning] [omni.physx.plugin] Invalid PhysX transform detected for /World/scene_0/controllable__r1__robot_dhaboz/base_footprint_rz.
2026-05-12 16:11:47 [51,673ms] [Warning] [omni.physx.plugin] Invalid PhysX transform detected for /World/scene_0/controllable__r1__robot_dhaboz/base_link.
2026-05-12 16:11:47 [51,673ms] [Warning] [omni.physx.plugin] Invalid PhysX transform detected for /World/scene_0/controllable__r1__robot_dhaboz/servo_link1.
2026-05-12 16:11:47 [51,673ms] [Warning] [omni.physx.plugin] Invalid PhysX transform detected for /World/scene_0/controllable__r1__robot_dhaboz/servo_link2.
2026-05-12 16:11:47 [51,673ms] [Warning] [omni.physx.plugin] Invalid PhysX transform detected for /World/scene_0/controllable__r1__robot_dhaboz/servo_link3.
2026-05-12 16:11:47 [51,673ms] [Warning] [omni.physx.plugin] Invalid PhysX transform detected for /World/scene_0/controllable__r1__robot_dhaboz/torso_link1.
2026-05-12 16:11:47 [51,673ms] [Warning] [omni.physx.plugin] Invalid PhysX transform detected for /World/scene_0/controllable__r1__robot_dhaboz/wheel_link1.
2026-05-12 16:11:47 [51,673ms] [Warning] [omni.physx.plugin] Invalid PhysX transform detected for /World/scene_0/controllable__r1__robot_dhaboz/wheel_link2.
2026-05-12 16:11:47 [51,673ms] [Warning] [omni.physx.plugin] Invalid PhysX transform detected for /World/scene_0/controllable__r1__robot_dhaboz/wheel_link3.
2026-05-12 16:11:47 [51,674ms] [Warning] [omni.physx.plugin] Invalid PhysX transform detected for /World/scene_0/controllable__r1__robot_dhaboz/torso_link2.
2026-05-12 16:11:47 [51,674ms] [Warning] [omni.physx.plugin] Invalid PhysX transform detected for /World/scene_0/controllable__r1__robot_dhaboz/torso_link3.
2026-05-12 16:11:47 [51,674ms] [Warning] [omni.physx.plugin] Invalid PhysX transform detected for /World/scene_0/controllable__r1__robot_dhaboz/torso_link4.
2026-05-12 16:11:47 [51,674ms] [Warning] [omni.physx.plugin] Invalid PhysX transform detected for /World/scene_0/controllable__r1__robot_dhaboz/left_arm_link1.
2026-05-12 16:11:47 [51,674ms] [Warning] [omni.physx.plugin] Invalid PhysX transform detected for /World/scene_0/controllable__r1__robot_dhaboz/right_arm_link1.
2026-05-12 16:11:47 [51,674ms] [Warning] [omni.physx.plugin] Invalid PhysX transform detected for /World/scene_0/controllable__r1__robot_dhaboz/eyes.
2026-05-12 16:11:47 [51,674ms] [Warning] [omni.physx.plugin] Invalid PhysX transform detected for /World/scene_0/controllable__r1__robot_dhaboz/left_arm_link2.
2026-05-12 16:11:47 [51,674ms] [Warning] [omni.physx.plugin] Invalid PhysX transform detected for /World/scene_0/controllable__r1__robot_dhaboz/right_arm_link2.
2026-05-12 16:11:47 [51,674ms] [Warning] [omni.physx.plugin] Invalid PhysX transform detected for /World/scene_0/controllable__r1__robot_dhaboz/left_arm_link3.
2026-05-12 16:11:47 [51,674ms] [Warning] [omni.physx.plugin] Invalid PhysX transform detected for /World/scene_0/controllable__r1__robot_dhaboz/right_arm_link3.
2026-05-12 16:11:47 [51,674ms] [Warning] [omni.physx.plugin] Invalid PhysX transform detected for /World/scene_0/controllable__r1__robot_dhaboz/left_arm_link4.
2026-05-12 16:11:47 [51,674ms] [Warning] [omni.physx.plugin] Invalid PhysX transform detected for /World/scene_0/controllable__r1__robot_dhaboz/right_arm_link4.
2026-05-12 16:11:47 [51,674ms] [Warning] [omni.physx.plugin] Invalid PhysX transform detected for /World/scene_0/controllable__r1__robot_dhaboz/left_arm_link5.
2026-05-12 16:11:47 [51,674ms] [Warning] [omni.physx.plugin] Invalid PhysX transform detected for /World/scene_0/controllable__r1__robot_dhaboz/right_arm_link5.
2026-05-12 16:11:47 [51,674ms] [Warning] [omni.physx.plugin] Invalid PhysX transform detected for /World/scene_0/controllable__r1__robot_dhaboz/left_arm_link6.
2026-05-12 16:11:47 [51,674ms] [Warning] [omni.physx.plugin] Invalid PhysX transform detected for /World/scene_0/controllable__r1__robot_dhaboz/right_arm_link6.
2026-05-12 16:11:47 [51,674ms] [Warning] [omni.physx.plugin] Invalid PhysX transform detected for /World/scene_0/controllable__r1__robot_dhaboz/left_gripper_link1.
2026-05-12 16:11:47 [51,674ms] [Warning] [omni.physx.plugin] Invalid PhysX transform detected for /World/scene_0/controllable__r1__robot_dhaboz/left_gripper_link2.
2026-05-12 16:11:47 [51,674ms] [Warning] [omni.physx.plugin] Invalid PhysX transform detected for /World/scene_0/controllable__r1__robot_dhaboz/left_eef_link.
2026-05-12 16:11:47 [51,674ms] [Warning] [omni.physx.plugin] Invalid PhysX transform detected for /World/scene_0/controllable__r1__robot_dhaboz/right_gripper_link1.
2026-05-12 16:11:47 [51,674ms] [Warning] [omni.physx.plugin] Invalid PhysX transform detected for /World/scene_0/controllable__r1__robot_dhaboz/right_gripper_link2.
2026-05-12 16:11:47 [51,674ms] [Warning] [omni.physx.plugin] Invalid PhysX transform detected for /World/scene_0/controllable__r1__robot_dhaboz/right_eef_link.
2026-05-12 16:11:47 [51,674ms] [Warning] [omni.physx.plugin] Invalid PhysX transform detected for /World/scene_0/cover_small_item_render_item_4175346132/base_link.
2026-05-12 16:11:47 [51,749ms] [Warning] [omni.physx.plugin] Invalid PhysX transform detected for /World/scene_0/cover_small_item_render_item_4175346132/glass.
2026-05-12 16:11:47 [51,749ms] [Warning] [omni.physx.plugin] Invalid PhysX transform detected for /World/scene_0/controllable__r1__robot_dhaboz/base_footprint_y.
2026-05-12 16:11:47 [51,749ms] [Warning] [omni.physx.plugin] Invalid PhysX transform detected for /World/scene_0/controllable__r1__robot_dhaboz/base_footprint_z.
2026-05-12 16:11:47 [51,749ms] [Warning] [omni.physx.plugin] Invalid PhysX transform detected for /World/scene_0/controllable__r1__robot_dhaboz/base_footprint_rx.
2026-05-12 16:11:47 [51,749ms] [Warning] [omni.physx.plugin] Invalid PhysX transform detected for /World/scene_0/controllable__r1__robot_dhaboz/base_footprint_ry.
2026-05-12 16:11:47 [51,749ms] [Warning] [omni.physx.plugin] Invalid PhysX transform detected for /World/scene_0/controllable__r1__robot_dhaboz/base_footprint_rz.
2026-05-12 16:11:47 [51,749ms] [Warning] [omni.physx.plugin] Invalid PhysX transform detected for /World/scene_0/controllable__r1__robot_dhaboz/base_link.
2026-05-12 16:11:47 [51,749ms] [Warning] [omni.physx.plugin] Invalid PhysX transform detected for /World/scene_0/controllable__r1__robot_dhaboz/servo_link1.
2026-05-12 16:11:47 [51,749ms] [Warning] [omni.physx.plugin] Invalid PhysX transform detected for /World/scene_0/controllable__r1__robot_dhaboz/servo_link2.
2026-05-12 16:11:47 [51,749ms] [Warning] [omni.physx.plugin] Invalid PhysX transform detected for /World/scene_0/controllable__r1__robot_dhaboz/servo_link3.
2026-05-12 16:11:47 [51,749ms] [Warning] [omni.physx.plugin] Invalid PhysX transform detected for /World/scene_0/controllable__r1__robot_dhaboz/torso_link1.
2026-05-12 16:11:47 [51,749ms] [Warning] [omni.physx.plugin] Invalid PhysX transform detected for /World/scene_0/controllable__r1__robot_dhaboz/wheel_link1.
2026-05-12 16:11:47 [51,749ms] [Warning] [omni.physx.plugin] Invalid PhysX transform detected for /World/scene_0/controllable__r1__robot_dhaboz/wheel_link2.
2026-05-12 16:11:47 [51,749ms] [Warning] [omni.physx.plugin] Invalid PhysX transform detected for /World/scene_0/controllable__r1__robot_dhaboz/wheel_link3.
2026-05-12 16:11:47 [51,749ms] [Warning] [omni.physx.plugin] Invalid PhysX transform detected for /World/scene_0/controllable__r1__robot_dhaboz/torso_link2.
2026-05-12 16:11:47 [51,749ms] [Warning] [omni.physx.plugin] Invalid PhysX transform detected for /World/scene_0/controllable__r1__robot_dhaboz/torso_link3.
2026-05-12 16:11:47 [51,749ms] [Warning] [omni.physx.plugin] Invalid PhysX transform detected for /World/scene_0/controllable__r1__robot_dhaboz/torso_link4.
2026-05-12 16:11:47 [51,749ms] [Warning] [omni.physx.plugin] Invalid PhysX transform detected for /World/scene_0/controllable__r1__robot_dhaboz/left_arm_link1.
2026-05-12 16:11:47 [51,749ms] [Warning] [omni.physx.plugin] Invalid PhysX transform detected for /World/scene_0/controllable__r1__robot_dhaboz/right_arm_link1.
2026-05-12 16:11:47 [51,749ms] [Warning] [omni.physx.plugin] Invalid PhysX transform detected for /World/scene_0/controllable__r1__robot_dhaboz/eyes.
2026-05-12 16:11:47 [51,749ms] [Warning] [omni.physx.plugin] Invalid PhysX transform detected for /World/scene_0/controllable__r1__robot_dhaboz/left_arm_link2.
2026-05-12 16:11:47 [51,750ms] [Warning] [omni.physx.plugin] Invalid PhysX transform detected for /World/scene_0/controllable__r1__robot_dhaboz/right_arm_link2.
2026-05-12 16:11:47 [51,750ms] [Warning] [omni.physx.plugin] Invalid PhysX transform detected for /World/scene_0/controllable__r1__robot_dhaboz/left_arm_link3.
2026-05-12 16:11:47 [51,750ms] [Warning] [omni.physx.plugin] Invalid PhysX transform detected for /World/scene_0/controllable__r1__robot_dhaboz/right_arm_link3.
2026-05-12 16:11:47 [51,750ms] [Warning] [omni.physx.plugin] Invalid PhysX transform detected for /World/scene_0/controllable__r1__robot_dhaboz/left_arm_link4.
2026-05-12 16:11:47 [51,750ms] [Warning] [omni.physx.plugin] Invalid PhysX transform detected for /World/scene_0/controllable__r1__robot_dhaboz/right_arm_link4.
2026-05-12 16:11:47 [51,750ms] [Warning] [omni.physx.plugin] Invalid PhysX transform detected for /World/scene_0/controllable__r1__robot_dhaboz/left_arm_link5.
2026-05-12 16:11:47 [51,750ms] [Warning] [omni.physx.plugin] Invalid PhysX transform detected for /World/scene_0/controllable__r1__robot_dhaboz/right_arm_link5.
2026-05-12 16:11:47 [51,750ms] [Warning] [omni.physx.plugin] Invalid PhysX transform detected for /World/scene_0/controllable__r1__robot_dhaboz/left_arm_link6.
2026-05-12 16:11:47 [51,750ms] [Warning] [omni.physx.plugin] Invalid PhysX transform detected for /World/scene_0/controllable__r1__robot_dhaboz/right_arm_link6.
2026-05-12 16:11:47 [51,750ms] [Warning] [omni.physx.plugin] Invalid PhysX transform detected for /World/scene_0/controllable__r1__robot_dhaboz/left_gripper_link1.
2026-05-12 16:11:47 [51,750ms] [Warning] [omni.physx.plugin] Invalid PhysX transform detected for /World/scene_0/controllable__r1__robot_dhaboz/left_gripper_link2.
2026-05-12 16:11:47 [51,750ms] [Warning] [omni.physx.plugin] Invalid PhysX transform detected for /World/scene_0/controllable__r1__robot_dhaboz/left_eef_link.
2026-05-12 16:11:47 [51,750ms] [Warning] [omni.physx.plugin] Invalid PhysX transform detected for /World/scene_0/controllable__r1__robot_dhaboz/right_gripper_link1.
2026-05-12 16:11:47 [51,750ms] [Warning] [omni.physx.plugin] Invalid PhysX transform detected for /World/scene_0/controllable__r1__robot_dhaboz/right_gripper_link2.
2026-05-12 16:11:47 [51,750ms] [Warning] [omni.physx.plugin] Invalid PhysX transform detected for /World/scene_0/controllable__r1__robot_dhaboz/right_eef_link.
2026-05-12 16:11:47 [51,750ms] [Warning] [omni.physx.plugin] Invalid PhysX transform detected for /World/scene_0/cover_small_item_render_item_4175346132/base_link.
2026-05-12 16:11:47 [51,828ms] [Warning] [omni.physx.plugin] Invalid PhysX transform detected for /World/scene_0/cover_small_item_render_item_4175346132/glass.
2026-05-12 16:11:47 [51,828ms] [Warning] [omni.physx.plugin] Invalid PhysX transform detected for /World/scene_0/controllable__r1__robot_dhaboz/base_footprint_y.
2026-05-12 16:11:47 [51,828ms] [Warning] [omni.physx.plugin] Invalid PhysX transform detected for /World/scene_0/controllable__r1__robot_dhaboz/base_footprint_z.
2026-05-12 16:11:47 [51,828ms] [Warning] [omni.physx.plugin] Invalid PhysX transform detected for /World/scene_0/controllable__r1__robot_dhaboz/base_footprint_rx.
2026-05-12 16:11:47 [51,828ms] [Warning] [omni.physx.plugin] Invalid PhysX transform detected for /World/scene_0/controllable__r1__robot_dhaboz/base_footprint_ry.
2026-05-12 16:11:47 [51,828ms] [Warning] [omni.physx.plugin] Invalid PhysX transform detected for /World/scene_0/controllable__r1__robot_dhaboz/base_footprint_rz.
2026-05-12 16:11:47 [51,828ms] [Warning] [omni.physx.plugin] Invalid PhysX transform detected for /World/scene_0/controllable__r1__robot_dhaboz/base_link.
2026-05-12 16:11:47 [51,828ms] [Warning] [omni.physx.plugin] Invalid PhysX transform detected for /World/scene_0/controllable__r1__robot_dhaboz/servo_link1.
2026-05-12 16:11:47 [51,828ms] [Warning] [omni.physx.plugin] Invalid PhysX transform detected for /World/scene_0/controllable__r1__robot_dhaboz/servo_link2.
2026-05-12 16:11:47 [51,828ms] [Warning] [omni.physx.plugin] Invalid PhysX transform detected for /World/scene_0/controllable__r1__robot_dhaboz/servo_link3.
2026-05-12 16:11:47 [51,828ms] [Warning] [omni.physx.plugin] Invalid PhysX transform detected for /World/scene_0/controllable__r1__robot_dhaboz/torso_link1.
2026-05-12 16:11:47 [51,828ms] [Warning] [omni.physx.plugin] Invalid PhysX transform detected for /World/scene_0/controllable__r1__robot_dhaboz/wheel_link1.
2026-05-12 16:11:47 [51,828ms] [Warning] [omni.physx.plugin] Invalid PhysX transform detected for /World/scene_0/controllable__r1__robot_dhaboz/wheel_link2.
2026-05-12 16:11:47 [51,828ms] [Warning] [omni.physx.plugin] Invalid PhysX transform detected for /World/scene_0/controllable__r1__robot_dhaboz/wheel_link3.
2026-05-12 16:11:47 [51,828ms] [Warning] [omni.physx.plugin] Invalid PhysX transform detected for /World/scene_0/controllable__r1__robot_dhaboz/torso_link2.
2026-05-12 16:11:47 [51,828ms] [Warning] [omni.physx.plugin] Invalid PhysX transform detected for /World/scene_0/controllable__r1__robot_dhaboz/torso_link3.
2026-05-12 16:11:47 [51,828ms] [Warning] [omni.physx.plugin] Invalid PhysX transform detected for /World/scene_0/controllable__r1__robot_dhaboz/torso_link4.
2026-05-12 16:11:47 [51,828ms] [Warning] [omni.physx.plugin] Invalid PhysX transform detected for /World/scene_0/controllable__r1__robot_dhaboz/left_arm_link1.
2026-05-12 16:11:47 [51,828ms] [Warning] [omni.physx.plugin] Invalid PhysX transform detected for /World/scene_0/controllable__r1__robot_dhaboz/right_arm_link1.
2026-05-12 16:11:47 [51,828ms] [Warning] [omni.physx.plugin] Invalid PhysX transform detected for /World/scene_0/controllable__r1__robot_dhaboz/eyes.
2026-05-12 16:11:47 [51,828ms] [Warning] [omni.physx.plugin] Invalid PhysX transform detected for /World/scene_0/controllable__r1__robot_dhaboz/left_arm_link2.
2026-05-12 16:11:47 [51,828ms] [Warning] [omni.physx.plugin] Invalid PhysX transform detected for /World/scene_0/controllable__r1__robot_dhaboz/right_arm_link2.
2026-05-12 16:11:47 [51,828ms] [Warning] [omni.physx.plugin] Invalid PhysX transform detected for /World/scene_0/controllable__r1__robot_dhaboz/left_arm_link3.
2026-05-12 16:11:47 [51,828ms] [Warning] [omni.physx.plugin] Invalid PhysX transform detected for /World/scene_0/controllable__r1__robot_dhaboz/right_arm_link3.
2026-05-12 16:11:47 [51,828ms] [Warning] [omni.physx.plugin] Invalid PhysX transform detected for /World/scene_0/controllable__r1__robot_dhaboz/left_arm_link4.
2026-05-12 16:11:47 [51,828ms] [Warning] [omni.physx.plugin] Invalid PhysX transform detected for /World/scene_0/controllable__r1__robot_dhaboz/right_arm_link4.
2026-05-12 16:11:47 [51,828ms] [Warning] [omni.physx.plugin] Invalid PhysX transform detected for /World/scene_0/controllable__r1__robot_dhaboz/left_arm_link5.
2026-05-12 16:11:47 [51,828ms] [Warning] [omni.physx.plugin] Invalid PhysX transform detected for /World/scene_0/controllable__r1__robot_dhaboz/right_arm_link5.
2026-05-12 16:11:47 [51,828ms] [Warning] [omni.physx.plugin] Invalid PhysX transform detected for /World/scene_0/controllable__r1__robot_dhaboz/left_arm_link6.
2026-05-12 16:11:47 [51,828ms] [Warning] [omni.physx.plugin] Invalid PhysX transform detected for /World/scene_0/controllable__r1__robot_dhaboz/right_arm_link6.
2026-05-12 16:11:47 [51,828ms] [Warning] [omni.physx.plugin] Invalid PhysX transform detected for /World/scene_0/controllable__r1__robot_dhaboz/left_gripper_link1.
2026-05-12 16:11:47 [51,828ms] [Warning] [omni.physx.plugin] Invalid PhysX transform detected for /World/scene_0/controllable__r1__robot_dhaboz/left_gripper_link2.
2026-05-12 16:11:47 [51,828ms] [Warning] [omni.physx.plugin] Invalid PhysX transform detected for /World/scene_0/controllable__r1__robot_dhaboz/left_eef_link.
2026-05-12 16:11:47 [51,828ms] [Warning] [omni.physx.plugin] Invalid PhysX transform detected for /World/scene_0/controllable__r1__robot_dhaboz/right_gripper_link1.
2026-05-12 16:11:47 [51,828ms] [Warning] [omni.physx.plugin] Invalid PhysX transform detected for /World/scene_0/controllable__r1__robot_dhaboz/right_gripper_link2.
2026-05-12 16:11:47 [51,828ms] [Warning] [omni.physx.plugin] Invalid PhysX transform detected for /World/scene_0/controllable__r1__robot_dhaboz/right_eef_link.
2026-05-12 16:11:47 [51,828ms] [Warning] [omni.physx.plugin] Invalid PhysX transform detected for /World/scene_0/cover_small_item_render_item_4175346132/base_link.
2026-05-12 16:11:47 [51,904ms] [Warning] [omni.physx.plugin] Invalid PhysX transform detected for /World/scene_0/cover_small_item_render_item_4175346132/glass.
2026-05-12 16:11:47 [51,904ms] [Warning] [omni.physx.plugin] Invalid PhysX transform detected for /World/scene_0/controllable__r1__robot_dhaboz/base_footprint_y.
2026-05-12 16:11:47 [51,904ms] [Warning] [omni.physx.plugin] Invalid PhysX transform detected for /World/scene_0/controllable__r1__robot_dhaboz/base_footprint_z.
2026-05-12 16:11:47 [51,904ms] [Warning] [omni.physx.plugin] Invalid PhysX transform detected for /World/scene_0/controllable__r1__robot_dhaboz/base_footprint_rx.
2026-05-12 16:11:47 [51,904ms] [Warning] [omni.physx.plugin] Invalid PhysX transform detected for /World/scene_0/controllable__r1__robot_dhaboz/base_footprint_ry.
2026-05-12 16:11:47 [51,904ms] [Warning] [omni.physx.plugin] Invalid PhysX transform detected for /World/scene_0/controllable__r1__robot_dhaboz/base_footprint_rz.
2026-05-12 16:11:47 [51,904ms] [Warning] [omni.physx.plugin] Invalid PhysX transform detected for /World/scene_0/controllable__r1__robot_dhaboz/base_link.
2026-05-12 16:11:47 [51,904ms] [Warning] [omni.physx.plugin] Invalid PhysX transform detected for /World/scene_0/controllable__r1__robot_dhaboz/servo_link1.
2026-05-12 16:11:47 [51,904ms] [Warning] [omni.physx.plugin] Invalid PhysX transform detected for /World/scene_0/controllable__r1__robot_dhaboz/servo_link2.
2026-05-12 16:11:47 [51,904ms] [Warning] [omni.physx.plugin] Invalid PhysX transform detected for /World/scene_0/controllable__r1__robot_dhaboz/servo_link3.
2026-05-12 16:11:47 [51,904ms] [Warning] [omni.physx.plugin] Invalid PhysX transform detected for /World/scene_0/controllable__r1__robot_dhaboz/torso_link1.
2026-05-12 16:11:47 [51,904ms] [Warning] [omni.physx.plugin] Invalid PhysX transform detected for /World/scene_0/controllable__r1__robot_dhaboz/wheel_link1.
2026-05-12 16:11:47 [51,904ms] [Warning] [omni.physx.plugin] Invalid PhysX transform detected for /World/scene_0/controllable__r1__robot_dhaboz/wheel_link2.
2026-05-12 16:11:47 [51,904ms] [Warning] [omni.physx.plugin] Invalid PhysX transform detected for /World/scene_0/controllable__r1__robot_dhaboz/wheel_link3.
2026-05-12 16:11:47 [51,905ms] [Warning] [omni.physx.plugin] Invalid PhysX transform detected for /World/scene_0/controllable__r1__robot_dhaboz/torso_link2.
2026-05-12 16:11:47 [51,905ms] [Warning] [omni.physx.plugin] Invalid PhysX transform detected for /World/scene_0/controllable__r1__robot_dhaboz/torso_link3.
2026-05-12 16:11:47 [51,905ms] [Warning] [omni.physx.plugin] Invalid PhysX transform detected for /World/scene_0/controllable__r1__robot_dhaboz/torso_link4.
2026-05-12 16:11:47 [51,905ms] [Warning] [omni.physx.plugin] Invalid PhysX transform detected for /World/scene_0/controllable__r1__robot_dhaboz/left_arm_link1.
2026-05-12 16:11:47 [51,905ms] [Warning] [omni.physx.plugin] Invalid PhysX transform detected for /World/scene_0/controllable__r1__robot_dhaboz/right_arm_link1.
2026-05-12 16:11:47 [51,905ms] [Warning] [omni.physx.plugin] Invalid PhysX transform detected for /World/scene_0/controllable__r1__robot_dhaboz/eyes.
2026-05-12 16:11:47 [51,905ms] [Warning] [omni.physx.plugin] Invalid PhysX transform detected for /World/scene_0/controllable__r1__robot_dhaboz/left_arm_link2.
2026-05-12 16:11:47 [51,905ms] [Warning] [omni.physx.plugin] Invalid PhysX transform detected for /World/scene_0/controllable__r1__robot_dhaboz/right_arm_link2.
2026-05-12 16:11:47 [51,905ms] [Warning] [omni.physx.plugin] Invalid PhysX transform detected for /World/scene_0/controllable__r1__robot_dhaboz/left_arm_link3.
2026-05-12 16:11:47 [51,905ms] [Warning] [omni.physx.plugin] Invalid PhysX transform detected for /World/scene_0/controllable__r1__robot_dhaboz/right_arm_link3.
2026-05-12 16:11:47 [51,905ms] [Warning] [omni.physx.plugin] Invalid PhysX transform detected for /World/scene_0/controllable__r1__robot_dhaboz/left_arm_link4.
2026-05-12 16:11:47 [51,905ms] [Warning] [omni.physx.plugin] Invalid PhysX transform detected for /World/scene_0/controllable__r1__robot_dhaboz/right_arm_link4.
2026-05-12 16:11:47 [51,905ms] [Warning] [omni.physx.plugin] Invalid PhysX transform detected for /World/scene_0/controllable__r1__robot_dhaboz/left_arm_link5.
2026-05-12 16:11:47 [51,905ms] [Warning] [omni.physx.plugin] Invalid PhysX transform detected for /World/scene_0/controllable__r1__robot_dhaboz/right_arm_link5.
2026-05-12 16:11:47 [51,905ms] [Warning] [omni.physx.plugin] Invalid PhysX transform detected for /World/scene_0/controllable__r1__robot_dhaboz/left_arm_link6.
2026-05-12 16:11:47 [51,905ms] [Warning] [omni.physx.plugin] Invalid PhysX transform detected for /World/scene_0/controllable__r1__robot_dhaboz/right_arm_link6.
2026-05-12 16:11:47 [51,905ms] [Warning] [omni.physx.plugin] Invalid PhysX transform detected for /World/scene_0/controllable__r1__robot_dhaboz/left_gripper_link1.
2026-05-12 16:11:47 [51,905ms] [Warning] [omni.physx.plugin] Invalid PhysX transform detected for /World/scene_0/controllable__r1__robot_dhaboz/left_gripper_link2.
2026-05-12 16:11:47 [51,905ms] [Warning] [omni.physx.plugin] Invalid PhysX transform detected for /World/scene_0/controllable__r1__robot_dhaboz/left_eef_link.
2026-05-12 16:11:47 [51,905ms] [Warning] [omni.physx.plugin] Invalid PhysX transform detected for /World/scene_0/controllable__r1__robot_dhaboz/right_gripper_link1.
2026-05-12 16:11:47 [51,905ms] [Warning] [omni.physx.plugin] Invalid PhysX transform detected for /World/scene_0/controllable__r1__robot_dhaboz/right_gripper_link2.
2026-05-12 16:11:47 [51,905ms] [Warning] [omni.physx.plugin] Invalid PhysX transform detected for /World/scene_0/controllable__r1__robot_dhaboz/right_eef_link.
2026-05-12 16:11:47 [51,905ms] [Warning] [omni.physx.plugin] Invalid PhysX transform detected for /World/scene_0/cover_small_item_render_item_4175346132/base_link.
2026-05-12 16:11:47 [51,980ms] [Warning] [omni.physx.plugin] Invalid PhysX transform detected for /World/scene_0/cover_small_item_render_item_4175346132/glass.
2026-05-12 16:11:47 [51,980ms] [Warning] [omni.physx.plugin] Invalid PhysX transform detected for /World/scene_0/controllable__r1__robot_dhaboz/base_footprint_y.
2026-05-12 16:11:47 [51,980ms] [Warning] [omni.physx.plugin] Invalid PhysX transform detected for /World/scene_0/controllable__r1__robot_dhaboz/base_footprint_z.
2026-05-12 16:11:47 [51,980ms] [Warning] [omni.physx.plugin] Invalid PhysX transform detected for /World/scene_0/controllable__r1__robot_dhaboz/base_footprint_rx.
2026-05-12 16:11:47 [51,980ms] [Warning] [omni.physx.plugin] Invalid PhysX transform detected for /World/scene_0/controllable__r1__robot_dhaboz/base_footprint_ry.
2026-05-12 16:11:47 [51,980ms] [Warning] [omni.physx.plugin] Invalid PhysX transform detected for /World/scene_0/controllable__r1__robot_dhaboz/base_footprint_rz.
2026-05-12 16:11:47 [51,980ms] [Warning] [omni.physx.plugin] Invalid PhysX transform detected for /World/scene_0/controllable__r1__robot_dhaboz/base_link.
2026-05-12 16:11:47 [51,980ms] [Warning] [omni.physx.plugin] Invalid PhysX transform detected for /World/scene_0/controllable__r1__robot_dhaboz/servo_link1.
2026-05-12 16:11:47 [51,980ms] [Warning] [omni.physx.plugin] Invalid PhysX transform detected for /World/scene_0/controllable__r1__robot_dhaboz/servo_link2.
2026-05-12 16:11:47 [51,980ms] [Warning] [omni.physx.plugin] Invalid PhysX transform detected for /World/scene_0/controllable__r1__robot_dhaboz/servo_link3.
2026-05-12 16:11:47 [51,980ms] [Warning] [omni.physx.plugin] Invalid PhysX transform detected for /World/scene_0/controllable__r1__robot_dhaboz/torso_link1.
2026-05-12 16:11:47 [51,980ms] [Warning] [omni.physx.plugin] Invalid PhysX transform detected for /World/scene_0/controllable__r1__robot_dhaboz/wheel_link1.
2026-05-12 16:11:47 [51,980ms] [Warning] [omni.physx.plugin] Invalid PhysX transform detected for /World/scene_0/controllable__r1__robot_dhaboz/wheel_link2.
2026-05-12 16:11:47 [51,980ms] [Warning] [omni.physx.plugin] Invalid PhysX transform detected for /World/scene_0/controllable__r1__robot_dhaboz/wheel_link3.
2026-05-12 16:11:47 [51,980ms] [Warning] [omni.physx.plugin] Invalid PhysX transform detected for /World/scene_0/controllable__r1__robot_dhaboz/torso_link2.
2026-05-12 16:11:47 [51,980ms] [Warning] [omni.physx.plugin] Invalid PhysX transform detected for /World/scene_0/controllable__r1__robot_dhaboz/torso_link3.
2026-05-12 16:11:47 [51,980ms] [Warning] [omni.physx.plugin] Invalid PhysX transform detected for /World/scene_0/controllable__r1__robot_dhaboz/torso_link4.
2026-05-12 16:11:47 [51,980ms] [Warning] [omni.physx.plugin] Invalid PhysX transform detected for /World/scene_0/controllable__r1__robot_dhaboz/left_arm_link1.
2026-05-12 16:11:47 [51,980ms] [Warning] [omni.physx.plugin] Invalid PhysX transform detected for /World/scene_0/controllable__r1__robot_dhaboz/right_arm_link1.
2026-05-12 16:11:47 [51,980ms] [Warning] [omni.physx.plugin] Invalid PhysX transform detected for /World/scene_0/controllable__r1__robot_dhaboz/eyes.
2026-05-12 16:11:47 [51,980ms] [Warning] [omni.physx.plugin] Invalid PhysX transform detected for /World/scene_0/controllable__r1__robot_dhaboz/left_arm_link2.
2026-05-12 16:11:47 [51,980ms] [Warning] [omni.physx.plugin] Invalid PhysX transform detected for /World/scene_0/controllable__r1__robot_dhaboz/right_arm_link2.
2026-05-12 16:11:47 [51,980ms] [Warning] [omni.physx.plugin] Invalid PhysX transform detected for /World/scene_0/controllable__r1__robot_dhaboz/left_arm_link3.
2026-05-12 16:11:47 [51,980ms] [Warning] [omni.physx.plugin] Invalid PhysX transform detected for /World/scene_0/controllable__r1__robot_dhaboz/right_arm_link3.
2026-05-12 16:11:47 [51,980ms] [Warning] [omni.physx.plugin] Invalid PhysX transform detected for /World/scene_0/controllable__r1__robot_dhaboz/left_arm_link4.
2026-05-12 16:11:47 [51,980ms] [Warning] [omni.physx.plugin] Invalid PhysX transform detected for /World/scene_0/controllable__r1__robot_dhaboz/right_arm_link4.
2026-05-12 16:11:47 [51,980ms] [Warning] [omni.physx.plugin] Invalid PhysX transform detected for /World/scene_0/controllable__r1__robot_dhaboz/left_arm_link5.
2026-05-12 16:11:47 [51,980ms] [Warning] [omni.physx.plugin] Invalid PhysX transform detected for /World/scene_0/controllable__r1__robot_dhaboz/right_arm_link5.
2026-05-12 16:11:47 [51,980ms] [Warning] [omni.physx.plugin] Invalid PhysX transform detected for /World/scene_0/controllable__r1__robot_dhaboz/left_arm_link6.
2026-05-12 16:11:47 [51,980ms] [Warning] [omni.physx.plugin] Invalid PhysX transform detected for /World/scene_0/controllable__r1__robot_dhaboz/right_arm_link6.
2026-05-12 16:11:47 [51,980ms] [Warning] [omni.physx.plugin] Invalid PhysX transform detected for /World/scene_0/controllable__r1__robot_dhaboz/left_gripper_link1.
2026-05-12 16:11:47 [51,980ms] [Warning] [omni.physx.plugin] Invalid PhysX transform detected for /World/scene_0/controllable__r1__robot_dhaboz/left_gripper_link2.
2026-05-12 16:11:47 [51,980ms] [Warning] [omni.physx.plugin] Invalid PhysX transform detected for /World/scene_0/controllable__r1__robot_dhaboz/left_eef_link.
2026-05-12 16:11:47 [51,980ms] [Warning] [omni.physx.plugin] Invalid PhysX transform detected for /World/scene_0/controllable__r1__robot_dhaboz/right_gripper_link1.
2026-05-12 16:11:47 [51,980ms] [Warning] [omni.physx.plugin] Invalid PhysX transform detected for /World/scene_0/controllable__r1__robot_dhaboz/right_gripper_link2.
2026-05-12 16:11:47 [51,980ms] [Warning] [omni.physx.plugin] Invalid PhysX transform detected for /World/scene_0/controllable__r1__robot_dhaboz/right_eef_link.
2026-05-12 16:11:47 [51,980ms] [Warning] [omni.physx.plugin] Invalid PhysX transform detected for /World/scene_0/cover_small_item_render_item_4175346132/base_link.
2026-05-12 16:11:47 [52,057ms] [Warning] [omni.physx.plugin] Invalid PhysX transform detected for /World/scene_0/cover_small_item_render_item_4175346132/glass.
2026-05-12 16:11:47 [52,057ms] [Warning] [omni.physx.plugin] Invalid PhysX transform detected for /World/scene_0/controllable__r1__robot_dhaboz/base_footprint_y.
2026-05-12 16:11:47 [52,057ms] [Warning] [omni.physx.plugin] Invalid PhysX transform detected for /World/scene_0/controllable__r1__robot_dhaboz/base_footprint_z.
2026-05-12 16:11:47 [52,057ms] [Warning] [omni.physx.plugin] Invalid PhysX transform detected for /World/scene_0/controllable__r1__robot_dhaboz/base_footprint_rx.
2026-05-12 16:11:47 [52,057ms] [Warning] [omni.physx.plugin] Invalid PhysX transform detected for /World/scene_0/controllable__r1__robot_dhaboz/base_footprint_ry.
2026-05-12 16:11:47 [52,057ms] [Warning] [omni.physx.plugin] Invalid PhysX transform detected for /World/scene_0/controllable__r1__robot_dhaboz/base_footprint_rz.
2026-05-12 16:11:47 [52,057ms] [Warning] [omni.physx.plugin] Invalid PhysX transform detected for /World/scene_0/controllable__r1__robot_dhaboz/base_link.
2026-05-12 16:11:47 [52,057ms] [Warning] [omni.physx.plugin] Invalid PhysX transform detected for /World/scene_0/controllable__r1__robot_dhaboz/servo_link1.
2026-05-12 16:11:47 [52,057ms] [Warning] [omni.physx.plugin] Invalid PhysX transform detected for /World/scene_0/controllable__r1__robot_dhaboz/servo_link2.
2026-05-12 16:11:47 [52,057ms] [Warning] [omni.physx.plugin] Invalid PhysX transform detected for /World/scene_0/controllable__r1__robot_dhaboz/servo_link3.
2026-05-12 16:11:47 [52,057ms] [Warning] [omni.physx.plugin] Invalid PhysX transform detected for /World/scene_0/controllable__r1__robot_dhaboz/torso_link1.
2026-05-12 16:11:47 [52,057ms] [Warning] [omni.physx.plugin] Invalid PhysX transform detected for /World/scene_0/controllable__r1__robot_dhaboz/wheel_link1.
2026-05-12 16:11:47 [52,057ms] [Warning] [omni.physx.plugin] Invalid PhysX transform detected for /World/scene_0/controllable__r1__robot_dhaboz/wheel_link2.
2026-05-12 16:11:47 [52,057ms] [Warning] [omni.physx.plugin] Invalid PhysX transform detected for /World/scene_0/controllable__r1__robot_dhaboz/wheel_link3.
2026-05-12 16:11:47 [52,057ms] [Warning] [omni.physx.plugin] Invalid PhysX transform detected for /World/scene_0/controllable__r1__robot_dhaboz/torso_link2.
2026-05-12 16:11:47 [52,057ms] [Warning] [omni.physx.plugin] Invalid PhysX transform detected for /World/scene_0/controllable__r1__robot_dhaboz/torso_link3.
2026-05-12 16:11:47 [52,057ms] [Warning] [omni.physx.plugin] Invalid PhysX transform detected for /World/scene_0/controllable__r1__robot_dhaboz/torso_link4.
2026-05-12 16:11:47 [52,057ms] [Warning] [omni.physx.plugin] Invalid PhysX transform detected for /World/scene_0/controllable__r1__robot_dhaboz/left_arm_link1.
2026-05-12 16:11:47 [52,057ms] [Warning] [omni.physx.plugin] Invalid PhysX transform detected for /World/scene_0/controllable__r1__robot_dhaboz/right_arm_link1.
2026-05-12 16:11:47 [52,057ms] [Warning] [omni.physx.plugin] Invalid PhysX transform detected for /World/scene_0/controllable__r1__robot_dhaboz/eyes.
2026-05-12 16:11:47 [52,057ms] [Warning] [omni.physx.plugin] Invalid PhysX transform detected for /World/scene_0/controllable__r1__robot_dhaboz/left_arm_link2.
2026-05-12 16:11:47 [52,057ms] [Warning] [omni.physx.plugin] Invalid PhysX transform detected for /World/scene_0/controllable__r1__robot_dhaboz/right_arm_link2.
2026-05-12 16:11:47 [52,057ms] [Warning] [omni.physx.plugin] Invalid PhysX transform detected for /World/scene_0/controllable__r1__robot_dhaboz/left_arm_link3.
2026-05-12 16:11:47 [52,057ms] [Warning] [omni.physx.plugin] Invalid PhysX transform detected for /World/scene_0/controllable__r1__robot_dhaboz/right_arm_link3.
2026-05-12 16:11:47 [52,057ms] [Warning] [omni.physx.plugin] Invalid PhysX transform detected for /World/scene_0/controllable__r1__robot_dhaboz/left_arm_link4.
2026-05-12 16:11:47 [52,057ms] [Warning] [omni.physx.plugin] Invalid PhysX transform detected for /World/scene_0/controllable__r1__robot_dhaboz/right_arm_link4.
2026-05-12 16:11:47 [52,057ms] [Warning] [omni.physx.plugin] Invalid PhysX transform detected for /World/scene_0/controllable__r1__robot_dhaboz/left_arm_link5.
2026-05-12 16:11:47 [52,057ms] [Warning] [omni.physx.plugin] Invalid PhysX transform detected for /World/scene_0/controllable__r1__robot_dhaboz/right_arm_link5.
2026-05-12 16:11:47 [52,057ms] [Warning] [omni.physx.plugin] Invalid PhysX transform detected for /World/scene_0/controllable__r1__robot_dhaboz/left_arm_link6.
2026-05-12 16:11:47 [52,057ms] [Warning] [omni.physx.plugin] Invalid PhysX transform detected for /World/scene_0/controllable__r1__robot_dhaboz/right_arm_link6.
2026-05-12 16:11:47 [52,057ms] [Warning] [omni.physx.plugin] Invalid PhysX transform detected for /World/scene_0/controllable__r1__robot_dhaboz/left_gripper_link1.
2026-05-12 16:11:47 [52,057ms] [Warning] [omni.physx.plugin] Invalid PhysX transform detected for /World/scene_0/controllable__r1__robot_dhaboz/left_gripper_link2.
2026-05-12 16:11:47 [52,057ms] [Warning] [omni.physx.plugin] Invalid PhysX transform detected for /World/scene_0/controllable__r1__robot_dhaboz/left_eef_link.
2026-05-12 16:11:47 [52,057ms] [Warning] [omni.physx.plugin] Invalid PhysX transform detected for /World/scene_0/controllable__r1__robot_dhaboz/right_gripper_link1.
2026-05-12 16:11:47 [52,057ms] [Warning] [omni.physx.plugin] Invalid PhysX transform detected for /World/scene_0/controllable__r1__robot_dhaboz/right_gripper_link2.
2026-05-12 16:11:47 [52,057ms] [Warning] [omni.physx.plugin] Invalid PhysX transform detected for /World/scene_0/controllable__r1__robot_dhaboz/right_eef_link.
2026-05-12 16:11:47 [52,057ms] [Warning] [omni.physx.plugin] Invalid PhysX transform detected for /World/scene_0/cover_small_item_render_item_4175346132/base_link.
2026-05-12 16:11:47 [52,133ms] [Warning] [omni.physx.plugin] Invalid PhysX transform detected for /World/scene_0/cover_small_item_render_item_4175346132/glass.
2026-05-12 16:11:47 [52,133ms] [Warning] [omni.physx.plugin] Invalid PhysX transform detected for /World/scene_0/controllable__r1__robot_dhaboz/base_footprint_y.
2026-05-12 16:11:47 [52,133ms] [Warning] [omni.physx.plugin] Invalid PhysX transform detected for /World/scene_0/controllable__r1__robot_dhaboz/base_footprint_z.
2026-05-12 16:11:47 [52,133ms] [Warning] [omni.physx.plugin] Invalid PhysX transform detected for /World/scene_0/controllable__r1__robot_dhaboz/base_footprint_rx.
2026-05-12 16:11:47 [52,133ms] [Warning] [omni.physx.plugin] Invalid PhysX transform detected for /World/scene_0/controllable__r1__robot_dhaboz/base_footprint_ry.
2026-05-12 16:11:47 [52,133ms] [Warning] [omni.physx.plugin] Invalid PhysX transform detected for /World/scene_0/controllable__r1__robot_dhaboz/base_footprint_rz.
2026-05-12 16:11:47 [52,133ms] [Warning] [omni.physx.plugin] Invalid PhysX transform detected for /World/scene_0/controllable__r1__robot_dhaboz/base_link.
2026-05-12 16:11:47 [52,133ms] [Warning] [omni.physx.plugin] Invalid PhysX transform detected for /World/scene_0/controllable__r1__robot_dhaboz/servo_link1.
2026-05-12 16:11:47 [52,133ms] [Warning] [omni.physx.plugin] Invalid PhysX transform detected for /World/scene_0/controllable__r1__robot_dhaboz/servo_link2.
2026-05-12 16:11:47 [52,133ms] [Warning] [omni.physx.plugin] Invalid PhysX transform detected for /World/scene_0/controllable__r1__robot_dhaboz/servo_link3.
2026-05-12 16:11:47 [52,133ms] [Warning] [omni.physx.plugin] Invalid PhysX transform detected for /World/scene_0/controllable__r1__robot_dhaboz/torso_link1.
2026-05-12 16:11:47 [52,133ms] [Warning] [omni.physx.plugin] Invalid PhysX transform detected for /World/scene_0/controllable__r1__robot_dhaboz/wheel_link1.
2026-05-12 16:11:47 [52,133ms] [Warning] [omni.physx.plugin] Invalid PhysX transform detected for /World/scene_0/controllable__r1__robot_dhaboz/wheel_link2.
2026-05-12 16:11:47 [52,133ms] [Warning] [omni.physx.plugin] Invalid PhysX transform detected for /World/scene_0/controllable__r1__robot_dhaboz/wheel_link3.
2026-05-12 16:11:47 [52,133ms] [Warning] [omni.physx.plugin] Invalid PhysX transform detected for /World/scene_0/controllable__r1__robot_dhaboz/torso_link2.
2026-05-12 16:11:47 [52,133ms] [Warning] [omni.physx.plugin] Invalid PhysX transform detected for /World/scene_0/controllable__r1__robot_dhaboz/torso_link3.
2026-05-12 16:11:47 [52,133ms] [Warning] [omni.physx.plugin] Invalid PhysX transform detected for /World/scene_0/controllable__r1__robot_dhaboz/torso_link4.
2026-05-12 16:11:47 [52,133ms] [Warning] [omni.physx.plugin] Invalid PhysX transform detected for /World/scene_0/controllable__r1__robot_dhaboz/left_arm_link1.
2026-05-12 16:11:47 [52,133ms] [Warning] [omni.physx.plugin] Invalid PhysX transform detected for /World/scene_0/controllable__r1__robot_dhaboz/right_arm_link1.
2026-05-12 16:11:47 [52,133ms] [Warning] [omni.physx.plugin] Invalid PhysX transform detected for /World/scene_0/controllable__r1__robot_dhaboz/eyes.
2026-05-12 16:11:47 [52,133ms] [Warning] [omni.physx.plugin] Invalid PhysX transform detected for /World/scene_0/controllable__r1__robot_dhaboz/left_arm_link2.
2026-05-12 16:11:47 [52,133ms] [Warning] [omni.physx.plugin] Invalid PhysX transform detected for /World/scene_0/controllable__r1__robot_dhaboz/right_arm_link2.
2026-05-12 16:11:47 [52,133ms] [Warning] [omni.physx.plugin] Invalid PhysX transform detected for /World/scene_0/controllable__r1__robot_dhaboz/left_arm_link3.
2026-05-12 16:11:47 [52,133ms] [Warning] [omni.physx.plugin] Invalid PhysX transform detected for /World/scene_0/controllable__r1__robot_dhaboz/right_arm_link3.
2026-05-12 16:11:47 [52,133ms] [Warning] [omni.physx.plugin] Invalid PhysX transform detected for /World/scene_0/controllable__r1__robot_dhaboz/left_arm_link4.
2026-05-12 16:11:47 [52,133ms] [Warning] [omni.physx.plugin] Invalid PhysX transform detected for /World/scene_0/controllable__r1__robot_dhaboz/right_arm_link4.
2026-05-12 16:11:47 [52,133ms] [Warning] [omni.physx.plugin] Invalid PhysX transform detected for /World/scene_0/controllable__r1__robot_dhaboz/left_arm_link5.
2026-05-12 16:11:47 [52,133ms] [Warning] [omni.physx.plugin] Invalid PhysX transform detected for /World/scene_0/controllable__r1__robot_dhaboz/right_arm_link5.
2026-05-12 16:11:47 [52,134ms] [Warning] [omni.physx.plugin] Invalid PhysX transform detected for /World/scene_0/controllable__r1__robot_dhaboz/left_arm_link6.
2026-05-12 16:11:47 [52,134ms] [Warning] [omni.physx.plugin] Invalid PhysX transform detected for /World/scene_0/controllable__r1__robot_dhaboz/right_arm_link6.
2026-05-12 16:11:47 [52,134ms] [Warning] [omni.physx.plugin] Invalid PhysX transform detected for /World/scene_0/controllable__r1__robot_dhaboz/left_gripper_link1.
2026-05-12 16:11:47 [52,134ms] [Warning] [omni.physx.plugin] Invalid PhysX transform detected for /World/scene_0/controllable__r1__robot_dhaboz/left_gripper_link2.
2026-05-12 16:11:47 [52,134ms] [Warning] [omni.physx.plugin] Invalid PhysX transform detected for /World/scene_0/controllable__r1__robot_dhaboz/left_eef_link.
2026-05-12 16:11:47 [52,134ms] [Warning] [omni.physx.plugin] Invalid PhysX transform detected for /World/scene_0/controllable__r1__robot_dhaboz/right_gripper_link1.
2026-05-12 16:11:47 [52,134ms] [Warning] [omni.physx.plugin] Invalid PhysX transform detected for /World/scene_0/controllable__r1__robot_dhaboz/right_gripper_link2.
2026-05-12 16:11:47 [52,134ms] [Warning] [omni.physx.plugin] Invalid PhysX transform detected for /World/scene_0/controllable__r1__robot_dhaboz/right_eef_link.
2026-05-12 16:11:47 [52,134ms] [Warning] [omni.physx.plugin] Invalid PhysX transform detected for /World/scene_0/cover_small_item_render_item_4175346132/base_link.
2026-05-12 16:11:47 [52,206ms] [Warning] [omni.physx.plugin] Invalid PhysX transform detected for /World/scene_0/cover_small_item_render_item_4175346132/glass.
2026-05-12 16:11:47 [52,206ms] [Warning] [omni.physx.plugin] Invalid PhysX transform detected for /World/scene_0/controllable__r1__robot_dhaboz/base_footprint_y.
2026-05-12 16:11:47 [52,206ms] [Warning] [omni.physx.plugin] Invalid PhysX transform detected for /World/scene_0/controllable__r1__robot_dhaboz/base_footprint_z.
2026-05-12 16:11:47 [52,206ms] [Warning] [omni.physx.plugin] Invalid PhysX transform detected for /World/scene_0/controllable__r1__robot_dhaboz/base_footprint_rx.
2026-05-12 16:11:47 [52,206ms] [Warning] [omni.physx.plugin] Invalid PhysX transform detected for /World/scene_0/controllable__r1__robot_dhaboz/base_footprint_ry.
2026-05-12 16:11:47 [52,206ms] [Warning] [omni.physx.plugin] Invalid PhysX transform detected for /World/scene_0/controllable__r1__robot_dhaboz/base_footprint_rz.
2026-05-12 16:11:47 [52,206ms] [Warning] [omni.physx.plugin] Invalid PhysX transform detected for /World/scene_0/controllable__r1__robot_dhaboz/base_link.
2026-05-12 16:11:47 [52,206ms] [Warning] [omni.physx.plugin] Invalid PhysX transform detected for /World/scene_0/controllable__r1__robot_dhaboz/servo_link1.
2026-05-12 16:11:47 [52,206ms] [Warning] [omni.physx.plugin] Invalid PhysX transform detected for /World/scene_0/controllable__r1__robot_dhaboz/servo_link2.
2026-05-12 16:11:47 [52,206ms] [Warning] [omni.physx.plugin] Invalid PhysX transform detected for /World/scene_0/controllable__r1__robot_dhaboz/servo_link3.
2026-05-12 16:11:47 [52,206ms] [Warning] [omni.physx.plugin] Invalid PhysX transform detected for /World/scene_0/controllable__r1__robot_dhaboz/torso_link1.
2026-05-12 16:11:47 [52,206ms] [Warning] [omni.physx.plugin] Invalid PhysX transform detected for /World/scene_0/controllable__r1__robot_dhaboz/wheel_link1.
2026-05-12 16:11:47 [52,206ms] [Warning] [omni.physx.plugin] Invalid PhysX transform detected for /World/scene_0/controllable__r1__robot_dhaboz/wheel_link2.
2026-05-12 16:11:47 [52,206ms] [Warning] [omni.physx.plugin] Invalid PhysX transform detected for /World/scene_0/controllable__r1__robot_dhaboz/wheel_link3.
2026-05-12 16:11:47 [52,206ms] [Warning] [omni.physx.plugin] Invalid PhysX transform detected for /World/scene_0/controllable__r1__robot_dhaboz/torso_link2.
2026-05-12 16:11:47 [52,206ms] [Warning] [omni.physx.plugin] Invalid PhysX transform detected for /World/scene_0/controllable__r1__robot_dhaboz/torso_link3.
2026-05-12 16:11:47 [52,206ms] [Warning] [omni.physx.plugin] Invalid PhysX transform detected for /World/scene_0/controllable__r1__robot_dhaboz/torso_link4.
2026-05-12 16:11:47 [52,206ms] [Warning] [omni.physx.plugin] Invalid PhysX transform detected for /World/scene_0/controllable__r1__robot_dhaboz/left_arm_link1.
2026-05-12 16:11:47 [52,206ms] [Warning] [omni.physx.plugin] Invalid PhysX transform detected for /World/scene_0/controllable__r1__robot_dhaboz/right_arm_link1.
2026-05-12 16:11:47 [52,206ms] [Warning] [omni.physx.plugin] Invalid PhysX transform detected for /World/scene_0/controllable__r1__robot_dhaboz/eyes.
2026-05-12 16:11:47 [52,206ms] [Warning] [omni.physx.plugin] Invalid PhysX transform detected for /World/scene_0/controllable__r1__robot_dhaboz/left_arm_link2.
2026-05-12 16:11:47 [52,206ms] [Warning] [omni.physx.plugin] Invalid PhysX transform detected for /World/scene_0/controllable__r1__robot_dhaboz/right_arm_link2.
2026-05-12 16:11:47 [52,206ms] [Warning] [omni.physx.plugin] Invalid PhysX transform detected for /World/scene_0/controllable__r1__robot_dhaboz/left_arm_link3.
2026-05-12 16:11:47 [52,206ms] [Warning] [omni.physx.plugin] Invalid PhysX transform detected for /World/scene_0/controllable__r1__robot_dhaboz/right_arm_link3.
2026-05-12 16:11:47 [52,206ms] [Warning] [omni.physx.plugin] Invalid PhysX transform detected for /World/scene_0/controllable__r1__robot_dhaboz/left_arm_link4.
2026-05-12 16:11:47 [52,206ms] [Warning] [omni.physx.plugin] Invalid PhysX transform detected for /World/scene_0/controllable__r1__robot_dhaboz/right_arm_link4.
2026-05-12 16:11:47 [52,206ms] [Warning] [omni.physx.plugin] Invalid PhysX transform detected for /World/scene_0/controllable__r1__robot_dhaboz/left_arm_link5.
2026-05-12 16:11:47 [52,206ms] [Warning] [omni.physx.plugin] Invalid PhysX transform detected for /World/scene_0/controllable__r1__robot_dhaboz/right_arm_link5.
2026-05-12 16:11:47 [52,206ms] [Warning] [omni.physx.plugin] Invalid PhysX transform detected for /World/scene_0/controllable__r1__robot_dhaboz/left_arm_link6.
2026-05-12 16:11:47 [52,206ms] [Warning] [omni.physx.plugin] Invalid PhysX transform detected for /World/scene_0/controllable__r1__robot_dhaboz/right_arm_link6.
2026-05-12 16:11:47 [52,206ms] [Warning] [omni.physx.plugin] Invalid PhysX transform detected for /World/scene_0/controllable__r1__robot_dhaboz/left_gripper_link1.
2026-05-12 16:11:47 [52,206ms] [Warning] [omni.physx.plugin] Invalid PhysX transform detected for /World/scene_0/controllable__r1__robot_dhaboz/left_gripper_link2.
2026-05-12 16:11:47 [52,206ms] [Warning] [omni.physx.plugin] Invalid PhysX transform detected for /World/scene_0/controllable__r1__robot_dhaboz/left_eef_link.
2026-05-12 16:11:47 [52,206ms] [Warning] [omni.physx.plugin] Invalid PhysX transform detected for /World/scene_0/controllable__r1__robot_dhaboz/right_gripper_link1.
2026-05-12 16:11:47 [52,206ms] [Warning] [omni.physx.plugin] Invalid PhysX transform detected for /World/scene_0/controllable__r1__robot_dhaboz/right_gripper_link2.
2026-05-12 16:11:47 [52,206ms] [Warning] [omni.physx.plugin] Invalid PhysX transform detected for /World/scene_0/controllable__r1__robot_dhaboz/right_eef_link.
2026-05-12 16:11:47 [52,206ms] [Warning] [omni.physx.plugin] Invalid PhysX transform detected for /World/scene_0/cover_small_item_render_item_4175346132/base_link.
2026-05-12 16:11:47 [52,279ms] [Warning] [omni.physx.plugin] Invalid PhysX transform detected for /World/scene_0/cover_small_item_render_item_4175346132/glass.
2026-05-12 16:11:47 [52,279ms] [Warning] [omni.physx.plugin] Invalid PhysX transform detected for /World/scene_0/controllable__r1__robot_dhaboz/base_footprint_y.
2026-05-12 16:11:47 [52,279ms] [Warning] [omni.physx.plugin] Invalid PhysX transform detected for /World/scene_0/controllable__r1__robot_dhaboz/base_footprint_z.
2026-05-12 16:11:47 [52,279ms] [Warning] [omni.physx.plugin] Invalid PhysX transform detected for /World/scene_0/controllable__r1__robot_dhaboz/base_footprint_rx.
2026-05-12 16:11:47 [52,279ms] [Warning] [omni.physx.plugin] Invalid PhysX transform detected for /World/scene_0/controllable__r1__robot_dhaboz/base_footprint_ry.
2026-05-12 16:11:47 [52,279ms] [Warning] [omni.physx.plugin] Invalid PhysX transform detected for /World/scene_0/controllable__r1__robot_dhaboz/base_footprint_rz.
2026-05-12 16:11:47 [52,279ms] [Warning] [omni.physx.plugin] Invalid PhysX transform detected for /World/scene_0/controllable__r1__robot_dhaboz/base_link.
2026-05-12 16:11:47 [52,279ms] [Warning] [omni.physx.plugin] Invalid PhysX transform detected for /World/scene_0/controllable__r1__robot_dhaboz/servo_link1.
2026-05-12 16:11:47 [52,279ms] [Warning] [omni.physx.plugin] Invalid PhysX transform detected for /World/scene_0/controllable__r1__robot_dhaboz/servo_link2.
2026-05-12 16:11:47 [52,279ms] [Warning] [omni.physx.plugin] Invalid PhysX transform detected for /World/scene_0/controllable__r1__robot_dhaboz/servo_link3.
2026-05-12 16:11:47 [52,279ms] [Warning] [omni.physx.plugin] Invalid PhysX transform detected for /World/scene_0/controllable__r1__robot_dhaboz/torso_link1.
2026-05-12 16:11:47 [52,279ms] [Warning] [omni.physx.plugin] Invalid PhysX transform detected for /World/scene_0/controllable__r1__robot_dhaboz/wheel_link1.
2026-05-12 16:11:47 [52,279ms] [Warning] [omni.physx.plugin] Invalid PhysX transform detected for /World/scene_0/controllable__r1__robot_dhaboz/wheel_link2.
2026-05-12 16:11:47 [52,279ms] [Warning] [omni.physx.plugin] Invalid PhysX transform detected for /World/scene_0/controllable__r1__robot_dhaboz/wheel_link3.
2026-05-12 16:11:47 [52,279ms] [Warning] [omni.physx.plugin] Invalid PhysX transform detected for /World/scene_0/controllable__r1__robot_dhaboz/torso_link2.
2026-05-12 16:11:47 [52,279ms] [Warning] [omni.physx.plugin] Invalid PhysX transform detected for /World/scene_0/controllable__r1__robot_dhaboz/torso_link3.
2026-05-12 16:11:47 [52,279ms] [Warning] [omni.physx.plugin] Invalid PhysX transform detected for /World/scene_0/controllable__r1__robot_dhaboz/torso_link4.
2026-05-12 16:11:47 [52,279ms] [Warning] [omni.physx.plugin] Invalid PhysX transform detected for /World/scene_0/controllable__r1__robot_dhaboz/left_arm_link1.
2026-05-12 16:11:47 [52,279ms] [Warning] [omni.physx.plugin] Invalid PhysX transform detected for /World/scene_0/controllable__r1__robot_dhaboz/right_arm_link1.
2026-05-12 16:11:47 [52,279ms] [Warning] [omni.physx.plugin] Invalid PhysX transform detected for /World/scene_0/controllable__r1__robot_dhaboz/eyes.
2026-05-12 16:11:47 [52,279ms] [Warning] [omni.physx.plugin] Invalid PhysX transform detected for /World/scene_0/controllable__r1__robot_dhaboz/left_arm_link2.
2026-05-12 16:11:47 [52,279ms] [Warning] [omni.physx.plugin] Invalid PhysX transform detected for /World/scene_0/controllable__r1__robot_dhaboz/right_arm_link2.
2026-05-12 16:11:47 [52,279ms] [Warning] [omni.physx.plugin] Invalid PhysX transform detected for /World/scene_0/controllable__r1__robot_dhaboz/left_arm_link3.
2026-05-12 16:11:47 [52,279ms] [Warning] [omni.physx.plugin] Invalid PhysX transform detected for /World/scene_0/controllable__r1__robot_dhaboz/right_arm_link3.
2026-05-12 16:11:47 [52,279ms] [Warning] [omni.physx.plugin] Invalid PhysX transform detected for /World/scene_0/controllable__r1__robot_dhaboz/left_arm_link4.
2026-05-12 16:11:47 [52,279ms] [Warning] [omni.physx.plugin] Invalid PhysX transform detected for /World/scene_0/controllable__r1__robot_dhaboz/right_arm_link4.
2026-05-12 16:11:47 [52,279ms] [Warning] [omni.physx.plugin] Invalid PhysX transform detected for /World/scene_0/controllable__r1__robot_dhaboz/left_arm_link5.
2026-05-12 16:11:47 [52,279ms] [Warning] [omni.physx.plugin] Invalid PhysX transform detected for /World/scene_0/controllable__r1__robot_dhaboz/right_arm_link5.
2026-05-12 16:11:47 [52,279ms] [Warning] [omni.physx.plugin] Invalid PhysX transform detected for /World/scene_0/controllable__r1__robot_dhaboz/left_arm_link6.
2026-05-12 16:11:47 [52,279ms] [Warning] [omni.physx.plugin] Invalid PhysX transform detected for /World/scene_0/controllable__r1__robot_dhaboz/right_arm_link6.
2026-05-12 16:11:47 [52,279ms] [Warning] [omni.physx.plugin] Invalid PhysX transform detected for /World/scene_0/controllable__r1__robot_dhaboz/left_gripper_link1.
2026-05-12 16:11:47 [52,279ms] [Warning] [omni.physx.plugin] Invalid PhysX transform detected for /World/scene_0/controllable__r1__robot_dhaboz/left_gripper_link2.
2026-05-12 16:11:47 [52,279ms] [Warning] [omni.physx.plugin] Invalid PhysX transform detected for /World/scene_0/controllable__r1__robot_dhaboz/left_eef_link.
2026-05-12 16:11:47 [52,279ms] [Warning] [omni.physx.plugin] Invalid PhysX transform detected for /World/scene_0/controllable__r1__robot_dhaboz/right_gripper_link1.
2026-05-12 16:11:47 [52,279ms] [Warning] [omni.physx.plugin] Invalid PhysX transform detected for /World/scene_0/controllable__r1__robot_dhaboz/right_gripper_link2.
2026-05-12 16:11:47 [52,279ms] [Warning] [omni.physx.plugin] Invalid PhysX transform detected for /World/scene_0/controllable__r1__robot_dhaboz/right_eef_link.
2026-05-12 16:11:47 [52,279ms] [Warning] [omni.physx.plugin] Invalid PhysX transform detected for /World/scene_0/cover_small_item_render_item_4175346132/base_link.
2026-05-12 16:11:47 [52,351ms] [Warning] [omni.physx.plugin] Invalid PhysX transform detected for /World/scene_0/cover_small_item_render_item_4175346132/glass.
2026-05-12 16:11:47 [52,351ms] [Warning] [omni.physx.plugin] Invalid PhysX transform detected for /World/scene_0/controllable__r1__robot_dhaboz/base_footprint_y.
2026-05-12 16:11:47 [52,351ms] [Warning] [omni.physx.plugin] Invalid PhysX transform detected for /World/scene_0/controllable__r1__robot_dhaboz/base_footprint_z.
2026-05-12 16:11:47 [52,351ms] [Warning] [omni.physx.plugin] Invalid PhysX transform detected for /World/scene_0/controllable__r1__robot_dhaboz/base_footprint_rx.
2026-05-12 16:11:47 [52,351ms] [Warning] [omni.physx.plugin] Invalid PhysX transform detected for /World/scene_0/controllable__r1__robot_dhaboz/base_footprint_ry.
2026-05-12 16:11:47 [52,351ms] [Warning] [omni.physx.plugin] Invalid PhysX transform detected for /World/scene_0/controllable__r1__robot_dhaboz/base_footprint_rz.
2026-05-12 16:11:47 [52,351ms] [Warning] [omni.physx.plugin] Invalid PhysX transform detected for /World/scene_0/controllable__r1__robot_dhaboz/base_link.
2026-05-12 16:11:47 [52,351ms] [Warning] [omni.physx.plugin] Invalid PhysX transform detected for /World/scene_0/controllable__r1__robot_dhaboz/servo_link1.
2026-05-12 16:11:47 [52,351ms] [Warning] [omni.physx.plugin] Invalid PhysX transform detected for /World/scene_0/controllable__r1__robot_dhaboz/servo_link2.
2026-05-12 16:11:47 [52,351ms] [Warning] [omni.physx.plugin] Invalid PhysX transform detected for /World/scene_0/controllable__r1__robot_dhaboz/servo_link3.
2026-05-12 16:11:47 [52,351ms] [Warning] [omni.physx.plugin] Invalid PhysX transform detected for /World/scene_0/controllable__r1__robot_dhaboz/torso_link1.
2026-05-12 16:11:47 [52,351ms] [Warning] [omni.physx.plugin] Invalid PhysX transform detected for /World/scene_0/controllable__r1__robot_dhaboz/wheel_link1.
2026-05-12 16:11:47 [52,351ms] [Warning] [omni.physx.plugin] Invalid PhysX transform detected for /World/scene_0/controllable__r1__robot_dhaboz/wheel_link2.
2026-05-12 16:11:47 [52,351ms] [Warning] [omni.physx.plugin] Invalid PhysX transform detected for /World/scene_0/controllable__r1__robot_dhaboz/wheel_link3.
2026-05-12 16:11:47 [52,351ms] [Warning] [omni.physx.plugin] Invalid PhysX transform detected for /World/scene_0/controllable__r1__robot_dhaboz/torso_link2.
2026-05-12 16:11:47 [52,351ms] [Warning] [omni.physx.plugin] Invalid PhysX transform detected for /World/scene_0/controllable__r1__robot_dhaboz/torso_link3.
2026-05-12 16:11:47 [52,351ms] [Warning] [omni.physx.plugin] Invalid PhysX transform detected for /World/scene_0/controllable__r1__robot_dhaboz/torso_link4.
2026-05-12 16:11:47 [52,351ms] [Warning] [omni.physx.plugin] Invalid PhysX transform detected for /World/scene_0/controllable__r1__robot_dhaboz/left_arm_link1.
2026-05-12 16:11:47 [52,351ms] [Warning] [omni.physx.plugin] Invalid PhysX transform detected for /World/scene_0/controllable__r1__robot_dhaboz/right_arm_link1.
2026-05-12 16:11:47 [52,351ms] [Warning] [omni.physx.plugin] Invalid PhysX transform detected for /World/scene_0/controllable__r1__robot_dhaboz/eyes.
2026-05-12 16:11:47 [52,351ms] [Warning] [omni.physx.plugin] Invalid PhysX transform detected for /World/scene_0/controllable__r1__robot_dhaboz/left_arm_link2.
2026-05-12 16:11:47 [52,351ms] [Warning] [omni.physx.plugin] Invalid PhysX transform detected for /World/scene_0/controllable__r1__robot_dhaboz/right_arm_link2.
2026-05-12 16:11:47 [52,351ms] [Warning] [omni.physx.plugin] Invalid PhysX transform detected for /World/scene_0/controllable__r1__robot_dhaboz/left_arm_link3.
2026-05-12 16:11:47 [52,351ms] [Warning] [omni.physx.plugin] Invalid PhysX transform detected for /World/scene_0/controllable__r1__robot_dhaboz/right_arm_link3.
2026-05-12 16:11:47 [52,352ms] [Warning] [omni.physx.plugin] Invalid PhysX transform detected for /World/scene_0/controllable__r1__robot_dhaboz/left_arm_link4.
2026-05-12 16:11:47 [52,352ms] [Warning] [omni.physx.plugin] Invalid PhysX transform detected for /World/scene_0/controllable__r1__robot_dhaboz/right_arm_link4.
2026-05-12 16:11:47 [52,352ms] [Warning] [omni.physx.plugin] Invalid PhysX transform detected for /World/scene_0/controllable__r1__robot_dhaboz/left_arm_link5.
2026-05-12 16:11:47 [52,352ms] [Warning] [omni.physx.plugin] Invalid PhysX transform detected for /World/scene_0/controllable__r1__robot_dhaboz/right_arm_link5.
2026-05-12 16:11:47 [52,352ms] [Warning] [omni.physx.plugin] Invalid PhysX transform detected for /World/scene_0/controllable__r1__robot_dhaboz/left_arm_link6.
2026-05-12 16:11:47 [52,352ms] [Warning] [omni.physx.plugin] Invalid PhysX transform detected for /World/scene_0/controllable__r1__robot_dhaboz/right_arm_link6.
2026-05-12 16:11:47 [52,352ms] [Warning] [omni.physx.plugin] Invalid PhysX transform detected for /World/scene_0/controllable__r1__robot_dhaboz/left_gripper_link1.
2026-05-12 16:11:47 [52,352ms] [Warning] [omni.physx.plugin] Invalid PhysX transform detected for /World/scene_0/controllable__r1__robot_dhaboz/left_gripper_link2.
2026-05-12 16:11:47 [52,352ms] [Warning] [omni.physx.plugin] Invalid PhysX transform detected for /World/scene_0/controllable__r1__robot_dhaboz/left_eef_link.
2026-05-12 16:11:47 [52,352ms] [Warning] [omni.physx.plugin] Invalid PhysX transform detected for /World/scene_0/controllable__r1__robot_dhaboz/right_gripper_link1.
2026-05-12 16:11:47 [52,352ms] [Warning] [omni.physx.plugin] Invalid PhysX transform detected for /World/scene_0/controllable__r1__robot_dhaboz/right_gripper_link2.
2026-05-12 16:11:47 [52,352ms] [Warning] [omni.physx.plugin] Invalid PhysX transform detected for /World/scene_0/controllable__r1__robot_dhaboz/right_eef_link.
2026-05-12 16:11:47 [52,352ms] [Warning] [omni.physx.plugin] Invalid PhysX transform detected for /World/scene_0/cover_small_item_render_item_4175346132/base_link.
2026-05-12 16:11:48 [52,424ms] [Warning] [omni.physx.plugin] Invalid PhysX transform detected for /World/scene_0/cover_small_item_render_item_4175346132/glass.
2026-05-12 16:11:48 [52,424ms] [Warning] [omni.physx.plugin] Invalid PhysX transform detected for /World/scene_0/controllable__r1__robot_dhaboz/base_footprint_y.
2026-05-12 16:11:48 [52,424ms] [Warning] [omni.physx.plugin] Invalid PhysX transform detected for /World/scene_0/controllable__r1__robot_dhaboz/base_footprint_z.
2026-05-12 16:11:48 [52,424ms] [Warning] [omni.physx.plugin] Invalid PhysX transform detected for /World/scene_0/controllable__r1__robot_dhaboz/base_footprint_rx.
2026-05-12 16:11:48 [52,424ms] [Warning] [omni.physx.plugin] Invalid PhysX transform detected for /World/scene_0/controllable__r1__robot_dhaboz/base_footprint_ry.
2026-05-12 16:11:48 [52,424ms] [Warning] [omni.physx.plugin] Invalid PhysX transform detected for /World/scene_0/controllable__r1__robot_dhaboz/base_footprint_rz.
2026-05-12 16:11:48 [52,424ms] [Warning] [omni.physx.plugin] Invalid PhysX transform detected for /World/scene_0/controllable__r1__robot_dhaboz/base_link.
2026-05-12 16:11:48 [52,424ms] [Warning] [omni.physx.plugin] Invalid PhysX transform detected for /World/scene_0/controllable__r1__robot_dhaboz/servo_link1.
2026-05-12 16:11:48 [52,424ms] [Warning] [omni.physx.plugin] Invalid PhysX transform detected for /World/scene_0/controllable__r1__robot_dhaboz/servo_link2.
2026-05-12 16:11:48 [52,424ms] [Warning] [omni.physx.plugin] Invalid PhysX transform detected for /World/scene_0/controllable__r1__robot_dhaboz/servo_link3.
2026-05-12 16:11:48 [52,424ms] [Warning] [omni.physx.plugin] Invalid PhysX transform detected for /World/scene_0/controllable__r1__robot_dhaboz/torso_link1.
2026-05-12 16:11:48 [52,424ms] [Warning] [omni.physx.plugin] Invalid PhysX transform detected for /World/scene_0/controllable__r1__robot_dhaboz/wheel_link1.
2026-05-12 16:11:48 [52,424ms] [Warning] [omni.physx.plugin] Invalid PhysX transform detected for /World/scene_0/controllable__r1__robot_dhaboz/wheel_link2.
2026-05-12 16:11:48 [52,424ms] [Warning] [omni.physx.plugin] Invalid PhysX transform detected for /World/scene_0/controllable__r1__robot_dhaboz/wheel_link3.
2026-05-12 16:11:48 [52,424ms] [Warning] [omni.physx.plugin] Invalid PhysX transform detected for /World/scene_0/controllable__r1__robot_dhaboz/torso_link2.
2026-05-12 16:11:48 [52,424ms] [Warning] [omni.physx.plugin] Invalid PhysX transform detected for /World/scene_0/controllable__r1__robot_dhaboz/torso_link3.
2026-05-12 16:11:48 [52,424ms] [Warning] [omni.physx.plugin] Invalid PhysX transform detected for /World/scene_0/controllable__r1__robot_dhaboz/torso_link4.
2026-05-12 16:11:48 [52,424ms] [Warning] [omni.physx.plugin] Invalid PhysX transform detected for /World/scene_0/controllable__r1__robot_dhaboz/left_arm_link1.
2026-05-12 16:11:48 [52,424ms] [Warning] [omni.physx.plugin] Invalid PhysX transform detected for /World/scene_0/controllable__r1__robot_dhaboz/right_arm_link1.
2026-05-12 16:11:48 [52,424ms] [Warning] [omni.physx.plugin] Invalid PhysX transform detected for /World/scene_0/controllable__r1__robot_dhaboz/eyes.
2026-05-12 16:11:48 [52,424ms] [Warning] [omni.physx.plugin] Invalid PhysX transform detected for /World/scene_0/controllable__r1__robot_dhaboz/left_arm_link2.
2026-05-12 16:11:48 [52,424ms] [Warning] [omni.physx.plugin] Invalid PhysX transform detected for /World/scene_0/controllable__r1__robot_dhaboz/right_arm_link2.
2026-05-12 16:11:48 [52,424ms] [Warning] [omni.physx.plugin] Invalid PhysX transform detected for /World/scene_0/controllable__r1__robot_dhaboz/left_arm_link3.
2026-05-12 16:11:48 [52,424ms] [Warning] [omni.physx.plugin] Invalid PhysX transform detected for /World/scene_0/controllable__r1__robot_dhaboz/right_arm_link3.
2026-05-12 16:11:48 [52,424ms] [Warning] [omni.physx.plugin] Invalid PhysX transform detected for /World/scene_0/controllable__r1__robot_dhaboz/left_arm_link4.
2026-05-12 16:11:48 [52,424ms] [Warning] [omni.physx.plugin] Invalid PhysX transform detected for /World/scene_0/controllable__r1__robot_dhaboz/right_arm_link4.
2026-05-12 16:11:48 [52,424ms] [Warning] [omni.physx.plugin] Invalid PhysX transform detected for /World/scene_0/controllable__r1__robot_dhaboz/left_arm_link5.
2026-05-12 16:11:48 [52,424ms] [Warning] [omni.physx.plugin] Invalid PhysX transform detected for /World/scene_0/controllable__r1__robot_dhaboz/right_arm_link5.
2026-05-12 16:11:48 [52,424ms] [Warning] [omni.physx.plugin] Invalid PhysX transform detected for /World/scene_0/controllable__r1__robot_dhaboz/left_arm_link6.
2026-05-12 16:11:48 [52,424ms] [Warning] [omni.physx.plugin] Invalid PhysX transform detected for /World/scene_0/controllable__r1__robot_dhaboz/right_arm_link6.
2026-05-12 16:11:48 [52,424ms] [Warning] [omni.physx.plugin] Invalid PhysX transform detected for /World/scene_0/controllable__r1__robot_dhaboz/left_gripper_link1.
2026-05-12 16:11:48 [52,424ms] [Warning] [omni.physx.plugin] Invalid PhysX transform detected for /World/scene_0/controllable__r1__robot_dhaboz/left_gripper_link2.
2026-05-12 16:11:48 [52,424ms] [Warning] [omni.physx.plugin] Invalid PhysX transform detected for /World/scene_0/controllable__r1__robot_dhaboz/left_eef_link.
2026-05-12 16:11:48 [52,424ms] [Warning] [omni.physx.plugin] Invalid PhysX transform detected for /World/scene_0/controllable__r1__robot_dhaboz/right_gripper_link1.
2026-05-12 16:11:48 [52,424ms] [Warning] [omni.physx.plugin] Invalid PhysX transform detected for /World/scene_0/controllable__r1__robot_dhaboz/right_gripper_link2.
2026-05-12 16:11:48 [52,424ms] [Warning] [omni.physx.plugin] Invalid PhysX transform detected for /World/scene_0/controllable__r1__robot_dhaboz/right_eef_link.
2026-05-12 16:11:48 [52,424ms] [Warning] [omni.physx.plugin] Invalid PhysX transform detected for /World/scene_0/cover_small_item_render_item_4175346132/base_link.
2026-05-12 16:11:48 [52,501ms] [Warning] [omni.physx.plugin] Invalid PhysX transform detected for /World/scene_0/cover_small_item_render_item_4175346132/glass.
2026-05-12 16:11:48 [52,501ms] [Warning] [omni.physx.plugin] Invalid PhysX transform detected for /World/scene_0/controllable__r1__robot_dhaboz/base_footprint_y.
2026-05-12 16:11:48 [52,501ms] [Warning] [omni.physx.plugin] Invalid PhysX transform detected for /World/scene_0/controllable__r1__robot_dhaboz/base_footprint_z.
2026-05-12 16:11:48 [52,501ms] [Warning] [omni.physx.plugin] Invalid PhysX transform detected for /World/scene_0/controllable__r1__robot_dhaboz/base_footprint_rx.
2026-05-12 16:11:48 [52,501ms] [Warning] [omni.physx.plugin] Invalid PhysX transform detected for /World/scene_0/controllable__r1__robot_dhaboz/base_footprint_ry.
2026-05-12 16:11:48 [52,501ms] [Warning] [omni.physx.plugin] Invalid PhysX transform detected for /World/scene_0/controllable__r1__robot_dhaboz/base_footprint_rz.
2026-05-12 16:11:48 [52,501ms] [Warning] [omni.physx.plugin] Invalid PhysX transform detected for /World/scene_0/controllable__r1__robot_dhaboz/base_link.
2026-05-12 16:11:48 [52,501ms] [Warning] [omni.physx.plugin] Invalid PhysX transform detected for /World/scene_0/controllable__r1__robot_dhaboz/servo_link1.
2026-05-12 16:11:48 [52,501ms] [Warning] [omni.physx.plugin] Invalid PhysX transform detected for /World/scene_0/controllable__r1__robot_dhaboz/servo_link2.
2026-05-12 16:11:48 [52,501ms] [Warning] [omni.physx.plugin] Invalid PhysX transform detected for /World/scene_0/controllable__r1__robot_dhaboz/servo_link3.
2026-05-12 16:11:48 [52,501ms] [Warning] [omni.physx.plugin] Invalid PhysX transform detected for /World/scene_0/controllable__r1__robot_dhaboz/torso_link1.
2026-05-12 16:11:48 [52,501ms] [Warning] [omni.physx.plugin] Invalid PhysX transform detected for /World/scene_0/controllable__r1__robot_dhaboz/wheel_link1.
2026-05-12 16:11:48 [52,501ms] [Warning] [omni.physx.plugin] Invalid PhysX transform detected for /World/scene_0/controllable__r1__robot_dhaboz/wheel_link2.
2026-05-12 16:11:48 [52,501ms] [Warning] [omni.physx.plugin] Invalid PhysX transform detected for /World/scene_0/controllable__r1__robot_dhaboz/wheel_link3.
2026-05-12 16:11:48 [52,501ms] [Warning] [omni.physx.plugin] Invalid PhysX transform detected for /World/scene_0/controllable__r1__robot_dhaboz/torso_link2.
2026-05-12 16:11:48 [52,501ms] [Warning] [omni.physx.plugin] Invalid PhysX transform detected for /World/scene_0/controllable__r1__robot_dhaboz/torso_link3.
2026-05-12 16:11:48 [52,501ms] [Warning] [omni.physx.plugin] Invalid PhysX transform detected for /World/scene_0/controllable__r1__robot_dhaboz/torso_link4.
2026-05-12 16:11:48 [52,501ms] [Warning] [omni.physx.plugin] Invalid PhysX transform detected for /World/scene_0/controllable__r1__robot_dhaboz/left_arm_link1.
2026-05-12 16:11:48 [52,501ms] [Warning] [omni.physx.plugin] Invalid PhysX transform detected for /World/scene_0/controllable__r1__robot_dhaboz/right_arm_link1.
2026-05-12 16:11:48 [52,501ms] [Warning] [omni.physx.plugin] Invalid PhysX transform detected for /World/scene_0/controllable__r1__robot_dhaboz/eyes.
2026-05-12 16:11:48 [52,501ms] [Warning] [omni.physx.plugin] Invalid PhysX transform detected for /World/scene_0/controllable__r1__robot_dhaboz/left_arm_link2.
2026-05-12 16:11:48 [52,501ms] [Warning] [omni.physx.plugin] Invalid PhysX transform detected for /World/scene_0/controllable__r1__robot_dhaboz/right_arm_link2.
2026-05-12 16:11:48 [52,501ms] [Warning] [omni.physx.plugin] Invalid PhysX transform detected for /World/scene_0/controllable__r1__robot_dhaboz/left_arm_link3.
2026-05-12 16:11:48 [52,501ms] [Warning] [omni.physx.plugin] Invalid PhysX transform detected for /World/scene_0/controllable__r1__robot_dhaboz/right_arm_link3.
2026-05-12 16:11:48 [52,501ms] [Warning] [omni.physx.plugin] Invalid PhysX transform detected for /World/scene_0/controllable__r1__robot_dhaboz/left_arm_link4.
2026-05-12 16:11:48 [52,501ms] [Warning] [omni.physx.plugin] Invalid PhysX transform detected for /World/scene_0/controllable__r1__robot_dhaboz/right_arm_link4.
2026-05-12 16:11:48 [52,501ms] [Warning] [omni.physx.plugin] Invalid PhysX transform detected for /World/scene_0/controllable__r1__robot_dhaboz/left_arm_link5.
2026-05-12 16:11:48 [52,501ms] [Warning] [omni.physx.plugin] Invalid PhysX transform detected for /World/scene_0/controllable__r1__robot_dhaboz/right_arm_link5.
2026-05-12 16:11:48 [52,501ms] [Warning] [omni.physx.plugin] Invalid PhysX transform detected for /World/scene_0/controllable__r1__robot_dhaboz/left_arm_link6.
2026-05-12 16:11:48 [52,501ms] [Warning] [omni.physx.plugin] Invalid PhysX transform detected for /World/scene_0/controllable__r1__robot_dhaboz/right_arm_link6.
2026-05-12 16:11:48 [52,501ms] [Warning] [omni.physx.plugin] Invalid PhysX transform detected for /World/scene_0/controllable__r1__robot_dhaboz/left_gripper_link1.
2026-05-12 16:11:48 [52,501ms] [Warning] [omni.physx.plugin] Invalid PhysX transform detected for /World/scene_0/controllable__r1__robot_dhaboz/left_gripper_link2.
2026-05-12 16:11:48 [52,501ms] [Warning] [omni.physx.plugin] Invalid PhysX transform detected for /World/scene_0/controllable__r1__robot_dhaboz/left_eef_link.
2026-05-12 16:11:48 [52,501ms] [Warning] [omni.physx.plugin] Invalid PhysX transform detected for /World/scene_0/controllable__r1__robot_dhaboz/right_gripper_link1.
2026-05-12 16:11:48 [52,501ms] [Warning] [omni.physx.plugin] Invalid PhysX transform detected for /World/scene_0/controllable__r1__robot_dhaboz/right_gripper_link2.
2026-05-12 16:11:48 [52,501ms] [Warning] [omni.physx.plugin] Invalid PhysX transform detected for /World/scene_0/controllable__r1__robot_dhaboz/right_eef_link.
2026-05-12 16:11:48 [52,501ms] [Warning] [omni.physx.plugin] Invalid PhysX transform detected for /World/scene_0/cover_small_item_render_item_4175346132/base_link.
2026-05-12 16:11:48 [52,574ms] [Warning] [omni.physx.plugin] Invalid PhysX transform detected for /World/scene_0/cover_small_item_render_item_4175346132/glass.
2026-05-12 16:11:48 [52,574ms] [Warning] [omni.physx.plugin] Invalid PhysX transform detected for /World/scene_0/controllable__r1__robot_dhaboz/base_footprint_y.
2026-05-12 16:11:48 [52,574ms] [Warning] [omni.physx.plugin] Invalid PhysX transform detected for /World/scene_0/controllable__r1__robot_dhaboz/base_footprint_z.
2026-05-12 16:11:48 [52,574ms] [Warning] [omni.physx.plugin] Invalid PhysX transform detected for /World/scene_0/controllable__r1__robot_dhaboz/base_footprint_rx.
2026-05-12 16:11:48 [52,574ms] [Warning] [omni.physx.plugin] Invalid PhysX transform detected for /World/scene_0/controllable__r1__robot_dhaboz/base_footprint_ry.
2026-05-12 16:11:48 [52,574ms] [Warning] [omni.physx.plugin] Invalid PhysX transform detected for /World/scene_0/controllable__r1__robot_dhaboz/base_footprint_rz.
2026-05-12 16:11:48 [52,574ms] [Warning] [omni.physx.plugin] Invalid PhysX transform detected for /World/scene_0/controllable__r1__robot_dhaboz/base_link.
2026-05-12 16:11:48 [52,574ms] [Warning] [omni.physx.plugin] Invalid PhysX transform detected for /World/scene_0/controllable__r1__robot_dhaboz/servo_link1.
2026-05-12 16:11:48 [52,574ms] [Warning] [omni.physx.plugin] Invalid PhysX transform detected for /World/scene_0/controllable__r1__robot_dhaboz/servo_link2.
2026-05-12 16:11:48 [52,574ms] [Warning] [omni.physx.plugin] Invalid PhysX transform detected for /World/scene_0/controllable__r1__robot_dhaboz/servo_link3.
2026-05-12 16:11:48 [52,574ms] [Warning] [omni.physx.plugin] Invalid PhysX transform detected for /World/scene_0/controllable__r1__robot_dhaboz/torso_link1.
2026-05-12 16:11:48 [52,574ms] [Warning] [omni.physx.plugin] Invalid PhysX transform detected for /World/scene_0/controllable__r1__robot_dhaboz/wheel_link1.
2026-05-12 16:11:48 [52,574ms] [Warning] [omni.physx.plugin] Invalid PhysX transform detected for /World/scene_0/controllable__r1__robot_dhaboz/wheel_link2.
2026-05-12 16:11:48 [52,574ms] [Warning] [omni.physx.plugin] Invalid PhysX transform detected for /World/scene_0/controllable__r1__robot_dhaboz/wheel_link3.
2026-05-12 16:11:48 [52,574ms] [Warning] [omni.physx.plugin] Invalid PhysX transform detected for /World/scene_0/controllable__r1__robot_dhaboz/torso_link2.
2026-05-12 16:11:48 [52,574ms] [Warning] [omni.physx.plugin] Invalid PhysX transform detected for /World/scene_0/controllable__r1__robot_dhaboz/torso_link3.
2026-05-12 16:11:48 [52,574ms] [Warning] [omni.physx.plugin] Invalid PhysX transform detected for /World/scene_0/controllable__r1__robot_dhaboz/torso_link4.
2026-05-12 16:11:48 [52,574ms] [Warning] [omni.physx.plugin] Invalid PhysX transform detected for /World/scene_0/controllable__r1__robot_dhaboz/left_arm_link1.
2026-05-12 16:11:48 [52,574ms] [Warning] [omni.physx.plugin] Invalid PhysX transform detected for /World/scene_0/controllable__r1__robot_dhaboz/right_arm_link1.
2026-05-12 16:11:48 [52,575ms] [Warning] [omni.physx.plugin] Invalid PhysX transform detected for /World/scene_0/controllable__r1__robot_dhaboz/eyes.
2026-05-12 16:11:48 [52,575ms] [Warning] [omni.physx.plugin] Invalid PhysX transform detected for /World/scene_0/controllable__r1__robot_dhaboz/left_arm_link2.
2026-05-12 16:11:48 [52,575ms] [Warning] [omni.physx.plugin] Invalid PhysX transform detected for /World/scene_0/controllable__r1__robot_dhaboz/right_arm_link2.
2026-05-12 16:11:48 [52,575ms] [Warning] [omni.physx.plugin] Invalid PhysX transform detected for /World/scene_0/controllable__r1__robot_dhaboz/left_arm_link3.
2026-05-12 16:11:48 [52,575ms] [Warning] [omni.physx.plugin] Invalid PhysX transform detected for /World/scene_0/controllable__r1__robot_dhaboz/right_arm_link3.
2026-05-12 16:11:48 [52,575ms] [Warning] [omni.physx.plugin] Invalid PhysX transform detected for /World/scene_0/controllable__r1__robot_dhaboz/left_arm_link4.
2026-05-12 16:11:48 [52,575ms] [Warning] [omni.physx.plugin] Invalid PhysX transform detected for /World/scene_0/controllable__r1__robot_dhaboz/right_arm_link4.
2026-05-12 16:11:48 [52,575ms] [Warning] [omni.physx.plugin] Invalid PhysX transform detected for /World/scene_0/controllable__r1__robot_dhaboz/left_arm_link5.
2026-05-12 16:11:48 [52,575ms] [Warning] [omni.physx.plugin] Invalid PhysX transform detected for /World/scene_0/controllable__r1__robot_dhaboz/right_arm_link5.
2026-05-12 16:11:48 [52,575ms] [Warning] [omni.physx.plugin] Invalid PhysX transform detected for /World/scene_0/controllable__r1__robot_dhaboz/left_arm_link6.
2026-05-12 16:11:48 [52,575ms] [Warning] [omni.physx.plugin] Invalid PhysX transform detected for /World/scene_0/controllable__r1__robot_dhaboz/right_arm_link6.
2026-05-12 16:11:48 [52,575ms] [Warning] [omni.physx.plugin] Invalid PhysX transform detected for /World/scene_0/controllable__r1__robot_dhaboz/left_gripper_link1.
2026-05-12 16:11:48 [52,575ms] [Warning] [omni.physx.plugin] Invalid PhysX transform detected for /World/scene_0/controllable__r1__robot_dhaboz/left_gripper_link2.
2026-05-12 16:11:48 [52,575ms] [Warning] [omni.physx.plugin] Invalid PhysX transform detected for /World/scene_0/controllable__r1__robot_dhaboz/left_eef_link.
2026-05-12 16:11:48 [52,575ms] [Warning] [omni.physx.plugin] Invalid PhysX transform detected for /World/scene_0/controllable__r1__robot_dhaboz/right_gripper_link1.
2026-05-12 16:11:48 [52,575ms] [Warning] [omni.physx.plugin] Invalid PhysX transform detected for /World/scene_0/controllable__r1__robot_dhaboz/right_gripper_link2.
2026-05-12 16:11:48 [52,575ms] [Warning] [omni.physx.plugin] Invalid PhysX transform detected for /World/scene_0/controllable__r1__robot_dhaboz/right_eef_link.
2026-05-12 16:11:48 [52,575ms] [Warning] [omni.physx.plugin] Invalid PhysX transform detected for /World/scene_0/cover_small_item_render_item_4175346132/base_link.
2026-05-12 16:11:48 [52,649ms] [Warning] [omni.physx.plugin] Invalid PhysX transform detected for /World/scene_0/cover_small_item_render_item_4175346132/glass.
2026-05-12 16:11:48 [52,649ms] [Warning] [omni.physx.plugin] Invalid PhysX transform detected for /World/scene_0/controllable__r1__robot_dhaboz/base_footprint_y.
2026-05-12 16:11:48 [52,649ms] [Warning] [omni.physx.plugin] Invalid PhysX transform detected for /World/scene_0/controllable__r1__robot_dhaboz/base_footprint_z.
2026-05-12 16:11:48 [52,649ms] [Warning] [omni.physx.plugin] Invalid PhysX transform detected for /World/scene_0/controllable__r1__robot_dhaboz/base_footprint_rx.
2026-05-12 16:11:48 [52,649ms] [Warning] [omni.physx.plugin] Invalid PhysX transform detected for /World/scene_0/controllable__r1__robot_dhaboz/base_footprint_ry.
2026-05-12 16:11:48 [52,649ms] [Warning] [omni.physx.plugin] Invalid PhysX transform detected for /World/scene_0/controllable__r1__robot_dhaboz/base_footprint_rz.
2026-05-12 16:11:48 [52,649ms] [Warning] [omni.physx.plugin] Invalid PhysX transform detected for /World/scene_0/controllable__r1__robot_dhaboz/base_link.
2026-05-12 16:11:48 [52,649ms] [Warning] [omni.physx.plugin] Invalid PhysX transform detected for /World/scene_0/controllable__r1__robot_dhaboz/servo_link1.
2026-05-12 16:11:48 [52,649ms] [Warning] [omni.physx.plugin] Invalid PhysX transform detected for /World/scene_0/controllable__r1__robot_dhaboz/servo_link2.
2026-05-12 16:11:48 [52,649ms] [Warning] [omni.physx.plugin] Invalid PhysX transform detected for /World/scene_0/controllable__r1__robot_dhaboz/servo_link3.
2026-05-12 16:11:48 [52,649ms] [Warning] [omni.physx.plugin] Invalid PhysX transform detected for /World/scene_0/controllable__r1__robot_dhaboz/torso_link1.
2026-05-12 16:11:48 [52,649ms] [Warning] [omni.physx.plugin] Invalid PhysX transform detected for /World/scene_0/controllable__r1__robot_dhaboz/wheel_link1.
2026-05-12 16:11:48 [52,649ms] [Warning] [omni.physx.plugin] Invalid PhysX transform detected for /World/scene_0/controllable__r1__robot_dhaboz/wheel_link2.
2026-05-12 16:11:48 [52,649ms] [Warning] [omni.physx.plugin] Invalid PhysX transform detected for /World/scene_0/controllable__r1__robot_dhaboz/wheel_link3.
2026-05-12 16:11:48 [52,649ms] [Warning] [omni.physx.plugin] Invalid PhysX transform detected for /World/scene_0/controllable__r1__robot_dhaboz/torso_link2.
2026-05-12 16:11:48 [52,649ms] [Warning] [omni.physx.plugin] Invalid PhysX transform detected for /World/scene_0/controllable__r1__robot_dhaboz/torso_link3.
2026-05-12 16:11:48 [52,649ms] [Warning] [omni.physx.plugin] Invalid PhysX transform detected for /World/scene_0/controllable__r1__robot_dhaboz/torso_link4.
2026-05-12 16:11:48 [52,649ms] [Warning] [omni.physx.plugin] Invalid PhysX transform detected for /World/scene_0/controllable__r1__robot_dhaboz/left_arm_link1.
2026-05-12 16:11:48 [52,649ms] [Warning] [omni.physx.plugin] Invalid PhysX transform detected for /World/scene_0/controllable__r1__robot_dhaboz/right_arm_link1.
2026-05-12 16:11:48 [52,649ms] [Warning] [omni.physx.plugin] Invalid PhysX transform detected for /World/scene_0/controllable__r1__robot_dhaboz/eyes.
2026-05-12 16:11:48 [52,649ms] [Warning] [omni.physx.plugin] Invalid PhysX transform detected for /World/scene_0/controllable__r1__robot_dhaboz/left_arm_link2.
2026-05-12 16:11:48 [52,649ms] [Warning] [omni.physx.plugin] Invalid PhysX transform detected for /World/scene_0/controllable__r1__robot_dhaboz/right_arm_link2.
2026-05-12 16:11:48 [52,649ms] [Warning] [omni.physx.plugin] Invalid PhysX transform detected for /World/scene_0/controllable__r1__robot_dhaboz/left_arm_link3.
2026-05-12 16:11:48 [52,649ms] [Warning] [omni.physx.plugin] Invalid PhysX transform detected for /World/scene_0/controllable__r1__robot_dhaboz/right_arm_link3.
2026-05-12 16:11:48 [52,649ms] [Warning] [omni.physx.plugin] Invalid PhysX transform detected for /World/scene_0/controllable__r1__robot_dhaboz/left_arm_link4.
2026-05-12 16:11:48 [52,649ms] [Warning] [omni.physx.plugin] Invalid PhysX transform detected for /World/scene_0/controllable__r1__robot_dhaboz/right_arm_link4.
2026-05-12 16:11:48 [52,649ms] [Warning] [omni.physx.plugin] Invalid PhysX transform detected for /World/scene_0/controllable__r1__robot_dhaboz/left_arm_link5.
2026-05-12 16:11:48 [52,649ms] [Warning] [omni.physx.plugin] Invalid PhysX transform detected for /World/scene_0/controllable__r1__robot_dhaboz/right_arm_link5.
2026-05-12 16:11:48 [52,649ms] [Warning] [omni.physx.plugin] Invalid PhysX transform detected for /World/scene_0/controllable__r1__robot_dhaboz/left_arm_link6.
2026-05-12 16:11:48 [52,649ms] [Warning] [omni.physx.plugin] Invalid PhysX transform detected for /World/scene_0/controllable__r1__robot_dhaboz/right_arm_link6.
2026-05-12 16:11:48 [52,649ms] [Warning] [omni.physx.plugin] Invalid PhysX transform detected for /World/scene_0/controllable__r1__robot_dhaboz/left_gripper_link1.
2026-05-12 16:11:48 [52,649ms] [Warning] [omni.physx.plugin] Invalid PhysX transform detected for /World/scene_0/controllable__r1__robot_dhaboz/left_gripper_link2.
2026-05-12 16:11:48 [52,650ms] [Warning] [omni.physx.plugin] Invalid PhysX transform detected for /World/scene_0/controllable__r1__robot_dhaboz/left_eef_link.
2026-05-12 16:11:48 [52,650ms] [Warning] [omni.physx.plugin] Invalid PhysX transform detected for /World/scene_0/controllable__r1__robot_dhaboz/right_gripper_link1.
2026-05-12 16:11:48 [52,650ms] [Warning] [omni.physx.plugin] Invalid PhysX transform detected for /World/scene_0/controllable__r1__robot_dhaboz/right_gripper_link2.
2026-05-12 16:11:48 [52,650ms] [Warning] [omni.physx.plugin] Invalid PhysX transform detected for /World/scene_0/controllable__r1__robot_dhaboz/right_eef_link.
2026-05-12 16:11:48 [52,650ms] [Warning] [omni.physx.plugin] Invalid PhysX transform detected for /World/scene_0/cover_small_item_render_item_4175346132/base_link.
2026-05-12 16:11:48 [52,723ms] [Warning] [omni.physx.plugin] Invalid PhysX transform detected for /World/scene_0/cover_small_item_render_item_4175346132/glass.
2026-05-12 16:11:48 [52,723ms] [Warning] [omni.physx.plugin] Invalid PhysX transform detected for /World/scene_0/controllable__r1__robot_dhaboz/base_footprint_y.
2026-05-12 16:11:48 [52,723ms] [Warning] [omni.physx.plugin] Invalid PhysX transform detected for /World/scene_0/controllable__r1__robot_dhaboz/base_footprint_z.
2026-05-12 16:11:48 [52,723ms] [Warning] [omni.physx.plugin] Invalid PhysX transform detected for /World/scene_0/controllable__r1__robot_dhaboz/base_footprint_rx.
2026-05-12 16:11:48 [52,723ms] [Warning] [omni.physx.plugin] Invalid PhysX transform detected for /World/scene_0/controllable__r1__robot_dhaboz/base_footprint_ry.
2026-05-12 16:11:48 [52,723ms] [Warning] [omni.physx.plugin] Invalid PhysX transform detected for /World/scene_0/controllable__r1__robot_dhaboz/base_footprint_rz.
2026-05-12 16:11:48 [52,723ms] [Warning] [omni.physx.plugin] Invalid PhysX transform detected for /World/scene_0/controllable__r1__robot_dhaboz/base_link.
2026-05-12 16:11:48 [52,723ms] [Warning] [omni.physx.plugin] Invalid PhysX transform detected for /World/scene_0/controllable__r1__robot_dhaboz/servo_link1.
2026-05-12 16:11:48 [52,723ms] [Warning] [omni.physx.plugin] Invalid PhysX transform detected for /World/scene_0/controllable__r1__robot_dhaboz/servo_link2.
2026-05-12 16:11:48 [52,723ms] [Warning] [omni.physx.plugin] Invalid PhysX transform detected for /World/scene_0/controllable__r1__robot_dhaboz/servo_link3.
2026-05-12 16:11:48 [52,723ms] [Warning] [omni.physx.plugin] Invalid PhysX transform detected for /World/scene_0/controllable__r1__robot_dhaboz/torso_link1.
2026-05-12 16:11:48 [52,723ms] [Warning] [omni.physx.plugin] Invalid PhysX transform detected for /World/scene_0/controllable__r1__robot_dhaboz/wheel_link1.
2026-05-12 16:11:48 [52,723ms] [Warning] [omni.physx.plugin] Invalid PhysX transform detected for /World/scene_0/controllable__r1__robot_dhaboz/wheel_link2.
2026-05-12 16:11:48 [52,723ms] [Warning] [omni.physx.plugin] Invalid PhysX transform detected for /World/scene_0/controllable__r1__robot_dhaboz/wheel_link3.
2026-05-12 16:11:48 [52,723ms] [Warning] [omni.physx.plugin] Invalid PhysX transform detected for /World/scene_0/controllable__r1__robot_dhaboz/torso_link2.
2026-05-12 16:11:48 [52,723ms] [Warning] [omni.physx.plugin] Invalid PhysX transform detected for /World/scene_0/controllable__r1__robot_dhaboz/torso_link3.
2026-05-12 16:11:48 [52,723ms] [Warning] [omni.physx.plugin] Invalid PhysX transform detected for /World/scene_0/controllable__r1__robot_dhaboz/torso_link4.
2026-05-12 16:11:48 [52,723ms] [Warning] [omni.physx.plugin] Invalid PhysX transform detected for /World/scene_0/controllable__r1__robot_dhaboz/left_arm_link1.
2026-05-12 16:11:48 [52,723ms] [Warning] [omni.physx.plugin] Invalid PhysX transform detected for /World/scene_0/controllable__r1__robot_dhaboz/right_arm_link1.
2026-05-12 16:11:48 [52,723ms] [Warning] [omni.physx.plugin] Invalid PhysX transform detected for /World/scene_0/controllable__r1__robot_dhaboz/eyes.
2026-05-12 16:11:48 [52,723ms] [Warning] [omni.physx.plugin] Invalid PhysX transform detected for /World/scene_0/controllable__r1__robot_dhaboz/left_arm_link2.
2026-05-12 16:11:48 [52,723ms] [Warning] [omni.physx.plugin] Invalid PhysX transform detected for /World/scene_0/controllable__r1__robot_dhaboz/right_arm_link2.
2026-05-12 16:11:48 [52,723ms] [Warning] [omni.physx.plugin] Invalid PhysX transform detected for /World/scene_0/controllable__r1__robot_dhaboz/left_arm_link3.
2026-05-12 16:11:48 [52,723ms] [Warning] [omni.physx.plugin] Invalid PhysX transform detected for /World/scene_0/controllable__r1__robot_dhaboz/right_arm_link3.
2026-05-12 16:11:48 [52,723ms] [Warning] [omni.physx.plugin] Invalid PhysX transform detected for /World/scene_0/controllable__r1__robot_dhaboz/left_arm_link4.
2026-05-12 16:11:48 [52,723ms] [Warning] [omni.physx.plugin] Invalid PhysX transform detected for /World/scene_0/controllable__r1__robot_dhaboz/right_arm_link4.
2026-05-12 16:11:48 [52,723ms] [Warning] [omni.physx.plugin] Invalid PhysX transform detected for /World/scene_0/controllable__r1__robot_dhaboz/left_arm_link5.
2026-05-12 16:11:48 [52,723ms] [Warning] [omni.physx.plugin] Invalid PhysX transform detected for /World/scene_0/controllable__r1__robot_dhaboz/right_arm_link5.
2026-05-12 16:11:48 [52,723ms] [Warning] [omni.physx.plugin] Invalid PhysX transform detected for /World/scene_0/controllable__r1__robot_dhaboz/left_arm_link6.
2026-05-12 16:11:48 [52,723ms] [Warning] [omni.physx.plugin] Invalid PhysX transform detected for /World/scene_0/controllable__r1__robot_dhaboz/right_arm_link6.
2026-05-12 16:11:48 [52,723ms] [Warning] [omni.physx.plugin] Invalid PhysX transform detected for /World/scene_0/controllable__r1__robot_dhaboz/left_gripper_link1.
2026-05-12 16:11:48 [52,723ms] [Warning] [omni.physx.plugin] Invalid PhysX transform detected for /World/scene_0/controllable__r1__robot_dhaboz/left_gripper_link2.
2026-05-12 16:11:48 [52,723ms] [Warning] [omni.physx.plugin] Invalid PhysX transform detected for /World/scene_0/controllable__r1__robot_dhaboz/left_eef_link.
2026-05-12 16:11:48 [52,723ms] [Warning] [omni.physx.plugin] Invalid PhysX transform detected for /World/scene_0/controllable__r1__robot_dhaboz/right_gripper_link1.
2026-05-12 16:11:48 [52,723ms] [Warning] [omni.physx.plugin] Invalid PhysX transform detected for /World/scene_0/controllable__r1__robot_dhaboz/right_gripper_link2.
2026-05-12 16:11:48 [52,723ms] [Warning] [omni.physx.plugin] Invalid PhysX transform detected for /World/scene_0/controllable__r1__robot_dhaboz/right_eef_link.
2026-05-12 16:11:48 [52,723ms] [Warning] [omni.physx.plugin] Invalid PhysX transform detected for /World/scene_0/cover_small_item_render_item_4175346132/base_link.
2026-05-12 16:11:48 [52,799ms] [Warning] [omni.physx.plugin] Invalid PhysX transform detected for /World/scene_0/cover_small_item_render_item_4175346132/glass.
2026-05-12 16:11:48 [52,799ms] [Warning] [omni.physx.plugin] Invalid PhysX transform detected for /World/scene_0/controllable__r1__robot_dhaboz/base_footprint_y.
2026-05-12 16:11:48 [52,799ms] [Warning] [omni.physx.plugin] Invalid PhysX transform detected for /World/scene_0/controllable__r1__robot_dhaboz/base_footprint_z.
2026-05-12 16:11:48 [52,799ms] [Warning] [omni.physx.plugin] Invalid PhysX transform detected for /World/scene_0/controllable__r1__robot_dhaboz/base_footprint_rx.
2026-05-12 16:11:48 [52,799ms] [Warning] [omni.physx.plugin] Invalid PhysX transform detected for /World/scene_0/controllable__r1__robot_dhaboz/base_footprint_ry.
2026-05-12 16:11:48 [52,799ms] [Warning] [omni.physx.plugin] Invalid PhysX transform detected for /World/scene_0/controllable__r1__robot_dhaboz/base_footprint_rz.
2026-05-12 16:11:48 [52,799ms] [Warning] [omni.physx.plugin] Invalid PhysX transform detected for /World/scene_0/controllable__r1__robot_dhaboz/base_link.
2026-05-12 16:11:48 [52,799ms] [Warning] [omni.physx.plugin] Invalid PhysX transform detected for /World/scene_0/controllable__r1__robot_dhaboz/servo_link1.
2026-05-12 16:11:48 [52,799ms] [Warning] [omni.physx.plugin] Invalid PhysX transform detected for /World/scene_0/controllable__r1__robot_dhaboz/servo_link2.
2026-05-12 16:11:48 [52,799ms] [Warning] [omni.physx.plugin] Invalid PhysX transform detected for /World/scene_0/controllable__r1__robot_dhaboz/servo_link3.
2026-05-12 16:11:48 [52,799ms] [Warning] [omni.physx.plugin] Invalid PhysX transform detected for /World/scene_0/controllable__r1__robot_dhaboz/torso_link1.
2026-05-12 16:11:48 [52,799ms] [Warning] [omni.physx.plugin] Invalid PhysX transform detected for /World/scene_0/controllable__r1__robot_dhaboz/wheel_link1.
2026-05-12 16:11:48 [52,799ms] [Warning] [omni.physx.plugin] Invalid PhysX transform detected for /World/scene_0/controllable__r1__robot_dhaboz/wheel_link2.
2026-05-12 16:11:48 [52,799ms] [Warning] [omni.physx.plugin] Invalid PhysX transform detected for /World/scene_0/controllable__r1__robot_dhaboz/wheel_link3.
2026-05-12 16:11:48 [52,799ms] [Warning] [omni.physx.plugin] Invalid PhysX transform detected for /World/scene_0/controllable__r1__robot_dhaboz/torso_link2.
2026-05-12 16:11:48 [52,799ms] [Warning] [omni.physx.plugin] Invalid PhysX transform detected for /World/scene_0/controllable__r1__robot_dhaboz/torso_link3.
2026-05-12 16:11:48 [52,799ms] [Warning] [omni.physx.plugin] Invalid PhysX transform detected for /World/scene_0/controllable__r1__robot_dhaboz/torso_link4.
2026-05-12 16:11:48 [52,799ms] [Warning] [omni.physx.plugin] Invalid PhysX transform detected for /World/scene_0/controllable__r1__robot_dhaboz/left_arm_link1.
2026-05-12 16:11:48 [52,799ms] [Warning] [omni.physx.plugin] Invalid PhysX transform detected for /World/scene_0/controllable__r1__robot_dhaboz/right_arm_link1.
2026-05-12 16:11:48 [52,799ms] [Warning] [omni.physx.plugin] Invalid PhysX transform detected for /World/scene_0/controllable__r1__robot_dhaboz/eyes.
2026-05-12 16:11:48 [52,799ms] [Warning] [omni.physx.plugin] Invalid PhysX transform detected for /World/scene_0/controllable__r1__robot_dhaboz/left_arm_link2.
2026-05-12 16:11:48 [52,799ms] [Warning] [omni.physx.plugin] Invalid PhysX transform detected for /World/scene_0/controllable__r1__robot_dhaboz/right_arm_link2.
2026-05-12 16:11:48 [52,799ms] [Warning] [omni.physx.plugin] Invalid PhysX transform detected for /World/scene_0/controllable__r1__robot_dhaboz/left_arm_link3.
2026-05-12 16:11:48 [52,799ms] [Warning] [omni.physx.plugin] Invalid PhysX transform detected for /World/scene_0/controllable__r1__robot_dhaboz/right_arm_link3.
2026-05-12 16:11:48 [52,799ms] [Warning] [omni.physx.plugin] Invalid PhysX transform detected for /World/scene_0/controllable__r1__robot_dhaboz/left_arm_link4.
2026-05-12 16:11:48 [52,799ms] [Warning] [omni.physx.plugin] Invalid PhysX transform detected for /World/scene_0/controllable__r1__robot_dhaboz/right_arm_link4.
2026-05-12 16:11:48 [52,799ms] [Warning] [omni.physx.plugin] Invalid PhysX transform detected for /World/scene_0/controllable__r1__robot_dhaboz/left_arm_link5.
2026-05-12 16:11:48 [52,799ms] [Warning] [omni.physx.plugin] Invalid PhysX transform detected for /World/scene_0/controllable__r1__robot_dhaboz/right_arm_link5.
2026-05-12 16:11:48 [52,799ms] [Warning] [omni.physx.plugin] Invalid PhysX transform detected for /World/scene_0/controllable__r1__robot_dhaboz/left_arm_link6.
2026-05-12 16:11:48 [52,799ms] [Warning] [omni.physx.plugin] Invalid PhysX transform detected for /World/scene_0/controllable__r1__robot_dhaboz/right_arm_link6.
2026-05-12 16:11:48 [52,799ms] [Warning] [omni.physx.plugin] Invalid PhysX transform detected for /World/scene_0/controllable__r1__robot_dhaboz/left_gripper_link1.
2026-05-12 16:11:48 [52,799ms] [Warning] [omni.physx.plugin] Invalid PhysX transform detected for /World/scene_0/controllable__r1__robot_dhaboz/left_gripper_link2.
2026-05-12 16:11:48 [52,799ms] [Warning] [omni.physx.plugin] Invalid PhysX transform detected for /World/scene_0/controllable__r1__robot_dhaboz/left_eef_link.
2026-05-12 16:11:48 [52,799ms] [Warning] [omni.physx.plugin] Invalid PhysX transform detected for /World/scene_0/controllable__r1__robot_dhaboz/right_gripper_link1.
2026-05-12 16:11:48 [52,799ms] [Warning] [omni.physx.plugin] Invalid PhysX transform detected for /World/scene_0/controllable__r1__robot_dhaboz/right_gripper_link2.
2026-05-12 16:11:48 [52,799ms] [Warning] [omni.physx.plugin] Invalid PhysX transform detected for /World/scene_0/controllable__r1__robot_dhaboz/right_eef_link.
2026-05-12 16:11:48 [52,799ms] [Warning] [omni.physx.plugin] Invalid PhysX transform detected for /World/scene_0/cover_small_item_render_item_4175346132/base_link.
2026-05-12 16:11:48 [52,873ms] [Warning] [omni.physx.plugin] Invalid PhysX transform detected for /World/scene_0/cover_small_item_render_item_4175346132/glass.
2026-05-12 16:11:48 [52,873ms] [Warning] [omni.physx.plugin] Invalid PhysX transform detected for /World/scene_0/controllable__r1__robot_dhaboz/base_footprint_y.
2026-05-12 16:11:48 [52,873ms] [Warning] [omni.physx.plugin] Invalid PhysX transform detected for /World/scene_0/controllable__r1__robot_dhaboz/base_footprint_z.
2026-05-12 16:11:48 [52,873ms] [Warning] [omni.physx.plugin] Invalid PhysX transform detected for /World/scene_0/controllable__r1__robot_dhaboz/base_footprint_rx.
2026-05-12 16:11:48 [52,873ms] [Warning] [omni.physx.plugin] Invalid PhysX transform detected for /World/scene_0/controllable__r1__robot_dhaboz/base_footprint_ry.
2026-05-12 16:11:48 [52,873ms] [Warning] [omni.physx.plugin] Invalid PhysX transform detected for /World/scene_0/controllable__r1__robot_dhaboz/base_footprint_rz.
2026-05-12 16:11:48 [52,873ms] [Warning] [omni.physx.plugin] Invalid PhysX transform detected for /World/scene_0/controllable__r1__robot_dhaboz/base_link.
2026-05-12 16:11:48 [52,873ms] [Warning] [omni.physx.plugin] Invalid PhysX transform detected for /World/scene_0/controllable__r1__robot_dhaboz/servo_link1.
2026-05-12 16:11:48 [52,873ms] [Warning] [omni.physx.plugin] Invalid PhysX transform detected for /World/scene_0/controllable__r1__robot_dhaboz/servo_link2.
2026-05-12 16:11:48 [52,873ms] [Warning] [omni.physx.plugin] Invalid PhysX transform detected for /World/scene_0/controllable__r1__robot_dhaboz/servo_link3.
2026-05-12 16:11:48 [52,873ms] [Warning] [omni.physx.plugin] Invalid PhysX transform detected for /World/scene_0/controllable__r1__robot_dhaboz/torso_link1.
2026-05-12 16:11:48 [52,873ms] [Warning] [omni.physx.plugin] Invalid PhysX transform detected for /World/scene_0/controllable__r1__robot_dhaboz/wheel_link1.
2026-05-12 16:11:48 [52,873ms] [Warning] [omni.physx.plugin] Invalid PhysX transform detected for /World/scene_0/controllable__r1__robot_dhaboz/wheel_link2.
2026-05-12 16:11:48 [52,873ms] [Warning] [omni.physx.plugin] Invalid PhysX transform detected for /World/scene_0/controllable__r1__robot_dhaboz/wheel_link3.
2026-05-12 16:11:48 [52,873ms] [Warning] [omni.physx.plugin] Invalid PhysX transform detected for /World/scene_0/controllable__r1__robot_dhaboz/torso_link2.
2026-05-12 16:11:48 [52,873ms] [Warning] [omni.physx.plugin] Invalid PhysX transform detected for /World/scene_0/controllable__r1__robot_dhaboz/torso_link3.
2026-05-12 16:11:48 [52,873ms] [Warning] [omni.physx.plugin] Invalid PhysX transform detected for /World/scene_0/controllable__r1__robot_dhaboz/torso_link4.
2026-05-12 16:11:48 [52,873ms] [Warning] [omni.physx.plugin] Invalid PhysX transform detected for /World/scene_0/controllable__r1__robot_dhaboz/left_arm_link1.
2026-05-12 16:11:48 [52,873ms] [Warning] [omni.physx.plugin] Invalid PhysX transform detected for /World/scene_0/controllable__r1__robot_dhaboz/right_arm_link1.
2026-05-12 16:11:48 [52,873ms] [Warning] [omni.physx.plugin] Invalid PhysX transform detected for /World/scene_0/controllable__r1__robot_dhaboz/eyes.
2026-05-12 16:11:48 [52,873ms] [Warning] [omni.physx.plugin] Invalid PhysX transform detected for /World/scene_0/controllable__r1__robot_dhaboz/left_arm_link2.
2026-05-12 16:11:48 [52,873ms] [Warning] [omni.physx.plugin] Invalid PhysX transform detected for /World/scene_0/controllable__r1__robot_dhaboz/right_arm_link2.
2026-05-12 16:11:48 [52,873ms] [Warning] [omni.physx.plugin] Invalid PhysX transform detected for /World/scene_0/controllable__r1__robot_dhaboz/left_arm_link3.
2026-05-12 16:11:48 [52,873ms] [Warning] [omni.physx.plugin] Invalid PhysX transform detected for /World/scene_0/controllable__r1__robot_dhaboz/right_arm_link3.
2026-05-12 16:11:48 [52,873ms] [Warning] [omni.physx.plugin] Invalid PhysX transform detected for /World/scene_0/controllable__r1__robot_dhaboz/left_arm_link4.
2026-05-12 16:11:48 [52,873ms] [Warning] [omni.physx.plugin] Invalid PhysX transform detected for /World/scene_0/controllable__r1__robot_dhaboz/right_arm_link4.
2026-05-12 16:11:48 [52,873ms] [Warning] [omni.physx.plugin] Invalid PhysX transform detected for /World/scene_0/controllable__r1__robot_dhaboz/left_arm_link5.
2026-05-12 16:11:48 [52,873ms] [Warning] [omni.physx.plugin] Invalid PhysX transform detected for /World/scene_0/controllable__r1__robot_dhaboz/right_arm_link5.
2026-05-12 16:11:48 [52,873ms] [Warning] [omni.physx.plugin] Invalid PhysX transform detected for /World/scene_0/controllable__r1__robot_dhaboz/left_arm_link6.
2026-05-12 16:11:48 [52,873ms] [Warning] [omni.physx.plugin] Invalid PhysX transform detected for /World/scene_0/controllable__r1__robot_dhaboz/right_arm_link6.
2026-05-12 16:11:48 [52,873ms] [Warning] [omni.physx.plugin] Invalid PhysX transform detected for /World/scene_0/controllable__r1__robot_dhaboz/left_gripper_link1.
2026-05-12 16:11:48 [52,873ms] [Warning] [omni.physx.plugin] Invalid PhysX transform detected for /World/scene_0/controllable__r1__robot_dhaboz/left_gripper_link2.
2026-05-12 16:11:48 [52,873ms] [Warning] [omni.physx.plugin] Invalid PhysX transform detected for /World/scene_0/controllable__r1__robot_dhaboz/left_eef_link.
2026-05-12 16:11:48 [52,873ms] [Warning] [omni.physx.plugin] Invalid PhysX transform detected for /World/scene_0/controllable__r1__robot_dhaboz/right_gripper_link1.
2026-05-12 16:11:48 [52,873ms] [Warning] [omni.physx.plugin] Invalid PhysX transform detected for /World/scene_0/controllable__r1__robot_dhaboz/right_gripper_link2.
2026-05-12 16:11:48 [52,873ms] [Warning] [omni.physx.plugin] Invalid PhysX transform detected for /World/scene_0/controllable__r1__robot_dhaboz/right_eef_link.
2026-05-12 16:11:48 [52,873ms] [Warning] [omni.physx.plugin] Invalid PhysX transform detected for /World/scene_0/cover_small_item_render_item_4175346132/base_link.
2026-05-12 16:11:48 [52,946ms] [Warning] [omni.physx.plugin] Invalid PhysX transform detected for /World/scene_0/cover_small_item_render_item_4175346132/glass.
2026-05-12 16:11:48 [52,946ms] [Warning] [omni.physx.plugin] Invalid PhysX transform detected for /World/scene_0/controllable__r1__robot_dhaboz/base_footprint_y.
2026-05-12 16:11:48 [52,946ms] [Warning] [omni.physx.plugin] Invalid PhysX transform detected for /World/scene_0/controllable__r1__robot_dhaboz/base_footprint_z.
2026-05-12 16:11:48 [52,947ms] [Warning] [omni.physx.plugin] Invalid PhysX transform detected for /World/scene_0/controllable__r1__robot_dhaboz/base_footprint_rx.
2026-05-12 16:11:48 [52,947ms] [Warning] [omni.physx.plugin] Invalid PhysX transform detected for /World/scene_0/controllable__r1__robot_dhaboz/base_footprint_ry.
2026-05-12 16:11:48 [52,947ms] [Warning] [omni.physx.plugin] Invalid PhysX transform detected for /World/scene_0/controllable__r1__robot_dhaboz/base_footprint_rz.
2026-05-12 16:11:48 [52,947ms] [Warning] [omni.physx.plugin] Invalid PhysX transform detected for /World/scene_0/controllable__r1__robot_dhaboz/base_link.
2026-05-12 16:11:48 [52,947ms] [Warning] [omni.physx.plugin] Invalid PhysX transform detected for /World/scene_0/controllable__r1__robot_dhaboz/servo_link1.
2026-05-12 16:11:48 [52,947ms] [Warning] [omni.physx.plugin] Invalid PhysX transform detected for /World/scene_0/controllable__r1__robot_dhaboz/servo_link2.
2026-05-12 16:11:48 [52,947ms] [Warning] [omni.physx.plugin] Invalid PhysX transform detected for /World/scene_0/controllable__r1__robot_dhaboz/servo_link3.
2026-05-12 16:11:48 [52,947ms] [Warning] [omni.physx.plugin] Invalid PhysX transform detected for /World/scene_0/controllable__r1__robot_dhaboz/torso_link1.
2026-05-12 16:11:48 [52,947ms] [Warning] [omni.physx.plugin] Invalid PhysX transform detected for /World/scene_0/controllable__r1__robot_dhaboz/wheel_link1.
2026-05-12 16:11:48 [52,947ms] [Warning] [omni.physx.plugin] Invalid PhysX transform detected for /World/scene_0/controllable__r1__robot_dhaboz/wheel_link2.
2026-05-12 16:11:48 [52,947ms] [Warning] [omni.physx.plugin] Invalid PhysX transform detected for /World/scene_0/controllable__r1__robot_dhaboz/wheel_link3.
2026-05-12 16:11:48 [52,947ms] [Warning] [omni.physx.plugin] Invalid PhysX transform detected for /World/scene_0/controllable__r1__robot_dhaboz/torso_link2.
2026-05-12 16:11:48 [52,947ms] [Warning] [omni.physx.plugin] Invalid PhysX transform detected for /World/scene_0/controllable__r1__robot_dhaboz/torso_link3.
2026-05-12 16:11:48 [52,947ms] [Warning] [omni.physx.plugin] Invalid PhysX transform detected for /World/scene_0/controllable__r1__robot_dhaboz/torso_link4.
2026-05-12 16:11:48 [52,947ms] [Warning] [omni.physx.plugin] Invalid PhysX transform detected for /World/scene_0/controllable__r1__robot_dhaboz/left_arm_link1.
2026-05-12 16:11:48 [52,947ms] [Warning] [omni.physx.plugin] Invalid PhysX transform detected for /World/scene_0/controllable__r1__robot_dhaboz/right_arm_link1.
2026-05-12 16:11:48 [52,947ms] [Warning] [omni.physx.plugin] Invalid PhysX transform detected for /World/scene_0/controllable__r1__robot_dhaboz/eyes.
2026-05-12 16:11:48 [52,947ms] [Warning] [omni.physx.plugin] Invalid PhysX transform detected for /World/scene_0/controllable__r1__robot_dhaboz/left_arm_link2.
2026-05-12 16:11:48 [52,947ms] [Warning] [omni.physx.plugin] Invalid PhysX transform detected for /World/scene_0/controllable__r1__robot_dhaboz/right_arm_link2.
2026-05-12 16:11:48 [52,947ms] [Warning] [omni.physx.plugin] Invalid PhysX transform detected for /World/scene_0/controllable__r1__robot_dhaboz/left_arm_link3.
2026-05-12 16:11:48 [52,947ms] [Warning] [omni.physx.plugin] Invalid PhysX transform detected for /World/scene_0/controllable__r1__robot_dhaboz/right_arm_link3.
2026-05-12 16:11:48 [52,947ms] [Warning] [omni.physx.plugin] Invalid PhysX transform detected for /World/scene_0/controllable__r1__robot_dhaboz/left_arm_link4.
2026-05-12 16:11:48 [52,947ms] [Warning] [omni.physx.plugin] Invalid PhysX transform detected for /World/scene_0/controllable__r1__robot_dhaboz/right_arm_link4.
2026-05-12 16:11:48 [52,947ms] [Warning] [omni.physx.plugin] Invalid PhysX transform detected for /World/scene_0/controllable__r1__robot_dhaboz/left_arm_link5.
2026-05-12 16:11:48 [52,947ms] [Warning] [omni.physx.plugin] Invalid PhysX transform detected for /World/scene_0/controllable__r1__robot_dhaboz/right_arm_link5.
2026-05-12 16:11:48 [52,947ms] [Warning] [omni.physx.plugin] Invalid PhysX transform detected for /World/scene_0/controllable__r1__robot_dhaboz/left_arm_link6.
2026-05-12 16:11:48 [52,947ms] [Warning] [omni.physx.plugin] Invalid PhysX transform detected for /World/scene_0/controllable__r1__robot_dhaboz/right_arm_link6.
2026-05-12 16:11:48 [52,947ms] [Warning] [omni.physx.plugin] Invalid PhysX transform detected for /World/scene_0/controllable__r1__robot_dhaboz/left_gripper_link1.
2026-05-12 16:11:48 [52,947ms] [Warning] [omni.physx.plugin] Invalid PhysX transform detected for /World/scene_0/controllable__r1__robot_dhaboz/left_gripper_link2.
2026-05-12 16:11:48 [52,947ms] [Warning] [omni.physx.plugin] Invalid PhysX transform detected for /World/scene_0/controllable__r1__robot_dhaboz/left_eef_link.
2026-05-12 16:11:48 [52,947ms] [Warning] [omni.physx.plugin] Invalid PhysX transform detected for /World/scene_0/controllable__r1__robot_dhaboz/right_gripper_link1.
2026-05-12 16:11:48 [52,947ms] [Warning] [omni.physx.plugin] Invalid PhysX transform detected for /World/scene_0/controllable__r1__robot_dhaboz/right_gripper_link2.
2026-05-12 16:11:48 [52,947ms] [Warning] [omni.physx.plugin] Invalid PhysX transform detected for /World/scene_0/controllable__r1__robot_dhaboz/right_eef_link.
2026-05-12 16:11:48 [52,947ms] [Warning] [omni.physx.plugin] Invalid PhysX transform detected for /World/scene_0/cover_small_item_render_item_4175346132/base_link.
2026-05-12 16:11:48 [53,019ms] [Warning] [omni.physx.plugin] Invalid PhysX transform detected for /World/scene_0/cover_small_item_render_item_4175346132/glass.
2026-05-12 16:11:48 [53,019ms] [Warning] [omni.physx.plugin] Invalid PhysX transform detected for /World/scene_0/controllable__r1__robot_dhaboz/base_footprint_y.
2026-05-12 16:11:48 [53,019ms] [Warning] [omni.physx.plugin] Invalid PhysX transform detected for /World/scene_0/controllable__r1__robot_dhaboz/base_footprint_z.
2026-05-12 16:11:48 [53,019ms] [Warning] [omni.physx.plugin] Invalid PhysX transform detected for /World/scene_0/controllable__r1__robot_dhaboz/base_footprint_rx.
2026-05-12 16:11:48 [53,019ms] [Warning] [omni.physx.plugin] Invalid PhysX transform detected for /World/scene_0/controllable__r1__robot_dhaboz/base_footprint_ry.
2026-05-12 16:11:48 [53,019ms] [Warning] [omni.physx.plugin] Invalid PhysX transform detected for /World/scene_0/controllable__r1__robot_dhaboz/base_footprint_rz.
2026-05-12 16:11:48 [53,019ms] [Warning] [omni.physx.plugin] Invalid PhysX transform detected for /World/scene_0/controllable__r1__robot_dhaboz/base_link.
2026-05-12 16:11:48 [53,019ms] [Warning] [omni.physx.plugin] Invalid PhysX transform detected for /World/scene_0/controllable__r1__robot_dhaboz/servo_link1.
2026-05-12 16:11:48 [53,019ms] [Warning] [omni.physx.plugin] Invalid PhysX transform detected for /World/scene_0/controllable__r1__robot_dhaboz/servo_link2.
2026-05-12 16:11:48 [53,019ms] [Warning] [omni.physx.plugin] Invalid PhysX transform detected for /World/scene_0/controllable__r1__robot_dhaboz/servo_link3.
2026-05-12 16:11:48 [53,019ms] [Warning] [omni.physx.plugin] Invalid PhysX transform detected for /World/scene_0/controllable__r1__robot_dhaboz/torso_link1.
2026-05-12 16:11:48 [53,019ms] [Warning] [omni.physx.plugin] Invalid PhysX transform detected for /World/scene_0/controllable__r1__robot_dhaboz/wheel_link1.
2026-05-12 16:11:48 [53,019ms] [Warning] [omni.physx.plugin] Invalid PhysX transform detected for /World/scene_0/controllable__r1__robot_dhaboz/wheel_link2.
2026-05-12 16:11:48 [53,019ms] [Warning] [omni.physx.plugin] Invalid PhysX transform detected for /World/scene_0/controllable__r1__robot_dhaboz/wheel_link3.
2026-05-12 16:11:48 [53,019ms] [Warning] [omni.physx.plugin] Invalid PhysX transform detected for /World/scene_0/controllable__r1__robot_dhaboz/torso_link2.
2026-05-12 16:11:48 [53,019ms] [Warning] [omni.physx.plugin] Invalid PhysX transform detected for /World/scene_0/controllable__r1__robot_dhaboz/torso_link3.
2026-05-12 16:11:48 [53,019ms] [Warning] [omni.physx.plugin] Invalid PhysX transform detected for /World/scene_0/controllable__r1__robot_dhaboz/torso_link4.
2026-05-12 16:11:48 [53,019ms] [Warning] [omni.physx.plugin] Invalid PhysX transform detected for /World/scene_0/controllable__r1__robot_dhaboz/left_arm_link1.
2026-05-12 16:11:48 [53,019ms] [Warning] [omni.physx.plugin] Invalid PhysX transform detected for /World/scene_0/controllable__r1__robot_dhaboz/right_arm_link1.
2026-05-12 16:11:48 [53,019ms] [Warning] [omni.physx.plugin] Invalid PhysX transform detected for /World/scene_0/controllable__r1__robot_dhaboz/eyes.
2026-05-12 16:11:48 [53,019ms] [Warning] [omni.physx.plugin] Invalid PhysX transform detected for /World/scene_0/controllable__r1__robot_dhaboz/left_arm_link2.
2026-05-12 16:11:48 [53,019ms] [Warning] [omni.physx.plugin] Invalid PhysX transform detected for /World/scene_0/controllable__r1__robot_dhaboz/right_arm_link2.
2026-05-12 16:11:48 [53,019ms] [Warning] [omni.physx.plugin] Invalid PhysX transform detected for /World/scene_0/controllable__r1__robot_dhaboz/left_arm_link3.
2026-05-12 16:11:48 [53,019ms] [Warning] [omni.physx.plugin] Invalid PhysX transform detected for /World/scene_0/controllable__r1__robot_dhaboz/right_arm_link3.
2026-05-12 16:11:48 [53,019ms] [Warning] [omni.physx.plugin] Invalid PhysX transform detected for /World/scene_0/controllable__r1__robot_dhaboz/left_arm_link4.
2026-05-12 16:11:48 [53,019ms] [Warning] [omni.physx.plugin] Invalid PhysX transform detected for /World/scene_0/controllable__r1__robot_dhaboz/right_arm_link4.
2026-05-12 16:11:48 [53,019ms] [Warning] [omni.physx.plugin] Invalid PhysX transform detected for /World/scene_0/controllable__r1__robot_dhaboz/left_arm_link5.
2026-05-12 16:11:48 [53,019ms] [Warning] [omni.physx.plugin] Invalid PhysX transform detected for /World/scene_0/controllable__r1__robot_dhaboz/right_arm_link5.
2026-05-12 16:11:48 [53,019ms] [Warning] [omni.physx.plugin] Invalid PhysX transform detected for /World/scene_0/controllable__r1__robot_dhaboz/left_arm_link6.
2026-05-12 16:11:48 [53,019ms] [Warning] [omni.physx.plugin] Invalid PhysX transform detected for /World/scene_0/controllable__r1__robot_dhaboz/right_arm_link6.
2026-05-12 16:11:48 [53,019ms] [Warning] [omni.physx.plugin] Invalid PhysX transform detected for /World/scene_0/controllable__r1__robot_dhaboz/left_gripper_link1.
2026-05-12 16:11:48 [53,019ms] [Warning] [omni.physx.plugin] Invalid PhysX transform detected for /World/scene_0/controllable__r1__robot_dhaboz/left_gripper_link2.
2026-05-12 16:11:48 [53,019ms] [Warning] [omni.physx.plugin] Invalid PhysX transform detected for /World/scene_0/controllable__r1__robot_dhaboz/left_eef_link.
2026-05-12 16:11:48 [53,019ms] [Warning] [omni.physx.plugin] Invalid PhysX transform detected for /World/scene_0/controllable__r1__robot_dhaboz/right_gripper_link1.
2026-05-12 16:11:48 [53,019ms] [Warning] [omni.physx.plugin] Invalid PhysX transform detected for /World/scene_0/controllable__r1__robot_dhaboz/right_gripper_link2.
2026-05-12 16:11:48 [53,019ms] [Warning] [omni.physx.plugin] Invalid PhysX transform detected for /World/scene_0/controllable__r1__robot_dhaboz/right_eef_link.
2026-05-12 16:11:48 [53,019ms] [Warning] [omni.physx.plugin] Invalid PhysX transform detected for /World/scene_0/cover_small_item_render_item_4175346132/base_link.
2026-05-12 16:11:48 [53,093ms] [Warning] [omni.physx.plugin] Invalid PhysX transform detected for /World/scene_0/cover_small_item_render_item_4175346132/glass.
2026-05-12 16:11:48 [53,093ms] [Warning] [omni.physx.plugin] Invalid PhysX transform detected for /World/scene_0/controllable__r1__robot_dhaboz/base_footprint_y.
2026-05-12 16:11:48 [53,093ms] [Warning] [omni.physx.plugin] Invalid PhysX transform detected for /World/scene_0/controllable__r1__robot_dhaboz/base_footprint_z.
2026-05-12 16:11:48 [53,093ms] [Warning] [omni.physx.plugin] Invalid PhysX transform detected for /World/scene_0/controllable__r1__robot_dhaboz/base_footprint_rx.
2026-05-12 16:11:48 [53,093ms] [Warning] [omni.physx.plugin] Invalid PhysX transform detected for /World/scene_0/controllable__r1__robot_dhaboz/base_footprint_ry.
2026-05-12 16:11:48 [53,093ms] [Warning] [omni.physx.plugin] Invalid PhysX transform detected for /World/scene_0/controllable__r1__robot_dhaboz/base_footprint_rz.
2026-05-12 16:11:48 [53,093ms] [Warning] [omni.physx.plugin] Invalid PhysX transform detected for /World/scene_0/controllable__r1__robot_dhaboz/base_link.
2026-05-12 16:11:48 [53,093ms] [Warning] [omni.physx.plugin] Invalid PhysX transform detected for /World/scene_0/controllable__r1__robot_dhaboz/servo_link1.
2026-05-12 16:11:48 [53,093ms] [Warning] [omni.physx.plugin] Invalid PhysX transform detected for /World/scene_0/controllable__r1__robot_dhaboz/servo_link2.
2026-05-12 16:11:48 [53,093ms] [Warning] [omni.physx.plugin] Invalid PhysX transform detected for /World/scene_0/controllable__r1__robot_dhaboz/servo_link3.
2026-05-12 16:11:48 [53,093ms] [Warning] [omni.physx.plugin] Invalid PhysX transform detected for /World/scene_0/controllable__r1__robot_dhaboz/torso_link1.
2026-05-12 16:11:48 [53,093ms] [Warning] [omni.physx.plugin] Invalid PhysX transform detected for /World/scene_0/controllable__r1__robot_dhaboz/wheel_link1.
2026-05-12 16:11:48 [53,093ms] [Warning] [omni.physx.plugin] Invalid PhysX transform detected for /World/scene_0/controllable__r1__robot_dhaboz/wheel_link2.
2026-05-12 16:11:48 [53,093ms] [Warning] [omni.physx.plugin] Invalid PhysX transform detected for /World/scene_0/controllable__r1__robot_dhaboz/wheel_link3.
2026-05-12 16:11:48 [53,093ms] [Warning] [omni.physx.plugin] Invalid PhysX transform detected for /World/scene_0/controllable__r1__robot_dhaboz/torso_link2.
2026-05-12 16:11:48 [53,093ms] [Warning] [omni.physx.plugin] Invalid PhysX transform detected for /World/scene_0/controllable__r1__robot_dhaboz/torso_link3.
2026-05-12 16:11:48 [53,093ms] [Warning] [omni.physx.plugin] Invalid PhysX transform detected for /World/scene_0/controllable__r1__robot_dhaboz/torso_link4.
2026-05-12 16:11:48 [53,093ms] [Warning] [omni.physx.plugin] Invalid PhysX transform detected for /World/scene_0/controllable__r1__robot_dhaboz/left_arm_link1.
2026-05-12 16:11:48 [53,094ms] [Warning] [omni.physx.plugin] Invalid PhysX transform detected for /World/scene_0/controllable__r1__robot_dhaboz/right_arm_link1.
2026-05-12 16:11:48 [53,094ms] [Warning] [omni.physx.plugin] Invalid PhysX transform detected for /World/scene_0/controllable__r1__robot_dhaboz/eyes.
2026-05-12 16:11:48 [53,094ms] [Warning] [omni.physx.plugin] Invalid PhysX transform detected for /World/scene_0/controllable__r1__robot_dhaboz/left_arm_link2.
2026-05-12 16:11:48 [53,094ms] [Warning] [omni.physx.plugin] Invalid PhysX transform detected for /World/scene_0/controllable__r1__robot_dhaboz/right_arm_link2.
2026-05-12 16:11:48 [53,094ms] [Warning] [omni.physx.plugin] Invalid PhysX transform detected for /World/scene_0/controllable__r1__robot_dhaboz/left_arm_link3.
2026-05-12 16:11:48 [53,094ms] [Warning] [omni.physx.plugin] Invalid PhysX transform detected for /World/scene_0/controllable__r1__robot_dhaboz/right_arm_link3.
2026-05-12 16:11:48 [53,094ms] [Warning] [omni.physx.plugin] Invalid PhysX transform detected for /World/scene_0/controllable__r1__robot_dhaboz/left_arm_link4.
2026-05-12 16:11:48 [53,094ms] [Warning] [omni.physx.plugin] Invalid PhysX transform detected for /World/scene_0/controllable__r1__robot_dhaboz/right_arm_link4.
2026-05-12 16:11:48 [53,094ms] [Warning] [omni.physx.plugin] Invalid PhysX transform detected for /World/scene_0/controllable__r1__robot_dhaboz/left_arm_link5.
2026-05-12 16:11:48 [53,094ms] [Warning] [omni.physx.plugin] Invalid PhysX transform detected for /World/scene_0/controllable__r1__robot_dhaboz/right_arm_link5.
2026-05-12 16:11:48 [53,094ms] [Warning] [omni.physx.plugin] Invalid PhysX transform detected for /World/scene_0/controllable__r1__robot_dhaboz/left_arm_link6.
2026-05-12 16:11:48 [53,094ms] [Warning] [omni.physx.plugin] Invalid PhysX transform detected for /World/scene_0/controllable__r1__robot_dhaboz/right_arm_link6.
2026-05-12 16:11:48 [53,094ms] [Warning] [omni.physx.plugin] Invalid PhysX transform detected for /World/scene_0/controllable__r1__robot_dhaboz/left_gripper_link1.
2026-05-12 16:11:48 [53,094ms] [Warning] [omni.physx.plugin] Invalid PhysX transform detected for /World/scene_0/controllable__r1__robot_dhaboz/left_gripper_link2.
2026-05-12 16:11:48 [53,094ms] [Warning] [omni.physx.plugin] Invalid PhysX transform detected for /World/scene_0/controllable__r1__robot_dhaboz/left_eef_link.
2026-05-12 16:11:48 [53,094ms] [Warning] [omni.physx.plugin] Invalid PhysX transform detected for /World/scene_0/controllable__r1__robot_dhaboz/right_gripper_link1.
2026-05-12 16:11:48 [53,094ms] [Warning] [omni.physx.plugin] Invalid PhysX transform detected for /World/scene_0/controllable__r1__robot_dhaboz/right_gripper_link2.
2026-05-12 16:11:48 [53,094ms] [Warning] [omni.physx.plugin] Invalid PhysX transform detected for /World/scene_0/controllable__r1__robot_dhaboz/right_eef_link.
2026-05-12 16:11:48 [53,094ms] [Warning] [omni.physx.plugin] Invalid PhysX transform detected for /World/scene_0/cover_small_item_render_item_4175346132/base_link.
2026-05-12 16:11:48 [53,171ms] [Warning] [omni.physx.plugin] Invalid PhysX transform detected for /World/scene_0/cover_small_item_render_item_4175346132/glass.
2026-05-12 16:11:48 [53,171ms] [Warning] [omni.physx.plugin] Invalid PhysX transform detected for /World/scene_0/controllable__r1__robot_dhaboz/base_footprint_y.
2026-05-12 16:11:48 [53,171ms] [Warning] [omni.physx.plugin] Invalid PhysX transform detected for /World/scene_0/controllable__r1__robot_dhaboz/base_footprint_z.
2026-05-12 16:11:48 [53,171ms] [Warning] [omni.physx.plugin] Invalid PhysX transform detected for /World/scene_0/controllable__r1__robot_dhaboz/base_footprint_rx.
2026-05-12 16:11:48 [53,171ms] [Warning] [omni.physx.plugin] Invalid PhysX transform detected for /World/scene_0/controllable__r1__robot_dhaboz/base_footprint_ry.
2026-05-12 16:11:48 [53,171ms] [Warning] [omni.physx.plugin] Invalid PhysX transform detected for /World/scene_0/controllable__r1__robot_dhaboz/base_footprint_rz.
2026-05-12 16:11:48 [53,171ms] [Warning] [omni.physx.plugin] Invalid PhysX transform detected for /World/scene_0/controllable__r1__robot_dhaboz/base_link.
2026-05-12 16:11:48 [53,171ms] [Warning] [omni.physx.plugin] Invalid PhysX transform detected for /World/scene_0/controllable__r1__robot_dhaboz/servo_link1.
2026-05-12 16:11:48 [53,171ms] [Warning] [omni.physx.plugin] Invalid PhysX transform detected for /World/scene_0/controllable__r1__robot_dhaboz/servo_link2.
2026-05-12 16:11:48 [53,171ms] [Warning] [omni.physx.plugin] Invalid PhysX transform detected for /World/scene_0/controllable__r1__robot_dhaboz/servo_link3.
2026-05-12 16:11:48 [53,171ms] [Warning] [omni.physx.plugin] Invalid PhysX transform detected for /World/scene_0/controllable__r1__robot_dhaboz/torso_link1.
2026-05-12 16:11:48 [53,171ms] [Warning] [omni.physx.plugin] Invalid PhysX transform detected for /World/scene_0/controllable__r1__robot_dhaboz/wheel_link1.
2026-05-12 16:11:48 [53,171ms] [Warning] [omni.physx.plugin] Invalid PhysX transform detected for /World/scene_0/controllable__r1__robot_dhaboz/wheel_link2.
2026-05-12 16:11:48 [53,171ms] [Warning] [omni.physx.plugin] Invalid PhysX transform detected for /World/scene_0/controllable__r1__robot_dhaboz/wheel_link3.
2026-05-12 16:11:48 [53,171ms] [Warning] [omni.physx.plugin] Invalid PhysX transform detected for /World/scene_0/controllable__r1__robot_dhaboz/torso_link2.
2026-05-12 16:11:48 [53,171ms] [Warning] [omni.physx.plugin] Invalid PhysX transform detected for /World/scene_0/controllable__r1__robot_dhaboz/torso_link3.
2026-05-12 16:11:48 [53,171ms] [Warning] [omni.physx.plugin] Invalid PhysX transform detected for /World/scene_0/controllable__r1__robot_dhaboz/torso_link4.
2026-05-12 16:11:48 [53,171ms] [Warning] [omni.physx.plugin] Invalid PhysX transform detected for /World/scene_0/controllable__r1__robot_dhaboz/left_arm_link1.
2026-05-12 16:11:48 [53,171ms] [Warning] [omni.physx.plugin] Invalid PhysX transform detected for /World/scene_0/controllable__r1__robot_dhaboz/right_arm_link1.
2026-05-12 16:11:48 [53,171ms] [Warning] [omni.physx.plugin] Invalid PhysX transform detected for /World/scene_0/controllable__r1__robot_dhaboz/eyes.
2026-05-12 16:11:48 [53,171ms] [Warning] [omni.physx.plugin] Invalid PhysX transform detected for /World/scene_0/controllable__r1__robot_dhaboz/left_arm_link2.
2026-05-12 16:11:48 [53,171ms] [Warning] [omni.physx.plugin] Invalid PhysX transform detected for /World/scene_0/controllable__r1__robot_dhaboz/right_arm_link2.
2026-05-12 16:11:48 [53,171ms] [Warning] [omni.physx.plugin] Invalid PhysX transform detected for /World/scene_0/controllable__r1__robot_dhaboz/left_arm_link3.
2026-05-12 16:11:48 [53,171ms] [Warning] [omni.physx.plugin] Invalid PhysX transform detected for /World/scene_0/controllable__r1__robot_dhaboz/right_arm_link3.
2026-05-12 16:11:48 [53,171ms] [Warning] [omni.physx.plugin] Invalid PhysX transform detected for /World/scene_0/controllable__r1__robot_dhaboz/left_arm_link4.
2026-05-12 16:11:48 [53,171ms] [Warning] [omni.physx.plugin] Invalid PhysX transform detected for /World/scene_0/controllable__r1__robot_dhaboz/right_arm_link4.
2026-05-12 16:11:48 [53,171ms] [Warning] [omni.physx.plugin] Invalid PhysX transform detected for /World/scene_0/controllable__r1__robot_dhaboz/left_arm_link5.
2026-05-12 16:11:48 [53,171ms] [Warning] [omni.physx.plugin] Invalid PhysX transform detected for /World/scene_0/controllable__r1__robot_dhaboz/right_arm_link5.
2026-05-12 16:11:48 [53,171ms] [Warning] [omni.physx.plugin] Invalid PhysX transform detected for /World/scene_0/controllable__r1__robot_dhaboz/left_arm_link6.
2026-05-12 16:11:48 [53,171ms] [Warning] [omni.physx.plugin] Invalid PhysX transform detected for /World/scene_0/controllable__r1__robot_dhaboz/right_arm_link6.
2026-05-12 16:11:48 [53,171ms] [Warning] [omni.physx.plugin] Invalid PhysX transform detected for /World/scene_0/controllable__r1__robot_dhaboz/left_gripper_link1.
2026-05-12 16:11:48 [53,171ms] [Warning] [omni.physx.plugin] Invalid PhysX transform detected for /World/scene_0/controllable__r1__robot_dhaboz/left_gripper_link2.
2026-05-12 16:11:48 [53,171ms] [Warning] [omni.physx.plugin] Invalid PhysX transform detected for /World/scene_0/controllable__r1__robot_dhaboz/left_eef_link.
2026-05-12 16:11:48 [53,171ms] [Warning] [omni.physx.plugin] Invalid PhysX transform detected for /World/scene_0/controllable__r1__robot_dhaboz/right_gripper_link1.
2026-05-12 16:11:48 [53,171ms] [Warning] [omni.physx.plugin] Invalid PhysX transform detected for /World/scene_0/controllable__r1__robot_dhaboz/right_gripper_link2.
2026-05-12 16:11:48 [53,171ms] [Warning] [omni.physx.plugin] Invalid PhysX transform detected for /World/scene_0/controllable__r1__robot_dhaboz/right_eef_link.
2026-05-12 16:11:48 [53,171ms] [Warning] [omni.physx.plugin] Invalid PhysX transform detected for /World/scene_0/cover_small_item_render_item_4175346132/base_link.
2026-05-12 16:11:48 [53,249ms] [Warning] [omni.physx.plugin] Invalid PhysX transform detected for /World/scene_0/cover_small_item_render_item_4175346132/glass.
2026-05-12 16:11:48 [53,249ms] [Warning] [omni.physx.plugin] Invalid PhysX transform detected for /World/scene_0/controllable__r1__robot_dhaboz/base_footprint_y.
2026-05-12 16:11:48 [53,249ms] [Warning] [omni.physx.plugin] Invalid PhysX transform detected for /World/scene_0/controllable__r1__robot_dhaboz/base_footprint_z.
2026-05-12 16:11:48 [53,249ms] [Warning] [omni.physx.plugin] Invalid PhysX transform detected for /World/scene_0/controllable__r1__robot_dhaboz/base_footprint_rx.
2026-05-12 16:11:48 [53,249ms] [Warning] [omni.physx.plugin] Invalid PhysX transform detected for /World/scene_0/controllable__r1__robot_dhaboz/base_footprint_ry.
2026-05-12 16:11:48 [53,249ms] [Warning] [omni.physx.plugin] Invalid PhysX transform detected for /World/scene_0/controllable__r1__robot_dhaboz/base_footprint_rz.
2026-05-12 16:11:48 [53,249ms] [Warning] [omni.physx.plugin] Invalid PhysX transform detected for /World/scene_0/controllable__r1__robot_dhaboz/base_link.
2026-05-12 16:11:48 [53,249ms] [Warning] [omni.physx.plugin] Invalid PhysX transform detected for /World/scene_0/controllable__r1__robot_dhaboz/servo_link1.
2026-05-12 16:11:48 [53,249ms] [Warning] [omni.physx.plugin] Invalid PhysX transform detected for /World/scene_0/controllable__r1__robot_dhaboz/servo_link2.
2026-05-12 16:11:48 [53,249ms] [Warning] [omni.physx.plugin] Invalid PhysX transform detected for /World/scene_0/controllable__r1__robot_dhaboz/servo_link3.
2026-05-12 16:11:48 [53,249ms] [Warning] [omni.physx.plugin] Invalid PhysX transform detected for /World/scene_0/controllable__r1__robot_dhaboz/torso_link1.
2026-05-12 16:11:48 [53,249ms] [Warning] [omni.physx.plugin] Invalid PhysX transform detected for /World/scene_0/controllable__r1__robot_dhaboz/wheel_link1.
2026-05-12 16:11:48 [53,249ms] [Warning] [omni.physx.plugin] Invalid PhysX transform detected for /World/scene_0/controllable__r1__robot_dhaboz/wheel_link2.
2026-05-12 16:11:48 [53,249ms] [Warning] [omni.physx.plugin] Invalid PhysX transform detected for /World/scene_0/controllable__r1__robot_dhaboz/wheel_link3.
2026-05-12 16:11:48 [53,249ms] [Warning] [omni.physx.plugin] Invalid PhysX transform detected for /World/scene_0/controllable__r1__robot_dhaboz/torso_link2.
2026-05-12 16:11:48 [53,249ms] [Warning] [omni.physx.plugin] Invalid PhysX transform detected for /World/scene_0/controllable__r1__robot_dhaboz/torso_link3.
2026-05-12 16:11:48 [53,249ms] [Warning] [omni.physx.plugin] Invalid PhysX transform detected for /World/scene_0/controllable__r1__robot_dhaboz/torso_link4.
2026-05-12 16:11:48 [53,249ms] [Warning] [omni.physx.plugin] Invalid PhysX transform detected for /World/scene_0/controllable__r1__robot_dhaboz/left_arm_link1.
2026-05-12 16:11:48 [53,249ms] [Warning] [omni.physx.plugin] Invalid PhysX transform detected for /World/scene_0/controllable__r1__robot_dhaboz/right_arm_link1.
2026-05-12 16:11:48 [53,249ms] [Warning] [omni.physx.plugin] Invalid PhysX transform detected for /World/scene_0/controllable__r1__robot_dhaboz/eyes.
2026-05-12 16:11:48 [53,249ms] [Warning] [omni.physx.plugin] Invalid PhysX transform detected for /World/scene_0/controllable__r1__robot_dhaboz/left_arm_link2.
2026-05-12 16:11:48 [53,249ms] [Warning] [omni.physx.plugin] Invalid PhysX transform detected for /World/scene_0/controllable__r1__robot_dhaboz/right_arm_link2.
2026-05-12 16:11:48 [53,249ms] [Warning] [omni.physx.plugin] Invalid PhysX transform detected for /World/scene_0/controllable__r1__robot_dhaboz/left_arm_link3.
2026-05-12 16:11:48 [53,249ms] [Warning] [omni.physx.plugin] Invalid PhysX transform detected for /World/scene_0/controllable__r1__robot_dhaboz/right_arm_link3.
2026-05-12 16:11:48 [53,249ms] [Warning] [omni.physx.plugin] Invalid PhysX transform detected for /World/scene_0/controllable__r1__robot_dhaboz/left_arm_link4.
2026-05-12 16:11:48 [53,249ms] [Warning] [omni.physx.plugin] Invalid PhysX transform detected for /World/scene_0/controllable__r1__robot_dhaboz/right_arm_link4.
2026-05-12 16:11:48 [53,249ms] [Warning] [omni.physx.plugin] Invalid PhysX transform detected for /World/scene_0/controllable__r1__robot_dhaboz/left_arm_link5.
2026-05-12 16:11:48 [53,249ms] [Warning] [omni.physx.plugin] Invalid PhysX transform detected for /World/scene_0/controllable__r1__robot_dhaboz/right_arm_link5.
2026-05-12 16:11:48 [53,249ms] [Warning] [omni.physx.plugin] Invalid PhysX transform detected for /World/scene_0/controllable__r1__robot_dhaboz/left_arm_link6.
2026-05-12 16:11:48 [53,249ms] [Warning] [omni.physx.plugin] Invalid PhysX transform detected for /World/scene_0/controllable__r1__robot_dhaboz/right_arm_link6.
2026-05-12 16:11:48 [53,249ms] [Warning] [omni.physx.plugin] Invalid PhysX transform detected for /World/scene_0/controllable__r1__robot_dhaboz/left_gripper_link1.
2026-05-12 16:11:48 [53,249ms] [Warning] [omni.physx.plugin] Invalid PhysX transform detected for /World/scene_0/controllable__r1__robot_dhaboz/left_gripper_link2.
2026-05-12 16:11:48 [53,249ms] [Warning] [omni.physx.plugin] Invalid PhysX transform detected for /World/scene_0/controllable__r1__robot_dhaboz/left_eef_link.
2026-05-12 16:11:48 [53,249ms] [Warning] [omni.physx.plugin] Invalid PhysX transform detected for /World/scene_0/controllable__r1__robot_dhaboz/right_gripper_link1.
2026-05-12 16:11:48 [53,249ms] [Warning] [omni.physx.plugin] Invalid PhysX transform detected for /World/scene_0/controllable__r1__robot_dhaboz/right_gripper_link2.
2026-05-12 16:11:48 [53,249ms] [Warning] [omni.physx.plugin] Invalid PhysX transform detected for /World/scene_0/controllable__r1__robot_dhaboz/right_eef_link.
2026-05-12 16:11:48 [53,249ms] [Warning] [omni.physx.plugin] Invalid PhysX transform detected for /World/scene_0/cover_small_item_render_item_4175346132/base_link.
2026-05-12 16:11:48 [53,324ms] [Warning] [omni.physx.plugin] Invalid PhysX transform detected for /World/scene_0/cover_small_item_render_item_4175346132/glass.
2026-05-12 16:11:48 [53,324ms] [Warning] [omni.physx.plugin] Invalid PhysX transform detected for /World/scene_0/controllable__r1__robot_dhaboz/base_footprint_y.
2026-05-12 16:11:48 [53,324ms] [Warning] [omni.physx.plugin] Invalid PhysX transform detected for /World/scene_0/controllable__r1__robot_dhaboz/base_footprint_z.
2026-05-12 16:11:48 [53,324ms] [Warning] [omni.physx.plugin] Invalid PhysX transform detected for /World/scene_0/controllable__r1__robot_dhaboz/base_footprint_rx.
2026-05-12 16:11:48 [53,324ms] [Warning] [omni.physx.plugin] Invalid PhysX transform detected for /World/scene_0/controllable__r1__robot_dhaboz/base_footprint_ry.
2026-05-12 16:11:48 [53,324ms] [Warning] [omni.physx.plugin] Invalid PhysX transform detected for /World/scene_0/controllable__r1__robot_dhaboz/base_footprint_rz.
2026-05-12 16:11:48 [53,324ms] [Warning] [omni.physx.plugin] Invalid PhysX transform detected for /World/scene_0/controllable__r1__robot_dhaboz/base_link.
2026-05-12 16:11:48 [53,324ms] [Warning] [omni.physx.plugin] Invalid PhysX transform detected for /World/scene_0/controllable__r1__robot_dhaboz/servo_link1.
2026-05-12 16:11:48 [53,324ms] [Warning] [omni.physx.plugin] Invalid PhysX transform detected for /World/scene_0/controllable__r1__robot_dhaboz/servo_link2.
2026-05-12 16:11:48 [53,324ms] [Warning] [omni.physx.plugin] Invalid PhysX transform detected for /World/scene_0/controllable__r1__robot_dhaboz/servo_link3.
2026-05-12 16:11:48 [53,324ms] [Warning] [omni.physx.plugin] Invalid PhysX transform detected for /World/scene_0/controllable__r1__robot_dhaboz/torso_link1.
2026-05-12 16:11:48 [53,324ms] [Warning] [omni.physx.plugin] Invalid PhysX transform detected for /World/scene_0/controllable__r1__robot_dhaboz/wheel_link1.
2026-05-12 16:11:48 [53,324ms] [Warning] [omni.physx.plugin] Invalid PhysX transform detected for /World/scene_0/controllable__r1__robot_dhaboz/wheel_link2.
2026-05-12 16:11:48 [53,324ms] [Warning] [omni.physx.plugin] Invalid PhysX transform detected for /World/scene_0/controllable__r1__robot_dhaboz/wheel_link3.
2026-05-12 16:11:48 [53,324ms] [Warning] [omni.physx.plugin] Invalid PhysX transform detected for /World/scene_0/controllable__r1__robot_dhaboz/torso_link2.
2026-05-12 16:11:48 [53,324ms] [Warning] [omni.physx.plugin] Invalid PhysX transform detected for /World/scene_0/controllable__r1__robot_dhaboz/torso_link3.
2026-05-12 16:11:48 [53,324ms] [Warning] [omni.physx.plugin] Invalid PhysX transform detected for /World/scene_0/controllable__r1__robot_dhaboz/torso_link4.
2026-05-12 16:11:48 [53,324ms] [Warning] [omni.physx.plugin] Invalid PhysX transform detected for /World/scene_0/controllable__r1__robot_dhaboz/left_arm_link1.
2026-05-12 16:11:48 [53,324ms] [Warning] [omni.physx.plugin] Invalid PhysX transform detected for /World/scene_0/controllable__r1__robot_dhaboz/right_arm_link1.
2026-05-12 16:11:48 [53,324ms] [Warning] [omni.physx.plugin] Invalid PhysX transform detected for /World/scene_0/controllable__r1__robot_dhaboz/eyes.
2026-05-12 16:11:48 [53,324ms] [Warning] [omni.physx.plugin] Invalid PhysX transform detected for /World/scene_0/controllable__r1__robot_dhaboz/left_arm_link2.
2026-05-12 16:11:48 [53,324ms] [Warning] [omni.physx.plugin] Invalid PhysX transform detected for /World/scene_0/controllable__r1__robot_dhaboz/right_arm_link2.
2026-05-12 16:11:48 [53,324ms] [Warning] [omni.physx.plugin] Invalid PhysX transform detected for /World/scene_0/controllable__r1__robot_dhaboz/left_arm_link3.
2026-05-12 16:11:48 [53,324ms] [Warning] [omni.physx.plugin] Invalid PhysX transform detected for /World/scene_0/controllable__r1__robot_dhaboz/right_arm_link3.
2026-05-12 16:11:48 [53,324ms] [Warning] [omni.physx.plugin] Invalid PhysX transform detected for /World/scene_0/controllable__r1__robot_dhaboz/left_arm_link4.
2026-05-12 16:11:48 [53,324ms] [Warning] [omni.physx.plugin] Invalid PhysX transform detected for /World/scene_0/controllable__r1__robot_dhaboz/right_arm_link4.
2026-05-12 16:11:48 [53,324ms] [Warning] [omni.physx.plugin] Invalid PhysX transform detected for /World/scene_0/controllable__r1__robot_dhaboz/left_arm_link5.
2026-05-12 16:11:48 [53,324ms] [Warning] [omni.physx.plugin] Invalid PhysX transform detected for /World/scene_0/controllable__r1__robot_dhaboz/right_arm_link5.
2026-05-12 16:11:48 [53,324ms] [Warning] [omni.physx.plugin] Invalid PhysX transform detected for /World/scene_0/controllable__r1__robot_dhaboz/left_arm_link6.
2026-05-12 16:11:48 [53,324ms] [Warning] [omni.physx.plugin] Invalid PhysX transform detected for /World/scene_0/controllable__r1__robot_dhaboz/right_arm_link6.
2026-05-12 16:11:48 [53,324ms] [Warning] [omni.physx.plugin] Invalid PhysX transform detected for /World/scene_0/controllable__r1__robot_dhaboz/left_gripper_link1.
2026-05-12 16:11:48 [53,324ms] [Warning] [omni.physx.plugin] Invalid PhysX transform detected for /World/scene_0/controllable__r1__robot_dhaboz/left_gripper_link2.
2026-05-12 16:11:48 [53,324ms] [Warning] [omni.physx.plugin] Invalid PhysX transform detected for /World/scene_0/controllable__r1__robot_dhaboz/left_eef_link.
2026-05-12 16:11:48 [53,324ms] [Warning] [omni.physx.plugin] Invalid PhysX transform detected for /World/scene_0/controllable__r1__robot_dhaboz/right_gripper_link1.
2026-05-12 16:11:48 [53,324ms] [Warning] [omni.physx.plugin] Invalid PhysX transform detected for /World/scene_0/controllable__r1__robot_dhaboz/right_gripper_link2.
2026-05-12 16:11:48 [53,325ms] [Warning] [omni.physx.plugin] Invalid PhysX transform detected for /World/scene_0/controllable__r1__robot_dhaboz/right_eef_link.
2026-05-12 16:11:48 [53,325ms] [Warning] [omni.physx.plugin] Invalid PhysX transform detected for /World/scene_0/cover_small_item_render_item_4175346132/base_link.
2026-05-12 16:11:48 [53,404ms] [Warning] [omni.physx.plugin] Invalid PhysX transform detected for /World/scene_0/cover_small_item_render_item_4175346132/glass.
2026-05-12 16:11:48 [53,404ms] [Warning] [omni.physx.plugin] Invalid PhysX transform detected for /World/scene_0/controllable__r1__robot_dhaboz/base_footprint_y.
2026-05-12 16:11:48 [53,404ms] [Warning] [omni.physx.plugin] Invalid PhysX transform detected for /World/scene_0/controllable__r1__robot_dhaboz/base_footprint_z.
2026-05-12 16:11:48 [53,404ms] [Warning] [omni.physx.plugin] Invalid PhysX transform detected for /World/scene_0/controllable__r1__robot_dhaboz/base_footprint_rx.
2026-05-12 16:11:48 [53,404ms] [Warning] [omni.physx.plugin] Invalid PhysX transform detected for /World/scene_0/controllable__r1__robot_dhaboz/base_footprint_ry.
2026-05-12 16:11:48 [53,404ms] [Warning] [omni.physx.plugin] Invalid PhysX transform detected for /World/scene_0/controllable__r1__robot_dhaboz/base_footprint_rz.
2026-05-12 16:11:48 [53,404ms] [Warning] [omni.physx.plugin] Invalid PhysX transform detected for /World/scene_0/controllable__r1__robot_dhaboz/base_link.
2026-05-12 16:11:48 [53,404ms] [Warning] [omni.physx.plugin] Invalid PhysX transform detected for /World/scene_0/controllable__r1__robot_dhaboz/servo_link1.
2026-05-12 16:11:48 [53,404ms] [Warning] [omni.physx.plugin] Invalid PhysX transform detected for /World/scene_0/controllable__r1__robot_dhaboz/servo_link2.
2026-05-12 16:11:48 [53,404ms] [Warning] [omni.physx.plugin] Invalid PhysX transform detected for /World/scene_0/controllable__r1__robot_dhaboz/servo_link3.
2026-05-12 16:11:48 [53,404ms] [Warning] [omni.physx.plugin] Invalid PhysX transform detected for /World/scene_0/controllable__r1__robot_dhaboz/torso_link1.
2026-05-12 16:11:48 [53,404ms] [Warning] [omni.physx.plugin] Invalid PhysX transform detected for /World/scene_0/controllable__r1__robot_dhaboz/wheel_link1.
2026-05-12 16:11:48 [53,404ms] [Warning] [omni.physx.plugin] Invalid PhysX transform detected for /World/scene_0/controllable__r1__robot_dhaboz/wheel_link2.
2026-05-12 16:11:48 [53,404ms] [Warning] [omni.physx.plugin] Invalid PhysX transform detected for /World/scene_0/controllable__r1__robot_dhaboz/wheel_link3.
2026-05-12 16:11:48 [53,404ms] [Warning] [omni.physx.plugin] Invalid PhysX transform detected for /World/scene_0/controllable__r1__robot_dhaboz/torso_link2.
2026-05-12 16:11:48 [53,404ms] [Warning] [omni.physx.plugin] Invalid PhysX transform detected for /World/scene_0/controllable__r1__robot_dhaboz/torso_link3.
2026-05-12 16:11:48 [53,404ms] [Warning] [omni.physx.plugin] Invalid PhysX transform detected for /World/scene_0/controllable__r1__robot_dhaboz/torso_link4.
2026-05-12 16:11:48 [53,404ms] [Warning] [omni.physx.plugin] Invalid PhysX transform detected for /World/scene_0/controllable__r1__robot_dhaboz/left_arm_link1.
2026-05-12 16:11:48 [53,404ms] [Warning] [omni.physx.plugin] Invalid PhysX transform detected for /World/scene_0/controllable__r1__robot_dhaboz/right_arm_link1.
2026-05-12 16:11:48 [53,404ms] [Warning] [omni.physx.plugin] Invalid PhysX transform detected for /World/scene_0/controllable__r1__robot_dhaboz/eyes.
2026-05-12 16:11:48 [53,404ms] [Warning] [omni.physx.plugin] Invalid PhysX transform detected for /World/scene_0/controllable__r1__robot_dhaboz/left_arm_link2.
2026-05-12 16:11:48 [53,404ms] [Warning] [omni.physx.plugin] Invalid PhysX transform detected for /World/scene_0/controllable__r1__robot_dhaboz/right_arm_link2.
2026-05-12 16:11:48 [53,404ms] [Warning] [omni.physx.plugin] Invalid PhysX transform detected for /World/scene_0/controllable__r1__robot_dhaboz/left_arm_link3.
2026-05-12 16:11:48 [53,404ms] [Warning] [omni.physx.plugin] Invalid PhysX transform detected for /World/scene_0/controllable__r1__robot_dhaboz/right_arm_link3.
2026-05-12 16:11:48 [53,404ms] [Warning] [omni.physx.plugin] Invalid PhysX transform detected for /World/scene_0/controllable__r1__robot_dhaboz/left_arm_link4.
2026-05-12 16:11:48 [53,404ms] [Warning] [omni.physx.plugin] Invalid PhysX transform detected for /World/scene_0/controllable__r1__robot_dhaboz/right_arm_link4.
2026-05-12 16:11:48 [53,404ms] [Warning] [omni.physx.plugin] Invalid PhysX transform detected for /World/scene_0/controllable__r1__robot_dhaboz/left_arm_link5.
2026-05-12 16:11:48 [53,404ms] [Warning] [omni.physx.plugin] Invalid PhysX transform detected for /World/scene_0/controllable__r1__robot_dhaboz/right_arm_link5.
2026-05-12 16:11:48 [53,404ms] [Warning] [omni.physx.plugin] Invalid PhysX transform detected for /World/scene_0/controllable__r1__robot_dhaboz/left_arm_link6.
2026-05-12 16:11:48 [53,404ms] [Warning] [omni.physx.plugin] Invalid PhysX transform detected for /World/scene_0/controllable__r1__robot_dhaboz/right_arm_link6.
2026-05-12 16:11:48 [53,404ms] [Warning] [omni.physx.plugin] Invalid PhysX transform detected for /World/scene_0/controllable__r1__robot_dhaboz/left_gripper_link1.
2026-05-12 16:11:48 [53,404ms] [Warning] [omni.physx.plugin] Invalid PhysX transform detected for /World/scene_0/controllable__r1__robot_dhaboz/left_gripper_link2.
2026-05-12 16:11:48 [53,404ms] [Warning] [omni.physx.plugin] Invalid PhysX transform detected for /World/scene_0/controllable__r1__robot_dhaboz/left_eef_link.
2026-05-12 16:11:48 [53,404ms] [Warning] [omni.physx.plugin] Invalid PhysX transform detected for /World/scene_0/controllable__r1__robot_dhaboz/right_gripper_link1.
2026-05-12 16:11:48 [53,404ms] [Warning] [omni.physx.plugin] Invalid PhysX transform detected for /World/scene_0/controllable__r1__robot_dhaboz/right_gripper_link2.
2026-05-12 16:11:48 [53,404ms] [Warning] [omni.physx.plugin] Invalid PhysX transform detected for /World/scene_0/controllable__r1__robot_dhaboz/right_eef_link.
2026-05-12 16:11:48 [53,405ms] [Warning] [omni.physx.plugin] Invalid PhysX transform detected for /World/scene_0/cover_small_item_render_item_4175346132/base_link.
2026-05-12 16:11:49 [53,482ms] [Warning] [omni.physx.plugin] Invalid PhysX transform detected for /World/scene_0/cover_small_item_render_item_4175346132/glass.
2026-05-12 16:11:49 [53,482ms] [Warning] [omni.physx.plugin] Invalid PhysX transform detected for /World/scene_0/controllable__r1__robot_dhaboz/base_footprint_y.
2026-05-12 16:11:49 [53,482ms] [Warning] [omni.physx.plugin] Invalid PhysX transform detected for /World/scene_0/controllable__r1__robot_dhaboz/base_footprint_z.
2026-05-12 16:11:49 [53,482ms] [Warning] [omni.physx.plugin] Invalid PhysX transform detected for /World/scene_0/controllable__r1__robot_dhaboz/base_footprint_rx.
2026-05-12 16:11:49 [53,482ms] [Warning] [omni.physx.plugin] Invalid PhysX transform detected for /World/scene_0/controllable__r1__robot_dhaboz/base_footprint_ry.
2026-05-12 16:11:49 [53,482ms] [Warning] [omni.physx.plugin] Invalid PhysX transform detected for /World/scene_0/controllable__r1__robot_dhaboz/base_footprint_rz.
2026-05-12 16:11:49 [53,482ms] [Warning] [omni.physx.plugin] Invalid PhysX transform detected for /World/scene_0/controllable__r1__robot_dhaboz/base_link.
2026-05-12 16:11:49 [53,482ms] [Warning] [omni.physx.plugin] Invalid PhysX transform detected for /World/scene_0/controllable__r1__robot_dhaboz/servo_link1.
2026-05-12 16:11:49 [53,482ms] [Warning] [omni.physx.plugin] Invalid PhysX transform detected for /World/scene_0/controllable__r1__robot_dhaboz/servo_link2.
2026-05-12 16:11:49 [53,482ms] [Warning] [omni.physx.plugin] Invalid PhysX transform detected for /World/scene_0/controllable__r1__robot_dhaboz/servo_link3.
2026-05-12 16:11:49 [53,482ms] [Warning] [omni.physx.plugin] Invalid PhysX transform detected for /World/scene_0/controllable__r1__robot_dhaboz/torso_link1.
2026-05-12 16:11:49 [53,482ms] [Warning] [omni.physx.plugin] Invalid PhysX transform detected for /World/scene_0/controllable__r1__robot_dhaboz/wheel_link1.
2026-05-12 16:11:49 [53,482ms] [Warning] [omni.physx.plugin] Invalid PhysX transform detected for /World/scene_0/controllable__r1__robot_dhaboz/wheel_link2.
2026-05-12 16:11:49 [53,482ms] [Warning] [omni.physx.plugin] Invalid PhysX transform detected for /World/scene_0/controllable__r1__robot_dhaboz/wheel_link3.
2026-05-12 16:11:49 [53,482ms] [Warning] [omni.physx.plugin] Invalid PhysX transform detected for /World/scene_0/controllable__r1__robot_dhaboz/torso_link2.
2026-05-12 16:11:49 [53,482ms] [Warning] [omni.physx.plugin] Invalid PhysX transform detected for /World/scene_0/controllable__r1__robot_dhaboz/torso_link3.
2026-05-12 16:11:49 [53,482ms] [Warning] [omni.physx.plugin] Invalid PhysX transform detected for /World/scene_0/controllable__r1__robot_dhaboz/torso_link4.
2026-05-12 16:11:49 [53,482ms] [Warning] [omni.physx.plugin] Invalid PhysX transform detected for /World/scene_0/controllable__r1__robot_dhaboz/left_arm_link1.
2026-05-12 16:11:49 [53,482ms] [Warning] [omni.physx.plugin] Invalid PhysX transform detected for /World/scene_0/controllable__r1__robot_dhaboz/right_arm_link1.
2026-05-12 16:11:49 [53,482ms] [Warning] [omni.physx.plugin] Invalid PhysX transform detected for /World/scene_0/controllable__r1__robot_dhaboz/eyes.
2026-05-12 16:11:49 [53,482ms] [Warning] [omni.physx.plugin] Invalid PhysX transform detected for /World/scene_0/controllable__r1__robot_dhaboz/left_arm_link2.
2026-05-12 16:11:49 [53,482ms] [Warning] [omni.physx.plugin] Invalid PhysX transform detected for /World/scene_0/controllable__r1__robot_dhaboz/right_arm_link2.
2026-05-12 16:11:49 [53,482ms] [Warning] [omni.physx.plugin] Invalid PhysX transform detected for /World/scene_0/controllable__r1__robot_dhaboz/left_arm_link3.
2026-05-12 16:11:49 [53,482ms] [Warning] [omni.physx.plugin] Invalid PhysX transform detected for /World/scene_0/controllable__r1__robot_dhaboz/right_arm_link3.
2026-05-12 16:11:49 [53,482ms] [Warning] [omni.physx.plugin] Invalid PhysX transform detected for /World/scene_0/controllable__r1__robot_dhaboz/left_arm_link4.
2026-05-12 16:11:49 [53,482ms] [Warning] [omni.physx.plugin] Invalid PhysX transform detected for /World/scene_0/controllable__r1__robot_dhaboz/right_arm_link4.
2026-05-12 16:11:49 [53,482ms] [Warning] [omni.physx.plugin] Invalid PhysX transform detected for /World/scene_0/controllable__r1__robot_dhaboz/left_arm_link5.
2026-05-12 16:11:49 [53,482ms] [Warning] [omni.physx.plugin] Invalid PhysX transform detected for /World/scene_0/controllable__r1__robot_dhaboz/right_arm_link5.
2026-05-12 16:11:49 [53,482ms] [Warning] [omni.physx.plugin] Invalid PhysX transform detected for /World/scene_0/controllable__r1__robot_dhaboz/left_arm_link6.
2026-05-12 16:11:49 [53,482ms] [Warning] [omni.physx.plugin] Invalid PhysX transform detected for /World/scene_0/controllable__r1__robot_dhaboz/right_arm_link6.
2026-05-12 16:11:49 [53,482ms] [Warning] [omni.physx.plugin] Invalid PhysX transform detected for /World/scene_0/controllable__r1__robot_dhaboz/left_gripper_link1.
2026-05-12 16:11:49 [53,482ms] [Warning] [omni.physx.plugin] Invalid PhysX transform detected for /World/scene_0/controllable__r1__robot_dhaboz/left_gripper_link2.
2026-05-12 16:11:49 [53,482ms] [Warning] [omni.physx.plugin] Invalid PhysX transform detected for /World/scene_0/controllable__r1__robot_dhaboz/left_eef_link.
2026-05-12 16:11:49 [53,482ms] [Warning] [omni.physx.plugin] Invalid PhysX transform detected for /World/scene_0/controllable__r1__robot_dhaboz/right_gripper_link1.
2026-05-12 16:11:49 [53,482ms] [Warning] [omni.physx.plugin] Invalid PhysX transform detected for /World/scene_0/controllable__r1__robot_dhaboz/right_gripper_link2.
2026-05-12 16:11:49 [53,482ms] [Warning] [omni.physx.plugin] Invalid PhysX transform detected for /World/scene_0/controllable__r1__robot_dhaboz/right_eef_link.
2026-05-12 16:11:49 [53,483ms] [Warning] [omni.physx.plugin] Invalid PhysX transform detected for /World/scene_0/cover_small_item_render_item_4175346132/base_link.
2026-05-12 16:11:49 [53,561ms] [Warning] [omni.physx.plugin] Invalid PhysX transform detected for /World/scene_0/cover_small_item_render_item_4175346132/glass.
2026-05-12 16:11:49 [53,561ms] [Warning] [omni.physx.plugin] Invalid PhysX transform detected for /World/scene_0/controllable__r1__robot_dhaboz/base_footprint_y.
2026-05-12 16:11:49 [53,561ms] [Warning] [omni.physx.plugin] Invalid PhysX transform detected for /World/scene_0/controllable__r1__robot_dhaboz/base_footprint_z.
2026-05-12 16:11:49 [53,561ms] [Warning] [omni.physx.plugin] Invalid PhysX transform detected for /World/scene_0/controllable__r1__robot_dhaboz/base_footprint_rx.
2026-05-12 16:11:49 [53,561ms] [Warning] [omni.physx.plugin] Invalid PhysX transform detected for /World/scene_0/controllable__r1__robot_dhaboz/base_footprint_ry.
2026-05-12 16:11:49 [53,561ms] [Warning] [omni.physx.plugin] Invalid PhysX transform detected for /World/scene_0/controllable__r1__robot_dhaboz/base_footprint_rz.
2026-05-12 16:11:49 [53,561ms] [Warning] [omni.physx.plugin] Invalid PhysX transform detected for /World/scene_0/controllable__r1__robot_dhaboz/base_link.
2026-05-12 16:11:49 [53,561ms] [Warning] [omni.physx.plugin] Invalid PhysX transform detected for /World/scene_0/controllable__r1__robot_dhaboz/servo_link1.
2026-05-12 16:11:49 [53,561ms] [Warning] [omni.physx.plugin] Invalid PhysX transform detected for /World/scene_0/controllable__r1__robot_dhaboz/servo_link2.
2026-05-12 16:11:49 [53,561ms] [Warning] [omni.physx.plugin] Invalid PhysX transform detected for /World/scene_0/controllable__r1__robot_dhaboz/servo_link3.
2026-05-12 16:11:49 [53,561ms] [Warning] [omni.physx.plugin] Invalid PhysX transform detected for /World/scene_0/controllable__r1__robot_dhaboz/torso_link1.
2026-05-12 16:11:49 [53,561ms] [Warning] [omni.physx.plugin] Invalid PhysX transform detected for /World/scene_0/controllable__r1__robot_dhaboz/wheel_link1.
2026-05-12 16:11:49 [53,561ms] [Warning] [omni.physx.plugin] Invalid PhysX transform detected for /World/scene_0/controllable__r1__robot_dhaboz/wheel_link2.
2026-05-12 16:11:49 [53,561ms] [Warning] [omni.physx.plugin] Invalid PhysX transform detected for /World/scene_0/controllable__r1__robot_dhaboz/wheel_link3.
2026-05-12 16:11:49 [53,561ms] [Warning] [omni.physx.plugin] Invalid PhysX transform detected for /World/scene_0/controllable__r1__robot_dhaboz/torso_link2.
2026-05-12 16:11:49 [53,561ms] [Warning] [omni.physx.plugin] Invalid PhysX transform detected for /World/scene_0/controllable__r1__robot_dhaboz/torso_link3.
2026-05-12 16:11:49 [53,561ms] [Warning] [omni.physx.plugin] Invalid PhysX transform detected for /World/scene_0/controllable__r1__robot_dhaboz/torso_link4.
2026-05-12 16:11:49 [53,561ms] [Warning] [omni.physx.plugin] Invalid PhysX transform detected for /World/scene_0/controllable__r1__robot_dhaboz/left_arm_link1.
2026-05-12 16:11:49 [53,561ms] [Warning] [omni.physx.plugin] Invalid PhysX transform detected for /World/scene_0/controllable__r1__robot_dhaboz/right_arm_link1.
2026-05-12 16:11:49 [53,561ms] [Warning] [omni.physx.plugin] Invalid PhysX transform detected for /World/scene_0/controllable__r1__robot_dhaboz/eyes.
2026-05-12 16:11:49 [53,561ms] [Warning] [omni.physx.plugin] Invalid PhysX transform detected for /World/scene_0/controllable__r1__robot_dhaboz/left_arm_link2.
2026-05-12 16:11:49 [53,561ms] [Warning] [omni.physx.plugin] Invalid PhysX transform detected for /World/scene_0/controllable__r1__robot_dhaboz/right_arm_link2.
2026-05-12 16:11:49 [53,561ms] [Warning] [omni.physx.plugin] Invalid PhysX transform detected for /World/scene_0/controllable__r1__robot_dhaboz/left_arm_link3.
2026-05-12 16:11:49 [53,561ms] [Warning] [omni.physx.plugin] Invalid PhysX transform detected for /World/scene_0/controllable__r1__robot_dhaboz/right_arm_link3.
2026-05-12 16:11:49 [53,561ms] [Warning] [omni.physx.plugin] Invalid PhysX transform detected for /World/scene_0/controllable__r1__robot_dhaboz/left_arm_link4.
2026-05-12 16:11:49 [53,561ms] [Warning] [omni.physx.plugin] Invalid PhysX transform detected for /World/scene_0/controllable__r1__robot_dhaboz/right_arm_link4.
2026-05-12 16:11:49 [53,561ms] [Warning] [omni.physx.plugin] Invalid PhysX transform detected for /World/scene_0/controllable__r1__robot_dhaboz/left_arm_link5.
2026-05-12 16:11:49 [53,561ms] [Warning] [omni.physx.plugin] Invalid PhysX transform detected for /World/scene_0/controllable__r1__robot_dhaboz/right_arm_link5.
2026-05-12 16:11:49 [53,561ms] [Warning] [omni.physx.plugin] Invalid PhysX transform detected for /World/scene_0/controllable__r1__robot_dhaboz/left_arm_link6.
2026-05-12 16:11:49 [53,561ms] [Warning] [omni.physx.plugin] Invalid PhysX transform detected for /World/scene_0/controllable__r1__robot_dhaboz/right_arm_link6.
2026-05-12 16:11:49 [53,561ms] [Warning] [omni.physx.plugin] Invalid PhysX transform detected for /World/scene_0/controllable__r1__robot_dhaboz/left_gripper_link1.
2026-05-12 16:11:49 [53,561ms] [Warning] [omni.physx.plugin] Invalid PhysX transform detected for /World/scene_0/controllable__r1__robot_dhaboz/left_gripper_link2.
2026-05-12 16:11:49 [53,561ms] [Warning] [omni.physx.plugin] Invalid PhysX transform detected for /World/scene_0/controllable__r1__robot_dhaboz/left_eef_link.
2026-05-12 16:11:49 [53,561ms] [Warning] [omni.physx.plugin] Invalid PhysX transform detected for /World/scene_0/controllable__r1__robot_dhaboz/right_gripper_link1.
2026-05-12 16:11:49 [53,561ms] [Warning] [omni.physx.plugin] Invalid PhysX transform detected for /World/scene_0/controllable__r1__robot_dhaboz/right_gripper_link2.
2026-05-12 16:11:49 [53,561ms] [Warning] [omni.physx.plugin] Invalid PhysX transform detected for /World/scene_0/controllable__r1__robot_dhaboz/right_eef_link.
2026-05-12 16:11:49 [53,561ms] [Warning] [omni.physx.plugin] Invalid PhysX transform detected for /World/scene_0/cover_small_item_render_item_4175346132/base_link.
2026-05-12 16:11:49 [53,637ms] [Warning] [omni.physx.plugin] Invalid PhysX transform detected for /World/scene_0/cover_small_item_render_item_4175346132/glass.
2026-05-12 16:11:49 [53,637ms] [Warning] [omni.physx.plugin] Invalid PhysX transform detected for /World/scene_0/controllable__r1__robot_dhaboz/base_footprint_y.
2026-05-12 16:11:49 [53,637ms] [Warning] [omni.physx.plugin] Invalid PhysX transform detected for /World/scene_0/controllable__r1__robot_dhaboz/base_footprint_z.
2026-05-12 16:11:49 [53,637ms] [Warning] [omni.physx.plugin] Invalid PhysX transform detected for /World/scene_0/controllable__r1__robot_dhaboz/base_footprint_rx.
2026-05-12 16:11:49 [53,637ms] [Warning] [omni.physx.plugin] Invalid PhysX transform detected for /World/scene_0/controllable__r1__robot_dhaboz/base_footprint_ry.
2026-05-12 16:11:49 [53,637ms] [Warning] [omni.physx.plugin] Invalid PhysX transform detected for /World/scene_0/controllable__r1__robot_dhaboz/base_footprint_rz.
2026-05-12 16:11:49 [53,637ms] [Warning] [omni.physx.plugin] Invalid PhysX transform detected for /World/scene_0/controllable__r1__robot_dhaboz/base_link.
2026-05-12 16:11:49 [53,637ms] [Warning] [omni.physx.plugin] Invalid PhysX transform detected for /World/scene_0/controllable__r1__robot_dhaboz/servo_link1.
2026-05-12 16:11:49 [53,637ms] [Warning] [omni.physx.plugin] Invalid PhysX transform detected for /World/scene_0/controllable__r1__robot_dhaboz/servo_link2.
2026-05-12 16:11:49 [53,637ms] [Warning] [omni.physx.plugin] Invalid PhysX transform detected for /World/scene_0/controllable__r1__robot_dhaboz/servo_link3.
2026-05-12 16:11:49 [53,637ms] [Warning] [omni.physx.plugin] Invalid PhysX transform detected for /World/scene_0/controllable__r1__robot_dhaboz/torso_link1.
2026-05-12 16:11:49 [53,637ms] [Warning] [omni.physx.plugin] Invalid PhysX transform detected for /World/scene_0/controllable__r1__robot_dhaboz/wheel_link1.
2026-05-12 16:11:49 [53,637ms] [Warning] [omni.physx.plugin] Invalid PhysX transform detected for /World/scene_0/controllable__r1__robot_dhaboz/wheel_link2.
2026-05-12 16:11:49 [53,637ms] [Warning] [omni.physx.plugin] Invalid PhysX transform detected for /World/scene_0/controllable__r1__robot_dhaboz/wheel_link3.
2026-05-12 16:11:49 [53,637ms] [Warning] [omni.physx.plugin] Invalid PhysX transform detected for /World/scene_0/controllable__r1__robot_dhaboz/torso_link2.
2026-05-12 16:11:49 [53,637ms] [Warning] [omni.physx.plugin] Invalid PhysX transform detected for /World/scene_0/controllable__r1__robot_dhaboz/torso_link3.
2026-05-12 16:11:49 [53,637ms] [Warning] [omni.physx.plugin] Invalid PhysX transform detected for /World/scene_0/controllable__r1__robot_dhaboz/torso_link4.
2026-05-12 16:11:49 [53,637ms] [Warning] [omni.physx.plugin] Invalid PhysX transform detected for /World/scene_0/controllable__r1__robot_dhaboz/left_arm_link1.
2026-05-12 16:11:49 [53,637ms] [Warning] [omni.physx.plugin] Invalid PhysX transform detected for /World/scene_0/controllable__r1__robot_dhaboz/right_arm_link1.
2026-05-12 16:11:49 [53,637ms] [Warning] [omni.physx.plugin] Invalid PhysX transform detected for /World/scene_0/controllable__r1__robot_dhaboz/eyes.
2026-05-12 16:11:49 [53,637ms] [Warning] [omni.physx.plugin] Invalid PhysX transform detected for /World/scene_0/controllable__r1__robot_dhaboz/left_arm_link2.
2026-05-12 16:11:49 [53,637ms] [Warning] [omni.physx.plugin] Invalid PhysX transform detected for /World/scene_0/controllable__r1__robot_dhaboz/right_arm_link2.
2026-05-12 16:11:49 [53,637ms] [Warning] [omni.physx.plugin] Invalid PhysX transform detected for /World/scene_0/controllable__r1__robot_dhaboz/left_arm_link3.
2026-05-12 16:11:49 [53,637ms] [Warning] [omni.physx.plugin] Invalid PhysX transform detected for /World/scene_0/controllable__r1__robot_dhaboz/right_arm_link3.
2026-05-12 16:11:49 [53,638ms] [Warning] [omni.physx.plugin] Invalid PhysX transform detected for /World/scene_0/controllable__r1__robot_dhaboz/left_arm_link4.
2026-05-12 16:11:49 [53,638ms] [Warning] [omni.physx.plugin] Invalid PhysX transform detected for /World/scene_0/controllable__r1__robot_dhaboz/right_arm_link4.
2026-05-12 16:11:49 [53,638ms] [Warning] [omni.physx.plugin] Invalid PhysX transform detected for /World/scene_0/controllable__r1__robot_dhaboz/left_arm_link5.
2026-05-12 16:11:49 [53,638ms] [Warning] [omni.physx.plugin] Invalid PhysX transform detected for /World/scene_0/controllable__r1__robot_dhaboz/right_arm_link5.
2026-05-12 16:11:49 [53,638ms] [Warning] [omni.physx.plugin] Invalid PhysX transform detected for /World/scene_0/controllable__r1__robot_dhaboz/left_arm_link6.
2026-05-12 16:11:49 [53,638ms] [Warning] [omni.physx.plugin] Invalid PhysX transform detected for /World/scene_0/controllable__r1__robot_dhaboz/right_arm_link6.
2026-05-12 16:11:49 [53,638ms] [Warning] [omni.physx.plugin] Invalid PhysX transform detected for /World/scene_0/controllable__r1__robot_dhaboz/left_gripper_link1.
2026-05-12 16:11:49 [53,638ms] [Warning] [omni.physx.plugin] Invalid PhysX transform detected for /World/scene_0/controllable__r1__robot_dhaboz/left_gripper_link2.
2026-05-12 16:11:49 [53,638ms] [Warning] [omni.physx.plugin] Invalid PhysX transform detected for /World/scene_0/controllable__r1__robot_dhaboz/left_eef_link.
2026-05-12 16:11:49 [53,638ms] [Warning] [omni.physx.plugin] Invalid PhysX transform detected for /World/scene_0/controllable__r1__robot_dhaboz/right_gripper_link1.
2026-05-12 16:11:49 [53,638ms] [Warning] [omni.physx.plugin] Invalid PhysX transform detected for /World/scene_0/controllable__r1__robot_dhaboz/right_gripper_link2.
2026-05-12 16:11:49 [53,638ms] [Warning] [omni.physx.plugin] Invalid PhysX transform detected for /World/scene_0/controllable__r1__robot_dhaboz/right_eef_link.
2026-05-12 16:11:49 [53,638ms] [Warning] [omni.physx.plugin] Invalid PhysX transform detected for /World/scene_0/cover_small_item_render_item_4175346132/base_link.
2026-05-12 16:11:49 [53,717ms] [Warning] [omni.physx.plugin] Invalid PhysX transform detected for /World/scene_0/cover_small_item_render_item_4175346132/glass.
2026-05-12 16:11:49 [53,718ms] [Warning] [omni.physx.plugin] Invalid PhysX transform detected for /World/scene_0/controllable__r1__robot_dhaboz/base_footprint_y.
2026-05-12 16:11:49 [53,718ms] [Warning] [omni.physx.plugin] Invalid PhysX transform detected for /World/scene_0/controllable__r1__robot_dhaboz/base_footprint_z.
2026-05-12 16:11:49 [53,718ms] [Warning] [omni.physx.plugin] Invalid PhysX transform detected for /World/scene_0/controllable__r1__robot_dhaboz/base_footprint_rx.
2026-05-12 16:11:49 [53,718ms] [Warning] [omni.physx.plugin] Invalid PhysX transform detected for /World/scene_0/controllable__r1__robot_dhaboz/base_footprint_ry.
2026-05-12 16:11:49 [53,718ms] [Warning] [omni.physx.plugin] Invalid PhysX transform detected for /World/scene_0/controllable__r1__robot_dhaboz/base_footprint_rz.
2026-05-12 16:11:49 [53,718ms] [Warning] [omni.physx.plugin] Invalid PhysX transform detected for /World/scene_0/controllable__r1__robot_dhaboz/base_link.
2026-05-12 16:11:49 [53,718ms] [Warning] [omni.physx.plugin] Invalid PhysX transform detected for /World/scene_0/controllable__r1__robot_dhaboz/servo_link1.
2026-05-12 16:11:49 [53,718ms] [Warning] [omni.physx.plugin] Invalid PhysX transform detected for /World/scene_0/controllable__r1__robot_dhaboz/servo_link2.
2026-05-12 16:11:49 [53,718ms] [Warning] [omni.physx.plugin] Invalid PhysX transform detected for /World/scene_0/controllable__r1__robot_dhaboz/servo_link3.
2026-05-12 16:11:49 [53,718ms] [Warning] [omni.physx.plugin] Invalid PhysX transform detected for /World/scene_0/controllable__r1__robot_dhaboz/torso_link1.
2026-05-12 16:11:49 [53,718ms] [Warning] [omni.physx.plugin] Invalid PhysX transform detected for /World/scene_0/controllable__r1__robot_dhaboz/wheel_link1.
2026-05-12 16:11:49 [53,718ms] [Warning] [omni.physx.plugin] Invalid PhysX transform detected for /World/scene_0/controllable__r1__robot_dhaboz/wheel_link2.
2026-05-12 16:11:49 [53,718ms] [Warning] [omni.physx.plugin] Invalid PhysX transform detected for /World/scene_0/controllable__r1__robot_dhaboz/wheel_link3.
2026-05-12 16:11:49 [53,718ms] [Warning] [omni.physx.plugin] Invalid PhysX transform detected for /World/scene_0/controllable__r1__robot_dhaboz/torso_link2.
2026-05-12 16:11:49 [53,718ms] [Warning] [omni.physx.plugin] Invalid PhysX transform detected for /World/scene_0/controllable__r1__robot_dhaboz/torso_link3.
2026-05-12 16:11:49 [53,718ms] [Warning] [omni.physx.plugin] Invalid PhysX transform detected for /World/scene_0/controllable__r1__robot_dhaboz/torso_link4.
2026-05-12 16:11:49 [53,718ms] [Warning] [omni.physx.plugin] Invalid PhysX transform detected for /World/scene_0/controllable__r1__robot_dhaboz/left_arm_link1.
2026-05-12 16:11:49 [53,718ms] [Warning] [omni.physx.plugin] Invalid PhysX transform detected for /World/scene_0/controllable__r1__robot_dhaboz/right_arm_link1.
2026-05-12 16:11:49 [53,718ms] [Warning] [omni.physx.plugin] Invalid PhysX transform detected for /World/scene_0/controllable__r1__robot_dhaboz/eyes.
2026-05-12 16:11:49 [53,718ms] [Warning] [omni.physx.plugin] Invalid PhysX transform detected for /World/scene_0/controllable__r1__robot_dhaboz/left_arm_link2.
2026-05-12 16:11:49 [53,718ms] [Warning] [omni.physx.plugin] Invalid PhysX transform detected for /World/scene_0/controllable__r1__robot_dhaboz/right_arm_link2.
2026-05-12 16:11:49 [53,718ms] [Warning] [omni.physx.plugin] Invalid PhysX transform detected for /World/scene_0/controllable__r1__robot_dhaboz/left_arm_link3.
2026-05-12 16:11:49 [53,718ms] [Warning] [omni.physx.plugin] Invalid PhysX transform detected for /World/scene_0/controllable__r1__robot_dhaboz/right_arm_link3.
2026-05-12 16:11:49 [53,718ms] [Warning] [omni.physx.plugin] Invalid PhysX transform detected for /World/scene_0/controllable__r1__robot_dhaboz/left_arm_link4.
2026-05-12 16:11:49 [53,718ms] [Warning] [omni.physx.plugin] Invalid PhysX transform detected for /World/scene_0/controllable__r1__robot_dhaboz/right_arm_link4.
2026-05-12 16:11:49 [53,718ms] [Warning] [omni.physx.plugin] Invalid PhysX transform detected for /World/scene_0/controllable__r1__robot_dhaboz/left_arm_link5.
2026-05-12 16:11:49 [53,718ms] [Warning] [omni.physx.plugin] Invalid PhysX transform detected for /World/scene_0/controllable__r1__robot_dhaboz/right_arm_link5.
2026-05-12 16:11:49 [53,718ms] [Warning] [omni.physx.plugin] Invalid PhysX transform detected for /World/scene_0/controllable__r1__robot_dhaboz/left_arm_link6.
2026-05-12 16:11:49 [53,718ms] [Warning] [omni.physx.plugin] Invalid PhysX transform detected for /World/scene_0/controllable__r1__robot_dhaboz/right_arm_link6.
2026-05-12 16:11:49 [53,718ms] [Warning] [omni.physx.plugin] Invalid PhysX transform detected for /World/scene_0/controllable__r1__robot_dhaboz/left_gripper_link1.
2026-05-12 16:11:49 [53,718ms] [Warning] [omni.physx.plugin] Invalid PhysX transform detected for /World/scene_0/controllable__r1__robot_dhaboz/left_gripper_link2.
2026-05-12 16:11:49 [53,718ms] [Warning] [omni.physx.plugin] Invalid PhysX transform detected for /World/scene_0/controllable__r1__robot_dhaboz/left_eef_link.
2026-05-12 16:11:49 [53,718ms] [Warning] [omni.physx.plugin] Invalid PhysX transform detected for /World/scene_0/controllable__r1__robot_dhaboz/right_gripper_link1.
2026-05-12 16:11:49 [53,718ms] [Warning] [omni.physx.plugin] Invalid PhysX transform detected for /World/scene_0/controllable__r1__robot_dhaboz/right_gripper_link2.
2026-05-12 16:11:49 [53,718ms] [Warning] [omni.physx.plugin] Invalid PhysX transform detected for /World/scene_0/controllable__r1__robot_dhaboz/right_eef_link.
2026-05-12 16:11:49 [53,718ms] [Warning] [omni.physx.plugin] Invalid PhysX transform detected for /World/scene_0/cover_small_item_render_item_4175346132/base_link.
2026-05-12 16:11:49 [53,795ms] [Warning] [omni.physx.plugin] Invalid PhysX transform detected for /World/scene_0/cover_small_item_render_item_4175346132/glass.
2026-05-12 16:11:49 [53,796ms] [Warning] [omni.physx.plugin] Invalid PhysX transform detected for /World/scene_0/controllable__r1__robot_dhaboz/base_footprint_y.
2026-05-12 16:11:49 [53,796ms] [Warning] [omni.physx.plugin] Invalid PhysX transform detected for /World/scene_0/controllable__r1__robot_dhaboz/base_footprint_z.
2026-05-12 16:11:49 [53,796ms] [Warning] [omni.physx.plugin] Invalid PhysX transform detected for /World/scene_0/controllable__r1__robot_dhaboz/base_footprint_rx.
2026-05-12 16:11:49 [53,796ms] [Warning] [omni.physx.plugin] Invalid PhysX transform detected for /World/scene_0/controllable__r1__robot_dhaboz/base_footprint_ry.
2026-05-12 16:11:49 [53,796ms] [Warning] [omni.physx.plugin] Invalid PhysX transform detected for /World/scene_0/controllable__r1__robot_dhaboz/base_footprint_rz.
2026-05-12 16:11:49 [53,796ms] [Warning] [omni.physx.plugin] Invalid PhysX transform detected for /World/scene_0/controllable__r1__robot_dhaboz/base_link.
2026-05-12 16:11:49 [53,796ms] [Warning] [omni.physx.plugin] Invalid PhysX transform detected for /World/scene_0/controllable__r1__robot_dhaboz/servo_link1.
2026-05-12 16:11:49 [53,796ms] [Warning] [omni.physx.plugin] Invalid PhysX transform detected for /World/scene_0/controllable__r1__robot_dhaboz/servo_link2.
2026-05-12 16:11:49 [53,796ms] [Warning] [omni.physx.plugin] Invalid PhysX transform detected for /World/scene_0/controllable__r1__robot_dhaboz/servo_link3.
2026-05-12 16:11:49 [53,796ms] [Warning] [omni.physx.plugin] Invalid PhysX transform detected for /World/scene_0/controllable__r1__robot_dhaboz/torso_link1.
2026-05-12 16:11:49 [53,796ms] [Warning] [omni.physx.plugin] Invalid PhysX transform detected for /World/scene_0/controllable__r1__robot_dhaboz/wheel_link1.
2026-05-12 16:11:49 [53,796ms] [Warning] [omni.physx.plugin] Invalid PhysX transform detected for /World/scene_0/controllable__r1__robot_dhaboz/wheel_link2.
2026-05-12 16:11:49 [53,796ms] [Warning] [omni.physx.plugin] Invalid PhysX transform detected for /World/scene_0/controllable__r1__robot_dhaboz/wheel_link3.
2026-05-12 16:11:49 [53,796ms] [Warning] [omni.physx.plugin] Invalid PhysX transform detected for /World/scene_0/controllable__r1__robot_dhaboz/torso_link2.
2026-05-12 16:11:49 [53,796ms] [Warning] [omni.physx.plugin] Invalid PhysX transform detected for /World/scene_0/controllable__r1__robot_dhaboz/torso_link3.
2026-05-12 16:11:49 [53,796ms] [Warning] [omni.physx.plugin] Invalid PhysX transform detected for /World/scene_0/controllable__r1__robot_dhaboz/torso_link4.
2026-05-12 16:11:49 [53,796ms] [Warning] [omni.physx.plugin] Invalid PhysX transform detected for /World/scene_0/controllable__r1__robot_dhaboz/left_arm_link1.
2026-05-12 16:11:49 [53,796ms] [Warning] [omni.physx.plugin] Invalid PhysX transform detected for /World/scene_0/controllable__r1__robot_dhaboz/right_arm_link1.
2026-05-12 16:11:49 [53,796ms] [Warning] [omni.physx.plugin] Invalid PhysX transform detected for /World/scene_0/controllable__r1__robot_dhaboz/eyes.
2026-05-12 16:11:49 [53,796ms] [Warning] [omni.physx.plugin] Invalid PhysX transform detected for /World/scene_0/controllable__r1__robot_dhaboz/left_arm_link2.
2026-05-12 16:11:49 [53,796ms] [Warning] [omni.physx.plugin] Invalid PhysX transform detected for /World/scene_0/controllable__r1__robot_dhaboz/right_arm_link2.
2026-05-12 16:11:49 [53,796ms] [Warning] [omni.physx.plugin] Invalid PhysX transform detected for /World/scene_0/controllable__r1__robot_dhaboz/left_arm_link3.
2026-05-12 16:11:49 [53,796ms] [Warning] [omni.physx.plugin] Invalid PhysX transform detected for /World/scene_0/controllable__r1__robot_dhaboz/right_arm_link3.
2026-05-12 16:11:49 [53,796ms] [Warning] [omni.physx.plugin] Invalid PhysX transform detected for /World/scene_0/controllable__r1__robot_dhaboz/left_arm_link4.
2026-05-12 16:11:49 [53,796ms] [Warning] [omni.physx.plugin] Invalid PhysX transform detected for /World/scene_0/controllable__r1__robot_dhaboz/right_arm_link4.
2026-05-12 16:11:49 [53,796ms] [Warning] [omni.physx.plugin] Invalid PhysX transform detected for /World/scene_0/controllable__r1__robot_dhaboz/left_arm_link5.
2026-05-12 16:11:49 [53,796ms] [Warning] [omni.physx.plugin] Invalid PhysX transform detected for /World/scene_0/controllable__r1__robot_dhaboz/right_arm_link5.
2026-05-12 16:11:49 [53,796ms] [Warning] [omni.physx.plugin] Invalid PhysX transform detected for /World/scene_0/controllable__r1__robot_dhaboz/left_arm_link6.
2026-05-12 16:11:49 [53,796ms] [Warning] [omni.physx.plugin] Invalid PhysX transform detected for /World/scene_0/controllable__r1__robot_dhaboz/right_arm_link6.
2026-05-12 16:11:49 [53,796ms] [Warning] [omni.physx.plugin] Invalid PhysX transform detected for /World/scene_0/controllable__r1__robot_dhaboz/left_gripper_link1.
2026-05-12 16:11:49 [53,796ms] [Warning] [omni.physx.plugin] Invalid PhysX transform detected for /World/scene_0/controllable__r1__robot_dhaboz/left_gripper_link2.
2026-05-12 16:11:49 [53,796ms] [Warning] [omni.physx.plugin] Invalid PhysX transform detected for /World/scene_0/controllable__r1__robot_dhaboz/left_eef_link.
2026-05-12 16:11:49 [53,796ms] [Warning] [omni.physx.plugin] Invalid PhysX transform detected for /World/scene_0/controllable__r1__robot_dhaboz/right_gripper_link1.
2026-05-12 16:11:49 [53,796ms] [Warning] [omni.physx.plugin] Invalid PhysX transform detected for /World/scene_0/controllable__r1__robot_dhaboz/right_gripper_link2.
2026-05-12 16:11:49 [53,796ms] [Warning] [omni.physx.plugin] Invalid PhysX transform detected for /World/scene_0/controllable__r1__robot_dhaboz/right_eef_link.
2026-05-12 16:11:49 [53,796ms] [Warning] [omni.physx.plugin] Invalid PhysX transform detected for /World/scene_0/cover_small_item_render_item_4175346132/base_link.
2026-05-12 16:11:49 [53,874ms] [Warning] [omni.physx.plugin] Invalid PhysX transform detected for /World/scene_0/controllable__r1__robot_dhaboz/base_footprint_y.
2026-05-12 16:11:49 [53,875ms] [Warning] [omni.physx.plugin] Invalid PhysX transform detected for /World/scene_0/controllable__r1__robot_dhaboz/base_footprint_z.
2026-05-12 16:11:49 [53,875ms] [Warning] [omni.physx.plugin] Invalid PhysX transform detected for /World/scene_0/controllable__r1__robot_dhaboz/base_footprint_rx.
2026-05-12 16:11:49 [53,875ms] [Warning] [omni.physx.plugin] Invalid PhysX transform detected for /World/scene_0/controllable__r1__robot_dhaboz/base_footprint_ry.
2026-05-12 16:11:49 [53,875ms] [Warning] [omni.physx.plugin] Invalid PhysX transform detected for /World/scene_0/controllable__r1__robot_dhaboz/base_footprint_rz.
2026-05-12 16:11:49 [53,875ms] [Warning] [omni.physx.plugin] Invalid PhysX transform detected for /World/scene_0/controllable__r1__robot_dhaboz/base_link.
2026-05-12 16:11:49 [53,875ms] [Warning] [omni.physx.plugin] Invalid PhysX transform detected for /World/scene_0/controllable__r1__robot_dhaboz/servo_link1.
2026-05-12 16:11:49 [53,875ms] [Warning] [omni.physx.plugin] Invalid PhysX transform detected for /World/scene_0/controllable__r1__robot_dhaboz/servo_link2.
2026-05-12 16:11:49 [53,875ms] [Warning] [omni.physx.plugin] Invalid PhysX transform detected for /World/scene_0/controllable__r1__robot_dhaboz/servo_link3.
2026-05-12 16:11:49 [53,875ms] [Warning] [omni.physx.plugin] Invalid PhysX transform detected for /World/scene_0/controllable__r1__robot_dhaboz/torso_link1.
2026-05-12 16:11:49 [53,875ms] [Warning] [omni.physx.plugin] Invalid PhysX transform detected for /World/scene_0/controllable__r1__robot_dhaboz/wheel_link1.
2026-05-12 16:11:49 [53,875ms] [Warning] [omni.physx.plugin] Invalid PhysX transform detected for /World/scene_0/controllable__r1__robot_dhaboz/wheel_link2.
2026-05-12 16:11:49 [53,875ms] [Warning] [omni.physx.plugin] Invalid PhysX transform detected for /World/scene_0/controllable__r1__robot_dhaboz/wheel_link3.
2026-05-12 16:11:49 [53,875ms] [Warning] [omni.physx.plugin] Invalid PhysX transform detected for /World/scene_0/controllable__r1__robot_dhaboz/torso_link2.
2026-05-12 16:11:49 [53,875ms] [Warning] [omni.physx.plugin] Invalid PhysX transform detected for /World/scene_0/controllable__r1__robot_dhaboz/torso_link3.
2026-05-12 16:11:49 [53,875ms] [Warning] [omni.physx.plugin] Invalid PhysX transform detected for /World/scene_0/controllable__r1__robot_dhaboz/torso_link4.
2026-05-12 16:11:49 [53,875ms] [Warning] [omni.physx.plugin] Invalid PhysX transform detected for /World/scene_0/controllable__r1__robot_dhaboz/left_arm_link1.
2026-05-12 16:11:49 [53,875ms] [Warning] [omni.physx.plugin] Invalid PhysX transform detected for /World/scene_0/controllable__r1__robot_dhaboz/right_arm_link1.
2026-05-12 16:11:49 [53,875ms] [Warning] [omni.physx.plugin] Invalid PhysX transform detected for /World/scene_0/controllable__r1__robot_dhaboz/eyes.
2026-05-12 16:11:49 [53,875ms] [Warning] [omni.physx.plugin] Invalid PhysX transform detected for /World/scene_0/controllable__r1__robot_dhaboz/left_arm_link2.
2026-05-12 16:11:49 [53,875ms] [Warning] [omni.physx.plugin] Invalid PhysX transform detected for /World/scene_0/controllable__r1__robot_dhaboz/right_arm_link2.
2026-05-12 16:11:49 [53,875ms] [Warning] [omni.physx.plugin] Invalid PhysX transform detected for /World/scene_0/controllable__r1__robot_dhaboz/left_arm_link3.
2026-05-12 16:11:49 [53,875ms] [Warning] [omni.physx.plugin] Invalid PhysX transform detected for /World/scene_0/controllable__r1__robot_dhaboz/right_arm_link3.
2026-05-12 16:11:49 [53,875ms] [Warning] [omni.physx.plugin] Invalid PhysX transform detected for /World/scene_0/controllable__r1__robot_dhaboz/left_arm_link4.
2026-05-12 16:11:49 [53,875ms] [Warning] [omni.physx.plugin] Invalid PhysX transform detected for /World/scene_0/controllable__r1__robot_dhaboz/right_arm_link4.
2026-05-12 16:11:49 [53,875ms] [Warning] [omni.physx.plugin] Invalid PhysX transform detected for /World/scene_0/controllable__r1__robot_dhaboz/left_arm_link5.
2026-05-12 16:11:49 [53,875ms] [Warning] [omni.physx.plugin] Invalid PhysX transform detected for /World/scene_0/controllable__r1__robot_dhaboz/right_arm_link5.
2026-05-12 16:11:49 [53,875ms] [Warning] [omni.physx.plugin] Invalid PhysX transform detected for /World/scene_0/controllable__r1__robot_dhaboz/left_arm_link6.
2026-05-12 16:11:49 [53,875ms] [Warning] [omni.physx.plugin] Invalid PhysX transform detected for /World/scene_0/controllable__r1__robot_dhaboz/right_arm_link6.
2026-05-12 16:11:49 [53,875ms] [Warning] [omni.physx.plugin] Invalid PhysX transform detected for /World/scene_0/controllable__r1__robot_dhaboz/left_gripper_link1.
2026-05-12 16:11:49 [53,875ms] [Warning] [omni.physx.plugin] Invalid PhysX transform detected for /World/scene_0/controllable__r1__robot_dhaboz/left_gripper_link2.
2026-05-12 16:11:49 [53,875ms] [Warning] [omni.physx.plugin] Invalid PhysX transform detected for /World/scene_0/controllable__r1__robot_dhaboz/left_eef_link.
2026-05-12 16:11:49 [53,875ms] [Warning] [omni.physx.plugin] Invalid PhysX transform detected for /World/scene_0/controllable__r1__robot_dhaboz/right_gripper_link1.
2026-05-12 16:11:49 [53,875ms] [Warning] [omni.physx.plugin] Invalid PhysX transform detected for /World/scene_0/controllable__r1__robot_dhaboz/right_gripper_link2.
2026-05-12 16:11:49 [53,875ms] [Warning] [omni.physx.plugin] Invalid PhysX transform detected for /World/scene_0/controllable__r1__robot_dhaboz/right_eef_link.
2026-05-12 16:11:49 [53,953ms] [Warning] [omni.physx.plugin] Invalid PhysX transform detected for /World/scene_0/controllable__r1__robot_dhaboz/base_footprint_y.
2026-05-12 16:11:49 [53,953ms] [Warning] [omni.physx.plugin] Invalid PhysX transform detected for /World/scene_0/controllable__r1__robot_dhaboz/base_footprint_z.
2026-05-12 16:11:49 [53,953ms] [Warning] [omni.physx.plugin] Invalid PhysX transform detected for /World/scene_0/controllable__r1__robot_dhaboz/base_footprint_rx.
2026-05-12 16:11:49 [53,953ms] [Warning] [omni.physx.plugin] Invalid PhysX transform detected for /World/scene_0/controllable__r1__robot_dhaboz/base_footprint_ry.
2026-05-12 16:11:49 [53,953ms] [Warning] [omni.physx.plugin] Invalid PhysX transform detected for /World/scene_0/controllable__r1__robot_dhaboz/base_footprint_rz.
2026-05-12 16:11:49 [53,953ms] [Warning] [omni.physx.plugin] Invalid PhysX transform detected for /World/scene_0/controllable__r1__robot_dhaboz/base_link.
2026-05-12 16:11:49 [53,953ms] [Warning] [omni.physx.plugin] Invalid PhysX transform detected for /World/scene_0/controllable__r1__robot_dhaboz/servo_link1.
2026-05-12 16:11:49 [53,953ms] [Warning] [omni.physx.plugin] Invalid PhysX transform detected for /World/scene_0/controllable__r1__robot_dhaboz/servo_link2.
2026-05-12 16:11:49 [53,953ms] [Warning] [omni.physx.plugin] Invalid PhysX transform detected for /World/scene_0/controllable__r1__robot_dhaboz/servo_link3.
2026-05-12 16:11:49 [53,953ms] [Warning] [omni.physx.plugin] Invalid PhysX transform detected for /World/scene_0/controllable__r1__robot_dhaboz/torso_link1.
2026-05-12 16:11:49 [53,953ms] [Warning] [omni.physx.plugin] Invalid PhysX transform detected for /World/scene_0/controllable__r1__robot_dhaboz/wheel_link1.
2026-05-12 16:11:49 [53,953ms] [Warning] [omni.physx.plugin] Invalid PhysX transform detected for /World/scene_0/controllable__r1__robot_dhaboz/wheel_link2.
2026-05-12 16:11:49 [53,953ms] [Warning] [omni.physx.plugin] Invalid PhysX transform detected for /World/scene_0/controllable__r1__robot_dhaboz/wheel_link3.
2026-05-12 16:11:49 [53,953ms] [Warning] [omni.physx.plugin] Invalid PhysX transform detected for /World/scene_0/controllable__r1__robot_dhaboz/torso_link2.
2026-05-12 16:11:49 [53,953ms] [Warning] [omni.physx.plugin] Invalid PhysX transform detected for /World/scene_0/controllable__r1__robot_dhaboz/torso_link3.
2026-05-12 16:11:49 [53,953ms] [Warning] [omni.physx.plugin] Invalid PhysX transform detected for /World/scene_0/controllable__r1__robot_dhaboz/torso_link4.
2026-05-12 16:11:49 [53,953ms] [Warning] [omni.physx.plugin] Invalid PhysX transform detected for /World/scene_0/controllable__r1__robot_dhaboz/left_arm_link1.
2026-05-12 16:11:49 [53,953ms] [Warning] [omni.physx.plugin] Invalid PhysX transform detected for /World/scene_0/controllable__r1__robot_dhaboz/right_arm_link1.
2026-05-12 16:11:49 [53,953ms] [Warning] [omni.physx.plugin] Invalid PhysX transform detected for /World/scene_0/controllable__r1__robot_dhaboz/eyes.
2026-05-12 16:11:49 [53,953ms] [Warning] [omni.physx.plugin] Invalid PhysX transform detected for /World/scene_0/controllable__r1__robot_dhaboz/left_arm_link2.
2026-05-12 16:11:49 [53,953ms] [Warning] [omni.physx.plugin] Invalid PhysX transform detected for /World/scene_0/controllable__r1__robot_dhaboz/right_arm_link2.
2026-05-12 16:11:49 [53,953ms] [Warning] [omni.physx.plugin] Invalid PhysX transform detected for /World/scene_0/controllable__r1__robot_dhaboz/left_arm_link3.
2026-05-12 16:11:49 [53,953ms] [Warning] [omni.physx.plugin] Invalid PhysX transform detected for /World/scene_0/controllable__r1__robot_dhaboz/right_arm_link3.
2026-05-12 16:11:49 [53,953ms] [Warning] [omni.physx.plugin] Invalid PhysX transform detected for /World/scene_0/controllable__r1__robot_dhaboz/left_arm_link4.
2026-05-12 16:11:49 [53,953ms] [Warning] [omni.physx.plugin] Invalid PhysX transform detected for /World/scene_0/controllable__r1__robot_dhaboz/right_arm_link4.
2026-05-12 16:11:49 [53,953ms] [Warning] [omni.physx.plugin] Invalid PhysX transform detected for /World/scene_0/controllable__r1__robot_dhaboz/left_arm_link5.
2026-05-12 16:11:49 [53,953ms] [Warning] [omni.physx.plugin] Invalid PhysX transform detected for /World/scene_0/controllable__r1__robot_dhaboz/right_arm_link5.
2026-05-12 16:11:49 [53,953ms] [Warning] [omni.physx.plugin] Invalid PhysX transform detected for /World/scene_0/controllable__r1__robot_dhaboz/left_arm_link6.
2026-05-12 16:11:49 [53,953ms] [Warning] [omni.physx.plugin] Invalid PhysX transform detected for /World/scene_0/controllable__r1__robot_dhaboz/right_arm_link6.
2026-05-12 16:11:49 [53,953ms] [Warning] [omni.physx.plugin] Invalid PhysX transform detected for /World/scene_0/controllable__r1__robot_dhaboz/left_gripper_link1.
2026-05-12 16:11:49 [53,953ms] [Warning] [omni.physx.plugin] Invalid PhysX transform detected for /World/scene_0/controllable__r1__robot_dhaboz/left_gripper_link2.
2026-05-12 16:11:49 [53,953ms] [Warning] [omni.physx.plugin] Invalid PhysX transform detected for /World/scene_0/controllable__r1__robot_dhaboz/left_eef_link.
2026-05-12 16:11:49 [53,953ms] [Warning] [omni.physx.plugin] Invalid PhysX transform detected for /World/scene_0/controllable__r1__robot_dhaboz/right_gripper_link1.
2026-05-12 16:11:49 [53,953ms] [Warning] [omni.physx.plugin] Invalid PhysX transform detected for /World/scene_0/controllable__r1__robot_dhaboz/right_gripper_link2.
2026-05-12 16:11:49 [53,953ms] [Warning] [omni.physx.plugin] Invalid PhysX transform detected for /World/scene_0/controllable__r1__robot_dhaboz/right_eef_link.
2026-05-12 16:11:49 [54,033ms] [Warning] [omni.physx.plugin] Invalid PhysX transform detected for /World/scene_0/controllable__r1__robot_dhaboz/base_footprint_y.
2026-05-12 16:11:49 [54,033ms] [Warning] [omni.physx.plugin] Invalid PhysX transform detected for /World/scene_0/controllable__r1__robot_dhaboz/base_footprint_z.
2026-05-12 16:11:49 [54,033ms] [Warning] [omni.physx.plugin] Invalid PhysX transform detected for /World/scene_0/controllable__r1__robot_dhaboz/base_footprint_rx.
2026-05-12 16:11:49 [54,033ms] [Warning] [omni.physx.plugin] Invalid PhysX transform detected for /World/scene_0/controllable__r1__robot_dhaboz/base_footprint_ry.
2026-05-12 16:11:49 [54,033ms] [Warning] [omni.physx.plugin] Invalid PhysX transform detected for /World/scene_0/controllable__r1__robot_dhaboz/base_footprint_rz.
2026-05-12 16:11:49 [54,033ms] [Warning] [omni.physx.plugin] Invalid PhysX transform detected for /World/scene_0/controllable__r1__robot_dhaboz/base_link.
2026-05-12 16:11:49 [54,033ms] [Warning] [omni.physx.plugin] Invalid PhysX transform detected for /World/scene_0/controllable__r1__robot_dhaboz/servo_link1.
2026-05-12 16:11:49 [54,033ms] [Warning] [omni.physx.plugin] Invalid PhysX transform detected for /World/scene_0/controllable__r1__robot_dhaboz/servo_link2.
2026-05-12 16:11:49 [54,033ms] [Warning] [omni.physx.plugin] Invalid PhysX transform detected for /World/scene_0/controllable__r1__robot_dhaboz/servo_link3.
2026-05-12 16:11:49 [54,033ms] [Warning] [omni.physx.plugin] Invalid PhysX transform detected for /World/scene_0/controllable__r1__robot_dhaboz/torso_link1.
2026-05-12 16:11:49 [54,033ms] [Warning] [omni.physx.plugin] Invalid PhysX transform detected for /World/scene_0/controllable__r1__robot_dhaboz/wheel_link1.
2026-05-12 16:11:49 [54,033ms] [Warning] [omni.physx.plugin] Invalid PhysX transform detected for /World/scene_0/controllable__r1__robot_dhaboz/wheel_link2.
2026-05-12 16:11:49 [54,033ms] [Warning] [omni.physx.plugin] Invalid PhysX transform detected for /World/scene_0/controllable__r1__robot_dhaboz/wheel_link3.
2026-05-12 16:11:49 [54,033ms] [Warning] [omni.physx.plugin] Invalid PhysX transform detected for /World/scene_0/controllable__r1__robot_dhaboz/torso_link2.
2026-05-12 16:11:49 [54,033ms] [Warning] [omni.physx.plugin] Invalid PhysX transform detected for /World/scene_0/controllable__r1__robot_dhaboz/torso_link3.
2026-05-12 16:11:49 [54,033ms] [Warning] [omni.physx.plugin] Invalid PhysX transform detected for /World/scene_0/controllable__r1__robot_dhaboz/torso_link4.
2026-05-12 16:11:49 [54,033ms] [Warning] [omni.physx.plugin] Invalid PhysX transform detected for /World/scene_0/controllable__r1__robot_dhaboz/left_arm_link1.
2026-05-12 16:11:49 [54,033ms] [Warning] [omni.physx.plugin] Invalid PhysX transform detected for /World/scene_0/controllable__r1__robot_dhaboz/right_arm_link1.
2026-05-12 16:11:49 [54,033ms] [Warning] [omni.physx.plugin] Invalid PhysX transform detected for /World/scene_0/controllable__r1__robot_dhaboz/eyes.
2026-05-12 16:11:49 [54,033ms] [Warning] [omni.physx.plugin] Invalid PhysX transform detected for /World/scene_0/controllable__r1__robot_dhaboz/left_arm_link2.
2026-05-12 16:11:49 [54,033ms] [Warning] [omni.physx.plugin] Invalid PhysX transform detected for /World/scene_0/controllable__r1__robot_dhaboz/right_arm_link2.
2026-05-12 16:11:49 [54,033ms] [Warning] [omni.physx.plugin] Invalid PhysX transform detected for /World/scene_0/controllable__r1__robot_dhaboz/left_arm_link3.
2026-05-12 16:11:49 [54,033ms] [Warning] [omni.physx.plugin] Invalid PhysX transform detected for /World/scene_0/controllable__r1__robot_dhaboz/right_arm_link3.
2026-05-12 16:11:49 [54,033ms] [Warning] [omni.physx.plugin] Invalid PhysX transform detected for /World/scene_0/controllable__r1__robot_dhaboz/left_arm_link4.
2026-05-12 16:11:49 [54,033ms] [Warning] [omni.physx.plugin] Invalid PhysX transform detected for /World/scene_0/controllable__r1__robot_dhaboz/right_arm_link4.
2026-05-12 16:11:49 [54,033ms] [Warning] [omni.physx.plugin] Invalid PhysX transform detected for /World/scene_0/controllable__r1__robot_dhaboz/left_arm_link5.
2026-05-12 16:11:49 [54,033ms] [Warning] [omni.physx.plugin] Invalid PhysX transform detected for /World/scene_0/controllable__r1__robot_dhaboz/right_arm_link5.
2026-05-12 16:11:49 [54,033ms] [Warning] [omni.physx.plugin] Invalid PhysX transform detected for /World/scene_0/controllable__r1__robot_dhaboz/left_arm_link6.
2026-05-12 16:11:49 [54,033ms] [Warning] [omni.physx.plugin] Invalid PhysX transform detected for /World/scene_0/controllable__r1__robot_dhaboz/right_arm_link6.
2026-05-12 16:11:49 [54,033ms] [Warning] [omni.physx.plugin] Invalid PhysX transform detected for /World/scene_0/controllable__r1__robot_dhaboz/left_gripper_link1.
2026-05-12 16:11:49 [54,033ms] [Warning] [omni.physx.plugin] Invalid PhysX transform detected for /World/scene_0/controllable__r1__robot_dhaboz/left_gripper_link2.
2026-05-12 16:11:49 [54,033ms] [Warning] [omni.physx.plugin] Invalid PhysX transform detected for /World/scene_0/controllable__r1__robot_dhaboz/left_eef_link.
2026-05-12 16:11:49 [54,033ms] [Warning] [omni.physx.plugin] Invalid PhysX transform detected for /World/scene_0/controllable__r1__robot_dhaboz/right_gripper_link1.
2026-05-12 16:11:49 [54,033ms] [Warning] [omni.physx.plugin] Invalid PhysX transform detected for /World/scene_0/controllable__r1__robot_dhaboz/right_gripper_link2.
2026-05-12 16:11:49 [54,033ms] [Warning] [omni.physx.plugin] Invalid PhysX transform detected for /World/scene_0/controllable__r1__robot_dhaboz/right_eef_link.
2026-05-12 16:11:49 [54,111ms] [Warning] [omni.physx.plugin] Invalid PhysX transform detected for /World/scene_0/controllable__r1__robot_dhaboz/base_footprint_y.
2026-05-12 16:11:49 [54,111ms] [Warning] [omni.physx.plugin] Invalid PhysX transform detected for /World/scene_0/controllable__r1__robot_dhaboz/base_footprint_z.
2026-05-12 16:11:49 [54,111ms] [Warning] [omni.physx.plugin] Invalid PhysX transform detected for /World/scene_0/controllable__r1__robot_dhaboz/base_footprint_rx.
2026-05-12 16:11:49 [54,111ms] [Warning] [omni.physx.plugin] Invalid PhysX transform detected for /World/scene_0/controllable__r1__robot_dhaboz/base_footprint_ry.
2026-05-12 16:11:49 [54,111ms] [Warning] [omni.physx.plugin] Invalid PhysX transform detected for /World/scene_0/controllable__r1__robot_dhaboz/base_footprint_rz.
2026-05-12 16:11:49 [54,111ms] [Warning] [omni.physx.plugin] Invalid PhysX transform detected for /World/scene_0/controllable__r1__robot_dhaboz/base_link.
2026-05-12 16:11:49 [54,111ms] [Warning] [omni.physx.plugin] Invalid PhysX transform detected for /World/scene_0/controllable__r1__robot_dhaboz/servo_link1.
2026-05-12 16:11:49 [54,111ms] [Warning] [omni.physx.plugin] Invalid PhysX transform detected for /World/scene_0/controllable__r1__robot_dhaboz/servo_link2.
2026-05-12 16:11:49 [54,111ms] [Warning] [omni.physx.plugin] Invalid PhysX transform detected for /World/scene_0/controllable__r1__robot_dhaboz/servo_link3.
2026-05-12 16:11:49 [54,111ms] [Warning] [omni.physx.plugin] Invalid PhysX transform detected for /World/scene_0/controllable__r1__robot_dhaboz/torso_link1.
2026-05-12 16:11:49 [54,111ms] [Warning] [omni.physx.plugin] Invalid PhysX transform detected for /World/scene_0/controllable__r1__robot_dhaboz/wheel_link1.
2026-05-12 16:11:49 [54,111ms] [Warning] [omni.physx.plugin] Invalid PhysX transform detected for /World/scene_0/controllable__r1__robot_dhaboz/wheel_link2.
2026-05-12 16:11:49 [54,111ms] [Warning] [omni.physx.plugin] Invalid PhysX transform detected for /World/scene_0/controllable__r1__robot_dhaboz/wheel_link3.
2026-05-12 16:11:49 [54,111ms] [Warning] [omni.physx.plugin] Invalid PhysX transform detected for /World/scene_0/controllable__r1__robot_dhaboz/torso_link2.
2026-05-12 16:11:49 [54,111ms] [Warning] [omni.physx.plugin] Invalid PhysX transform detected for /World/scene_0/controllable__r1__robot_dhaboz/torso_link3.
2026-05-12 16:11:49 [54,111ms] [Warning] [omni.physx.plugin] Invalid PhysX transform detected for /World/scene_0/controllable__r1__robot_dhaboz/torso_link4.
2026-05-12 16:11:49 [54,111ms] [Warning] [omni.physx.plugin] Invalid PhysX transform detected for /World/scene_0/controllable__r1__robot_dhaboz/left_arm_link1.
2026-05-12 16:11:49 [54,111ms] [Warning] [omni.physx.plugin] Invalid PhysX transform detected for /World/scene_0/controllable__r1__robot_dhaboz/right_arm_link1.
2026-05-12 16:11:49 [54,111ms] [Warning] [omni.physx.plugin] Invalid PhysX transform detected for /World/scene_0/controllable__r1__robot_dhaboz/eyes.
2026-05-12 16:11:49 [54,111ms] [Warning] [omni.physx.plugin] Invalid PhysX transform detected for /World/scene_0/controllable__r1__robot_dhaboz/left_arm_link2.
2026-05-12 16:11:49 [54,111ms] [Warning] [omni.physx.plugin] Invalid PhysX transform detected for /World/scene_0/controllable__r1__robot_dhaboz/right_arm_link2.
2026-05-12 16:11:49 [54,111ms] [Warning] [omni.physx.plugin] Invalid PhysX transform detected for /World/scene_0/controllable__r1__robot_dhaboz/left_arm_link3.
2026-05-12 16:11:49 [54,111ms] [Warning] [omni.physx.plugin] Invalid PhysX transform detected for /World/scene_0/controllable__r1__robot_dhaboz/right_arm_link3.
2026-05-12 16:11:49 [54,111ms] [Warning] [omni.physx.plugin] Invalid PhysX transform detected for /World/scene_0/controllable__r1__robot_dhaboz/left_arm_link4.
2026-05-12 16:11:49 [54,111ms] [Warning] [omni.physx.plugin] Invalid PhysX transform detected for /World/scene_0/controllable__r1__robot_dhaboz/right_arm_link4.
2026-05-12 16:11:49 [54,111ms] [Warning] [omni.physx.plugin] Invalid PhysX transform detected for /World/scene_0/controllable__r1__robot_dhaboz/left_arm_link5.
2026-05-12 16:11:49 [54,111ms] [Warning] [omni.physx.plugin] Invalid PhysX transform detected for /World/scene_0/controllable__r1__robot_dhaboz/right_arm_link5.
2026-05-12 16:11:49 [54,111ms] [Warning] [omni.physx.plugin] Invalid PhysX transform detected for /World/scene_0/controllable__r1__robot_dhaboz/left_arm_link6.
2026-05-12 16:11:49 [54,111ms] [Warning] [omni.physx.plugin] Invalid PhysX transform detected for /World/scene_0/controllable__r1__robot_dhaboz/right_arm_link6.
2026-05-12 16:11:49 [54,111ms] [Warning] [omni.physx.plugin] Invalid PhysX transform detected for /World/scene_0/controllable__r1__robot_dhaboz/left_gripper_link1.
2026-05-12 16:11:49 [54,111ms] [Warning] [omni.physx.plugin] Invalid PhysX transform detected for /World/scene_0/controllable__r1__robot_dhaboz/left_gripper_link2.
2026-05-12 16:11:49 [54,111ms] [Warning] [omni.physx.plugin] Invalid PhysX transform detected for /World/scene_0/controllable__r1__robot_dhaboz/left_eef_link.
2026-05-12 16:11:49 [54,111ms] [Warning] [omni.physx.plugin] Invalid PhysX transform detected for /World/scene_0/controllable__r1__robot_dhaboz/right_gripper_link1.
2026-05-12 16:11:49 [54,111ms] [Warning] [omni.physx.plugin] Invalid PhysX transform detected for /World/scene_0/controllable__r1__robot_dhaboz/right_gripper_link2.
2026-05-12 16:11:49 [54,111ms] [Warning] [omni.physx.plugin] Invalid PhysX transform detected for /World/scene_0/controllable__r1__robot_dhaboz/right_eef_link.
2026-05-12 16:11:49 [54,187ms] [Warning] [omni.physx.plugin] Invalid PhysX transform detected for /World/scene_0/controllable__r1__robot_dhaboz/base_footprint_y.
2026-05-12 16:11:49 [54,187ms] [Warning] [omni.physx.plugin] Invalid PhysX transform detected for /World/scene_0/controllable__r1__robot_dhaboz/base_footprint_z.
2026-05-12 16:11:49 [54,187ms] [Warning] [omni.physx.plugin] Invalid PhysX transform detected for /World/scene_0/controllable__r1__robot_dhaboz/base_footprint_rx.
2026-05-12 16:11:49 [54,187ms] [Warning] [omni.physx.plugin] Invalid PhysX transform detected for /World/scene_0/controllable__r1__robot_dhaboz/base_footprint_ry.
2026-05-12 16:11:49 [54,187ms] [Warning] [omni.physx.plugin] Invalid PhysX transform detected for /World/scene_0/controllable__r1__robot_dhaboz/base_footprint_rz.
2026-05-12 16:11:49 [54,187ms] [Warning] [omni.physx.plugin] Invalid PhysX transform detected for /World/scene_0/controllable__r1__robot_dhaboz/base_link.
2026-05-12 16:11:49 [54,187ms] [Warning] [omni.physx.plugin] Invalid PhysX transform detected for /World/scene_0/controllable__r1__robot_dhaboz/servo_link1.
2026-05-12 16:11:49 [54,187ms] [Warning] [omni.physx.plugin] Invalid PhysX transform detected for /World/scene_0/controllable__r1__robot_dhaboz/servo_link2.
2026-05-12 16:11:49 [54,187ms] [Warning] [omni.physx.plugin] Invalid PhysX transform detected for /World/scene_0/controllable__r1__robot_dhaboz/servo_link3.
2026-05-12 16:11:49 [54,187ms] [Warning] [omni.physx.plugin] Invalid PhysX transform detected for /World/scene_0/controllable__r1__robot_dhaboz/torso_link1.
2026-05-12 16:11:49 [54,187ms] [Warning] [omni.physx.plugin] Invalid PhysX transform detected for /World/scene_0/controllable__r1__robot_dhaboz/wheel_link1.
2026-05-12 16:11:49 [54,187ms] [Warning] [omni.physx.plugin] Invalid PhysX transform detected for /World/scene_0/controllable__r1__robot_dhaboz/wheel_link2.
2026-05-12 16:11:49 [54,187ms] [Warning] [omni.physx.plugin] Invalid PhysX transform detected for /World/scene_0/controllable__r1__robot_dhaboz/wheel_link3.
2026-05-12 16:11:49 [54,188ms] [Warning] [omni.physx.plugin] Invalid PhysX transform detected for /World/scene_0/controllable__r1__robot_dhaboz/torso_link2.
2026-05-12 16:11:49 [54,188ms] [Warning] [omni.physx.plugin] Invalid PhysX transform detected for /World/scene_0/controllable__r1__robot_dhaboz/torso_link3.
2026-05-12 16:11:49 [54,188ms] [Warning] [omni.physx.plugin] Invalid PhysX transform detected for /World/scene_0/controllable__r1__robot_dhaboz/torso_link4.
2026-05-12 16:11:49 [54,188ms] [Warning] [omni.physx.plugin] Invalid PhysX transform detected for /World/scene_0/controllable__r1__robot_dhaboz/left_arm_link1.
2026-05-12 16:11:49 [54,188ms] [Warning] [omni.physx.plugin] Invalid PhysX transform detected for /World/scene_0/controllable__r1__robot_dhaboz/right_arm_link1.
2026-05-12 16:11:49 [54,188ms] [Warning] [omni.physx.plugin] Invalid PhysX transform detected for /World/scene_0/controllable__r1__robot_dhaboz/eyes.
2026-05-12 16:11:49 [54,188ms] [Warning] [omni.physx.plugin] Invalid PhysX transform detected for /World/scene_0/controllable__r1__robot_dhaboz/left_arm_link2.
2026-05-12 16:11:49 [54,188ms] [Warning] [omni.physx.plugin] Invalid PhysX transform detected for /World/scene_0/controllable__r1__robot_dhaboz/right_arm_link2.
2026-05-12 16:11:49 [54,188ms] [Warning] [omni.physx.plugin] Invalid PhysX transform detected for /World/scene_0/controllable__r1__robot_dhaboz/left_arm_link3.
2026-05-12 16:11:49 [54,188ms] [Warning] [omni.physx.plugin] Invalid PhysX transform detected for /World/scene_0/controllable__r1__robot_dhaboz/right_arm_link3.
2026-05-12 16:11:49 [54,188ms] [Warning] [omni.physx.plugin] Invalid PhysX transform detected for /World/scene_0/controllable__r1__robot_dhaboz/left_arm_link4.
2026-05-12 16:11:49 [54,188ms] [Warning] [omni.physx.plugin] Invalid PhysX transform detected for /World/scene_0/controllable__r1__robot_dhaboz/right_arm_link4.
2026-05-12 16:11:49 [54,188ms] [Warning] [omni.physx.plugin] Invalid PhysX transform detected for /World/scene_0/controllable__r1__robot_dhaboz/left_arm_link5.
2026-05-12 16:11:49 [54,188ms] [Warning] [omni.physx.plugin] Invalid PhysX transform detected for /World/scene_0/controllable__r1__robot_dhaboz/right_arm_link5.
2026-05-12 16:11:49 [54,188ms] [Warning] [omni.physx.plugin] Invalid PhysX transform detected for /World/scene_0/controllable__r1__robot_dhaboz/left_arm_link6.
2026-05-12 16:11:49 [54,188ms] [Warning] [omni.physx.plugin] Invalid PhysX transform detected for /World/scene_0/controllable__r1__robot_dhaboz/right_arm_link6.
2026-05-12 16:11:49 [54,188ms] [Warning] [omni.physx.plugin] Invalid PhysX transform detected for /World/scene_0/controllable__r1__robot_dhaboz/left_gripper_link1.
2026-05-12 16:11:49 [54,188ms] [Warning] [omni.physx.plugin] Invalid PhysX transform detected for /World/scene_0/controllable__r1__robot_dhaboz/left_gripper_link2.
2026-05-12 16:11:49 [54,188ms] [Warning] [omni.physx.plugin] Invalid PhysX transform detected for /World/scene_0/controllable__r1__robot_dhaboz/left_eef_link.
2026-05-12 16:11:49 [54,188ms] [Warning] [omni.physx.plugin] Invalid PhysX transform detected for /World/scene_0/controllable__r1__robot_dhaboz/right_gripper_link1.
2026-05-12 16:11:49 [54,188ms] [Warning] [omni.physx.plugin] Invalid PhysX transform detected for /World/scene_0/controllable__r1__robot_dhaboz/right_gripper_link2.
2026-05-12 16:11:49 [54,188ms] [Warning] [omni.physx.plugin] Invalid PhysX transform detected for /World/scene_0/controllable__r1__robot_dhaboz/right_eef_link.
2026-05-12 16:11:49 [54,264ms] [Warning] [omni.physx.plugin] Invalid PhysX transform detected for /World/scene_0/controllable__r1__robot_dhaboz/base_footprint_y.
2026-05-12 16:11:49 [54,264ms] [Warning] [omni.physx.plugin] Invalid PhysX transform detected for /World/scene_0/controllable__r1__robot_dhaboz/base_footprint_z.
2026-05-12 16:11:49 [54,264ms] [Warning] [omni.physx.plugin] Invalid PhysX transform detected for /World/scene_0/controllable__r1__robot_dhaboz/base_footprint_rx.
2026-05-12 16:11:49 [54,264ms] [Warning] [omni.physx.plugin] Invalid PhysX transform detected for /World/scene_0/controllable__r1__robot_dhaboz/base_footprint_ry.
2026-05-12 16:11:49 [54,264ms] [Warning] [omni.physx.plugin] Invalid PhysX transform detected for /World/scene_0/controllable__r1__robot_dhaboz/base_footprint_rz.
2026-05-12 16:11:49 [54,264ms] [Warning] [omni.physx.plugin] Invalid PhysX transform detected for /World/scene_0/controllable__r1__robot_dhaboz/base_link.
2026-05-12 16:11:49 [54,264ms] [Warning] [omni.physx.plugin] Invalid PhysX transform detected for /World/scene_0/controllable__r1__robot_dhaboz/servo_link1.
2026-05-12 16:11:49 [54,264ms] [Warning] [omni.physx.plugin] Invalid PhysX transform detected for /World/scene_0/controllable__r1__robot_dhaboz/servo_link2.
2026-05-12 16:11:49 [54,264ms] [Warning] [omni.physx.plugin] Invalid PhysX transform detected for /World/scene_0/controllable__r1__robot_dhaboz/servo_link3.
2026-05-12 16:11:49 [54,264ms] [Warning] [omni.physx.plugin] Invalid PhysX transform detected for /World/scene_0/controllable__r1__robot_dhaboz/torso_link1.
2026-05-12 16:11:49 [54,264ms] [Warning] [omni.physx.plugin] Invalid PhysX transform detected for /World/scene_0/controllable__r1__robot_dhaboz/wheel_link1.
2026-05-12 16:11:49 [54,264ms] [Warning] [omni.physx.plugin] Invalid PhysX transform detected for /World/scene_0/controllable__r1__robot_dhaboz/wheel_link2.
2026-05-12 16:11:49 [54,264ms] [Warning] [omni.physx.plugin] Invalid PhysX transform detected for /World/scene_0/controllable__r1__robot_dhaboz/wheel_link3.
2026-05-12 16:11:49 [54,264ms] [Warning] [omni.physx.plugin] Invalid PhysX transform detected for /World/scene_0/controllable__r1__robot_dhaboz/torso_link2.
2026-05-12 16:11:49 [54,264ms] [Warning] [omni.physx.plugin] Invalid PhysX transform detected for /World/scene_0/controllable__r1__robot_dhaboz/torso_link3.
2026-05-12 16:11:49 [54,264ms] [Warning] [omni.physx.plugin] Invalid PhysX transform detected for /World/scene_0/controllable__r1__robot_dhaboz/torso_link4.
2026-05-12 16:11:49 [54,264ms] [Warning] [omni.physx.plugin] Invalid PhysX transform detected for /World/scene_0/controllable__r1__robot_dhaboz/left_arm_link1.
2026-05-12 16:11:49 [54,264ms] [Warning] [omni.physx.plugin] Invalid PhysX transform detected for /World/scene_0/controllable__r1__robot_dhaboz/right_arm_link1.
2026-05-12 16:11:49 [54,264ms] [Warning] [omni.physx.plugin] Invalid PhysX transform detected for /World/scene_0/controllable__r1__robot_dhaboz/eyes.
2026-05-12 16:11:49 [54,264ms] [Warning] [omni.physx.plugin] Invalid PhysX transform detected for /World/scene_0/controllable__r1__robot_dhaboz/left_arm_link2.
2026-05-12 16:11:49 [54,264ms] [Warning] [omni.physx.plugin] Invalid PhysX transform detected for /World/scene_0/controllable__r1__robot_dhaboz/right_arm_link2.
2026-05-12 16:11:49 [54,264ms] [Warning] [omni.physx.plugin] Invalid PhysX transform detected for /World/scene_0/controllable__r1__robot_dhaboz/left_arm_link3.
2026-05-12 16:11:49 [54,264ms] [Warning] [omni.physx.plugin] Invalid PhysX transform detected for /World/scene_0/controllable__r1__robot_dhaboz/right_arm_link3.
2026-05-12 16:11:49 [54,264ms] [Warning] [omni.physx.plugin] Invalid PhysX transform detected for /World/scene_0/controllable__r1__robot_dhaboz/left_arm_link4.
2026-05-12 16:11:49 [54,264ms] [Warning] [omni.physx.plugin] Invalid PhysX transform detected for /World/scene_0/controllable__r1__robot_dhaboz/right_arm_link4.
2026-05-12 16:11:49 [54,264ms] [Warning] [omni.physx.plugin] Invalid PhysX transform detected for /World/scene_0/controllable__r1__robot_dhaboz/left_arm_link5.
2026-05-12 16:11:49 [54,264ms] [Warning] [omni.physx.plugin] Invalid PhysX transform detected for /World/scene_0/controllable__r1__robot_dhaboz/right_arm_link5.
2026-05-12 16:11:49 [54,264ms] [Warning] [omni.physx.plugin] Invalid PhysX transform detected for /World/scene_0/controllable__r1__robot_dhaboz/left_arm_link6.
2026-05-12 16:11:49 [54,264ms] [Warning] [omni.physx.plugin] Invalid PhysX transform detected for /World/scene_0/controllable__r1__robot_dhaboz/right_arm_link6.
2026-05-12 16:11:49 [54,264ms] [Warning] [omni.physx.plugin] Invalid PhysX transform detected for /World/scene_0/controllable__r1__robot_dhaboz/left_gripper_link1.
2026-05-12 16:11:49 [54,264ms] [Warning] [omni.physx.plugin] Invalid PhysX transform detected for /World/scene_0/controllable__r1__robot_dhaboz/left_gripper_link2.
2026-05-12 16:11:49 [54,264ms] [Warning] [omni.physx.plugin] Invalid PhysX transform detected for /World/scene_0/controllable__r1__robot_dhaboz/left_eef_link.
2026-05-12 16:11:49 [54,264ms] [Warning] [omni.physx.plugin] Invalid PhysX transform detected for /World/scene_0/controllable__r1__robot_dhaboz/right_gripper_link1.
2026-05-12 16:11:49 [54,264ms] [Warning] [omni.physx.plugin] Invalid PhysX transform detected for /World/scene_0/controllable__r1__robot_dhaboz/right_gripper_link2.
2026-05-12 16:11:49 [54,264ms] [Warning] [omni.physx.plugin] Invalid PhysX transform detected for /World/scene_0/controllable__r1__robot_dhaboz/right_eef_link.
2026-05-12 16:11:49 [54,338ms] [Warning] [omni.physx.plugin] Invalid PhysX transform detected for /World/scene_0/controllable__r1__robot_dhaboz/base_footprint_y.
2026-05-12 16:11:49 [54,338ms] [Warning] [omni.physx.plugin] Invalid PhysX transform detected for /World/scene_0/controllable__r1__robot_dhaboz/base_footprint_z.
2026-05-12 16:11:49 [54,338ms] [Warning] [omni.physx.plugin] Invalid PhysX transform detected for /World/scene_0/controllable__r1__robot_dhaboz/base_footprint_rx.
2026-05-12 16:11:49 [54,338ms] [Warning] [omni.physx.plugin] Invalid PhysX transform detected for /World/scene_0/controllable__r1__robot_dhaboz/base_footprint_ry.
2026-05-12 16:11:49 [54,338ms] [Warning] [omni.physx.plugin] Invalid PhysX transform detected for /World/scene_0/controllable__r1__robot_dhaboz/base_footprint_rz.
2026-05-12 16:11:49 [54,338ms] [Warning] [omni.physx.plugin] Invalid PhysX transform detected for /World/scene_0/controllable__r1__robot_dhaboz/base_link.
2026-05-12 16:11:49 [54,338ms] [Warning] [omni.physx.plugin] Invalid PhysX transform detected for /World/scene_0/controllable__r1__robot_dhaboz/servo_link1.
2026-05-12 16:11:49 [54,338ms] [Warning] [omni.physx.plugin] Invalid PhysX transform detected for /World/scene_0/controllable__r1__robot_dhaboz/servo_link2.
2026-05-12 16:11:49 [54,338ms] [Warning] [omni.physx.plugin] Invalid PhysX transform detected for /World/scene_0/controllable__r1__robot_dhaboz/servo_link3.
2026-05-12 16:11:49 [54,338ms] [Warning] [omni.physx.plugin] Invalid PhysX transform detected for /World/scene_0/controllable__r1__robot_dhaboz/torso_link1.
2026-05-12 16:11:49 [54,338ms] [Warning] [omni.physx.plugin] Invalid PhysX transform detected for /World/scene_0/controllable__r1__robot_dhaboz/wheel_link1.
2026-05-12 16:11:49 [54,338ms] [Warning] [omni.physx.plugin] Invalid PhysX transform detected for /World/scene_0/controllable__r1__robot_dhaboz/wheel_link2.
2026-05-12 16:11:49 [54,338ms] [Warning] [omni.physx.plugin] Invalid PhysX transform detected for /World/scene_0/controllable__r1__robot_dhaboz/wheel_link3.
2026-05-12 16:11:49 [54,338ms] [Warning] [omni.physx.plugin] Invalid PhysX transform detected for /World/scene_0/controllable__r1__robot_dhaboz/torso_link2.
2026-05-12 16:11:49 [54,338ms] [Warning] [omni.physx.plugin] Invalid PhysX transform detected for /World/scene_0/controllable__r1__robot_dhaboz/torso_link3.
2026-05-12 16:11:49 [54,338ms] [Warning] [omni.physx.plugin] Invalid PhysX transform detected for /World/scene_0/controllable__r1__robot_dhaboz/torso_link4.
2026-05-12 16:11:49 [54,338ms] [Warning] [omni.physx.plugin] Invalid PhysX transform detected for /World/scene_0/controllable__r1__robot_dhaboz/left_arm_link1.
2026-05-12 16:11:49 [54,338ms] [Warning] [omni.physx.plugin] Invalid PhysX transform detected for /World/scene_0/controllable__r1__robot_dhaboz/right_arm_link1.
2026-05-12 16:11:49 [54,338ms] [Warning] [omni.physx.plugin] Invalid PhysX transform detected for /World/scene_0/controllable__r1__robot_dhaboz/eyes.
2026-05-12 16:11:49 [54,338ms] [Warning] [omni.physx.plugin] Invalid PhysX transform detected for /World/scene_0/controllable__r1__robot_dhaboz/left_arm_link2.
2026-05-12 16:11:49 [54,338ms] [Warning] [omni.physx.plugin] Invalid PhysX transform detected for /World/scene_0/controllable__r1__robot_dhaboz/right_arm_link2.
2026-05-12 16:11:49 [54,338ms] [Warning] [omni.physx.plugin] Invalid PhysX transform detected for /World/scene_0/controllable__r1__robot_dhaboz/left_arm_link3.
2026-05-12 16:11:49 [54,338ms] [Warning] [omni.physx.plugin] Invalid PhysX transform detected for /World/scene_0/controllable__r1__robot_dhaboz/right_arm_link3.
2026-05-12 16:11:49 [54,338ms] [Warning] [omni.physx.plugin] Invalid PhysX transform detected for /World/scene_0/controllable__r1__robot_dhaboz/left_arm_link4.
2026-05-12 16:11:49 [54,338ms] [Warning] [omni.physx.plugin] Invalid PhysX transform detected for /World/scene_0/controllable__r1__robot_dhaboz/right_arm_link4.
2026-05-12 16:11:49 [54,338ms] [Warning] [omni.physx.plugin] Invalid PhysX transform detected for /World/scene_0/controllable__r1__robot_dhaboz/left_arm_link5.
2026-05-12 16:11:49 [54,338ms] [Warning] [omni.physx.plugin] Invalid PhysX transform detected for /World/scene_0/controllable__r1__robot_dhaboz/right_arm_link5.
2026-05-12 16:11:49 [54,338ms] [Warning] [omni.physx.plugin] Invalid PhysX transform detected for /World/scene_0/controllable__r1__robot_dhaboz/left_arm_link6.
2026-05-12 16:11:49 [54,338ms] [Warning] [omni.physx.plugin] Invalid PhysX transform detected for /World/scene_0/controllable__r1__robot_dhaboz/right_arm_link6.
2026-05-12 16:11:49 [54,338ms] [Warning] [omni.physx.plugin] Invalid PhysX transform detected for /World/scene_0/controllable__r1__robot_dhaboz/left_gripper_link1.
2026-05-12 16:11:49 [54,338ms] [Warning] [omni.physx.plugin] Invalid PhysX transform detected for /World/scene_0/controllable__r1__robot_dhaboz/left_gripper_link2.
2026-05-12 16:11:49 [54,338ms] [Warning] [omni.physx.plugin] Invalid PhysX transform detected for /World/scene_0/controllable__r1__robot_dhaboz/left_eef_link.
2026-05-12 16:11:49 [54,338ms] [Warning] [omni.physx.plugin] Invalid PhysX transform detected for /World/scene_0/controllable__r1__robot_dhaboz/right_gripper_link1.
2026-05-12 16:11:49 [54,338ms] [Warning] [omni.physx.plugin] Invalid PhysX transform detected for /World/scene_0/controllable__r1__robot_dhaboz/right_gripper_link2.
2026-05-12 16:11:49 [54,338ms] [Warning] [omni.physx.plugin] Invalid PhysX transform detected for /World/scene_0/controllable__r1__robot_dhaboz/right_eef_link.
2026-05-12 16:11:49 [54,338ms] [Warning] [omni.physx.plugin] Invalid PhysX transform detected for /World/scene_0/cover_small_item_render_item_4175346132/base_link.
2026-05-12 16:11:49 [54,338ms] [Warning] [omni.physx.plugin] Invalid PhysX transform detected for /World/scene_0/cover_small_item_render_item_4175346132/glass.
2026-05-12 16:11:50 [54,411ms] [Warning] [omni.physx.plugin] Invalid PhysX transform detected for /World/scene_0/controllable__r1__robot_dhaboz/base_footprint_y.
2026-05-12 16:11:50 [54,411ms] [Warning] [omni.physx.plugin] Invalid PhysX transform detected for /World/scene_0/controllable__r1__robot_dhaboz/base_footprint_z.
2026-05-12 16:11:50 [54,411ms] [Warning] [omni.physx.plugin] Invalid PhysX transform detected for /World/scene_0/controllable__r1__robot_dhaboz/base_footprint_rx.
2026-05-12 16:11:50 [54,411ms] [Warning] [omni.physx.plugin] Invalid PhysX transform detected for /World/scene_0/controllable__r1__robot_dhaboz/base_footprint_ry.
2026-05-12 16:11:50 [54,411ms] [Warning] [omni.physx.plugin] Invalid PhysX transform detected for /World/scene_0/controllable__r1__robot_dhaboz/base_footprint_rz.
2026-05-12 16:11:50 [54,411ms] [Warning] [omni.physx.plugin] Invalid PhysX transform detected for /World/scene_0/controllable__r1__robot_dhaboz/base_link.
2026-05-12 16:11:50 [54,411ms] [Warning] [omni.physx.plugin] Invalid PhysX transform detected for /World/scene_0/controllable__r1__robot_dhaboz/servo_link1.
2026-05-12 16:11:50 [54,411ms] [Warning] [omni.physx.plugin] Invalid PhysX transform detected for /World/scene_0/controllable__r1__robot_dhaboz/servo_link2.
2026-05-12 16:11:50 [54,411ms] [Warning] [omni.physx.plugin] Invalid PhysX transform detected for /World/scene_0/controllable__r1__robot_dhaboz/servo_link3.
2026-05-12 16:11:50 [54,411ms] [Warning] [omni.physx.plugin] Invalid PhysX transform detected for /World/scene_0/controllable__r1__robot_dhaboz/torso_link1.
2026-05-12 16:11:50 [54,411ms] [Warning] [omni.physx.plugin] Invalid PhysX transform detected for /World/scene_0/controllable__r1__robot_dhaboz/wheel_link1.
2026-05-12 16:11:50 [54,411ms] [Warning] [omni.physx.plugin] Invalid PhysX transform detected for /World/scene_0/controllable__r1__robot_dhaboz/wheel_link2.
2026-05-12 16:11:50 [54,411ms] [Warning] [omni.physx.plugin] Invalid PhysX transform detected for /World/scene_0/controllable__r1__robot_dhaboz/wheel_link3.
2026-05-12 16:11:50 [54,411ms] [Warning] [omni.physx.plugin] Invalid PhysX transform detected for /World/scene_0/controllable__r1__robot_dhaboz/torso_link2.
2026-05-12 16:11:50 [54,411ms] [Warning] [omni.physx.plugin] Invalid PhysX transform detected for /World/scene_0/controllable__r1__robot_dhaboz/torso_link3.
2026-05-12 16:11:50 [54,411ms] [Warning] [omni.physx.plugin] Invalid PhysX transform detected for /World/scene_0/controllable__r1__robot_dhaboz/torso_link4.
2026-05-12 16:11:50 [54,411ms] [Warning] [omni.physx.plugin] Invalid PhysX transform detected for /World/scene_0/controllable__r1__robot_dhaboz/left_arm_link1.
2026-05-12 16:11:50 [54,411ms] [Warning] [omni.physx.plugin] Invalid PhysX transform detected for /World/scene_0/controllable__r1__robot_dhaboz/right_arm_link1.
2026-05-12 16:11:50 [54,411ms] [Warning] [omni.physx.plugin] Invalid PhysX transform detected for /World/scene_0/controllable__r1__robot_dhaboz/eyes.
2026-05-12 16:11:50 [54,411ms] [Warning] [omni.physx.plugin] Invalid PhysX transform detected for /World/scene_0/controllable__r1__robot_dhaboz/left_arm_link2.
2026-05-12 16:11:50 [54,411ms] [Warning] [omni.physx.plugin] Invalid PhysX transform detected for /World/scene_0/controllable__r1__robot_dhaboz/right_arm_link2.
2026-05-12 16:11:50 [54,411ms] [Warning] [omni.physx.plugin] Invalid PhysX transform detected for /World/scene_0/controllable__r1__robot_dhaboz/left_arm_link3.
2026-05-12 16:11:50 [54,411ms] [Warning] [omni.physx.plugin] Invalid PhysX transform detected for /World/scene_0/controllable__r1__robot_dhaboz/right_arm_link3.
2026-05-12 16:11:50 [54,411ms] [Warning] [omni.physx.plugin] Invalid PhysX transform detected for /World/scene_0/controllable__r1__robot_dhaboz/left_arm_link4.
2026-05-12 16:11:50 [54,411ms] [Warning] [omni.physx.plugin] Invalid PhysX transform detected for /World/scene_0/controllable__r1__robot_dhaboz/right_arm_link4.
2026-05-12 16:11:50 [54,411ms] [Warning] [omni.physx.plugin] Invalid PhysX transform detected for /World/scene_0/controllable__r1__robot_dhaboz/left_arm_link5.
2026-05-12 16:11:50 [54,411ms] [Warning] [omni.physx.plugin] Invalid PhysX transform detected for /World/scene_0/controllable__r1__robot_dhaboz/right_arm_link5.
2026-05-12 16:11:50 [54,411ms] [Warning] [omni.physx.plugin] Invalid PhysX transform detected for /World/scene_0/controllable__r1__robot_dhaboz/left_arm_link6.
2026-05-12 16:11:50 [54,411ms] [Warning] [omni.physx.plugin] Invalid PhysX transform detected for /World/scene_0/controllable__r1__robot_dhaboz/right_arm_link6.
2026-05-12 16:11:50 [54,411ms] [Warning] [omni.physx.plugin] Invalid PhysX transform detected for /World/scene_0/controllable__r1__robot_dhaboz/left_gripper_link1.
2026-05-12 16:11:50 [54,411ms] [Warning] [omni.physx.plugin] Invalid PhysX transform detected for /World/scene_0/controllable__r1__robot_dhaboz/left_gripper_link2.
2026-05-12 16:11:50 [54,411ms] [Warning] [omni.physx.plugin] Invalid PhysX transform detected for /World/scene_0/controllable__r1__robot_dhaboz/left_eef_link.
2026-05-12 16:11:50 [54,411ms] [Warning] [omni.physx.plugin] Invalid PhysX transform detected for /World/scene_0/controllable__r1__robot_dhaboz/right_gripper_link1.
2026-05-12 16:11:50 [54,411ms] [Warning] [omni.physx.plugin] Invalid PhysX transform detected for /World/scene_0/controllable__r1__robot_dhaboz/right_gripper_link2.
2026-05-12 16:11:50 [54,411ms] [Warning] [omni.physx.plugin] Invalid PhysX transform detected for /World/scene_0/controllable__r1__robot_dhaboz/right_eef_link.
2026-05-12 16:11:50 [54,411ms] [Warning] [omni.physx.plugin] Invalid PhysX transform detected for /World/scene_0/cover_small_item_render_item_4175346132/base_link.
2026-05-12 16:11:50 [54,411ms] [Warning] [omni.physx.plugin] Invalid PhysX transform detected for /World/scene_0/cover_small_item_render_item_4175346132/glass.
2026-05-12 16:11:50 [54,484ms] [Warning] [omni.physx.plugin] Invalid PhysX transform detected for /World/scene_0/controllable__r1__robot_dhaboz/base_footprint_y.
2026-05-12 16:11:50 [54,485ms] [Warning] [omni.physx.plugin] Invalid PhysX transform detected for /World/scene_0/controllable__r1__robot_dhaboz/base_footprint_z.
2026-05-12 16:11:50 [54,485ms] [Warning] [omni.physx.plugin] Invalid PhysX transform detected for /World/scene_0/controllable__r1__robot_dhaboz/base_footprint_rx.
2026-05-12 16:11:50 [54,485ms] [Warning] [omni.physx.plugin] Invalid PhysX transform detected for /World/scene_0/controllable__r1__robot_dhaboz/base_footprint_ry.
2026-05-12 16:11:50 [54,485ms] [Warning] [omni.physx.plugin] Invalid PhysX transform detected for /World/scene_0/controllable__r1__robot_dhaboz/base_footprint_rz.
2026-05-12 16:11:50 [54,485ms] [Warning] [omni.physx.plugin] Invalid PhysX transform detected for /World/scene_0/controllable__r1__robot_dhaboz/base_link.
2026-05-12 16:11:50 [54,485ms] [Warning] [omni.physx.plugin] Invalid PhysX transform detected for /World/scene_0/controllable__r1__robot_dhaboz/servo_link1.
2026-05-12 16:11:50 [54,485ms] [Warning] [omni.physx.plugin] Invalid PhysX transform detected for /World/scene_0/controllable__r1__robot_dhaboz/servo_link2.
2026-05-12 16:11:50 [54,485ms] [Warning] [omni.physx.plugin] Invalid PhysX transform detected for /World/scene_0/controllable__r1__robot_dhaboz/servo_link3.
2026-05-12 16:11:50 [54,485ms] [Warning] [omni.physx.plugin] Invalid PhysX transform detected for /World/scene_0/controllable__r1__robot_dhaboz/torso_link1.
2026-05-12 16:11:50 [54,485ms] [Warning] [omni.physx.plugin] Invalid PhysX transform detected for /World/scene_0/controllable__r1__robot_dhaboz/wheel_link1.
2026-05-12 16:11:50 [54,485ms] [Warning] [omni.physx.plugin] Invalid PhysX transform detected for /World/scene_0/controllable__r1__robot_dhaboz/wheel_link2.
2026-05-12 16:11:50 [54,485ms] [Warning] [omni.physx.plugin] Invalid PhysX transform detected for /World/scene_0/controllable__r1__robot_dhaboz/wheel_link3.
2026-05-12 16:11:50 [54,485ms] [Warning] [omni.physx.plugin] Invalid PhysX transform detected for /World/scene_0/controllable__r1__robot_dhaboz/torso_link2.
2026-05-12 16:11:50 [54,485ms] [Warning] [omni.physx.plugin] Invalid PhysX transform detected for /World/scene_0/controllable__r1__robot_dhaboz/torso_link3.
2026-05-12 16:11:50 [54,485ms] [Warning] [omni.physx.plugin] Invalid PhysX transform detected for /World/scene_0/controllable__r1__robot_dhaboz/torso_link4.
2026-05-12 16:11:50 [54,485ms] [Warning] [omni.physx.plugin] Invalid PhysX transform detected for /World/scene_0/controllable__r1__robot_dhaboz/left_arm_link1.
2026-05-12 16:11:50 [54,485ms] [Warning] [omni.physx.plugin] Invalid PhysX transform detected for /World/scene_0/controllable__r1__robot_dhaboz/right_arm_link1.
2026-05-12 16:11:50 [54,485ms] [Warning] [omni.physx.plugin] Invalid PhysX transform detected for /World/scene_0/controllable__r1__robot_dhaboz/eyes.
2026-05-12 16:11:50 [54,485ms] [Warning] [omni.physx.plugin] Invalid PhysX transform detected for /World/scene_0/controllable__r1__robot_dhaboz/left_arm_link2.
2026-05-12 16:11:50 [54,485ms] [Warning] [omni.physx.plugin] Invalid PhysX transform detected for /World/scene_0/controllable__r1__robot_dhaboz/right_arm_link2.
2026-05-12 16:11:50 [54,485ms] [Warning] [omni.physx.plugin] Invalid PhysX transform detected for /World/scene_0/controllable__r1__robot_dhaboz/left_arm_link3.
2026-05-12 16:11:50 [54,485ms] [Warning] [omni.physx.plugin] Invalid PhysX transform detected for /World/scene_0/controllable__r1__robot_dhaboz/right_arm_link3.
2026-05-12 16:11:50 [54,485ms] [Warning] [omni.physx.plugin] Invalid PhysX transform detected for /World/scene_0/controllable__r1__robot_dhaboz/left_arm_link4.
2026-05-12 16:11:50 [54,485ms] [Warning] [omni.physx.plugin] Invalid PhysX transform detected for /World/scene_0/controllable__r1__robot_dhaboz/right_arm_link4.
2026-05-12 16:11:50 [54,485ms] [Warning] [omni.physx.plugin] Invalid PhysX transform detected for /World/scene_0/controllable__r1__robot_dhaboz/left_arm_link5.
2026-05-12 16:11:50 [54,485ms] [Warning] [omni.physx.plugin] Invalid PhysX transform detected for /World/scene_0/controllable__r1__robot_dhaboz/right_arm_link5.
2026-05-12 16:11:50 [54,485ms] [Warning] [omni.physx.plugin] Invalid PhysX transform detected for /World/scene_0/controllable__r1__robot_dhaboz/left_arm_link6.
2026-05-12 16:11:50 [54,485ms] [Warning] [omni.physx.plugin] Invalid PhysX transform detected for /World/scene_0/controllable__r1__robot_dhaboz/right_arm_link6.
2026-05-12 16:11:50 [54,485ms] [Warning] [omni.physx.plugin] Invalid PhysX transform detected for /World/scene_0/controllable__r1__robot_dhaboz/left_gripper_link1.
2026-05-12 16:11:50 [54,485ms] [Warning] [omni.physx.plugin] Invalid PhysX transform detected for /World/scene_0/controllable__r1__robot_dhaboz/left_gripper_link2.
2026-05-12 16:11:50 [54,485ms] [Warning] [omni.physx.plugin] Invalid PhysX transform detected for /World/scene_0/controllable__r1__robot_dhaboz/left_eef_link.
2026-05-12 16:11:50 [54,485ms] [Warning] [omni.physx.plugin] Invalid PhysX transform detected for /World/scene_0/controllable__r1__robot_dhaboz/right_gripper_link1.
2026-05-12 16:11:50 [54,485ms] [Warning] [omni.physx.plugin] Invalid PhysX transform detected for /World/scene_0/controllable__r1__robot_dhaboz/right_gripper_link2.
2026-05-12 16:11:50 [54,485ms] [Warning] [omni.physx.plugin] Invalid PhysX transform detected for /World/scene_0/controllable__r1__robot_dhaboz/right_eef_link.
2026-05-12 16:11:50 [54,485ms] [Warning] [omni.physx.plugin] Invalid PhysX transform detected for /World/scene_0/cover_small_item_render_item_4175346132/base_link.
2026-05-12 16:11:50 [54,485ms] [Warning] [omni.physx.plugin] Invalid PhysX transform detected for /World/scene_0/cover_small_item_render_item_4175346132/glass.
2026-05-12 16:11:50 [54,561ms] [Warning] [omni.physx.plugin] Invalid PhysX transform detected for /World/scene_0/controllable__r1__robot_dhaboz/base_footprint_y.
2026-05-12 16:11:50 [54,561ms] [Warning] [omni.physx.plugin] Invalid PhysX transform detected for /World/scene_0/controllable__r1__robot_dhaboz/base_footprint_z.
2026-05-12 16:11:50 [54,561ms] [Warning] [omni.physx.plugin] Invalid PhysX transform detected for /World/scene_0/controllable__r1__robot_dhaboz/base_footprint_rx.
2026-05-12 16:11:50 [54,561ms] [Warning] [omni.physx.plugin] Invalid PhysX transform detected for /World/scene_0/controllable__r1__robot_dhaboz/base_footprint_ry.
2026-05-12 16:11:50 [54,561ms] [Warning] [omni.physx.plugin] Invalid PhysX transform detected for /World/scene_0/controllable__r1__robot_dhaboz/base_footprint_rz.
2026-05-12 16:11:50 [54,561ms] [Warning] [omni.physx.plugin] Invalid PhysX transform detected for /World/scene_0/controllable__r1__robot_dhaboz/base_link.
2026-05-12 16:11:50 [54,561ms] [Warning] [omni.physx.plugin] Invalid PhysX transform detected for /World/scene_0/controllable__r1__robot_dhaboz/servo_link1.
2026-05-12 16:11:50 [54,561ms] [Warning] [omni.physx.plugin] Invalid PhysX transform detected for /World/scene_0/controllable__r1__robot_dhaboz/servo_link2.
2026-05-12 16:11:50 [54,561ms] [Warning] [omni.physx.plugin] Invalid PhysX transform detected for /World/scene_0/controllable__r1__robot_dhaboz/servo_link3.
2026-05-12 16:11:50 [54,561ms] [Warning] [omni.physx.plugin] Invalid PhysX transform detected for /World/scene_0/controllable__r1__robot_dhaboz/torso_link1.
2026-05-12 16:11:50 [54,561ms] [Warning] [omni.physx.plugin] Invalid PhysX transform detected for /World/scene_0/controllable__r1__robot_dhaboz/wheel_link1.
2026-05-12 16:11:50 [54,561ms] [Warning] [omni.physx.plugin] Invalid PhysX transform detected for /World/scene_0/controllable__r1__robot_dhaboz/wheel_link2.
2026-05-12 16:11:50 [54,561ms] [Warning] [omni.physx.plugin] Invalid PhysX transform detected for /World/scene_0/controllable__r1__robot_dhaboz/wheel_link3.
2026-05-12 16:11:50 [54,561ms] [Warning] [omni.physx.plugin] Invalid PhysX transform detected for /World/scene_0/controllable__r1__robot_dhaboz/torso_link2.
2026-05-12 16:11:50 [54,561ms] [Warning] [omni.physx.plugin] Invalid PhysX transform detected for /World/scene_0/controllable__r1__robot_dhaboz/torso_link3.
2026-05-12 16:11:50 [54,561ms] [Warning] [omni.physx.plugin] Invalid PhysX transform detected for /World/scene_0/controllable__r1__robot_dhaboz/torso_link4.
2026-05-12 16:11:50 [54,561ms] [Warning] [omni.physx.plugin] Invalid PhysX transform detected for /World/scene_0/controllable__r1__robot_dhaboz/left_arm_link1.
2026-05-12 16:11:50 [54,561ms] [Warning] [omni.physx.plugin] Invalid PhysX transform detected for /World/scene_0/controllable__r1__robot_dhaboz/right_arm_link1.
2026-05-12 16:11:50 [54,561ms] [Warning] [omni.physx.plugin] Invalid PhysX transform detected for /World/scene_0/controllable__r1__robot_dhaboz/eyes.
2026-05-12 16:11:50 [54,561ms] [Warning] [omni.physx.plugin] Invalid PhysX transform detected for /World/scene_0/controllable__r1__robot_dhaboz/left_arm_link2.
2026-05-12 16:11:50 [54,561ms] [Warning] [omni.physx.plugin] Invalid PhysX transform detected for /World/scene_0/controllable__r1__robot_dhaboz/right_arm_link2.
2026-05-12 16:11:50 [54,561ms] [Warning] [omni.physx.plugin] Invalid PhysX transform detected for /World/scene_0/controllable__r1__robot_dhaboz/left_arm_link3.
2026-05-12 16:11:50 [54,561ms] [Warning] [omni.physx.plugin] Invalid PhysX transform detected for /World/scene_0/controllable__r1__robot_dhaboz/right_arm_link3.
2026-05-12 16:11:50 [54,561ms] [Warning] [omni.physx.plugin] Invalid PhysX transform detected for /World/scene_0/controllable__r1__robot_dhaboz/left_arm_link4.
2026-05-12 16:11:50 [54,561ms] [Warning] [omni.physx.plugin] Invalid PhysX transform detected for /World/scene_0/controllable__r1__robot_dhaboz/right_arm_link4.
2026-05-12 16:11:50 [54,561ms] [Warning] [omni.physx.plugin] Invalid PhysX transform detected for /World/scene_0/controllable__r1__robot_dhaboz/left_arm_link5.
2026-05-12 16:11:50 [54,561ms] [Warning] [omni.physx.plugin] Invalid PhysX transform detected for /World/scene_0/controllable__r1__robot_dhaboz/right_arm_link5.
2026-05-12 16:11:50 [54,561ms] [Warning] [omni.physx.plugin] Invalid PhysX transform detected for /World/scene_0/controllable__r1__robot_dhaboz/left_arm_link6.
2026-05-12 16:11:50 [54,561ms] [Warning] [omni.physx.plugin] Invalid PhysX transform detected for /World/scene_0/controllable__r1__robot_dhaboz/right_arm_link6.
2026-05-12 16:11:50 [54,561ms] [Warning] [omni.physx.plugin] Invalid PhysX transform detected for /World/scene_0/controllable__r1__robot_dhaboz/left_gripper_link1.
2026-05-12 16:11:50 [54,561ms] [Warning] [omni.physx.plugin] Invalid PhysX transform detected for /World/scene_0/controllable__r1__robot_dhaboz/left_gripper_link2.
2026-05-12 16:11:50 [54,561ms] [Warning] [omni.physx.plugin] Invalid PhysX transform detected for /World/scene_0/controllable__r1__robot_dhaboz/left_eef_link.
2026-05-12 16:11:50 [54,561ms] [Warning] [omni.physx.plugin] Invalid PhysX transform detected for /World/scene_0/controllable__r1__robot_dhaboz/right_gripper_link1.
2026-05-12 16:11:50 [54,561ms] [Warning] [omni.physx.plugin] Invalid PhysX transform detected for /World/scene_0/controllable__r1__robot_dhaboz/right_gripper_link2.
2026-05-12 16:11:50 [54,561ms] [Warning] [omni.physx.plugin] Invalid PhysX transform detected for /World/scene_0/controllable__r1__robot_dhaboz/right_eef_link.
2026-05-12 16:11:50 [54,561ms] [Warning] [omni.physx.plugin] Invalid PhysX transform detected for /World/scene_0/cover_small_item_render_item_4175346132/base_link.
2026-05-12 16:11:50 [54,561ms] [Warning] [omni.physx.plugin] Invalid PhysX transform detected for /World/scene_0/cover_small_item_render_item_4175346132/glass.
2026-05-12 16:11:50 [54,583ms] [Warning] [omni.physx.plugin] Invalid PhysX transform detected for /World/scene_0/controllable__r1__robot_dhaboz/base_footprint_y.
2026-05-12 16:11:50 [54,583ms] [Warning] [omni.physx.plugin] Invalid PhysX transform detected for /World/scene_0/controllable__r1__robot_dhaboz/base_footprint_z.
2026-05-12 16:11:50 [54,583ms] [Warning] [omni.physx.plugin] Invalid PhysX transform detected for /World/scene_0/controllable__r1__robot_dhaboz/base_footprint_rx.
2026-05-12 16:11:50 [54,583ms] [Warning] [omni.physx.plugin] Invalid PhysX transform detected for /World/scene_0/controllable__r1__robot_dhaboz/base_footprint_ry.
2026-05-12 16:11:50 [54,583ms] [Warning] [omni.physx.plugin] Invalid PhysX transform detected for /World/scene_0/controllable__r1__robot_dhaboz/base_footprint_rz.
2026-05-12 16:11:50 [54,583ms] [Warning] [omni.physx.plugin] Invalid PhysX transform detected for /World/scene_0/controllable__r1__robot_dhaboz/base_link.
2026-05-12 16:11:50 [54,583ms] [Warning] [omni.physx.plugin] Invalid PhysX transform detected for /World/scene_0/controllable__r1__robot_dhaboz/servo_link1.
2026-05-12 16:11:50 [54,583ms] [Warning] [omni.physx.plugin] Invalid PhysX transform detected for /World/scene_0/controllable__r1__robot_dhaboz/servo_link2.
2026-05-12 16:11:50 [54,583ms] [Warning] [omni.physx.plugin] Invalid PhysX transform detected for /World/scene_0/controllable__r1__robot_dhaboz/servo_link3.
2026-05-12 16:11:50 [54,583ms] [Warning] [omni.physx.plugin] Invalid PhysX transform detected for /World/scene_0/controllable__r1__robot_dhaboz/torso_link1.
2026-05-12 16:11:50 [54,583ms] [Warning] [omni.physx.plugin] Invalid PhysX transform detected for /World/scene_0/controllable__r1__robot_dhaboz/wheel_link1.
2026-05-12 16:11:50 [54,583ms] [Warning] [omni.physx.plugin] Invalid PhysX transform detected for /World/scene_0/controllable__r1__robot_dhaboz/wheel_link2.
2026-05-12 16:11:50 [54,583ms] [Warning] [omni.physx.plugin] Invalid PhysX transform detected for /World/scene_0/controllable__r1__robot_dhaboz/wheel_link3.
2026-05-12 16:11:50 [54,583ms] [Warning] [omni.physx.plugin] Invalid PhysX transform detected for /World/scene_0/controllable__r1__robot_dhaboz/torso_link2.
2026-05-12 16:11:50 [54,583ms] [Warning] [omni.physx.plugin] Invalid PhysX transform detected for /World/scene_0/controllable__r1__robot_dhaboz/torso_link3.
2026-05-12 16:11:50 [54,583ms] [Warning] [omni.physx.plugin] Invalid PhysX transform detected for /World/scene_0/controllable__r1__robot_dhaboz/torso_link4.
2026-05-12 16:11:50 [54,583ms] [Warning] [omni.physx.plugin] Invalid PhysX transform detected for /World/scene_0/controllable__r1__robot_dhaboz/left_arm_link1.
2026-05-12 16:11:50 [54,583ms] [Warning] [omni.physx.plugin] Invalid PhysX transform detected for /World/scene_0/controllable__r1__robot_dhaboz/right_arm_link1.
2026-05-12 16:11:50 [54,583ms] [Warning] [omni.physx.plugin] Invalid PhysX transform detected for /World/scene_0/controllable__r1__robot_dhaboz/eyes.
2026-05-12 16:11:50 [54,583ms] [Warning] [omni.physx.plugin] Invalid PhysX transform detected for /World/scene_0/controllable__r1__robot_dhaboz/left_arm_link2.
2026-05-12 16:11:50 [54,583ms] [Warning] [omni.physx.plugin] Invalid PhysX transform detected for /World/scene_0/controllable__r1__robot_dhaboz/right_arm_link2.
2026-05-12 16:11:50 [54,583ms] [Warning] [omni.physx.plugin] Invalid PhysX transform detected for /World/scene_0/controllable__r1__robot_dhaboz/left_arm_link3.
2026-05-12 16:11:50 [54,583ms] [Warning] [omni.physx.plugin] Invalid PhysX transform detected for /World/scene_0/controllable__r1__robot_dhaboz/right_arm_link3.
2026-05-12 16:11:50 [54,583ms] [Warning] [omni.physx.plugin] Invalid PhysX transform detected for /World/scene_0/controllable__r1__robot_dhaboz/left_arm_link4.
2026-05-12 16:11:50 [54,583ms] [Warning] [omni.physx.plugin] Invalid PhysX transform detected for /World/scene_0/controllable__r1__robot_dhaboz/right_arm_link4.
2026-05-12 16:11:50 [54,583ms] [Warning] [omni.physx.plugin] Invalid PhysX transform detected for /World/scene_0/controllable__r1__robot_dhaboz/left_arm_link5.
2026-05-12 16:11:50 [54,583ms] [Warning] [omni.physx.plugin] Invalid PhysX transform detected for /World/scene_0/controllable__r1__robot_dhaboz/right_arm_link5.
2026-05-12 16:11:50 [54,583ms] [Warning] [omni.physx.plugin] Invalid PhysX transform detected for /World/scene_0/controllable__r1__robot_dhaboz/left_arm_link6.
2026-05-12 16:11:50 [54,583ms] [Warning] [omni.physx.plugin] Invalid PhysX transform detected for /World/scene_0/controllable__r1__robot_dhaboz/right_arm_link6.
2026-05-12 16:11:50 [54,583ms] [Warning] [omni.physx.plugin] Invalid PhysX transform detected for /World/scene_0/controllable__r1__robot_dhaboz/left_gripper_link1.
2026-05-12 16:11:50 [54,583ms] [Warning] [omni.physx.plugin] Invalid PhysX transform detected for /World/scene_0/controllable__r1__robot_dhaboz/left_gripper_link2.
2026-05-12 16:11:50 [54,583ms] [Warning] [omni.physx.plugin] Invalid PhysX transform detected for /World/scene_0/controllable__r1__robot_dhaboz/left_eef_link.
2026-05-12 16:11:50 [54,583ms] [Warning] [omni.physx.plugin] Invalid PhysX transform detected for /World/scene_0/controllable__r1__robot_dhaboz/right_gripper_link1.
2026-05-12 16:11:50 [54,583ms] [Warning] [omni.physx.plugin] Invalid PhysX transform detected for /World/scene_0/controllable__r1__robot_dhaboz/right_gripper_link2.
2026-05-12 16:11:50 [54,583ms] [Warning] [omni.physx.plugin] Invalid PhysX transform detected for /World/scene_0/controllable__r1__robot_dhaboz/right_eef_link.
2026-05-12 16:11:50 [54,583ms] [Warning] [omni.physx.plugin] Invalid PhysX transform detected for /World/scene_0/cover_small_item_render_item_4175346132/base_link.
2026-05-12 16:11:50 [54,583ms] [Warning] [omni.physx.plugin] Invalid PhysX transform detected for /World/scene_0/cover_small_item_render_item_4175346132/glass.
2026-05-12 16:11:50 [54,636ms] [Warning] [omni.physx.plugin] Invalid PhysX transform detected for /World/scene_0/controllable__r1__robot_dhaboz/base_footprint_y.
2026-05-12 16:11:50 [54,636ms] [Warning] [omni.physx.plugin] Invalid PhysX transform detected for /World/scene_0/controllable__r1__robot_dhaboz/base_footprint_z.
2026-05-12 16:11:50 [54,636ms] [Warning] [omni.physx.plugin] Invalid PhysX transform detected for /World/scene_0/controllable__r1__robot_dhaboz/base_footprint_rx.
2026-05-12 16:11:50 [54,636ms] [Warning] [omni.physx.plugin] Invalid PhysX transform detected for /World/scene_0/controllable__r1__robot_dhaboz/base_footprint_ry.
2026-05-12 16:11:50 [54,636ms] [Warning] [omni.physx.plugin] Invalid PhysX transform detected for /World/scene_0/controllable__r1__robot_dhaboz/base_footprint_rz.
2026-05-12 16:11:50 [54,636ms] [Warning] [omni.physx.plugin] Invalid PhysX transform detected for /World/scene_0/controllable__r1__robot_dhaboz/base_link.
2026-05-12 16:11:50 [54,636ms] [Warning] [omni.physx.plugin] Invalid PhysX transform detected for /World/scene_0/controllable__r1__robot_dhaboz/servo_link1.
2026-05-12 16:11:50 [54,636ms] [Warning] [omni.physx.plugin] Invalid PhysX transform detected for /World/scene_0/controllable__r1__robot_dhaboz/servo_link2.
2026-05-12 16:11:50 [54,636ms] [Warning] [omni.physx.plugin] Invalid PhysX transform detected for /World/scene_0/controllable__r1__robot_dhaboz/servo_link3.
2026-05-12 16:11:50 [54,636ms] [Warning] [omni.physx.plugin] Invalid PhysX transform detected for /World/scene_0/controllable__r1__robot_dhaboz/torso_link1.
2026-05-12 16:11:50 [54,636ms] [Warning] [omni.physx.plugin] Invalid PhysX transform detected for /World/scene_0/controllable__r1__robot_dhaboz/wheel_link1.
2026-05-12 16:11:50 [54,636ms] [Warning] [omni.physx.plugin] Invalid PhysX transform detected for /World/scene_0/controllable__r1__robot_dhaboz/wheel_link2.
2026-05-12 16:11:50 [54,636ms] [Warning] [omni.physx.plugin] Invalid PhysX transform detected for /World/scene_0/controllable__r1__robot_dhaboz/wheel_link3.
2026-05-12 16:11:50 [54,636ms] [Warning] [omni.physx.plugin] Invalid PhysX transform detected for /World/scene_0/controllable__r1__robot_dhaboz/torso_link2.
2026-05-12 16:11:50 [54,636ms] [Warning] [omni.physx.plugin] Invalid PhysX transform detected for /World/scene_0/controllable__r1__robot_dhaboz/torso_link3.
2026-05-12 16:11:50 [54,636ms] [Warning] [omni.physx.plugin] Invalid PhysX transform detected for /World/scene_0/controllable__r1__robot_dhaboz/torso_link4.
2026-05-12 16:11:50 [54,636ms] [Warning] [omni.physx.plugin] Invalid PhysX transform detected for /World/scene_0/controllable__r1__robot_dhaboz/left_arm_link1.
2026-05-12 16:11:50 [54,636ms] [Warning] [omni.physx.plugin] Invalid PhysX transform detected for /World/scene_0/controllable__r1__robot_dhaboz/right_arm_link1.
2026-05-12 16:11:50 [54,636ms] [Warning] [omni.physx.plugin] Invalid PhysX transform detected for /World/scene_0/controllable__r1__robot_dhaboz/eyes.
2026-05-12 16:11:50 [54,636ms] [Warning] [omni.physx.plugin] Invalid PhysX transform detected for /World/scene_0/controllable__r1__robot_dhaboz/left_arm_link2.
2026-05-12 16:11:50 [54,636ms] [Warning] [omni.physx.plugin] Invalid PhysX transform detected for /World/scene_0/controllable__r1__robot_dhaboz/right_arm_link2.
2026-05-12 16:11:50 [54,636ms] [Warning] [omni.physx.plugin] Invalid PhysX transform detected for /World/scene_0/controllable__r1__robot_dhaboz/left_arm_link3.
2026-05-12 16:11:50 [54,636ms] [Warning] [omni.physx.plugin] Invalid PhysX transform detected for /World/scene_0/controllable__r1__robot_dhaboz/right_arm_link3.
2026-05-12 16:11:50 [54,636ms] [Warning] [omni.physx.plugin] Invalid PhysX transform detected for /World/scene_0/controllable__r1__robot_dhaboz/left_arm_link4.
2026-05-12 16:11:50 [54,636ms] [Warning] [omni.physx.plugin] Invalid PhysX transform detected for /World/scene_0/controllable__r1__robot_dhaboz/right_arm_link4.
2026-05-12 16:11:50 [54,636ms] [Warning] [omni.physx.plugin] Invalid PhysX transform detected for /World/scene_0/controllable__r1__robot_dhaboz/left_arm_link5.
2026-05-12 16:11:50 [54,636ms] [Warning] [omni.physx.plugin] Invalid PhysX transform detected for /World/scene_0/controllable__r1__robot_dhaboz/right_arm_link5.
2026-05-12 16:11:50 [54,636ms] [Warning] [omni.physx.plugin] Invalid PhysX transform detected for /World/scene_0/controllable__r1__robot_dhaboz/left_arm_link6.
2026-05-12 16:11:50 [54,637ms] [Warning] [omni.physx.plugin] Invalid PhysX transform detected for /World/scene_0/controllable__r1__robot_dhaboz/right_arm_link6.
2026-05-12 16:11:50 [54,637ms] [Warning] [omni.physx.plugin] Invalid PhysX transform detected for /World/scene_0/controllable__r1__robot_dhaboz/left_gripper_link1.
2026-05-12 16:11:50 [54,637ms] [Warning] [omni.physx.plugin] Invalid PhysX transform detected for /World/scene_0/controllable__r1__robot_dhaboz/left_gripper_link2.
2026-05-12 16:11:50 [54,637ms] [Warning] [omni.physx.plugin] Invalid PhysX transform detected for /World/scene_0/controllable__r1__robot_dhaboz/left_eef_link.
2026-05-12 16:11:50 [54,637ms] [Warning] [omni.physx.plugin] Invalid PhysX transform detected for /World/scene_0/controllable__r1__robot_dhaboz/right_gripper_link1.
2026-05-12 16:11:50 [54,637ms] [Warning] [omni.physx.plugin] Invalid PhysX transform detected for /World/scene_0/controllable__r1__robot_dhaboz/right_gripper_link2.
2026-05-12 16:11:50 [54,637ms] [Warning] [omni.physx.plugin] Invalid PhysX transform detected for /World/scene_0/controllable__r1__robot_dhaboz/right_eef_link.
2026-05-12 16:11:50 [54,637ms] [Warning] [omni.physx.plugin] Invalid PhysX transform detected for /World/scene_0/cover_small_item_render_item_4175346132/base_link.
2026-05-12 16:11:50 [54,637ms] [Warning] [omni.physx.plugin] Invalid PhysX transform detected for /World/scene_0/cover_small_item_render_item_4175346132/glass.
2026-05-12 16:11:50 [54,639ms] [Warning] [omni.physx.plugin] Invalid PhysX transform detected for /World/scene_0/controllable__r1__robot_dhaboz/base_footprint_y.
2026-05-12 16:11:50 [54,639ms] [Warning] [omni.physx.plugin] Invalid PhysX transform detected for /World/scene_0/controllable__r1__robot_dhaboz/base_footprint_z.
2026-05-12 16:11:50 [54,639ms] [Warning] [omni.physx.plugin] Invalid PhysX transform detected for /World/scene_0/controllable__r1__robot_dhaboz/base_footprint_rx.
2026-05-12 16:11:50 [54,639ms] [Warning] [omni.physx.plugin] Invalid PhysX transform detected for /World/scene_0/controllable__r1__robot_dhaboz/base_footprint_ry.
2026-05-12 16:11:50 [54,639ms] [Warning] [omni.physx.plugin] Invalid PhysX transform detected for /World/scene_0/controllable__r1__robot_dhaboz/base_footprint_rz.
2026-05-12 16:11:50 [54,639ms] [Warning] [omni.physx.plugin] Invalid PhysX transform detected for /World/scene_0/controllable__r1__robot_dhaboz/base_link.
2026-05-12 16:11:50 [54,639ms] [Warning] [omni.physx.plugin] Invalid PhysX transform detected for /World/scene_0/controllable__r1__robot_dhaboz/servo_link1.
2026-05-12 16:11:50 [54,639ms] [Warning] [omni.physx.plugin] Invalid PhysX transform detected for /World/scene_0/controllable__r1__robot_dhaboz/servo_link2.
2026-05-12 16:11:50 [54,639ms] [Warning] [omni.physx.plugin] Invalid PhysX transform detected for /World/scene_0/controllable__r1__robot_dhaboz/servo_link3.
2026-05-12 16:11:50 [54,639ms] [Warning] [omni.physx.plugin] Invalid PhysX transform detected for /World/scene_0/controllable__r1__robot_dhaboz/torso_link1.
2026-05-12 16:11:50 [54,639ms] [Warning] [omni.physx.plugin] Invalid PhysX transform detected for /World/scene_0/controllable__r1__robot_dhaboz/wheel_link1.
2026-05-12 16:11:50 [54,639ms] [Warning] [omni.physx.plugin] Invalid PhysX transform detected for /World/scene_0/controllable__r1__robot_dhaboz/wheel_link2.
2026-05-12 16:11:50 [54,639ms] [Warning] [omni.physx.plugin] Invalid PhysX transform detected for /World/scene_0/controllable__r1__robot_dhaboz/wheel_link3.
2026-05-12 16:11:50 [54,639ms] [Warning] [omni.physx.plugin] Invalid PhysX transform detected for /World/scene_0/controllable__r1__robot_dhaboz/torso_link2.
2026-05-12 16:11:50 [54,639ms] [Warning] [omni.physx.plugin] Invalid PhysX transform detected for /World/scene_0/controllable__r1__robot_dhaboz/torso_link3.
2026-05-12 16:11:50 [54,639ms] [Warning] [omni.physx.plugin] Invalid PhysX transform detected for /World/scene_0/controllable__r1__robot_dhaboz/torso_link4.
2026-05-12 16:11:50 [54,639ms] [Warning] [omni.physx.plugin] Invalid PhysX transform detected for /World/scene_0/controllable__r1__robot_dhaboz/left_arm_link1.
2026-05-12 16:11:50 [54,639ms] [Warning] [omni.physx.plugin] Invalid PhysX transform detected for /World/scene_0/controllable__r1__robot_dhaboz/right_arm_link1.
2026-05-12 16:11:50 [54,639ms] [Warning] [omni.physx.plugin] Invalid PhysX transform detected for /World/scene_0/controllable__r1__robot_dhaboz/eyes.
2026-05-12 16:11:50 [54,639ms] [Warning] [omni.physx.plugin] Invalid PhysX transform detected for /World/scene_0/controllable__r1__robot_dhaboz/left_arm_link2.
2026-05-12 16:11:50 [54,639ms] [Warning] [omni.physx.plugin] Invalid PhysX transform detected for /World/scene_0/controllable__r1__robot_dhaboz/right_arm_link2.
2026-05-12 16:11:50 [54,639ms] [Warning] [omni.physx.plugin] Invalid PhysX transform detected for /World/scene_0/controllable__r1__robot_dhaboz/left_arm_link3.
2026-05-12 16:11:50 [54,639ms] [Warning] [omni.physx.plugin] Invalid PhysX transform detected for /World/scene_0/controllable__r1__robot_dhaboz/right_arm_link3.
2026-05-12 16:11:50 [54,639ms] [Warning] [omni.physx.plugin] Invalid PhysX transform detected for /World/scene_0/controllable__r1__robot_dhaboz/left_arm_link4.
2026-05-12 16:11:50 [54,639ms] [Warning] [omni.physx.plugin] Invalid PhysX transform detected for /World/scene_0/controllable__r1__robot_dhaboz/right_arm_link4.
2026-05-12 16:11:50 [54,639ms] [Warning] [omni.physx.plugin] Invalid PhysX transform detected for /World/scene_0/controllable__r1__robot_dhaboz/left_arm_link5.
2026-05-12 16:11:50 [54,639ms] [Warning] [omni.physx.plugin] Invalid PhysX transform detected for /World/scene_0/controllable__r1__robot_dhaboz/right_arm_link5.
2026-05-12 16:11:50 [54,639ms] [Warning] [omni.physx.plugin] Invalid PhysX transform detected for /World/scene_0/controllable__r1__robot_dhaboz/left_arm_link6.
2026-05-12 16:11:50 [54,639ms] [Warning] [omni.physx.plugin] Invalid PhysX transform detected for /World/scene_0/controllable__r1__robot_dhaboz/right_arm_link6.
2026-05-12 16:11:50 [54,639ms] [Warning] [omni.physx.plugin] Invalid PhysX transform detected for /World/scene_0/controllable__r1__robot_dhaboz/left_gripper_link1.
2026-05-12 16:11:50 [54,639ms] [Warning] [omni.physx.plugin] Invalid PhysX transform detected for /World/scene_0/controllable__r1__robot_dhaboz/left_gripper_link2.
2026-05-12 16:11:50 [54,639ms] [Warning] [omni.physx.plugin] Invalid PhysX transform detected for /World/scene_0/controllable__r1__robot_dhaboz/left_eef_link.
2026-05-12 16:11:50 [54,639ms] [Warning] [omni.physx.plugin] Invalid PhysX transform detected for /World/scene_0/controllable__r1__robot_dhaboz/right_gripper_link1.
2026-05-12 16:11:50 [54,639ms] [Warning] [omni.physx.plugin] Invalid PhysX transform detected for /World/scene_0/controllable__r1__robot_dhaboz/right_gripper_link2.
2026-05-12 16:11:50 [54,639ms] [Warning] [omni.physx.plugin] Invalid PhysX transform detected for /World/scene_0/controllable__r1__robot_dhaboz/right_eef_link.
2026-05-12 16:11:50 [54,639ms] [Warning] [omni.physx.plugin] Invalid PhysX transform detected for /World/scene_0/cover_small_item_render_item_4175346132/base_link.
2026-05-12 16:11:50 [54,639ms] [Warning] [omni.physx.plugin] Invalid PhysX transform detected for /World/scene_0/cover_small_item_render_item_4175346132/glass.
2026-05-12 16:11:50 [54,808ms] [Warning] [omni.physx.plugin] Invalid PhysX transform detected for /World/scene_0/controllable__r1__robot_dhaboz/base_footprint_y.
2026-05-12 16:11:50 [54,808ms] [Warning] [omni.physx.plugin] Invalid PhysX transform detected for /World/scene_0/controllable__r1__robot_dhaboz/base_footprint_z.
2026-05-12 16:11:50 [54,808ms] [Warning] [omni.physx.plugin] Invalid PhysX transform detected for /World/scene_0/controllable__r1__robot_dhaboz/base_footprint_rx.
2026-05-12 16:11:50 [54,808ms] [Warning] [omni.physx.plugin] Invalid PhysX transform detected for /World/scene_0/controllable__r1__robot_dhaboz/base_footprint_ry.
2026-05-12 16:11:50 [54,808ms] [Warning] [omni.physx.plugin] Invalid PhysX transform detected for /World/scene_0/controllable__r1__robot_dhaboz/base_footprint_rz.
2026-05-12 16:11:50 [54,808ms] [Warning] [omni.physx.plugin] Invalid PhysX transform detected for /World/scene_0/controllable__r1__robot_dhaboz/base_link.
2026-05-12 16:11:50 [54,808ms] [Warning] [omni.physx.plugin] Invalid PhysX transform detected for /World/scene_0/controllable__r1__robot_dhaboz/servo_link1.
2026-05-12 16:11:50 [54,808ms] [Warning] [omni.physx.plugin] Invalid PhysX transform detected for /World/scene_0/controllable__r1__robot_dhaboz/servo_link2.
2026-05-12 16:11:50 [54,808ms] [Warning] [omni.physx.plugin] Invalid PhysX transform detected for /World/scene_0/controllable__r1__robot_dhaboz/servo_link3.
2026-05-12 16:11:50 [54,808ms] [Warning] [omni.physx.plugin] Invalid PhysX transform detected for /World/scene_0/controllable__r1__robot_dhaboz/torso_link1.
2026-05-12 16:11:50 [54,808ms] [Warning] [omni.physx.plugin] Invalid PhysX transform detected for /World/scene_0/controllable__r1__robot_dhaboz/wheel_link1.
2026-05-12 16:11:50 [54,808ms] [Warning] [omni.physx.plugin] Invalid PhysX transform detected for /World/scene_0/controllable__r1__robot_dhaboz/wheel_link2.
2026-05-12 16:11:50 [54,808ms] [Warning] [omni.physx.plugin] Invalid PhysX transform detected for /World/scene_0/controllable__r1__robot_dhaboz/wheel_link3.
2026-05-12 16:11:50 [54,808ms] [Warning] [omni.physx.plugin] Invalid PhysX transform detected for /World/scene_0/controllable__r1__robot_dhaboz/torso_link2.
2026-05-12 16:11:50 [54,808ms] [Warning] [omni.physx.plugin] Invalid PhysX transform detected for /World/scene_0/controllable__r1__robot_dhaboz/torso_link3.
2026-05-12 16:11:50 [54,808ms] [Warning] [omni.physx.plugin] Invalid PhysX transform detected for /World/scene_0/controllable__r1__robot_dhaboz/torso_link4.
2026-05-12 16:11:50 [54,808ms] [Warning] [omni.physx.plugin] Invalid PhysX transform detected for /World/scene_0/controllable__r1__robot_dhaboz/left_arm_link1.
2026-05-12 16:11:50 [54,808ms] [Warning] [omni.physx.plugin] Invalid PhysX transform detected for /World/scene_0/controllable__r1__robot_dhaboz/right_arm_link1.
2026-05-12 16:11:50 [54,808ms] [Warning] [omni.physx.plugin] Invalid PhysX transform detected for /World/scene_0/controllable__r1__robot_dhaboz/eyes.
2026-05-12 16:11:50 [54,808ms] [Warning] [omni.physx.plugin] Invalid PhysX transform detected for /World/scene_0/controllable__r1__robot_dhaboz/left_arm_link2.
2026-05-12 16:11:50 [54,808ms] [Warning] [omni.physx.plugin] Invalid PhysX transform detected for /World/scene_0/controllable__r1__robot_dhaboz/right_arm_link2.
2026-05-12 16:11:50 [54,808ms] [Warning] [omni.physx.plugin] Invalid PhysX transform detected for /World/scene_0/controllable__r1__robot_dhaboz/left_arm_link3.
2026-05-12 16:11:50 [54,808ms] [Warning] [omni.physx.plugin] Invalid PhysX transform detected for /World/scene_0/controllable__r1__robot_dhaboz/right_arm_link3.
2026-05-12 16:11:50 [54,808ms] [Warning] [omni.physx.plugin] Invalid PhysX transform detected for /World/scene_0/controllable__r1__robot_dhaboz/left_arm_link4.
2026-05-12 16:11:50 [54,808ms] [Warning] [omni.physx.plugin] Invalid PhysX transform detected for /World/scene_0/controllable__r1__robot_dhaboz/right_arm_link4.
2026-05-12 16:11:50 [54,808ms] [Warning] [omni.physx.plugin] Invalid PhysX transform detected for /World/scene_0/controllable__r1__robot_dhaboz/left_arm_link5.
2026-05-12 16:11:50 [54,808ms] [Warning] [omni.physx.plugin] Invalid PhysX transform detected for /World/scene_0/controllable__r1__robot_dhaboz/right_arm_link5.
2026-05-12 16:11:50 [54,808ms] [Warning] [omni.physx.plugin] Invalid PhysX transform detected for /World/scene_0/controllable__r1__robot_dhaboz/left_arm_link6.
2026-05-12 16:11:50 [54,808ms] [Warning] [omni.physx.plugin] Invalid PhysX transform detected for /World/scene_0/controllable__r1__robot_dhaboz/right_arm_link6.
2026-05-12 16:11:50 [54,808ms] [Warning] [omni.physx.plugin] Invalid PhysX transform detected for /World/scene_0/controllable__r1__robot_dhaboz/left_gripper_link1.
2026-05-12 16:11:50 [54,808ms] [Warning] [omni.physx.plugin] Invalid PhysX transform detected for /World/scene_0/controllable__r1__robot_dhaboz/left_gripper_link2.
2026-05-12 16:11:50 [54,808ms] [Warning] [omni.physx.plugin] Invalid PhysX transform detected for /World/scene_0/controllable__r1__robot_dhaboz/left_eef_link.
2026-05-12 16:11:50 [54,808ms] [Warning] [omni.physx.plugin] Invalid PhysX transform detected for /World/scene_0/controllable__r1__robot_dhaboz/right_gripper_link1.
2026-05-12 16:11:50 [54,808ms] [Warning] [omni.physx.plugin] Invalid PhysX transform detected for /World/scene_0/controllable__r1__robot_dhaboz/right_gripper_link2.
2026-05-12 16:11:50 [54,808ms] [Warning] [omni.physx.plugin] Invalid PhysX transform detected for /World/scene_0/controllable__r1__robot_dhaboz/right_eef_link.
2026-05-12 16:11:50 [54,808ms] [Warning] [omni.physx.plugin] Invalid PhysX transform detected for /World/scene_0/cover_small_item_render_item_4175346132/base_link.
2026-05-12 16:11:50 [54,808ms] [Warning] [omni.physx.plugin] Invalid PhysX transform detected for /World/scene_0/cover_small_item_render_item_4175346132/glass.
2026-05-12 16:11:50 [54,811ms] [Warning] [omni.physx.plugin] Invalid PhysX transform detected for /World/scene_0/controllable__r1__robot_dhaboz/base_footprint_y.
2026-05-12 16:11:50 [54,811ms] [Warning] [omni.physx.plugin] Invalid PhysX transform detected for /World/scene_0/controllable__r1__robot_dhaboz/base_footprint_z.
2026-05-12 16:11:50 [54,811ms] [Warning] [omni.physx.plugin] Invalid PhysX transform detected for /World/scene_0/controllable__r1__robot_dhaboz/base_footprint_rx.
2026-05-12 16:11:50 [54,811ms] [Warning] [omni.physx.plugin] Invalid PhysX transform detected for /World/scene_0/controllable__r1__robot_dhaboz/base_footprint_ry.
2026-05-12 16:11:50 [54,812ms] [Warning] [omni.physx.plugin] Invalid PhysX transform detected for /World/scene_0/controllable__r1__robot_dhaboz/base_footprint_rz.
2026-05-12 16:11:50 [54,812ms] [Warning] [omni.physx.plugin] Invalid PhysX transform detected for /World/scene_0/controllable__r1__robot_dhaboz/base_link.
2026-05-12 16:11:50 [54,812ms] [Warning] [omni.physx.plugin] Invalid PhysX transform detected for /World/scene_0/controllable__r1__robot_dhaboz/servo_link1.
2026-05-12 16:11:50 [54,812ms] [Warning] [omni.physx.plugin] Invalid PhysX transform detected for /World/scene_0/controllable__r1__robot_dhaboz/servo_link2.
2026-05-12 16:11:50 [54,812ms] [Warning] [omni.physx.plugin] Invalid PhysX transform detected for /World/scene_0/controllable__r1__robot_dhaboz/servo_link3.
2026-05-12 16:11:50 [54,812ms] [Warning] [omni.physx.plugin] Invalid PhysX transform detected for /World/scene_0/controllable__r1__robot_dhaboz/torso_link1.
2026-05-12 16:11:50 [54,812ms] [Warning] [omni.physx.plugin] Invalid PhysX transform detected for /World/scene_0/controllable__r1__robot_dhaboz/wheel_link1.
2026-05-12 16:11:50 [54,812ms] [Warning] [omni.physx.plugin] Invalid PhysX transform detected for /World/scene_0/controllable__r1__robot_dhaboz/wheel_link2.
2026-05-12 16:11:50 [54,812ms] [Warning] [omni.physx.plugin] Invalid PhysX transform [33m[00:00:58.323] [WARNING] [omnigibson.objects.object_base] An object's articulation root API was changed while simulation is playing. This may cause issues.[0m
detected for /World/scene_0/controllable__r1__robot_dhaboz/wheel_link3.
2026-05-12 16:11:50 [54,812ms] [Warning] [omni.physx.plugin] Invalid PhysX transform detected for /World/scene_0/controllable__r1__robot_dhaboz/torso_link2.
2026-05-12 16:11:50 [54,812ms] [Warning] [omni.physx.plugin] Invalid PhysX transform detected for /World/scene_0/controllable__r1__robot_dhaboz/torso_link3.
2026-05-12 16:11:50 [54,812ms] [Warning] [omni.physx.plugin] Invalid PhysX transform detected for /World/scene_0/controllable__r1__robot_dhaboz/torso_link4.
2026-05-12 16:11:50 [54,812ms] [Warning] [omni.physx.plugin] Invalid PhysX transform detected for /World/scene_0/controllable__r1__robot_dhaboz/left_arm_link1.
2026-05-12 16:11:50 [54,812ms] [Warning] [omni.physx.plugin] Invalid PhysX transform detected for /World/scene_0/controllable__r1__robot_dhaboz/right_arm_link1.
2026-05-12 16:11:50 [54,812ms] [Warning] [omni.physx.plugin] Invalid PhysX transform detected for /World/scene_0/controllable__r1__robot_dhaboz/eyes.
2026-05-12 16:11:50 [54,812ms] [Warning] [omni.physx.plugin] Invalid PhysX transform detected for /World/scene_0/controllable__r1__robot_dhaboz/left_arm_link2.
2026-05-12 16:11:50 [54,812ms] [Warning] [omni.physx.plugin] Invalid PhysX transform detected for /World/scene_0/controllable__r1__robot_dhaboz/right_arm_link2.
2026-05-12 16:11:50 [54,812ms] [Warning] [omni.physx.plugin] Invalid PhysX transform detected for /World/scene_0/controllable__r1__robot_dhaboz/left_arm_link3.
2026-05-12 16:11:50 [54,812ms] [Warning] [omni.physx.plugin] Invalid PhysX transform detected for /World/scene_0/controllable__r1__robot_dhaboz/right_arm_link3.
2026-05-12 16:11:50 [54,812ms] [Warning] [omni.physx.plugin] Invalid PhysX transform detected for /World/scene_0/controllable__r1__robot_dhaboz/left_arm_link4.
2026-05-12 16:11:50 [54,812ms] [Warning] [omni.physx.plugin] Invalid PhysX transform detected for /World/scene_0/controllable__r1__robot_dhaboz/right_arm_link4.
2026-05-12 16:11:50 [54,812ms] [Warning] [omni.physx.plugin] Invalid PhysX transform detected for /World/scene_0/controllable__r1__robot_dhaboz/left_arm_link5.
2026-05-12 16:11:50 [54,812ms] [Warning] [omni.physx.plugin] Invalid PhysX transform detected for /World/scene_0/controllable__r1__robot_dhaboz/right_arm_link5.
2026-05-12 16:11:50 [54,812ms] [Warning] [omni.physx.plugin] Invalid PhysX transform detected for /World/scene_0/controllable__r1__robot_dhaboz/left_arm_link6.
2026-05-12 16:11:50 [54,812ms] [Warning] [omni.physx.plugin] Invalid PhysX transform detected for /World/scene_0/controllable__r1__robot_dhaboz/right_arm_link6.
2026-05-12 16:11:50 [54,812ms] [Warning] [omni.physx.plugin] Invalid PhysX transform detected for /World/scene_0/controllable__r1__robot_dhaboz/left_gripper_link1.
2026-05-12 16:11:50 [54,812ms] [Warning] [omni.physx.plugin] Invalid PhysX transform detected for /World/scene_0/controllable__r1__robot_dhaboz/left_gripper_link2.
2026-05-12 16:11:50 [54,812ms] [Warning] [omni.physx.plugin] Invalid PhysX transform detected for /World/scene_0/controllable__r1__robot_dhaboz/left_eef_link.
2026-05-12 16:11:50 [54,812ms] [Warning] [omni.physx.plugin] Invalid PhysX transform detected for /World/scene_0/controllable__r1__robot_dhaboz/right_gripper_link1.
2026-05-12 16:11:50 [54,812ms] [Warning] [omni.physx.plugin] Invalid PhysX transform detected for /World/scene_0/controllable__r1__robot_dhaboz/right_gripper_link2.
2026-05-12 16:11:50 [54,812ms] [Warning] [omni.physx.plugin] Invalid PhysX transform detected for /World/scene_0/controllable__r1__robot_dhaboz/right_eef_link.
2026-05-12 16:11:50 [54,812ms] [Warning] [omni.physx.plugin] Invalid PhysX transform detected for /World/scene_0/cover_small_item_render_item_4175346132/base_link.
2026-05-12 16:11:50 [54,812ms] [Warning] [omni.physx.plugin] Invalid PhysX transform detected for /World/scene_0/cover_small_item_render_item_4175346132/glass.
2026-05-12 16:11:50 [54,815ms] [Warning] [omnigibson.objects.object_base] An object's articulation root API was changed while simulation is playing. This may cause issues.
2026-05-12 16:11:50 [55,173ms] [Warning] [omni.physx.plugin] Invalid PhysX transform detected for /World/scene_0/controllable__r1__robot_dhaboz/base_footprint_y.
2026-05-12 16:11:50 [55,174ms] [Warning] [omni.physx.plugin] Invalid PhysX transform detected for /World/scene_0/controllable__r1__robot_dhaboz/base_footprint_z.
2026-05-12 16:11:50 [55,174ms] [Warning] [omni.physx.plugin] Invalid PhysX transform detected for /World/scene_0/controllable__r1__robot_dhaboz/base_footprint_rx.
2026-05-12 16:11:50 [55,174ms] [Warning] [omni.physx.plugin] Invalid PhysX transform detected for /World/scene_0/controllable__r1__robot_dhaboz/base_footprint_ry.
2026-05-12 16:11:50 [55,174ms] [Warning] [omni.physx.plugin] Invalid PhysX transform detected for /World/scene_0/controllable__r1__robot_dhaboz/base_footprint_rz.
2026-05-12 16:11:50 [55,174ms] [Warning] [omni.physx.plugin] Invalid PhysX transform detected for /World/scene_0/controllable__r1__robot_dhaboz/base_link.
2026-05-12 16:11:50 [55,174ms] [Warning] [omni.physx.plugin] Invalid PhysX transform detected for /World/scene_0/controllable__r1__robot_dhaboz/servo_link1.
2026-05-12 16:11:50 [55,174ms] [Warning] [omni.physx.plugin] Invalid PhysX transform detected for /World/scene_0/controllable__r1__robot_dhaboz/servo_link2.
2026-05-12 16:11:50 [55,174ms] [Warning] [omni.physx.plugin] Invalid PhysX transform detected for /World/scene_0/controllable__r1__robot_dhaboz/servo_link3.
2026-05-12 16:11:50 [55,174ms] [Warning] [omni.physx.plugin] Invalid PhysX transform detected for /World/scene_0/controllable__r1__robot_dhaboz/torso_link1.
2026-05-12 16:11:50 [55,174ms] [Warning] [omni.physx.plugin] Invalid PhysX transform detected for /World/scene_0/controllable__r1__robot_dhaboz/wheel_link1.
2026-05-12 16:11:50 [55,174ms] [Warning] [omni.physx.plugin] Invalid PhysX transform detected for /World/scene_0/controllable__r1__robot_dhaboz/wheel_link2.
2026-05-12 16:11:50 [55,174ms] [Warning] [omni.physx.plugin] Invalid PhysX transform detected for /World/scene_0/controllable__r1__robot_dhaboz/wheel_link3.
2026-05-12 16:11:50 [55,174ms] [Warning] [omni.physx.plugin] Invalid PhysX transform detected for /World/scene_0/controllable__r1__robot_dhaboz/torso_link2.
2026-05-12 16:11:50 [55,174ms] [Warning] [omni.physx.plugin] Invalid PhysX transform detected for /World/scene_0/controllable__r1__robot_dhaboz/torso_link3.
2026-05-12 16:11:50 [55,174ms] [Warning] [omni.physx.plugin] Invalid PhysX transform detected for /World/scene_0/controllable__r1__robot_dhaboz/torso_link4.
2026-05-12 16:11:50 [55,174ms] [Warning] [omni.physx.plugin] Invalid PhysX transform detected for /World/scene_0/controllable__r1__robot_dhaboz/left_arm_link1.
2026-05-12 16:11:50 [55,174ms] [Warning] [omni.physx.plugin] Invalid PhysX transform detected for /World/scene_0/controllable__r1__robot_dhaboz/right_arm_link1.
2026-05-12 16:11:50 [55,174ms] [Warning] [omni.physx.plugin] Invalid PhysX transform detected for /World/scene_0/controllable__r1__robot_dhaboz/eyes.
2026-05-12 16:11:50 [55,174ms] [Warning] [omni.physx.plugin] Invalid PhysX transform detected for /World/scene_0/controllable__r1__robot_dhaboz/left_arm_link2.
2026-05-12 16:11:50 [55,174ms] [Warning] [omni.physx.plugin] Invalid PhysX transform detected for /World/scene_0/controllable__r1__robot_dhaboz/right_arm_link2.
2026-05-12 16:11:50 [55,174ms] [Warning] [omni.physx.plugin] Invalid PhysX transform detected for /World/scene_0/controllable__r1__robot_dhaboz/left_arm_link3.
2026-05-12 16:11:50 [55,174ms] [Warning] [omni.physx.plugin] Invalid PhysX transform detected for /World/scene_0/controllable__r1__robot_dhaboz/right_arm_link3.
2026-05-12 16:11:50 [55,174ms] [Warning] [omni.physx.plugin] Invalid PhysX transform detected for /World/scene_0/controllable__r1__robot_dhaboz/left_arm_link4.
2026-05-12 16:11:50 [55,174ms] [Warning] [omni.physx.plugin] Invalid PhysX transform detected for /World/scene_0/controllable__r1__robot_dhaboz/right_arm_link4.
2026-05-12 16:11:50 [55,174ms] [Warning] [omni.physx.plugin] Invalid PhysX transform detected for /World/scene_0/controllable__r1__robot_dhaboz/left_arm_link5.
2026-05-12 16:11:50 [55,174ms] [Warning] [omni.physx.plugin] Invalid PhysX transform detected for /World/scene_0/controllable__r1__robot_dhaboz/right_arm_link5.
2026-05-12 16:11:50 [55,174ms] [Warning] [omni.physx.plugin] Invalid PhysX transform detected for /World/scene_0/controllable__r1__robot_dhaboz/left_arm_link6.
2026-05-12 16:11:50 [55,174ms] [Warning] [omni.physx.plugin] Invalid PhysX transform detected for /World/scene_0/controllable__r1__robot_dhaboz/right_arm_link6.
2026-05-12 16:11:50 [55,174ms] [Warning] [omni.physx.plugin] Invalid PhysX transform detected for /World/scene_0/controllable__r1__robot_dhaboz/left_gripper_link1.
2026-05-12 16:11:50 [55,174ms] [Warning] [omni.physx.plugin] Invalid PhysX transform detected for /World/scene_0/controllable__r1__robot_dhaboz/left_gripper_link2.
2026-05-12 16:11:50 [55,174ms] [Warning] [omni.physx.plugin] Invalid PhysX transform detected for /World/scene_0/controllable__r1__robot_dhaboz/left_eef_link.
2026-05-12 16:11:50 [55,174ms] [Warning] [omni.physx.plugin] Invalid PhysX transform detected for /World/scene_0/controllable__r1__robot_dhaboz/right_gripper_link1.
2026-05-12 16:11:50 [55,174ms] [Warning] [omni.physx.plugin] Invalid PhysX transform detected for /World/scene_0/controllable__r1__robot_dhaboz/right_gripper_link2.
2026-05-12 16:11:50 [55,174ms] [Warning] [omni.physx.plugin] Invalid PhysX transform detected for /World/scene_0/controllable__r1__robot_dhaboz/right_eef_link.
2026-05-12 16:11:50 [55,174ms] [Warning] [omni.physx.plugin] Invalid PhysX transform detected for /World/scene_0/cover_small_item_render_item_4175346132/base_link.
2026-05-12 16:11:50 [55,174ms] [Warning] [omni.physx.plugin] Invalid PhysX transform detected for /World/scene_0/cover_small_item_render_item_4175346132/glass.
2026-05-12 16:11:50 [55,232ms] [Warning] [omni.physx.plugin] Invalid PhysX transform detected for /World/scene_0/controllable__r1__robot_dhaboz/base_footprint_y.
2026-05-12 16:11:50 [55,232ms] [Warning] [omni.physx.plugin] Invalid PhysX transform detected for /World/scene_0/controllable__r1__robot_dhaboz/base_footprint_z.
2026-05-12 16:11:50 [55,232ms] [Warning] [omni.physx.plugin] Invalid PhysX transform detected for /World/scene_0/controllable__r1__robot_dhaboz/base_footprint_rx.
2026-05-12 16:11:50 [55,232ms] [Warning] [omni.physx.plugin] Invalid PhysX transform detected for /World/scene_0/controllable__r1__robot_dhaboz/base_footprint_ry.
2026-05-12 16:11:50 [55,232ms] [Warning] [omni.physx.plugin] Invalid PhysX transform detected for /World/scene_0/controllable__r1__robot_dhaboz/base_footprint_rz.
2026-05-12 16:11:50 [55,232ms] [Warning] [omni.physx.plugin] Invalid PhysX transform detected for /World/scene_0/controllable__r1__robot_dhaboz/base_link.
2026-05-12 16:11:50 [55,232ms] [Warning] [omni.physx.plugin] Invalid PhysX transform detected for /World/scene_0/controllable__r1__robot_dhaboz/servo_link1.
2026-05-12 16:11:50 [55,232ms] [Warning] [omni.physx.plugin] Invalid PhysX transform detected for /World/scene_0/controllable__r1__robot_dhaboz/servo_link2.
2026-05-12 16:11:50 [55,232ms] [Warning] [omni.physx.plugin] Invalid PhysX transform detected for /World/scene_0/controllable__r1__robot_dhaboz/servo_link3.
2026-05-12 16:11:50 [55,232ms] [Warning] [omni.physx.plugin] Invalid PhysX transform detected for /World/scene_0/controllable__r1__robot_dhaboz/torso_link1.
2026-05-12 16:11:50 [55,232ms] [Warning] [omni.physx.plugin] Invalid PhysX transform detected for /World/scene_0/controllable__r1__robot_dhaboz/wheel_link1.
2026-05-12 16:11:50 [55,232ms] [Warning] [omni.physx.plugin] Invalid PhysX transform detected for /World/scene_0/controllable__r1__robot_dhaboz/wheel_link2.
2026-05-12 16:11:50 [55,232ms] [Warning] [omni.physx.plugin] Invalid PhysX transform detected for /World/scene_0/controllable__r1__robot_dhaboz/wheel_link3.
2026-05-12 16:11:50 [55,232ms] [Warning] [omni.physx.plugin] Invalid PhysX transform detected for /World/scene_0/controllable__r1__robot_dhaboz/torso_link2.
2026-05-12 16:11:50 [55,232ms] [Warning] [omni.physx.plugin] Invalid PhysX transform detected for /World/scene_0/controllable__r1__robot_dhaboz/torso_link3.
2026-05-12 16:11:50 [55,232ms] [Warning] [omni.physx.plugin] Invalid PhysX transform detected for /World/scene_0/controllable__r1__robot_dhaboz/torso_link4.
2026-05-12 16:11:50 [55,232ms] [Warning] [omni.physx.plugin] Invalid PhysX transform detected for /World/scene_0/controllable__r1__robot_dhaboz/left_arm_link1.
2026-05-12 16:11:50 [55,232ms] [Warning] [omni.physx.plugin] Invalid PhysX transform detected for /World/scene_0/controllable__r1__robot_dhaboz/right_arm_link1.
2026-05-12 16:11:50 [55,232ms] [Warning] [omni.physx.plugin] Invalid PhysX transform detected for /World/scene_0/controllable__r1__robot_dhaboz/eyes.
2026-05-12 16:11:50 [55,232ms] [Warning] [omni.physx.plugin] Invalid PhysX transform detected for /World/scene_0/controllable__r1__robot_dhaboz/left_arm_link2.
2026-05-12 16:11:50 [55,232ms] [Warning] [omni.physx.plugin] Invalid PhysX transform detected for /World/scene_0/controllable__r1__robot_dhaboz/right_arm_link2.
2026-05-12 16:11:50 [55,232ms] [Warning] [omni.physx.plugin] Invalid PhysX transform detected for /World/scene_0/controllable__r1__robot_dhaboz/left_arm_link3.
2026-05-12 16:11:50 [55,232ms] [Warning] [omni.physx.plugin] Invalid PhysX transform detected for /World/scene_0/controllable__r1__robot_dhaboz/right_arm_link3.
2026-05-12 16:11:50 [55,232ms] [Warning] [omni.physx.plugin] Invalid PhysX transform detected for /World/scene_0/controllable__r1__robot_dhaboz/left_arm_link4.
2026-05-12 16:11:50 [55,232ms] [Warning] [omni.physx.plugin] Invalid PhysX transform detected for /World/scene_0/controllable__r1__robot_dhaboz/right_arm_link4.
2026-05-12 16:11:50 [55,232ms] [Warning] [omni.physx.plugin] Invalid PhysX transform detected for /World/scene_0/controllable__r1__robot_dhaboz/left_arm_link5.
2026-05-12 16:11:50 [55,232ms] [Warning] [omni.physx.plugin] Invalid PhysX transform detected for /World/scene_0/controllable__r1__robot_dhaboz/right_arm_link5.
2026-05-12 16:11:50 [55,232ms] [Warning] [omni.physx.plugin] Invalid PhysX transform detected for /World/scene_0/controllable__r1__robot_dhaboz/left_arm_link6.
2026-05-12 16:11:50 [55,232ms] [Warning] [omni.physx.plugin] Invalid PhysX transform detected for /World/scene_0/controllable__r1__robot_dhaboz/right_arm_link6.
2026-05-12 16:11:50 [55,232ms] [Warning] [omni.physx.plugin] Invalid PhysX transform detected for /World/scene_0/controllable__r1__robot_dhaboz/left_gripper_link1.
2026-05-12 16:11:50 [55,232ms] [Warning] [omni.physx.plugin] Invalid PhysX transform detected for /World/scene_0/controllable__r1__robot_dhaboz/left_gripper_link2.
2026-05-12 16:11:50 [55,232ms] [Warning] [omni.physx.plugin] Invalid PhysX transform detected for /World/scene_0/controllable__r1__robot_dhaboz/left_eef_link.
2026-05-12 16:11:50 [55,232ms] [Warning] [omni.physx.plugin] Invalid PhysX transform detected for /World/scene_0/controllable__r1__robot_dhaboz/right_gripper_link1.
2026-05-12 16:11:50 [55,232ms] [Warning] [omni.physx.plugin] Invalid PhysX transform detected for /World/scene_0/controllable__r1__robot_dhaboz/right_gripper_link2.
2026-05-12 16:11:50 [55,232ms] [Warning] [omni.physx.plugin] Invalid PhysX transform detected for /World/scene_0/controllable__r1__robot_dhaboz/right_eef_link.
2026-05-12 16:11:50 [55,232ms] [Warning] [omni.physx.plugin] Invalid PhysX transform detected for /World/scene_0/cover_small_item_render_item_4175346132/base_link.
2026-05-12 16:11:50 [55,232ms] [Warning] [omni.physx.plugin] Invalid PhysX transform detected for /World/scene_0/cover_small_item_render_item_4175346132/glass.
2026-05-12 16:11:50 [55,296ms] [Warning] [omni.physx.plugin] Invalid PhysX transform detected for /World/scene_0/controllable__r1__robot_dhaboz/base_footprint_y.
2026-05-12 16:11:50 [55,296ms] [Warning] [omni.physx.plugin] Invalid PhysX transform detected for /World/scene_0/controllable__r1__robot_dhaboz/base_footprint_z.
2026-05-12 16:11:50 [55,296ms] [Warning] [omni.physx.plugin] Invalid PhysX transform detected for /World/scene_0/controllable__r1__robot_dhaboz/base_footprint_rx.
2026-05-12 16:11:50 [55,296ms] [Warning] [omni.physx.plugin] Invalid PhysX transform detected for /World/scene_0/controllable__r1__robot_dhaboz/base_footprint_ry.
2026-05-12 16:11:50 [55,296ms] [Warning] [omni.physx.plugin] Invalid PhysX transform detected for /World/scene_0/controllable__r1__robot_dhaboz/base_footprint_rz.
2026-05-12 16:11:50 [55,296ms] [Warning] [omni.physx.plugin] Invalid PhysX transform detected for /World/scene_0/controllable__r1__robot_dhaboz/base_link.
2026-05-12 16:11:50 [55,296ms] [Warning] [omni.physx.plugin] Invalid PhysX transform detected for /World/scene_0/controllable__r1__robot_dhaboz/servo_link1.
2026-05-12 16:11:50 [55,296ms] [Warning] [omni.physx.plugin] Invalid PhysX transform detected for /World/scene_0/controllable__r1__robot_dhaboz/servo_link2.
2026-05-12 16:11:50 [55,296ms] [Warning] [omni.physx.plugin] Invalid PhysX transform detected for /World/scene_0/controllable__r1__robot_dhaboz/servo_link3.
2026-05-12 16:11:50 [55,296ms] [Warning] [omni.physx.plugin] Invalid PhysX transform detected for /World/scene_0/controllable__r1__robot_dhaboz/torso_link1.
2026-05-12 16:11:50 [55,296ms] [Warning] [omni.physx.plugin] Invalid PhysX transform detected for /World/scene_0/controllable__r1__robot_dhaboz/wheel_link1.
2026-05-12 16:11:50 [55,296ms] [Warning] [omni.physx.plugin] Invalid PhysX transform detected for /World/scene_0/controllable__r1__robot_dhaboz/wheel_link2.
2026-05-12 16:11:50 [55,296ms] [Warning] [omni.physx.plugin] Invalid PhysX transform detected for /World/scene_0/controllable__r1__robot_dhaboz/wheel_link3.
2026-05-12 16:11:50 [55,296ms] [Warning] [omni.physx.plugin] Invalid PhysX transform detected for /World/scene_0/controllable__r1__robot_dhaboz/torso_link2.
2026-05-12 16:11:50 [55,296ms] [Warning] [omni.physx.plugin] Invalid PhysX transform detected for /World/scene_0/controllable__r1__robot_dhaboz/torso_link3.
2026-05-12 16:11:50 [55,296ms] [Warning] [omni.physx.plugin] Invalid PhysX transform detected for /World/scene_0/controllable__r1__robot_dhaboz/torso_link4.
2026-05-12 16:11:50 [55,296ms] [Warning] [omni.physx.plugin] Invalid PhysX transform detected for /World/scene_0/controllable__r1__robot_dhaboz/left_arm_link1.
2026-05-12 16:11:50 [55,296ms] [Warning] [omni.physx.plugin] Invalid PhysX transform detected for /World/scene_0/controllable__r1__robot_dhaboz/right_arm_link1.
2026-05-12 16:11:50 [55,296ms] [Warning] [omni.physx.plugin] Invalid PhysX transform detected for /World/scene_0/controllable__r1__robot_dhaboz/eyes.
2026-05-12 16:11:50 [55,296ms] [Warning] [omni.physx.plugin] Invalid PhysX transform detected for /World/scene_0/controllable__r1__robot_dhaboz/left_arm_link2.
2026-05-12 16:11:50 [55,296ms] [Warning] [omni.physx.plugin] Invalid PhysX transform detected for /World/scene_0/controllable__r1__robot_dhaboz/right_arm_link2.
2026-05-12 16:11:50 [55,296ms] [Warning] [omni.physx.plugin] Invalid PhysX transform detected for /World/scene_0/controllable__r1__robot_dhaboz/left_arm_link3.
2026-05-12 16:11:50 [55,296ms] [Warning] [omni.physx.plugin] Invalid PhysX transform detected for /World/scene_0/controllable__r1__robot_dhaboz/right_arm_link3.
2026-05-12 16:11:50 [55,296ms] [Warning] [omni.physx.plugin] Invalid PhysX transform detected for /World/scene_0/controllable__r1__robot_dhaboz/left_arm_link4.
2026-05-12 16:11:50 [55,296ms] [Warning] [omni.physx.plugin] Invalid PhysX transform detected for /World/scene_0/controllable__r1__robot_dhaboz/right_arm_link4.
2026-05-12 16:11:50 [55,296ms] [Warning] [omni.physx.plugin] Invalid PhysX transform detected for /World/scene_0/controllable__r1__robot_dhaboz/left_arm_link5.
2026-05-12 16:11:50 [55,296ms] [Warning] [omni.physx.plugin] Invalid PhysX transform detected for /World/scene_0/controllable__r1__robot_dhaboz/right_arm_link5.
2026-05-12 16:11:50 [55,296ms] [Warning] [omni.physx.plugin] Invalid PhysX transform detected for /World/scene_0/controllable__r1__robot_dhaboz/left_arm_link6.
2026-05-12 16:11:50 [55,296ms] [Warning] [omni.physx.plugin] Invalid PhysX transform detected for /World/scene_0/controllable__r1__robot_dhaboz/right_arm_link6.
2026-05-12 16:11:50 [55,296ms] [Warning] [omni.physx.plugin] Invalid PhysX transform detected for /World/scene_0/controllable__r1__robot_dhaboz/left_gripper_link1.
2026-05-12 16:11:50 [55,296ms] [Warning] [omni.physx.plugin] Invalid PhysX transform detected for /World/scene_0/controllable__r1__robot_dhaboz/left_gripper_link2.
2026-05-12 16:11:50 [55,296ms] [Warning] [omni.physx.plugin] Invalid PhysX transform detected for /World/scene_0/controllable__r1__robot_dhaboz/left_eef_link.
2026-05-12 16:11:50 [55,296ms] [Warning] [omni.physx.plugin] Invalid PhysX transform detected for /World/scene_0/controllable__r1__robot_dhaboz/right_gripper_link1.
2026-05-12 16:11:50 [55,296ms] [Warning] [omni.physx.plugin] Invalid PhysX transform detected for /World/scene_0/controllable__r1__robot_dhaboz/right_gripper_link2.
2026-05-12 16:11:50 [55,296ms] [Warning] [omni.physx.plugin] Invalid PhysX transform detected for /World/scene_0/controllable__r1__robot_dhaboz/right_eef_link.
2026-05-12 16:11:50 [55,296ms] [Warning] [omni.physx.plugin] Invalid PhysX transform detected for /World/scene_0/cover_small_item_render_item_4175346132/base_link.
2026-05-12 16:11:50 [55,296ms] [Warning] [omni.physx.plugin] Invalid PhysX transform detected for /World/scene_0/cover_small_item_render_item_4175346132/glass.
2026-05-12 16:11:50 [55,390ms] [Warning] [omni.physx.plugin] Invalid PhysX transform detected for /World/scene_0/controllable__r1__robot_dhaboz/base_footprint_y.
2026-05-12 16:11:50 [55,390ms] [Warning] [omni.physx.plugin] Invalid PhysX transform detected for /World/scene_0/controllable__r1__robot_dhaboz/base_footprint_z.
2026-05-12 16:11:50 [55,390ms] [Warning] [omni.physx.plugin] Invalid PhysX transform detected for /World/scene_0/controllable__r1__robot_dhaboz/base_footprint_rx.
2026-05-12 16:11:50 [55,390ms] [Warning] [omni.physx.plugin] Invalid PhysX transform detected for /World/scene_0/controllable__r1__robot_dhaboz/base_footprint_ry.
2026-05-12 16:11:50 [55,390ms] [Warning] [omni.physx.plugin] Invalid PhysX transform detected for /World/scene_0/controllable__r1__robot_dhaboz/base_footprint_rz.
2026-05-12 16:11:50 [55,390ms] [Warning] [omni.physx.plugin] Invalid PhysX transform detected for /World/scene_0/controllable__r1__robot_dhaboz/base_link.
2026-05-12 16:11:50 [55,390ms] [Warning] [omni.physx.plugin] Invalid PhysX transform detected for /World/scene_0/controllable__r1__robot_dhaboz/servo_link1.
2026-05-12 16:11:50 [55,390ms] [Warning] [omni.physx.plugin] Invalid PhysX transform detected for /World/scene_0/controllable__r1__robot_dhaboz/servo_link2.
2026-05-12 16:11:50 [55,390ms] [Warning] [omni.physx.plugin] Invalid PhysX transform detected for /World/scene_0/controllable__r1__robot_dhaboz/servo_link3.
2026-05-12 16:11:50 [55,390ms] [Warning] [omni.physx.plugin] Invalid PhysX transform detected for /World/scene_0/controllable__r1__robot_dhaboz/torso_link1.
2026-05-12 16:11:50 [55,390ms] [Warning] [omni.physx.plugin] Invalid PhysX transform detected for /World/scene_0/controllable__r1__robot_dhaboz/wheel_link1.
2026-05-12 16:11:50 [55,390ms] [Warning] [omni.physx.plugin] Invalid PhysX transform detected for /World/scene_0/controllable__r1__robot_dhaboz/wheel_link2.
2026-05-12 16:11:50 [55,390ms] [Warning] [omni.physx.plugin] Invalid PhysX transform detected for /World/scene_0/controllable__r1__robot_dhaboz/wheel_link3.
2026-05-12 16:11:50 [55,390ms] [Warning] [omni.physx.plugin] Invalid PhysX transform detected for /World/scene_0/controllable__r1__robot_dhaboz/torso_link2.
2026-05-12 16:11:50 [55,390ms] [Warning] [omni.physx.plugin] Invalid PhysX transform detected for /World/scene_0/controllable__r1__robot_dhaboz/torso_link3.
2026-05-12 16:11:50 [55,390ms] [Warning] [omni.physx.plugin] Invalid PhysX transform detected for /World/scene_0/controllable__r1__robot_dhaboz/torso_link4.
2026-05-12 16:11:50 [55,390ms] [Warning] [omni.physx.plugin] Invalid PhysX transform detected for /World/scene_0/controllable__r1__robot_dhaboz/left_arm_link1.
2026-05-12 16:11:50 [55,390ms] [Warning] [omni.physx.plugin] Invalid PhysX transform detected for /World/scene_0/controllable__r1__robot_dhaboz/right_arm_link1.
2026-05-12 16:11:50 [55,390ms] [Warning] [omni.physx.plugin] Invalid PhysX transform detected for /World/scene_0/controllable__r1__robot_dhaboz/eyes.
2026-05-12 16:11:50 [55,390ms] [Warning] [omni.physx.plugin] Invalid PhysX transform detected for /World/scene_0/controllable__r1__robot_dhaboz/left_arm_link2.
2026-05-12 16:11:50 [55,390ms] [Warning] [omni.physx.plugin] Invalid PhysX transform detected for /World/scene_0/controllable__r1__robot_dhaboz/right_arm_link2.
2026-05-12 16:11:50 [55,390ms] [Warning] [omni.physx.plugin] Invalid PhysX transform detected for /World/scene_0/controllable__r1__robot_dhaboz/left_arm_link3.
2026-05-12 16:11:50 [55,390ms] [Warning] [omni.physx.plugin] Invalid PhysX transform detected for /World/scene_0/controllable__r1__robot_dhaboz/right_arm_link3.
2026-05-12 16:11:50 [55,390ms] [Warning] [omni.physx.plugin] Invalid PhysX transform detected for /World/scene_0/controllable__r1__robot_dhaboz/left_arm_link4.
2026-05-12 16:11:50 [55,390ms] [Warning] [omni.physx.plugin] Invalid PhysX transform detected for /World/scene_0/controllable__r1__robot_dhaboz/right_arm_link4.
2026-05-12 16:11:50 [55,390ms] [Warning] [omni.physx.plugin] Invalid PhysX transform detected for /World/scene_0/controllable__r1__robot_dhaboz/left_arm_link5.
2026-05-12 16:11:50 [55,390ms] [Warning] [omni.physx.plugin] Invalid PhysX transform detected for /World/scene_0/controllable__r1__robot_dhaboz/right_arm_link5.
2026-05-12 16:11:50 [55,390ms] [Warning] [omni.physx.plugin] Invalid PhysX transform detected for /World/scene_0/controllable__r1__robot_dhaboz/left_arm_link6.
2026-05-12 16:11:50 [55,390ms] [Warning] [omni.physx.plugin] Invalid PhysX transform detected for /World/scene_0/controllable__r1__robot_dhaboz/right_arm_link6.
2026-05-12 16:11:50 [55,390ms] [Warning] [omni.physx.plugin] Invalid PhysX transform detected for /World/scene_0/controllable__r1__robot_dhaboz/left_gripper_link1.
2026-05-12 16:11:50 [55,390ms] [Warning] [omni.physx.plugin] Invalid PhysX transform detected for /World/scene_0/controllable__r1__robot_dhaboz/left_gripper_link2.
2026-05-12 16:11:50 [55,390ms] [Warning] [omni.physx.plugin] Invalid PhysX transform detected for /World/scene_0/controllable__r1__robot_dhaboz/left_eef_link.
2026-05-12 16:11:50 [55,390ms] [Warning] [omni.physx.plugin] Invalid PhysX transform detected for /World/scene_0/controllable__r1__robot_dhaboz/right_gripper_link1.
2026-05-12 16:11:50 [55,390ms] [Warning] [omni.physx.plugin] Invalid PhysX transform detected for /World/scene_0/controllable__r1__robot_dhaboz/right_gripper_link2.
2026-05-12 16:11:50 [55,390ms] [Warning] [omni.physx.plugin] Invalid PhysX transform detected for /World/scene_0/controllable__r1__robot_dhaboz/right_eef_link.
2026-05-12 16:11:50 [55,391ms] [Warning] [omni.physx.plugin] Invalid PhysX transform detected for /World/scene_0/cover_small_item_render_item_4175346132/base_link.
2026-05-12 16:11:50 [55,391ms] [Warning] [omni.physx.plugin] Invalid PhysX transform detected for /World/scene_0/cover_small_item_render_item_4175346132/glass.
2026-05-12 16:11:51 [55,542ms] [Warning] [omni.physx.plugin] Invalid PhysX transform detected for /World/scene_0/controllable__r1__robot_dhaboz/base_footprint_y.
2026-05-12 16:11:51 [55,542ms] [Warning] [omni.physx.plugin] Invalid PhysX transform detected for /World/scene_0/controllable__r1__robot_dhaboz/base_footprint_z.
2026-05-12 16:11:51 [55,542ms] [Warning] [omni.physx.plugin] Invalid PhysX transform detected for /World/scene_0/controllable__r1__robot_dhaboz/base_footprint_rx.
2026-05-12 16:11:51 [55,542ms] [Warning] [omni.physx.plugin] Invalid PhysX transform detected for /World/scene_0/controllable__r1__robot_dhaboz/base_footprint_ry.
2026-05-12 16:11:51 [55,542ms] [Warning] [omni.physx.plugin] Invalid PhysX transform detected for /World/scene_0/controllable__r1__robot_dhaboz/base_footprint_rz.
2026-05-12 16:11:51 [55,542ms] [Warning] [omni.physx.plugin] Invalid PhysX transform detected for /World/scene_0/controllable__r1__robot_dhaboz/base_link.
2026-05-12 16:11:51 [55,542ms] [Warning] [omni.physx.plugin] Invalid PhysX transform detected for /World/scene_0/controllable__r1__robot_dhaboz/servo_link1.
2026-05-12 16:11:51 [55,542ms] [Warning] [omni.physx.plugin] Invalid PhysX transform detected for /World/scene_0/controllable__r1__robot_dhaboz/servo_link2.
2026-05-12 16:11:51 [55,542ms] [Warning] [omni.physx.plugin] Invalid PhysX transform detected for /World/scene_0/controllable__r1__robot_dhaboz/servo_link3.
2026-05-12 16:11:51 [55,542ms] [Warning] [omni.physx.plugin] Invalid PhysX transform detected for /World/scene_0/controllable__r1__robot_dhaboz/torso_link1.
2026-05-12 16:11:51 [55,542ms] [Warning] [omni.physx.plugin] Invalid PhysX transform detected for /World/scene_0/controllable__r1__robot_dhaboz/wheel_link1.
2026-05-12 16:11:51 [55,542ms] [Warning] [omni.physx.plugin] Invalid PhysX transform detected for /World/scene_0/controllable__r1__robot_dhaboz/wheel_link2.
2026-05-12 16:11:51 [55,542ms] [Warning] [omni.physx.plugin] Invalid PhysX transform detected for /World/scene_0/controllable__r1__robot_dhaboz/wheel_link3.
2026-05-12 16:11:51 [55,542ms] [Warning] [omni.physx.plugin] Invalid PhysX transform detected for /World/scene_0/controllable__r1__robot_dhaboz/torso_link2.
2026-05-12 16:11:51 [55,542ms] [Warning] [omni.physx.plugin] Invalid PhysX transform detected for /World/scene_0/controllable__r1__robot_dhaboz/torso_link3.
2026-05-12 16:11:51 [55,542ms] [Warning] [omni.physx.plugin] Invalid PhysX transform detected for /World/scene_0/controllable__r1__robot_dhaboz/torso_link4.
2026-05-12 16:11:51 [55,542ms] [Warning] [omni.physx.plugin] Invalid PhysX transform detected for /World/scene_0/controllable__r1__robot_dhaboz/left_arm_link1.
2026-05-12 16:11:51 [55,542ms] [Warning] [omni.physx.plugin] Invalid PhysX transform detected for /World/scene_0/controllable__r1__robot_dhaboz/right_arm_link1.
2026-05-12 16:11:51 [55,542ms] [Warning] [omni.physx.plugin] Invalid PhysX transform detected for /World/scene_0/controllable__r1__robot_dhaboz/eyes.
2026-05-12 16:11:51 [55,542ms] [Warning] [omni.physx.plugin] Invalid PhysX transform detected for /World/scene_0/controllable__r1__robot_dhaboz/left_arm_link2.
2026-05-12 16:11:51 [55,542ms] [Warning] [omni.physx.plugin] Invalid PhysX transform detected for /World/scene_0/controllable__r1__robot_dhaboz/right_arm_link2.
2026-05-12 16:11:51 [55,542ms] [Warning] [omni.physx.plugin] Invalid PhysX transform detected for /World/scene_0/controllable__r1__robot_dhaboz/left_arm_link3.
2026-05-12 16:11:51 [55,542ms] [Warning] [omni.physx.plugin] Invalid PhysX transform detected for /World/scene_0/controllable__r1__robot_dhaboz/right_arm_link3.
2026-05-12 16:11:51 [55,542ms] [Warning] [omni.physx.plugin] Invalid PhysX transform detected for /World/scene_0/controllable__r1__robot_dhaboz/left_arm_link4.
2026-05-12 16:11:51 [55,542ms] [Warning] [omni.physx.plugin] Invalid PhysX transform detected for /World/scene_0/controllable__r1__robot_dhaboz/right_arm_link4.
2026-05-12 16:11:51 [55,542ms] [Warning] [omni.physx.plugin] Invalid PhysX transform detected for /World/scene_0/controllable__r1__robot_dhaboz/left_arm_link5.
2026-05-12 16:11:51 [55,542ms] [Warning] [omni.physx.plugin] Invalid PhysX transform detected for /World/scene_0/controllable__r1__robot_dhaboz/right_arm_link5.
2026-05-12 16:11:51 [55,542ms] [Warning] [omni.physx.plugin] Invalid PhysX transform detected for /World/scene_0/controllable__r1__robot_dhaboz/left_arm_link6.
2026-05-12 16:11:51 [55,542ms] [Warning] [omni.physx.plugin] Invalid PhysX transform detected for /World/scene_0/controllable__r1__robot_dhaboz/right_arm_link6.
2026-05-12 16:11:51 [55,542ms] [Warning] [omni.physx.plugin] Invalid PhysX transform detected for /World/scene_0/controllable__r1__robot_dhaboz/left_gripper_link1.
2026-05-12 16:11:51 [55,542ms] [Warning] [omni.physx.plugin] Invalid PhysX transform detected for /World/scene_0/controllable__r1__robot_dhaboz/left_gripper_link2.
2026-05-12 16:11:51 [55,542ms] [Warning] [omni.physx.plugin] Invalid PhysX transform detected for /World/scene_0/controllable__r1__robot_dhaboz/left_eef_link.
2026-05-12 16:11:51 [55,542ms] [Warning] [omni.physx.plugin] Invalid PhysX transform detected for /World/scene_0/controllable__r1__robot_dhaboz/right_gripper_link1.
2026-05-12 16:11:51 [55,542ms] [Warning] [omni.physx.plugin] Invalid PhysX transform detected for /World/scene_0/controllable__r1__robot_dhaboz/right_gripper_link2.
2026-05-12 16:11:51 [55,542ms] [Warning] [omni.physx.plugin] Invalid PhysX transform detected for /World/scene_0/controllable__r1__robot_dhaboz/right_eef_link.
2026-05-12 16:11:51 [55,542ms] [Warning] [omni.physx.plugin] Invalid PhysX transform detected for /World/scene_0/cover_small_item_render_item_4175346132/base_link.
2026-05-12 16:11:51 [55,543ms] [Warning] [omni.physx.plugin] Invalid PhysX transform detected for /World/scene_0/cover_small_item_render_item_4175346132/glass.
2026-05-12 16:11:51 [55,660ms] [Warning] [omni.physx.plugin] Invalid PhysX transform detected for /World/scene_0/controllable__r1__robot_dhaboz/base_footprint_y.
2026-05-12 16:11:51 [55,660ms] [Warning] [omni.physx.plugin] Invalid PhysX transform detected for /World/scene_0/controllable__r1__robot_dhaboz/base_footprint_z.
2026-05-12 16:11:51 [55,660ms] [Warning] [omni.physx.plugin] Invalid PhysX transform detected for /World/scene_0/controllable__r1__robot_dhaboz/base_footprint_rx.
2026-05-12 16:11:51 [55,660ms] [Warning] [omni.physx.plugin] Invalid PhysX transform detected for /World/scene_0/controllable__r1__robot_dhaboz/base_footprint_ry.
2026-05-12 16:11:51 [55,660ms] [Warning] [omni.physx.plugin] Invalid PhysX transform detected for /World/scene_0/controllable__r1__robot_dhaboz/base_footprint_rz.
2026-05-12 16:11:51 [55,660ms] [Warning] [omni.physx.plugin] Invalid PhysX transform detected for /World/scene_0/controllable__r1__robot_dhaboz/base_link.
2026-05-12 16:11:51 [55,660ms] [Warning] [omni.physx.plugin] Invalid PhysX transform detected for /World/scene_0/controllable__r1__robot_dhaboz/servo_link1.
2026-05-12 16:11:51 [55,660ms] [Warning] [omni.physx.plugin] Invalid PhysX transform detected for /World/scene_0/controllable__r1__robot_dhaboz/servo_link2.
2026-05-12 16:11:51 [55,660ms] [Warning] [omni.physx.plugin] Invalid PhysX transform detected for /World/scene_0/controllable__r1__robot_dhaboz/servo_link3.
2026-05-12 16:11:51 [55,660ms] [Warning] [omni.physx.plugin] Invalid PhysX transform detected for /World/scene_0/controllable__r1__robot_dhaboz/torso_link1.
2026-05-12 16:11:51 [55,660ms] [Warning] [omni.physx.plugin] Invalid PhysX transform detected for /World/scene_0/controllable__r1__robot_dhaboz/wheel_link1.
2026-05-12 16:11:51 [55,660ms] [Warning] [omni.physx.plugin] Invalid PhysX transform detected for /World/scene_0/controllable__r1__robot_dhaboz/wheel_link2.
2026-05-12 16:11:51 [55,660ms] [Warning] [omni.physx.plugin] Invalid PhysX transform detected for /World/scene_0/controllable__r1__robot_dhaboz/wheel_link3.
2026-05-12 16:11:51 [55,660ms] [Warning] [omni.physx.plugin] Invalid PhysX transform detected for /World/scene_0/controllable__r1__robot_dhaboz/torso_link2.
2026-05-12 16:11:51 [55,660ms] [Warning] [omni.physx.plugin] Invalid PhysX transform detected for /World/scene_0/controllable__r1__robot_dhaboz/torso_link3.
2026-05-12 16:11:51 [55,660ms] [Warning] [omni.physx.plugin] Invalid PhysX transform detected for /World/scene_0/controllable__r1__robot_dhaboz/torso_link4.
2026-05-12 16:11:51 [55,660ms] [Warning] [omni.physx.plugin] Invalid PhysX transform detected for /World/scene_0/controllable__r1__robot_dhaboz/left_arm_link1.
2026-05-12 16:11:51 [55,660ms] [Warning] [omni.physx.plugin] Invalid PhysX transform detected for /World/scene_0/controllable__r1__robot_dhaboz/right_arm_link1.
2026-05-12 16:11:51 [55,660ms] [Warning] [omni.physx.plugin] Invalid PhysX transform detected for /World/scene_0/controllable__r1__robot_dhaboz/eyes.
2026-05-12 16:11:51 [55,660ms] [Warning] [omni.physx.plugin] Invalid PhysX transform detected for /World/scene_0/controllable__r1__robot_dhaboz/left_arm_link2.
2026-05-12 16:11:51 [55,660ms] [Warning] [omni.physx.plugin] Invalid PhysX transform detected for /World/scene_0/controllable__r1__robot_dhaboz/right_arm_link2.
2026-05-12 16:11:51 [55,660ms] [Warning] [omni.physx.plugin] Invalid PhysX transform detected for /World/scene_0/controllable__r1__robot_dhaboz/left_arm_link3.
2026-05-12 16:11:51 [55,660ms] [Warning] [omni.physx.plugin] Invalid PhysX transform detected for /World/scene_0/controllable__r1__robot_dhaboz/right_arm_link3.
2026-05-12 16:11:51 [55,660ms] [Warning] [omni.physx.plugin] Invalid PhysX transform detected for /World/scene_0/controllable__r1__robot_dhaboz/left_arm_link4.
2026-05-12 16:11:51 [55,660ms] [Warning] [omni.physx.plugin] Invalid PhysX transform detected for /World/scene_0/controllable__r1__robot_dhaboz/right_arm_link4.
2026-05-12 16:11:51 [55,660ms] [Warning] [omni.physx.plugin] Invalid PhysX transform detected for /World/scene_0/controllable__r1__robot_dhaboz/left_arm_link5.
2026-05-12 16:11:51 [55,660ms] [Warning] [omni.physx.plugin] Invalid PhysX transform detected for /World/scene_0/controllable__r1__robot_dhaboz/right_arm_link5.
2026-05-12 16:11:51 [55,660ms] [Warning] [omni.physx.plugin] Invalid PhysX transform detected for /World/scene_0/controllable__r1__robot_dhaboz/left_arm_link6.
2026-05-12 16:11:51 [55,660ms] [Warning] [omni.physx.plugin] Invalid PhysX transform detected for /World/scene_0/controllable__r1__robot_dhaboz/right_arm_link6.
2026-05-12 16:11:51 [55,660ms] [Warning] [omni.physx.plugin] Invalid PhysX transform detected for /World/scene_0/controllable__r1__robot_dhaboz/left_gripper_link1.
2026-05-12 16:11:51 [55,660ms] [Warning] [omni.physx.plugin] Invalid PhysX transform detected for /World/scene_0/controllable__r1__robot_dhaboz/left_gripper_link2.
2026-05-12 16:11:51 [55,660ms] [Warning] [omni.physx.plugin] Invalid PhysX transform detected for /World/scene_0/controllable__r1__robot_dhaboz/left_eef_link.
2026-05-12 16:11:51 [55,660ms] [Warning] [omni.physx.plugin] Invalid PhysX transform detected for /World/scene_0/controllable__r1__robot_dhaboz/right_gripper_link1.
2026-05-12 16:11:51 [55,660ms] [Warning] [omni.physx.plugin] Invalid PhysX transform detected for /World/scene_0/controllable__r1__robot_dhaboz/right_gripper_link2.
2026-05-12 16:11:51 [55,660ms] [Warning] [omni.physx.plugin] Invalid PhysX transform detected for /World/scene_0/controllable__r1__robot_dhaboz/right_eef_link.
2026-05-12 16:11:51 [55,660ms] [Warning] [omni.physx.plugin] Invalid PhysX transform detected for /World/scene_0/cover_small_item_render_item_4175346132/base_link.
2026-05-12 16:11:51 [55,660ms] [Warning] [omni.physx.plugin] Invalid PhysX transform detected for /World/scene_0/cover_small_item_render_item_4175346132/glass.
2026-05-12 16:11:51 [55,744ms] [Warning] [omni.physx.plugin] Invalid PhysX transform detected for /World/scene_0/controllable__r1__robot_dhaboz/base_footprint_y.
2026-05-12 16:11:51 [55,744ms] [Warning] [omni.physx.plugin] Invalid PhysX transform detected for /World/scene_0/controllable__r1__robot_dhaboz/base_footprint_z.
2026-05-12 16:11:51 [55,744ms] [Warning] [omni.physx.plugin] Invalid PhysX transform detected for /World/scene_0/controllable__r1__robot_dhaboz/base_footprint_rx.
2026-05-12 16:11:51 [55,744ms] [Warning] [omni.physx.plugin] Invalid PhysX transform detected for /World/scene_0/controllable__r1__robot_dhaboz/base_footprint_ry.
2026-05-12 16:11:51 [55,744ms] [Warning] [omni.physx.plugin] Invalid PhysX transform detected for /World/scene_0/controllable__r1__robot_dhaboz/base_footprint_rz.
2026-05-12 16:11:51 [55,744ms] [Warning] [omni.physx.plugin] Invalid PhysX transform detected for /World/scene_0/controllable__r1__robot_dhaboz/base_link.
2026-05-12 16:11:51 [55,744ms] [Warning] [omni.physx.plugin] Invalid PhysX transform detected for /World/scene_0/controllable__r1__robot_dhaboz/servo_link1.
2026-05-12 16:11:51 [55,744ms] [Warning] [omni.physx.plugin] Invalid PhysX transform detected for /World/scene_0/controllable__r1__robot_dhaboz/servo_link2.
2026-05-12 16:11:51 [55,744ms] [Warning] [omni.physx.plugin] Invalid PhysX transform detected for /World/scene_0/controllable__r1__robot_dhaboz/servo_link3.
2026-05-12 16:11:51 [55,744ms] [Warning] [omni.physx.plugin] Invalid PhysX transform detected for /World/scene_0/controllable__r1__robot_dhaboz/torso_link1.
2026-05-12 16:11:51 [55,744ms] [Warning] [omni.physx.plugin] Invalid PhysX transform detected for /World/scene_0/controllable__r1__robot_dhaboz/wheel_link1.
2026-05-12 16:11:51 [55,744ms] [Warning] [omni.physx.plugin] Invalid PhysX transform detected for /World/scene_0/controllable__r1__robot_dhaboz/wheel_link2.
2026-05-12 16:11:51 [55,744ms] [Warning] [omni.physx.plugin] Invalid PhysX transform detected for /World/scene_0/controllable__r1__robot_dhaboz/wheel_link3.
2026-05-12 16:11:51 [55,744ms] [Warning] [omni.physx.plugin] Invalid PhysX transform detected for /World/scene_0/controllable__r1__robot_dhaboz/torso_link2.
2026-05-12 16:11:51 [55,744ms] [Warning] [omni.physx.plugin] Invalid PhysX transform detected for /World/scene_0/controllable__r1__robot_dhaboz/torso_link3.
2026-05-12 16:11:51 [55,744ms] [Warning] [omni.physx.plugin] Invalid PhysX transform detected for /World/scene_0/controllable__r1__robot_dhaboz/torso_link4.
2026-05-12 16:11:51 [55,744ms] [Warning] [omni.physx.plugin] Invalid PhysX transform detected for /World/scene_0/controllable__r1__robot_dhaboz/left_arm_link1.
2026-05-12 16:11:51 [55,744ms] [Warning] [omni.physx.plugin] Invalid PhysX transform detected for /World/scene_0/controllable__r1__robot_dhaboz/right_arm_link1.
2026-05-12 16:11:51 [55,744ms] [Warning] [omni.physx.plugin] Invalid PhysX transform detected for /World/scene_0/controllable__r1__robot_dhaboz/eyes.
2026-05-12 16:11:51 [55,744ms] [Warning] [omni.physx.plugin] Invalid PhysX transform detected for /World/scene_0/controllable__r1__robot_dhaboz/left_arm_link2.
2026-05-12 16:11:51 [55,744ms] [Warning] [omni.physx.plugin] Invalid PhysX transform detected for /World/scene_0/controllable__r1__robot_dhaboz/right_arm_link2.
2026-05-12 16:11:51 [55,744ms] [Warning] [omni.physx.plugin] Invalid PhysX transform detected for /World/scene_0/controllable__r1__robot_dhaboz/left_arm_link3.
2026-05-12 16:11:51 [55,744ms] [Warning] [omni.physx.plugin] Invalid PhysX transform detected for /World/scene_0/controllable__r1__robot_dhaboz/right_arm_link3.
2026-05-12 16:11:51 [55,744ms] [Warning] [omni.physx.plugin] Invalid PhysX transform detected for /World/scene_0/controllable__r1__robot_dhaboz/left_arm_link4.
2026-05-12 16:11:51 [55,744ms] [Warning] [omni.physx.plugin] Invalid PhysX transform detected for /World/scene_0/controllable__r1__robot_dhaboz/right_arm_link4.
2026-05-12 16:11:51 [55,744ms] [Warning] [omni.physx.plugin] Invalid PhysX transform detected for /World/scene_0/controllable__r1__robot_dhaboz/left_arm_link5.
2026-05-12 16:11:51 [55,744ms] [Warning] [omni.physx.plugin] Invalid PhysX transform detected for /World/scene_0/controllable__r1__robot_dhaboz/right_arm_link5.
2026-05-12 16:11:51 [55,744ms] [Warning] [omni.physx.plugin] Invalid PhysX transform detected for /World/scene_0/controllable__r1__robot_dhaboz/left_arm_link6.
2026-05-12 16:11:51 [55,744ms] [Warning] [omni.physx.plugin] Invalid PhysX transform detected for /World/scene_0/controllable__r1__robot_dhaboz/right_arm_link6.
2026-05-12 16:11:51 [55,744ms] [Warning] [omni.physx.plugin] Invalid PhysX transform detected for /World/scene_0/controllable__r1__robot_dhaboz/left_gripper_link1.
2026-05-12 16:11:51 [55,744ms] [Warning] [omni.physx.plugin] Invalid PhysX transform detected for /World/scene_0/controllable__r1__robot_dhaboz/left_gripper_link2.
2026-05-12 16:11:51 [55,744ms] [Warning] [omni.physx.plugin] Invalid PhysX transform detected for /World/scene_0/controllable__r1__robot_dhaboz/left_eef_link.
2026-05-12 16:11:51 [55,744ms] [Warning] [omni.physx.plugin] Invalid PhysX transform detected for /World/scene_0/controllable__r1__robot_dhaboz/right_gripper_link1.
2026-05-12 16:11:51 [55,744ms] [Warning] [omni.physx.plugin] Invalid PhysX transform detected for /World/scene_0/controllable__r1__robot_dhaboz/right_gripper_link2.
2026-05-12 16:11:51 [55,744ms] [Warning] [omni.physx.plugin] Invalid PhysX transform detected for /World/scene_0/controllable__r1__robot_dhaboz/right_eef_link.
2026-05-12 16:11:51 [55,744ms] [Warning] [omni.physx.plugin] Invalid PhysX transform detected for /World/scene_0/cover_small_item_render_item_4175346132/base_link.
2026-05-12 16:11:51 [55,745ms] [Warning] [omni.physx.plugin] Invalid PhysX transform detected for /World/scene_0/cover_small_item_render_item_4175346132/glass.
2026-05-12 16:11:51 [55,827ms] [Warning] [omni.physx.plugin] Invalid PhysX transform detected for /World/scene_0/controllable__r1__robot_dhaboz/base_footprint_y.
2026-05-12 16:11:51 [55,827ms] [Warning] [omni.physx.plugin] Invalid PhysX transform detected for /World/scene_0/controllable__r1__robot_dhaboz/base_footprint_z.
2026-05-12 16:11:51 [55,827ms] [Warning] [omni.physx.plugin] Invalid PhysX transform detected for /World/scene_0/controllable__r1__robot_dhaboz/base_footprint_rx.
2026-05-12 16:11:51 [55,827ms] [Warning] [omni.physx.plugin] Invalid PhysX transform detected for /World/scene_0/controllable__r1__robot_dhaboz/base_footprint_ry.
2026-05-12 16:11:51 [55,827ms] [Warning] [omni.physx.plugin] Invalid PhysX transform detected for /World/scene_0/controllable__r1__robot_dhaboz/base_footprint_rz.
2026-05-12 16:11:51 [55,827ms] [Warning] [omni.physx.plugin] Invalid PhysX transform detected for /World/scene_0/controllable__r1__robot_dhaboz/base_link.
2026-05-12 16:11:51 [55,827ms] [Warning] [omni.physx.plugin] Invalid PhysX transform detected for /World/scene_0/controllable__r1__robot_dhaboz/servo_link1.
2026-05-12 16:11:51 [55,827ms] [Warning] [omni.physx.plugin] Invalid PhysX transform detected for /World/scene_0/controllable__r1__robot_dhaboz/servo_link2.
2026-05-12 16:11:51 [55,827ms] [Warning] [omni.physx.plugin] Invalid PhysX transform detected for /World/scene_0/controllable__r1__robot_dhaboz/servo_link3.
2026-05-12 16:11:51 [55,827ms] [Warning] [omni.physx.plugin] Invalid PhysX transform detected for /World/scene_0/controllable__r1__robot_dhaboz/torso_link1.
2026-05-12 16:11:51 [55,827ms] [Warning] [omni.physx.plugin] Invalid PhysX transform detected for /World/scene_0/controllable__r1__robot_dhaboz/wheel_link1.
2026-05-12 16:11:51 [55,827ms] [Warning] [omni.physx.plugin] Invalid PhysX transform detected for /World/scene_0/controllable__r1__robot_dhaboz/wheel_link2.
2026-05-12 16:11:51 [55,827ms] [Warning] [omni.physx.plugin] Invalid PhysX transform detected for /World/scene_0/controllable__r1__robot_dhaboz/wheel_link3.
2026-05-12 16:11:51 [55,827ms] [Warning] [omni.physx.plugin] Invalid PhysX transform detected for /World/scene_0/controllable__r1__robot_dhaboz/torso_link2.
2026-05-12 16:11:51 [55,827ms] [Warning] [omni.physx.plugin] Invalid PhysX transform detected for /World/scene_0/controllable__r1__robot_dhaboz/torso_link3.
2026-05-12 16:11:51 [55,827ms] [Warning] [omni.physx.plugin] Invalid PhysX transform detected for /World/scene_0/controllable__r1__robot_dhaboz/torso_link4.
2026-05-12 16:11:51 [55,827ms] [Warning] [omni.physx.plugin] Invalid PhysX transform detected for /World/scene_0/controllable__r1__robot_dhaboz/left_arm_link1.
2026-05-12 16:11:51 [55,827ms] [Warning] [omni.physx.plugin] Invalid PhysX transform detected for /World/scene_0/controllable__r1__robot_dhaboz/right_arm_link1.
2026-05-12 16:11:51 [55,827ms] [Warning] [omni.physx.plugin] Invalid PhysX transform detected for /World/scene_0/controllable__r1__robot_dhaboz/eyes.
2026-05-12 16:11:51 [55,827ms] [Warning] [omni.physx.plugin] Invalid PhysX transform detected for /World/scene_0/controllable__r1__robot_dhaboz/left_arm_link2.
2026-05-12 16:11:51 [55,827ms] [Warning] [omni.physx.plugin] Invalid PhysX transform detected for /World/scene_0/controllable__r1__robot_dhaboz/right_arm_link2.
2026-05-12 16:11:51 [55,827ms] [Warning] [omni.physx.plugin] Invalid PhysX transform detected for /World/scene_0/controllable__r1__robot_dhaboz/left_arm_link3.
2026-05-12 16:11:51 [55,827ms] [Warning] [omni.physx.plugin] Invalid PhysX transform detected for /World/scene_0/controllable__r1__robot_dhaboz/right_arm_link3.
2026-05-12 16:11:51 [55,827ms] [Warning] [omni.physx.plugin] Invalid PhysX transform detected for /World/scene_0/controllable__r1__robot_dhaboz/left_arm_link4.
2026-05-12 16:11:51 [55,827ms] [Warning] [omni.physx.plugin] Invalid PhysX transform detected for /World/scene_0/controllable__r1__robot_dhaboz/right_arm_link4.
2026-05-12 16:11:51 [55,827ms] [Warning] [omni.physx.plugin] Invalid PhysX transform detected for /World/scene_0/controllable__r1__robot_dhaboz/left_arm_link5.
2026-05-12 16:11:51 [55,827ms] [Warning] [omni.physx.plugin] Invalid PhysX transform detected for /World/scene_0/controllable__r1__robot_dhaboz/right_arm_link5.
2026-05-12 16:11:51 [55,827ms] [Warning] [omni.physx.plugin] Invalid PhysX transform detected for /World/scene_0/controllable__r1__robot_dhaboz/left_arm_link6.
2026-05-12 16:11:51 [55,827ms] [Warning] [omni.physx.plugin] Invalid PhysX transform detected for /World/scene_0/controllable__r1__robot_dhaboz/right_arm_link6.
2026-05-12 16:11:51 [55,827ms] [Warning] [omni.physx.plugin] Invalid PhysX transform detected for /World/scene_0/controllable__r1__robot_dhaboz/left_gripper_link1.
2026-05-12 16:11:51 [55,827ms] [Warning] [omni.physx.plugin] Invalid PhysX transform detected for /World/scene_0/controllable__r1__robot_dhaboz/left_gripper_link2.
2026-05-12 16:11:51 [55,827ms] [Warning] [omni.physx.plugin] Invalid PhysX transform detected for /World/scene_0/controllable__r1__robot_dhaboz/left_eef_link.
2026-05-12 16:11:51 [55,827ms] [Warning] [omni.physx.plugin] Invalid PhysX transform detected for /World/scene_0/controllable__r1__robot_dhaboz/right_gripper_link1.
2026-05-12 16:11:51 [55,827ms] [Warning] [omni.physx.plugin] Invalid PhysX transform detected for /World/scene_0/controllable__r1__robot_dhaboz/right_gripper_link2.
2026-05-12 16:11:51 [55,827ms] [Warning] [omni.physx.plugin] Invalid PhysX transform detected for /World/scene_0/controllable__r1__robot_dhaboz/right_eef_link.
2026-05-12 16:11:51 [55,827ms] [Warning] [omni.physx.plugin] Invalid PhysX transform detected for /World/scene_0/cover_small_item_render_item_4175346132/base_link.
2026-05-12 16:11:51 [55,827ms] [Warning] [omni.physx.plugin] Invalid PhysX transform detected for /World/scene_0/cover_small_item_render_item_4175346132/glass.
2026-05-12 16:11:51 [55,911ms] [Warning] [omni.physx.plugin] Invalid PhysX transform detected for /World/scene_0/controllable__r1__robot_dhaboz/base_footprint_y.
2026-05-12 16:11:51 [55,911ms] [Warning] [omni.physx.plugin] Invalid PhysX transform detected for /World/scene_0/controllable__r1__robot_dhaboz/base_footprint_z.
2026-05-12 16:11:51 [55,911ms] [Warning] [omni.physx.plugin] Invalid PhysX transform detected for /World/scene_0/controllable__r1__robot_dhaboz/base_footprint_rx.
2026-05-12 16:11:51 [55,911ms] [Warning] [omni.physx.plugin] Invalid PhysX transform detected for /World/scene_0/controllable__r1__robot_dhaboz/base_footprint_ry.
2026-05-12 16:11:51 [55,911ms] [Warning] [omni.physx.plugin] Invalid PhysX transform detected for /World/scene_0/controllable__r1__robot_dhaboz/base_footprint_rz.
2026-05-12 16:11:51 [55,911ms] [Warning] [omni.physx.plugin] Invalid PhysX transform detected for /World/scene_0/controllable__r1__robot_dhaboz/base_link.
2026-05-12 16:11:51 [55,911ms] [Warning] [omni.physx.plugin] Invalid PhysX transform detected for /World/scene_0/controllable__r1__robot_dhaboz/servo_link1.
2026-05-12 16:11:51 [55,911ms] [Warning] [omni.physx.plugin] Invalid PhysX transform detected for /World/scene_0/controllable__r1__robot_dhaboz/servo_link2.
2026-05-12 16:11:51 [55,911ms] [Warning] [omni.physx.plugin] Invalid PhysX transform detected for /World/scene_0/controllable__r1__robot_dhaboz/servo_link3.
2026-05-12 16:11:51 [55,911ms] [Warning] [omni.physx.plugin] Invalid PhysX transform detected for /World/scene_0/controllable__r1__robot_dhaboz/torso_link1.
2026-05-12 16:11:51 [55,911ms] [Warning] [omni.physx.plugin] Invalid PhysX transform detected for /World/scene_0/controllable__r1__robot_dhaboz/wheel_link1.
2026-05-12 16:11:51 [55,911ms] [Warning] [omni.physx.plugin] Invalid PhysX transform detected for /World/scene_0/controllable__r1__robot_dhaboz/wheel_link2.
2026-05-12 16:11:51 [55,911ms] [Warning] [omni.physx.plugin] Invalid PhysX transform detected for /World/scene_0/controllable__r1__robot_dhaboz/wheel_link3.
2026-05-12 16:11:51 [55,911ms] [Warning] [omni.physx.plugin] Invalid PhysX transform detected for /World/scene_0/controllable__r1__robot_dhaboz/torso_link2.
2026-05-12 16:11:51 [55,911ms] [Warning] [omni.physx.plugin] Invalid PhysX transform detected for /World/scene_0/controllable__r1__robot_dhaboz/torso_link3.
2026-05-12 16:11:51 [55,911ms] [Warning] [omni.physx.plugin] Invalid PhysX transform detected for /World/scene_0/controllable__r1__robot_dhaboz/torso_link4.
2026-05-12 16:11:51 [55,911ms] [Warning] [omni.physx.plugin] Invalid PhysX transform detected for /World/scene_0/controllable__r1__robot_dhaboz/left_arm_link1.
2026-05-12 16:11:51 [55,911ms] [Warning] [omni.physx.plugin] Invalid PhysX transform detected for /World/scene_0/controllable__r1__robot_dhaboz/right_arm_link1.
2026-05-12 16:11:51 [55,911ms] [Warning] [omni.physx.plugin] Invalid PhysX transform detected for /World/scene_0/controllable__r1__robot_dhaboz/eyes.
2026-05-12 16:11:51 [55,911ms] [Warning] [omni.physx.plugin] Invalid PhysX transform detected for /World/scene_0/controllable__r1__robot_dhaboz/left_arm_link2.
2026-05-12 16:11:51 [55,911ms] [Warning] [omni.physx.plugin] Invalid PhysX transform detected for /World/scene_0/controllable__r1__robot_dhaboz/right_arm_link2.
2026-05-12 16:11:51 [55,911ms] [Warning] [omni.physx.plugin] Invalid PhysX transform detected for /World/scene_0/controllable__r1__robot_dhaboz/left_arm_link3.
2026-05-12 16:11:51 [55,911ms] [Warning] [omni.physx.plugin] Invalid PhysX transform detected for /World/scene_0/controllable__r1__robot_dhaboz/right_arm_link3.
2026-05-12 16:11:51 [55,911ms] [Warning] [omni.physx.plugin] Invalid PhysX transform detected for /World/scene_0/controllable__r1__robot_dhaboz/left_arm_link4.
2026-05-12 16:11:51 [55,911ms] [Warning] [omni.physx.plugin] Invalid PhysX transform detected for /World/scene_0/controllable__r1__robot_dhaboz/right_arm_link4.
2026-05-12 16:11:51 [55,911ms] [Warning] [omni.physx.plugin] Invalid PhysX transform detected for /World/scene_0/controllable__r1__robot_dhaboz/left_arm_link5.
2026-05-12 16:11:51 [55,911ms] [Warning] [omni.physx.plugin] Invalid PhysX transform detected for /World/scene_0/controllable__r1__robot_dhaboz/right_arm_link5.
2026-05-12 16:11:51 [55,911ms] [Warning] [omni.physx.plugin] Invalid PhysX transform detected for /World/scene_0/controllable__r1__robot_dhaboz/left_arm_link6.
2026-05-12 16:11:51 [55,911ms] [Warning] [omni.physx.plugin] Invalid PhysX transform detected for /World/scene_0/controllable__r1__robot_dhaboz/right_arm_link6.
2026-05-12 16:11:51 [55,911ms] [Warning] [omni.physx.plugin] Invalid PhysX transform detected for /World/scene_0/controllable__r1__robot_dhaboz/left_gripper_link1.
2026-05-12 16:11:51 [55,911ms] [Warning] [omni.physx.plugin] Invalid PhysX transform detected for /World/scene_0/controllable__r1__robot_dhaboz/left_gripper_link2.
2026-05-12 16:11:51 [55,911ms] [Warning] [omni.physx.plugin] Invalid PhysX transform detected for /World/scene_0/controllable__r1__robot_dhaboz/left_eef_link.
2026-05-12 16:11:51 [55,911ms] [Warning] [omni.physx.plugin] Invalid PhysX transform detected for /World/scene_0/controllable__r1__robot_dhaboz/right_gripper_link1.
2026-05-12 16:11:51 [55,911ms] [Warning] [omni.physx.plugin] Invalid PhysX transform detected for /World/scene_0/controllable__r1__robot_dhaboz/right_gripper_link2.
2026-05-12 16:11:51 [55,911ms] [Warning] [omni.physx.plugin] Invalid PhysX transform detected for /World/scene_0/controllable__r1__robot_dhaboz/right_eef_link.
2026-05-12 16:11:51 [55,911ms] [Warning] [omni.physx.plugin] Invalid PhysX transform detected for /World/scene_0/cover_small_item_render_item_4175346132/base_link.
2026-05-12 16:11:51 [55,911ms] [Warning] [omni.physx.plugin] Invalid PhysX transform detected for /World/scene_0/cover_small_item_render_item_4175346132/glass.
2026-05-12 16:11:51 [55,995ms] [Warning] [omni.physx.plugin] Invalid PhysX transform detected for /World/scene_0/controllable__r1__robot_dhaboz/base_footprint_y.
2026-05-12 16:11:51 [55,995ms] [Warning] [omni.physx.plugin] Invalid PhysX transform detected for /World/scene_0/controllable__r1__robot_dhaboz/base_footprint_z.
2026-05-12 16:11:51 [55,995ms] [Warning] [omni.physx.plugin] Invalid PhysX transform detected for /World/scene_0/controllable__r1__robot_dhaboz/base_footprint_rx.
2026-05-12 16:11:51 [55,995ms] [Warning] [omni.physx.plugin] Invalid PhysX transform detected for /World/scene_0/controllable__r1__robot_dhaboz/base_footprint_ry.
2026-05-12 16:11:51 [55,995ms] [Warning] [omni.physx.plugin] Invalid PhysX transform detected for /World/scene_0/controllable__r1__robot_dhaboz/base_footprint_rz.
2026-05-12 16:11:51 [55,995ms] [Warning] [omni.physx.plugin] Invalid PhysX transform detected for /World/scene_0/controllable__r1__robot_dhaboz/base_link.
2026-05-12 16:11:51 [55,995ms] [Warning] [omni.physx.plugin] Invalid PhysX transform detected for /World/scene_0/controllable__r1__robot_dhaboz/servo_link1.
2026-05-12 16:11:51 [55,995ms] [Warning] [omni.physx.plugin] Invalid PhysX transform detected for /World/scene_0/controllable__r1__robot_dhaboz/servo_link2.
2026-05-12 16:11:51 [55,995ms] [Warning] [omni.physx.plugin] Invalid PhysX transform detected for /World/scene_0/controllable__r1__robot_dhaboz/servo_link3.
2026-05-12 16:11:51 [55,995ms] [Warning] [omni.physx.plugin] Invalid PhysX transform detected for /World/scene_0/controllable__r1__robot_dhaboz/torso_link1.
2026-05-12 16:11:51 [55,996ms] [Warning] [omni.physx.plugin] Invalid PhysX transform detected for /World/scene_0/controllable__r1__robot_dhaboz/wheel_link1.
2026-05-12 16:11:51 [55,996ms] [Warning] [omni.physx.plugin] Invalid PhysX transform detected for /World/scene_0/controllable__r1__robot_dhaboz/wheel_link2.
2026-05-12 16:11:51 [55,996ms] [Warning] [omni.physx.plugin] Invalid PhysX transform detected for /World/scene_0/controllable__r1__robot_dhaboz/wheel_link3.
2026-05-12 16:11:51 [55,996ms] [Warning] [omni.physx.plugin] Invalid PhysX transform detected for /World/scene_0/controllable__r1__robot_dhaboz/torso_link2.
2026-05-12 16:11:51 [55,996ms] [Warning] [omni.physx.plugin] Invalid PhysX transform detected for /World/scene_0/controllable__r1__robot_dhaboz/torso_link3.
2026-05-12 16:11:51 [55,996ms] [Warning] [omni.physx.plugin] Invalid PhysX transform detected for /World/scene_0/controllable__r1__robot_dhaboz/torso_link4.
2026-05-12 16:11:51 [55,996ms] [Warning] [omni.physx.plugin] Invalid PhysX transform detected for /World/scene_0/controllable__r1__robot_dhaboz/left_arm_link1.
2026-05-12 16:11:51 [55,996ms] [Warning] [omni.physx.plugin] Invalid PhysX transform detected for /World/scene_0/controllable__r1__robot_dhaboz/right_arm_link1.
2026-05-12 16:11:51 [55,996ms] [Warning] [omni.physx.plugin] Invalid PhysX transform detected for /World/scene_0/controllable__r1__robot_dhaboz/eyes.
2026-05-12 16:11:51 [55,996ms] [Warning] [omni.physx.plugin] Invalid PhysX transform detected for /World/scene_0/controllable__r1__robot_dhaboz/left_arm_link2.
2026-05-12 16:11:51 [55,996ms] [Warning] [omni.physx.plugin] Invalid PhysX transform detected for /World/scene_0/controllable__r1__robot_dhaboz/right_arm_link2.
2026-05-12 16:11:51 [55,996ms] [Warning] [omni.physx.plugin] Invalid PhysX transform detected for /World/scene_0/controllable__r1__robot_dhaboz/left_arm_link3.
2026-05-12 16:11:51 [55,996ms] [Warning] [omni.physx.plugin] Invalid PhysX transform detected for /World/scene_0/controllable__r1__robot_dhaboz/right_arm_link3.
2026-05-12 16:11:51 [55,996ms] [Warning] [omni.physx.plugin] Invalid PhysX transform detected for /World/scene_0/controllable__r1__robot_dhaboz/left_arm_link4.
2026-05-12 16:11:51 [55,996ms] [Warning] [omni.physx.plugin] Invalid PhysX transform detected for /World/scene_0/controllable__r1__robot_dhaboz/right_arm_link4.
2026-05-12 16:11:51 [55,996ms] [Warning] [omni.physx.plugin] Invalid PhysX transform detected for /World/scene_0/controllable__r1__robot_dhaboz/left_arm_link5.
2026-05-12 16:11:51 [55,996ms] [Warning] [omni.physx.plugin] Invalid PhysX transform detected for /World/scene_0/controllable__r1__robot_dhaboz/right_arm_link5.
2026-05-12 16:11:51 [55,996ms] [Warning] [omni.physx.plugin] Invalid PhysX transform detected for /World/scene_0/controllable__r1__robot_dhaboz/left_arm_link6.
2026-05-12 16:11:51 [55,996ms] [Warning] [omni.physx.plugin] Invalid PhysX transform detected for /World/scene_0/controllable__r1__robot_dhaboz/right_arm_link6.
2026-05-12 16:11:51 [55,996ms] [Warning] [omni.physx.plugin] Invalid PhysX transform detected for /World/scene_0/controllable__r1__robot_dhaboz/left_gripper_link1.
2026-05-12 16:11:51 [55,996ms] [Warning] [omni.physx.plugin] Invalid PhysX transform detected for /World/scene_0/controllable__r1__robot_dhaboz/left_gripper_link2.
2026-05-12 16:11:51 [55,996ms] [Warning] [omni.physx.plugin] Invalid PhysX transform detected for /World/scene_0/controllable__r1__robot_dhaboz/left_eef_link.
2026-05-12 16:11:51 [55,996ms] [Warning] [omni.physx.plugin] Invalid PhysX transform detected for /World/scene_0/controllable__r1__robot_dhaboz/right_gripper_link1.
2026-05-12 16:11:51 [55,996ms] [Warning] [omni.physx.plugin] Invalid PhysX transform detected for /World/scene_0/controllable__r1__robot_dhaboz/right_gripper_link2.
2026-05-12 16:11:51 [55,996ms] [Warning] [omni.physx.plugin] Invalid PhysX transform detected for /World/scene_0/controllable__r1__robot_dhaboz/right_eef_link.
2026-05-12 16:11:51 [55,996ms] [Warning] [omni.physx.plugin] Invalid PhysX transform detected for /World/scene_0/cover_small_item_render_item_4175346132/base_link.
2026-05-12 16:11:51 [55,996ms] [Warning] [omni.physx.plugin] Invalid PhysX transform detected for /World/scene_0/cover_small_item_render_item_4175346132/glass.
2026-05-12 16:11:51 [56,079ms] [Warning] [omni.physx.plugin] Invalid PhysX transform detected for /World/scene_0/controllable__r1__robot_dhaboz/base_footprint_y.
2026-05-12 16:11:51 [56,079ms] [Warning] [omni.physx.plugin] Invalid PhysX transform detected for /World/scene_0/controllable__r1__robot_dhaboz/base_footprint_z.
2026-05-12 16:11:51 [56,079ms] [Warning] [omni.physx.plugin] Invalid PhysX transform detected for /World/scene_0/controllable__r1__robot_dhaboz/base_footprint_rx.
2026-05-12 16:11:51 [56,079ms] [Warning] [omni.physx.plugin] Invalid PhysX transform detected for /World/scene_0/controllable__r1__robot_dhaboz/base_footprint_ry.
2026-05-12 16:11:51 [56,079ms] [Warning] [omni.physx.plugin] Invalid PhysX transform detected for /World/scene_0/controllable__r1__robot_dhaboz/base_footprint_rz.
2026-05-12 16:11:51 [56,079ms] [Warning] [omni.physx.plugin] Invalid PhysX transform detected for /World/scene_0/controllable__r1__robot_dhaboz/base_link.
2026-05-12 16:11:51 [56,079ms] [Warning] [omni.physx.plugin] Invalid PhysX transform detected for /World/scene_0/controllable__r1__robot_dhaboz/servo_link1.
2026-05-12 16:11:51 [56,079ms] [Warning] [omni.physx.plugin] Invalid PhysX transform detected for /World/scene_0/controllable__r1__robot_dhaboz/servo_link2.
2026-05-12 16:11:51 [56,079ms] [Warning] [omni.physx.plugin] Invalid PhysX transform detected for /World/scene_0/controllable__r1__robot_dhaboz/servo_link3.
2026-05-12 16:11:51 [56,079ms] [Warning] [omni.physx.plugin] Invalid PhysX transform detected for /World/scene_0/controllable__r1__robot_dhaboz/torso_link1.
2026-05-12 16:11:51 [56,079ms] [Warning] [omni.physx.plugin] Invalid PhysX transform detected for /World/scene_0/controllable__r1__robot_dhaboz/wheel_link1.
2026-05-12 16:11:51 [56,079ms] [Warning] [omni.physx.plugin] Invalid PhysX transform detected for /World/scene_0/controllable__r1__robot_dhaboz/wheel_link2.
2026-05-12 16:11:51 [56,079ms] [Warning] [omni.physx.plugin] Invalid PhysX transform detected for /World/scene_0/controllable__r1__robot_dhaboz/wheel_link3.
2026-05-12 16:11:51 [56,079ms] [Warning] [omni.physx.plugin] Invalid PhysX transform detected for /World/scene_0/controllable__r1__robot_dhaboz/torso_link2.
2026-05-12 16:11:51 [56,079ms] [Warning] [omni.physx.plugin] Invalid PhysX transform detected for /World/scene_0/controllable__r1__robot_dhaboz/torso_link3.
2026-05-12 16:11:51 [56,079ms] [Warning] [omni.physx.plugin] Invalid PhysX transform detected for /World/scene_0/controllable__r1__robot_dhaboz/torso_link4.
2026-05-12 16:11:51 [56,079ms] [Warning] [omni.physx.plugin] Invalid PhysX transform detected for /World/scene_0/controllable__r1__robot_dhaboz/left_arm_link1.
2026-05-12 16:11:51 [56,079ms] [Warning] [omni.physx.plugin] Invalid PhysX transform detected for /World/scene_0/controllable__r1__robot_dhaboz/right_arm_link1.
2026-05-12 16:11:51 [56,079ms] [Warning] [omni.physx.plugin] Invalid PhysX transform detected for /World/scene_0/controllable__r1__robot_dhaboz/eyes.
2026-05-12 16:11:51 [56,079ms] [Warning] [omni.physx.plugin] Invalid PhysX transform detected for /World/scene_0/controllable__r1__robot_dhaboz/left_arm_link2.
2026-05-12 16:11:51 [56,079ms] [Warning] [omni.physx.plugin] Invalid PhysX transform detected for /World/scene_0/controllable__r1__robot_dhaboz/right_arm_link2.
2026-05-12 16:11:51 [56,079ms] [Warning] [omni.physx.plugin] Invalid PhysX transform detected for /World/scene_0/controllable__r1__robot_dhaboz/left_arm_link3.
2026-05-12 16:11:51 [56,079ms] [Warning] [omni.physx.plugin] Invalid PhysX transform detected for /World/scene_0/controllable__r1__robot_dhaboz/right_arm_link3.
2026-05-12 16:11:51 [56,079ms] [Warning] [omni.physx.plugin] Invalid PhysX transform detected for /World/scene_0/controllable__r1__robot_dhaboz/left_arm_link4.
2026-05-12 16:11:51 [56,079ms] [Warning] [omni.physx.plugin] Invalid PhysX transform detected for /World/scene_0/controllable__r1__robot_dhaboz/right_arm_link4.
2026-05-12 16:11:51 [56,079ms] [Warning] [omni.physx.plugin] Invalid PhysX transform detected for /World/scene_0/controllable__r1__robot_dhaboz/left_arm_link5.
2026-05-12 16:11:51 [56,079ms] [Warning] [omni.physx.plugin] Invalid PhysX transform detected for /World/scene_0/controllable__r1__robot_dhaboz/right_arm_link5.
2026-05-12 16:11:51 [56,079ms] [Warning] [omni.physx.plugin] Invalid PhysX transform detected for /World/scene_0/controllable__r1__robot_dhaboz/left_arm_link6.
2026-05-12 16:11:51 [56,079ms] [Warning] [omni.physx.plugin] Invalid PhysX transform detected for /World/scene_0/controllable__r1__robot_dhaboz/right_arm_link6.
2026-05-12 16:11:51 [56,079ms] [Warning] [omni.physx.plugin] Invalid PhysX transform detected for /World/scene_0/controllable__r1__robot_dhaboz/left_gripper_link1.
2026-05-12 16:11:51 [56,079ms] [Warning] [omni.physx.plugin] Invalid PhysX transform detected for /World/scene_0/controllable__r1__robot_dhaboz/left_gripper_link2.
2026-05-12 16:11:51 [56,079ms] [Warning] [omni.physx.plugin] Invalid PhysX transform detected for /World/scene_0/controllable__r1__robot_dhaboz/left_eef_link.
2026-05-12 16:11:51 [56,079ms] [Warning] [omni.physx.plugin] Invalid PhysX transform detected for /World/scene_0/controllable__r1__robot_dhaboz/right_gripper_link1.
2026-05-12 16:11:51 [56,079ms] [Warning] [omni.physx.plugin] Invalid PhysX transform detected for /World/scene_0/controllable__r1__robot_dhaboz/right_gripper_link2.
2026-05-12 16:11:51 [56,079ms] [Warning] [omni.physx.plugin] Invalid PhysX transform detected for /World/scene_0/controllable__r1__robot_dhaboz/right_eef_link.
2026-05-12 16:11:51 [56,079ms] [Warning] [omni.physx.plugin] Invalid PhysX transform detected for /World/scene_0/cover_small_item_render_item_4175346132/base_link.
2026-05-12 16:11:51 [56,079ms] [Warning] [omni.physx.plugin] Invalid PhysX transform detected for /World/scene_0/cover_small_item_render_item_4175346132/glass.
2026-05-12 16:11:51 [56,163ms] [Warning] [omni.physx.plugin] Invalid PhysX transform detected for /World/scene_0/controllable__r1__robot_dhaboz/base_footprint_y.
2026-05-12 16:11:51 [56,163ms] [Warning] [omni.physx.plugin] Invalid PhysX transform detected for /World/scene_0/controllable__r1__robot_dhaboz/base_footprint_z.
2026-05-12 16:11:51 [56,163ms] [Warning] [omni.physx.plugin] Invalid PhysX transform detected for /World/scene_0/controllable__r1__robot_dhaboz/base_footprint_rx.
2026-05-12 16:11:51 [56,163ms] [Warning] [omni.physx.plugin] Invalid PhysX transform detected for /World/scene_0/controllable__r1__robot_dhaboz/base_footprint_ry.
2026-05-12 16:11:51 [56,163ms] [Warning] [omni.physx.plugin] Invalid PhysX transform detected for /World/scene_0/controllable__r1__robot_dhaboz/base_footprint_rz.
2026-05-12 16:11:51 [56,163ms] [Warning] [omni.physx.plugin] Invalid PhysX transform detected for /World/scene_0/controllable__r1__robot_dhaboz/base_link.
2026-05-12 16:11:51 [56,163ms] [Warning] [omni.physx.plugin] Invalid PhysX transform detected for /World/scene_0/controllable__r1__robot_dhaboz/servo_link1.
2026-05-12 16:11:51 [56,163ms] [Warning] [omni.physx.plugin] Invalid PhysX transform detected for /World/scene_0/controllable__r1__robot_dhaboz/servo_link2.
2026-05-12 16:11:51 [56,163ms] [Warning] [omni.physx.plugin] Invalid PhysX transform detected for /World/scene_0/controllable__r1__robot_dhaboz/servo_link3.
2026-05-12 16:11:51 [56,163ms] [Warning] [omni.physx.plugin] Invalid PhysX transform detected for /World/scene_0/controllable__r1__robot_dhaboz/torso_link1.
2026-05-12 16:11:51 [56,163ms] [Warning] [omni.physx.plugin] Invalid PhysX transform detected for /World/scene_0/controllable__r1__robot_dhaboz/wheel_link1.
2026-05-12 16:11:51 [56,163ms] [Warning] [omni.physx.plugin] Invalid PhysX transform detected for /World/scene_0/controllable__r1__robot_dhaboz/wheel_link2.
2026-05-12 16:11:51 [56,163ms] [Warning] [omni.physx.plugin] Invalid PhysX transform detected for /World/scene_0/controllable__r1__robot_dhaboz/wheel_link3.
2026-05-12 16:11:51 [56,163ms] [Warning] [omni.physx.plugin] Invalid PhysX transform detected for /World/scene_0/controllable__r1__robot_dhaboz/torso_link2.
2026-05-12 16:11:51 [56,163ms] [Warning] [omni.physx.plugin] Invalid PhysX transform detected for /World/scene_0/controllable__r1__robot_dhaboz/torso_link3.
2026-05-12 16:11:51 [56,163ms] [Warning] [omni.physx.plugin] Invalid PhysX transform detected for /World/scene_0/controllable__r1__robot_dhaboz/torso_link4.
2026-05-12 16:11:51 [56,163ms] [Warning] [omni.physx.plugin] Invalid PhysX transform detected for /World/scene_0/controllable__r1__robot_dhaboz/left_arm_link1.
2026-05-12 16:11:51 [56,163ms] [Warning] [omni.physx.plugin] Invalid PhysX transform detected for /World/scene_0/controllable__r1__robot_dhaboz/right_arm_link1.
2026-05-12 16:11:51 [56,163ms] [Warning] [omni.physx.plugin] Invalid PhysX transform detected for /World/scene_0/controllable__r1__robot_dhaboz/eyes.
2026-05-12 16:11:51 [56,163ms] [Warning] [omni.physx.plugin] Invalid PhysX transform detected for /World/scene_0/controllable__r1__robot_dhaboz/left_arm_link2.
2026-05-12 16:11:51 [56,163ms] [Warning] [omni.physx.plugin] Invalid PhysX transform detected for /World/scene_0/controllable__r1__robot_dhaboz/right_arm_link2.
2026-05-12 16:11:51 [56,163ms] [Warning] [omni.physx.plugin] Invalid PhysX transform detected for /World/scene_0/controllable__r1__robot_dhaboz/left_arm_link3.
2026-05-12 16:11:51 [56,163ms] [Warning] [omni.physx.plugin] Invalid PhysX transform detected for /World/scene_0/controllable__r1__robot_dhaboz/right_arm_link3.
2026-05-12 16:11:51 [56,163ms] [Warning] [omni.physx.plugin] Invalid PhysX transform detected for /World/scene_0/controllable__r1__robot_dhaboz/left_arm_link4.
2026-05-12 16:11:51 [56,163ms] [Warning] [omni.physx.plugin] Invalid PhysX transform detected for /World/scene_0/controllable__r1__robot_dhaboz/right_arm_link4.
2026-05-12 16:11:51 [56,163ms] [Warning] [omni.physx.plugin] Invalid PhysX transform detected for /World/scene_0/controllable__r1__robot_dhaboz/left_arm_link5.
2026-05-12 16:11:51 [56,163ms] [Warning] [omni.physx.plugin] Invalid PhysX transform detected for /World/scene_0/controllable__r1__robot_dhaboz/right_arm_link5.
2026-05-12 16:11:51 [56,163ms] [Warning] [omni.physx.plugin] Invalid PhysX transform detected for /World/scene_0/controllable__r1__robot_dhaboz/left_arm_link6.
2026-05-12 16:11:51 [56,163ms] [Warning] [omni.physx.plugin] Invalid PhysX transform detected for /World/scene_0/controllable__r1__robot_dhaboz/right_arm_link6.
2026-05-12 16:11:51 [56,163ms] [Warning] [omni.physx.plugin] Invalid PhysX transform detected for /World/scene_0/controllable__r1__robot_dhaboz/left_gripper_link1.
2026-05-12 16:11:51 [56,163ms] [Warning] [omni.physx.plugin] Invalid PhysX transform detected for /World/scene_0/controllable__r1__robot_dhaboz/left_gripper_link2.
2026-05-12 16:11:51 [56,163ms] [Warning] [omni.physx.plugin] Invalid PhysX transform detected for /World/scene_0/controllable__r1__robot_dhaboz/left_eef_link.
2026-05-12 16:11:51 [56,163ms] [Warning] [omni.physx.plugin] Invalid PhysX transform detected for /World/scene_0/controllable__r1__robot_dhaboz/right_gripper_link1.
2026-05-12 16:11:51 [56,163ms] [Warning] [omni.physx.plugin] Invalid PhysX transform detected for /World/scene_0/controllable__r1__robot_dhaboz/right_gripper_link2.
2026-05-12 16:11:51 [56,163ms] [Warning] [omni.physx.plugin] Invalid PhysX transform detected for /World/scene_0/controllable__r1__robot_dhaboz/right_eef_link.
2026-05-12 16:11:51 [56,163ms] [Warning] [omni.physx.plugin] Invalid PhysX transform detected for /World/scene_0/cover_small_item_render_item_4175346132/base_link.
2026-05-12 16:11:51 [56,163ms] [Warning] [omni.physx.plugin] Invalid PhysX transform detected for /World/scene_0/cover_small_item_render_item_4175346132/glass.
2026-05-12 16:11:51 [56,252ms] [Warning] [omni.physx.plugin] Invalid PhysX transform detected for /World/scene_0/controllable__r1__robot_dhaboz/base_footprint_y.
2026-05-12 16:11:51 [56,252ms] [Warning] [omni.physx.plugin] Invalid PhysX transform detected for /World/scene_0/controllable__r1__robot_dhaboz/base_footprint_z.
2026-05-12 16:11:51 [56,252ms] [Warning] [omni.physx.plugin] Invalid PhysX transform detected for /World/scene_0/controllable__r1__robot_dhaboz/base_footprint_rx.
2026-05-12 16:11:51 [56,252ms] [Warning] [omni.physx.plugin] Invalid PhysX transform detected for /World/scene_0/controllable__r1__robot_dhaboz/base_footprint_ry.
2026-05-12 16:11:51 [56,252ms] [Warning] [omni.physx.plugin] Invalid PhysX transform detected for /World/scene_0/controllable__r1__robot_dhaboz/base_footprint_rz.
2026-05-12 16:11:51 [56,252ms] [Warning] [omni.physx.plugin] Invalid PhysX transform detected for /World/scene_0/controllable__r1__robot_dhaboz/base_link.
2026-05-12 16:11:51 [56,252ms] [Warning] [omni.physx.plugin] Invalid PhysX transform detected for /World/scene_0/controllable__r1__robot_dhaboz/servo_link1.
2026-05-12 16:11:51 [56,252ms] [Warning] [omni.physx.plugin] Invalid PhysX transform detected for /World/scene_0/controllable__r1__robot_dhaboz/servo_link2.
2026-05-12 16:11:51 [56,252ms] [Warning] [omni.physx.plugin] Invalid PhysX transform detected for /World/scene_0/controllable__r1__robot_dhaboz/servo_link3.
2026-05-12 16:11:51 [56,252ms] [Warning] [omni.physx.plugin] Invalid PhysX transform detected for /World/scene_0/controllable__r1__robot_dhaboz/torso_link1.
2026-05-12 16:11:51 [56,252ms] [Warning] [omni.physx.plugin] Invalid PhysX transform detected for /World/scene_0/controllable__r1__robot_dhaboz/wheel_link1.
2026-05-12 16:11:51 [56,252ms] [Warning] [omni.physx.plugin] Invalid PhysX transform detected for /World/scene_0/controllable__r1__robot_dhaboz/wheel_link2.
2026-05-12 16:11:51 [56,252ms] [Warning] [omni.physx.plugin] Invalid PhysX transform detected for /World/scene_0/controllable__r1__robot_dhaboz/wheel_link3.
2026-05-12 16:11:51 [56,252ms] [Warning] [omni.physx.plugin] Invalid PhysX transform detected for /World/scene_0/controllable__r1__robot_dhaboz/torso_link2.
2026-05-12 16:11:51 [56,252ms] [Warning] [omni.physx.plugin] Invalid PhysX transform detected for /World/scene_0/controllable__r1__robot_dhaboz/torso_link3.
2026-05-12 16:11:51 [56,252ms] [Warning] [omni.physx.plugin] Invalid PhysX transform detected for /World/scene_0/controllable__r1__robot_dhaboz/torso_link4.
2026-05-12 16:11:51 [56,252ms] [Warning] [omni.physx.plugin] Invalid PhysX transform detected for /World/scene_0/controllable__r1__robot_dhaboz/left_arm_link1.
2026-05-12 16:11:51 [56,252ms] [Warning] [omni.physx.plugin] Invalid PhysX transform detected for /World/scene_0/controllable__r1__robot_dhaboz/right_arm_link1.
2026-05-12 16:11:51 [56,252ms] [Warning] [omni.physx.plugin] Invalid PhysX transform detected for /World/scene_0/controllable__r1__robot_dhaboz/eyes.
2026-05-12 16:11:51 [56,252ms] [Warning] [omni.physx.plugin] Invalid PhysX transform detected for /World/scene_0/controllable__r1__robot_dhaboz/left_arm_link2.
2026-05-12 16:11:51 [56,252ms] [Warning] [omni.physx.plugin] Invalid PhysX transform detected for /World/scene_0/controllable__r1__robot_dhaboz/right_arm_link2.
2026-05-12 16:11:51 [56,252ms] [Warning] [omni.physx.plugin] Invalid PhysX transform detected for /World/scene_0/controllable__r1__robot_dhaboz/left_arm_link3.
2026-05-12 16:11:51 [56,252ms] [Warning] [omni.physx.plugin] Invalid PhysX transform detected for /World/scene_0/controllable__r1__robot_dhaboz/right_arm_link3.
2026-05-12 16:11:51 [56,252ms] [Warning] [omni.physx.plugin] Invalid PhysX transform detected for /World/scene_0/controllable__r1__robot_dhaboz/left_arm_link4.
2026-05-12 16:11:51 [56,252ms] [Warning] [omni.physx.plugin] Invalid PhysX transform detected for /World/scene_0/controllable__r1__robot_dhaboz/right_arm_link4.
2026-05-12 16:11:51 [56,252ms] [Warning] [omni.physx.plugin] Invalid PhysX transform detected for /World/scene_0/controllable__r1__robot_dhaboz/left_arm_link5.
2026-05-12 16:11:51 [56,252ms] [Warning] [omni.physx.plugin] Invalid PhysX transform detected for /World/scene_0/controllable__r1__robot_dhaboz/right_arm_link5.
2026-05-12 16:11:51 [56,252ms] [Warning] [omni.physx.plugin] Invalid PhysX transform detected for /World/scene_0/controllable__r1__robot_dhaboz/left_arm_link6.
2026-05-12 16:11:51 [56,252ms] [Warning] [omni.physx.plugin] Invalid PhysX transform detected for /World/scene_0/controllable__r1__robot_dhaboz/right_arm_link6.
2026-05-12 16:11:51 [56,252ms] [Warning] [omni.physx.plugin] Invalid PhysX transform detected for /World/scene_0/controllable__r1__robot_dhaboz/left_gripper_link1.
2026-05-12 16:11:51 [56,252ms] [Warning] [omni.physx.plugin] Invalid PhysX transform detected for /World/scene_0/controllable__r1__robot_dhaboz/left_gripper_link2.
2026-05-12 16:11:51 [56,252ms] [Warning] [omni.physx.plugin] Invalid PhysX transform detected for /World/scene_0/controllable__r1__robot_dhaboz/left_eef_link.
2026-05-12 16:11:51 [56,252ms] [Warning] [omni.physx.plugin] Invalid PhysX transform detected for /World/scene_0/controllable__r1__robot_dhaboz/right_gripper_link1.
2026-05-12 16:11:51 [56,252ms] [Warning] [omni.physx.plugin] Invalid PhysX transform detected for /World/scene_0/controllable__r1__robot_dhaboz/right_gripper_link2.
2026-05-12 16:11:51 [56,252ms] [Warning] [omni.physx.plugin] Invalid PhysX transform detected for /World/scene_0/controllable__r1__robot_dhaboz/right_eef_link.
2026-05-12 16:11:51 [56,252ms] [Warning] [omni.physx.plugin] Invalid PhysX transform detected for /World/scene_0/cover_small_item_render_item_4175346132/base_link.
2026-05-12 16:11:51 [56,252ms] [Warning] [omni.physx.plugin] Invalid PhysX transform detected for /World/scene_0/cover_small_item_render_item_4175346132/glass.
2026-05-12 16:11:51 [56,358ms] [Warning] [omni.physx.plugin] Invalid PhysX transform detected for /World/scene_0/controllable__r1__robot_dhaboz/base_footprint_y.
2026-05-12 16:11:51 [56,358ms] [Warning] [omni.physx.plugin] Invalid PhysX transform detected for /World/scene_0/controllable__r1__robot_dhaboz/base_footprint_z.
2026-05-12 16:11:51 [56,358ms] [Warning] [omni.physx.plugin] Invalid PhysX transform detected for /World/scene_0/controllable__r1__robot_dhaboz/base_footprint_rx.
2026-05-12 16:11:51 [56,358ms] [Warning] [omni.physx.plugin] Invalid PhysX transform detected for /World/scene_0/controllable__r1__robot_dhaboz/base_footprint_ry.
2026-05-12 16:11:51 [56,358ms] [Warning] [omni.physx.plugin] Invalid PhysX transform detected for /World/scene_0/controllable__r1__robot_dhaboz/base_footprint_rz.
2026-05-12 16:11:51 [56,358ms] [Warning] [omni.physx.plugin] Invalid PhysX transform detected for /World/scene_0/controllable__r1__robot_dhaboz/base_link.
2026-05-12 16:11:51 [56,358ms] [Warning] [omni.physx.plugin] Invalid PhysX transform detected for /World/scene_0/controllable__r1__robot_dhaboz/servo_link1.
2026-05-12 16:11:51 [56,358ms] [Warning] [omni.physx.plugin] Invalid PhysX transform detected for /World/scene_0/controllable__r1__robot_dhaboz/servo_link2.
2026-05-12 16:11:51 [56,358ms] [Warning] [omni.physx.plugin] Invalid PhysX transform detected for /World/scene_0/controllable__r1__robot_dhaboz/servo_link3.
2026-05-12 16:11:51 [56,358ms] [Warning] [omni.physx.plugin] Invalid PhysX transform detected for /World/scene_0/controllable__r1__robot_dhaboz/torso_link1.
2026-05-12 16:11:51 [56,358ms] [Warning] [omni.physx.plugin] Invalid PhysX transform detected for /World/scene_0/controllable__r1__robot_dhaboz/wheel_link1.
2026-05-12 16:11:51 [56,358ms] [Warning] [omni.physx.plugin] Invalid PhysX transform detected for /World/scene_0/controllable__r1__robot_dhaboz/wheel_link2.
2026-05-12 16:11:51 [56,358ms] [Warning] [omni.physx.plugin] Invalid PhysX transform detected for /World/scene_0/controllable__r1__robot_dhaboz/wheel_link3.
2026-05-12 16:11:51 [56,358ms] [Warning] [omni.physx.plugin] Invalid PhysX transform detected for /World/scene_0/controllable__r1__robot_dhaboz/torso_link2.
2026-05-12 16:11:51 [56,358ms] [Warning] [omni.physx.plugin] Invalid PhysX transform detected for /World/scene_0/controllable__r1__robot_dhaboz/torso_link3.
2026-05-12 16:11:51 [56,358ms] [Warning] [omni.physx.plugin] Invalid PhysX transform detected for /World/scene_0/controllable__r1__robot_dhaboz/torso_link4.
2026-05-12 16:11:51 [56,358ms] [Warning] [omni.physx.plugin] Invalid PhysX transform detected for /World/scene_0/controllable__r1__robot_dhaboz/left_arm_link1.
2026-05-12 16:11:51 [56,358ms] [Warning] [omni.physx.plugin] Invalid PhysX transform detected for /World/scene_0/controllable__r1__robot_dhaboz/right_arm_link1.
2026-05-12 16:11:51 [56,358ms] [Warning] [omni.physx.plugin] Invalid PhysX transform detected for /World/scene_0/controllable__r1__robot_dhaboz/eyes.
2026-05-12 16:11:51 [56,358ms] [Warning] [omni.physx.plugin] Invalid PhysX transform detected for /World/scene_0/controllable__r1__robot_dhaboz/left_arm_link2.
2026-05-12 16:11:51 [56,358ms] [Warning] [omni.physx.plugin] Invalid PhysX transform detected for /World/scene_0/controllable__r1__robot_dhaboz/right_arm_link2.
2026-05-12 16:11:51 [56,358ms] [Warning] [omni.physx.plugin] Invalid PhysX transform detected for /World/scene_0/controllable__r1__robot_dhaboz/left_arm_link3.
2026-05-12 16:11:51 [56,358ms] [Warning] [omni.physx.plugin] Invalid PhysX transform detected for /World/scene_0/controllable__r1__robot_dhaboz/right_arm_link3.
2026-05-12 16:11:51 [56,358ms] [Warning] [omni.physx.plugin] Invalid PhysX transform detected for /World/scene_0/controllable__r1__robot_dhaboz/left_arm_link4.
2026-05-12 16:11:51 [56,358ms] [Warning] [omni.physx.plugin] Invalid PhysX transform detected for /World/scene_0/controllable__r1__robot_dhaboz/right_arm_link4.
2026-05-12 16:11:51 [56,358ms] [Warning] [omni.physx.plugin] Invalid PhysX transform detected for /World/scene_0/controllable__r1__robot_dhaboz/left_arm_link5.
2026-05-12 16:11:51 [56,358ms] [Warning] [omni.physx.plugin] Invalid PhysX transform detected for /World/scene_0/controllable__r1__robot_dhaboz/right_arm_link5.
2026-05-12 16:11:51 [56,358ms] [Warning] [omni.physx.plugin] Invalid PhysX transform detected for /World/scene_0/controllable__r1__robot_dhaboz/left_arm_link6.
2026-05-12 16:11:51 [56,358ms] [Warning] [omni.physx.plugin] Invalid PhysX transform detected for /World/scene_0/controllable__r1__robot_dhaboz/right_arm_link6.
2026-05-12 16:11:51 [56,358ms] [Warning] [omni.physx.plugin] Invalid PhysX transform detected for /World/scene_0/controllable__r1__robot_dhaboz/left_gripper_link1.
2026-05-12 16:11:51 [56,358ms] [Warning] [omni.physx.plugin] Invalid PhysX transform detected for /World/scene_0/controllable__r1__robot_dhaboz/left_gripper_link2.
2026-05-12 16:11:51 [56,358ms] [Warning] [omni.physx.plugin] Invalid PhysX transform detected for /World/scene_0/controllable__r1__robot_dhaboz/left_eef_link.
2026-05-12 16:11:51 [56,359ms] [Warning] [omni.physx.plugin] Invalid PhysX transform detected for /World/scene_0/controllable__r1__robot_dhaboz/right_gripper_link1.
2026-05-12 16:11:51 [56,359ms] [Warning] [omni.physx.plugin] Invalid PhysX transform detected for /World/scene_0/controllable__r1__robot_dhaboz/right_gripper_link2.
2026-05-12 16:11:51 [56,359ms] [Warning] [omni.physx.plugin] Invalid PhysX transform detected for /World/scene_0/controllable__r1__robot_dhaboz/right_eef_link.
2026-05-12 16:11:51 [56,359ms] [Warning] [omni.physx.plugin] Invalid PhysX transform detected for /World/scene_0/cover_small_item_render_item_4175346132/base_link.
2026-05-12 16:11:51 [56,359ms] [Warning] [omni.physx.plugin] Invalid PhysX transform detected for /World/scene_0/cover_small_item_render_item_4175346132/glass.
2026-05-12 16:11:52 [56,441ms] [Warning] [omni.physx.plugin] Invalid PhysX transform detected for /World/scene_0/controllable__r1__robot_dhaboz/base_footprint_y.
2026-05-12 16:11:52 [56,441ms] [Warning] [omni.physx.plugin] Invalid PhysX transform detected for /World/scene_0/controllable__r1__robot_dhaboz/base_footprint_z.
2026-05-12 16:11:52 [56,441ms] [Warning] [omni.physx.plugin] Invalid PhysX transform detected for /World/scene_0/controllable__r1__robot_dhaboz/base_footprint_rx.
2026-05-12 16:11:52 [56,441ms] [Warning] [omni.physx.plugin] Invalid PhysX transform detected for /World/scene_0/controllable__r1__robot_dhaboz/base_footprint_ry.
2026-05-12 16:11:52 [56,441ms] [Warning] [omni.physx.plugin] Invalid PhysX transform detected for /World/scene_0/controllable__r1__robot_dhaboz/base_footprint_rz.
2026-05-12 16:11:52 [56,441ms] [Warning] [omni.physx.plugin] Invalid PhysX transform detected for /World/scene_0/controllable__r1__robot_dhaboz/base_link.
2026-05-12 16:11:52 [56,441ms] [Warning] [omni.physx.plugin] Invalid PhysX transform detected for /World/scene_0/controllable__r1__robot_dhaboz/servo_link1.
2026-05-12 16:11:52 [56,441ms] [Warning] [omni.physx.plugin] Invalid PhysX transform detected for /World/scene_0/controllable__r1__robot_dhaboz/servo_link2.
2026-05-12 16:11:52 [56,441ms] [Warning] [omni.physx.plugin] Invalid PhysX transform detected for /World/scene_0/controllable__r1__robot_dhaboz/servo_link3.
2026-05-12 16:11:52 [56,441ms] [Warning] [omni.physx.plugin] Invalid PhysX transform detected for /World/scene_0/controllable__r1__robot_dhaboz/torso_link1.
2026-05-12 16:11:52 [56,441ms] [Warning] [omni.physx.plugin] Invalid PhysX transform detected for /World/scene_0/controllable__r1__robot_dhaboz/wheel_link1.
2026-05-12 16:11:52 [56,441ms] [Warning] [omni.physx.plugin] Invalid PhysX transform detected for /World/scene_0/controllable__r1__robot_dhaboz/wheel_link2.
2026-05-12 16:11:52 [56,441ms] [Warning] [omni.physx.plugin] Invalid PhysX transform detected for /World/scene_0/controllable__r1__robot_dhaboz/wheel_link3.
2026-05-12 16:11:52 [56,441ms] [Warning] [omni.physx.plugin] Invalid PhysX transform detected for /World/scene_0/controllable__r1__robot_dhaboz/torso_link2.
2026-05-12 16:11:52 [56,441ms] [Warning] [omni.physx.plugin] Invalid PhysX transform detected for /World/scene_0/controllable__r1__robot_dhaboz/torso_link3.
2026-05-12 16:11:52 [56,441ms] [Warning] [omni.physx.plugin] Invalid PhysX transform detected for /World/scene_0/controllable__r1__robot_dhaboz/torso_link4.
2026-05-12 16:11:52 [56,441ms] [Warning] [omni.physx.plugin] Invalid PhysX transform detected for /World/scene_0/controllable__r1__robot_dhaboz/left_arm_link1.
2026-05-12 16:11:52 [56,441ms] [Warning] [omni.physx.plugin] Invalid PhysX transform detected for /World/scene_0/controllable__r1__robot_dhaboz/right_arm_link1.
2026-05-12 16:11:52 [56,441ms] [Warning] [omni.physx.plugin] Invalid PhysX transform detected for /World/scene_0/controllable__r1__robot_dhaboz/eyes.
2026-05-12 16:11:52 [56,441ms] [Warning] [omni.physx.plugin] Invalid PhysX transform detected for /World/scene_0/controllable__r1__robot_dhaboz/left_arm_link2.
2026-05-12 16:11:52 [56,441ms] [Warning] [omni.physx.plugin] Invalid PhysX transform detected for /World/scene_0/controllable__r1__robot_dhaboz/right_arm_link2.
2026-05-12 16:11:52 [56,441ms] [Warning] [omni.physx.plugin] Invalid PhysX transform detected for /World/scene_0/controllable__r1__robot_dhaboz/left_arm_link3.
2026-05-12 16:11:52 [56,441ms] [Warning] [omni.physx.plugin] Invalid PhysX transform detected for /World/scene_0/controllable__r1__robot_dhaboz/right_arm_link3.
2026-05-12 16:11:52 [56,441ms] [Warning] [omni.physx.plugin] Invalid PhysX transform detected for /World/scene_0/controllable__r1__robot_dhaboz/left_arm_link4.
2026-05-12 16:11:52 [56,441ms] [Warning] [omni.physx.plugin] Invalid PhysX transform detected for /World/scene_0/controllable__r1__robot_dhaboz/right_arm_link4.
2026-05-12 16:11:52 [56,441ms] [Warning] [omni.physx.plugin] Invalid PhysX transform detected for /World/scene_0/controllable__r1__robot_dhaboz/left_arm_link5.
2026-05-12 16:11:52 [56,441ms] [Warning] [omni.physx.plugin] Invalid PhysX transform detected for /World/scene_0/controllable__r1__robot_dhaboz/right_arm_link5.
2026-05-12 16:11:52 [56,441ms] [Warning] [omni.physx.plugin] Invalid PhysX transform detected for /World/scene_0/controllable__r1__robot_dhaboz/left_arm_link6.
2026-05-12 16:11:52 [56,441ms] [Warning] [omni.physx.plugin] Invalid PhysX transform detected for /World/scene_0/controllable__r1__robot_dhaboz/right_arm_link6.
2026-05-12 16:11:52 [56,441ms] [Warning] [omni.physx.plugin] Invalid PhysX transform detected for /World/scene_0/controllable__r1__robot_dhaboz/left_gripper_link1.
2026-05-12 16:11:52 [56,441ms] [Warning] [omni.physx.plugin] Invalid PhysX transform detected for /World/scene_0/controllable__r1__robot_dhaboz/left_gripper_link2.
2026-05-12 16:11:52 [56,441ms] [Warning] [omni.physx.plugin] Invalid PhysX transform detected for /World/scene_0/controllable__r1__robot_dhaboz/left_eef_link.
2026-05-12 16:11:52 [56,441ms] [Warning] [omni.physx.plugin] Invalid PhysX transform detected for /World/scene_0/controllable__r1__robot_dhaboz/right_gripper_link1.
2026-05-12 16:11:52 [56,441ms] [Warning] [omni.physx.plugin] Invalid PhysX transform detected for /World/scene_0/controllable__r1__robot_dhaboz/right_gripper_link2.
2026-05-12 16:11:52 [56,441ms] [Warning] [omni.physx.plugin] Invalid PhysX transform detected for /World/scene_0/controllable__r1__robot_dhaboz/right_eef_link.
2026-05-12 16:11:52 [56,441ms] [Warning] [omni.physx.plugin] Invalid PhysX transform detected for /World/scene_0/cover_small_item_render_item_4175346132/base_link.
2026-05-12 16:11:52 [56,441ms] [Warning] [omni.physx.plugin] Invalid PhysX transform detected for /World/scene_0/cover_small_item_render_item_4175346132/glass.
2026-05-12 16:11:52 [56,525ms] [Warning] [omni.physx.plugin] Invalid PhysX transform detected for /World/scene_0/controllable__r1__robot_dhaboz/base_footprint_y.
2026-05-12 16:11:52 [56,525ms] [Warning] [omni.physx.plugin] Invalid PhysX transform detected for /World/scene_0/controllable__r1__robot_dhaboz/base_footprint_z.
2026-05-12 16:11:52 [56,525ms] [Warning] [omni.physx.plugin] Invalid PhysX transform detected for /World/scene_0/controllable__r1__robot_dhaboz/base_footprint_rx.
2026-05-12 16:11:52 [56,525ms] [Warning] [omni.physx.plugin] Invalid PhysX transform detected for /World/scene_0/controllable__r1__robot_dhaboz/base_footprint_ry.
2026-05-12 16:11:52 [56,525ms] [Warning] [omni.physx.plugin] Invalid PhysX transform detected for /World/scene_0/controllable__r1__robot_dhaboz/base_footprint_rz.
2026-05-12 16:11:52 [56,525ms] [Warning] [omni.physx.plugin] Invalid PhysX transform detected for /World/scene_0/controllable__r1__robot_dhaboz/base_link.
2026-05-12 16:11:52 [56,525ms] [Warning] [omni.physx.plugin] Invalid PhysX transform detected for /World/scene_0/controllable__r1__robot_dhaboz/servo_link1.
2026-05-12 16:11:52 [56,525ms] [Warning] [omni.physx.plugin] Invalid PhysX transform detected for /World/scene_0/controllable__r1__robot_dhaboz/servo_link2.
2026-05-12 16:11:52 [56,525ms] [Warning] [omni.physx.plugin] Invalid PhysX transform detected for /World/scene_0/controllable__r1__robot_dhaboz/servo_link3.
2026-05-12 16:11:52 [56,525ms] [Warning] [omni.physx.plugin] Invalid PhysX transform detected for /World/scene_0/controllable__r1__robot_dhaboz/torso_link1.
2026-05-12 16:11:52 [56,525ms] [Warning] [omni.physx.plugin] Invalid PhysX transform detected for /World/scene_0/controllable__r1__robot_dhaboz/wheel_link1.
2026-05-12 16:11:52 [56,525ms] [Warning] [omni.physx.plugin] Invalid PhysX transform detected for /World/scene_0/controllable__r1__robot_dhaboz/wheel_link2.
2026-05-12 16:11:52 [56,525ms] [Warning] [omni.physx.plugin] Invalid PhysX transform detected for /World/scene_0/controllable__r1__robot_dhaboz/wheel_link3.
2026-05-12 16:11:52 [56,525ms] [Warning] [omni.physx.plugin] Invalid PhysX transform detected for /World/scene_0/controllable__r1__robot_dhaboz/torso_link2.
2026-05-12 16:11:52 [56,525ms] [Warning] [omni.physx.plugin] Invalid PhysX transform detected for /World/scene_0/controllable__r1__robot_dhaboz/torso_link3.
2026-05-12 16:11:52 [56,525ms] [Warning] [omni.physx.plugin] Invalid PhysX transform detected for /World/scene_0/controllable__r1__robot_dhaboz/torso_link4.
2026-05-12 16:11:52 [56,525ms] [Warning] [omni.physx.plugin] Invalid PhysX transform detected for /World/scene_0/controllable__r1__robot_dhaboz/left_arm_link1.
2026-05-12 16:11:52 [56,525ms] [Warning] [omni.physx.plugin] Invalid PhysX transform detected for /World/scene_0/controllable__r1__robot_dhaboz/right_arm_link1.
2026-05-12 16:11:52 [56,525ms] [Warning] [omni.physx.plugin] Invalid PhysX transform detected for /World/scene_0/controllable__r1__robot_dhaboz/eyes.
2026-05-12 16:11:52 [56,525ms] [Warning] [omni.physx.plugin] Invalid PhysX transform detected for /World/scene_0/controllable__r1__robot_dhaboz/left_arm_link2.
2026-05-12 16:11:52 [56,525ms] [Warning] [omni.physx.plugin] Invalid PhysX transform detected for /World/scene_0/controllable__r1__robot_dhaboz/right_arm_link2.
2026-05-12 16:11:52 [56,525ms] [Warning] [omni.physx.plugin] Invalid PhysX transform detected for /World/scene_0/controllable__r1__robot_dhaboz/left_arm_link3.
2026-05-12 16:11:52 [56,525ms] [Warning] [omni.physx.plugin] Invalid PhysX transform detected for /World/scene_0/controllable__r1__robot_dhaboz/right_arm_link3.
2026-05-12 16:11:52 [56,525ms] [Warning] [omni.physx.plugin] Invalid PhysX transform detected for /World/scene_0/controllable__r1__robot_dhaboz/left_arm_link4.
2026-05-12 16:11:52 [56,525ms] [Warning] [omni.physx.plugin] Invalid PhysX transform detected for /World/scene_0/controllable__r1__robot_dhaboz/right_arm_link4.
2026-05-12 16:11:52 [56,525ms] [Warning] [omni.physx.plugin] Invalid PhysX transform detected for /World/scene_0/controllable__r1__robot_dhaboz/left_arm_link5.
2026-05-12 16:11:52 [56,525ms] [Warning] [omni.physx.plugin] Invalid PhysX transform detected for /World/scene_0/controllable__r1__robot_dhaboz/right_arm_link5.
2026-05-12 16:11:52 [56,525ms] [Warning] [omni.physx.plugin] Invalid PhysX transform detected for /World/scene_0/controllable__r1__robot_dhaboz/left_arm_link6.
2026-05-12 16:11:52 [56,525ms] [Warning] [omni.physx.plugin] Invalid PhysX transform detected for /World/scene_0/controllable__r1__robot_dhaboz/right_arm_link6.
2026-05-12 16:11:52 [56,525ms] [Warning] [omni.physx.plugin] Invalid PhysX transform detected for /World/scene_0/controllable__r1__robot_dhaboz/left_gripper_link1.
2026-05-12 16:11:52 [56,525ms] [Warning] [omni.physx.plugin] Invalid PhysX transform detected for /World/scene_0/controllable__r1__robot_dhaboz/left_gripper_link2.
2026-05-12 16:11:52 [56,525ms] [Warning] [omni.physx.plugin] Invalid PhysX transform detected for /World/scene_0/controllable__r1__robot_dhaboz/left_eef_link.
2026-05-12 16:11:52 [56,525ms] [Warning] [omni.physx.plugin] Invalid PhysX transform detected for /World/scene_0/controllable__r1__robot_dhaboz/right_gripper_link1.
2026-05-12 16:11:52 [56,525ms] [Warning] [omni.physx.plugin] Invalid PhysX transform detected for /World/scene_0/controllable__r1__robot_dhaboz/right_gripper_link2.
2026-05-12 16:11:52 [56,525ms] [Warning] [omni.physx.plugin] Invalid PhysX transform detected for /World/scene_0/controllable__r1__robot_dhaboz/right_eef_link.
2026-05-12 16:11:52 [56,525ms] [Warning] [omni.physx.plugin] Invalid PhysX transform detected for /World/scene_0/cover_small_item_render_item_4175346132/base_link.
2026-05-12 16:11:52 [56,525ms] [Warning] [omni.physx.plugin] Invalid PhysX transform detected for /World/scene_0/cover_small_item_render_item_4175346132/glass.
2026-05-12 16:11:52 [56,607ms] [Warning] [omni.physx.plugin] Invalid PhysX transform detected for /World/scene_0/controllable__r1__robot_dhaboz/base_footprint_y.
2026-05-12 16:11:52 [56,607ms] [Warning] [omni.physx.plugin] Invalid PhysX transform detected for /World/scene_0/controllable__r1__robot_dhaboz/base_footprint_z.
2026-05-12 16:11:52 [56,607ms] [Warning] [omni.physx.plugin] Invalid PhysX transform detected for /World/scene_0/controllable__r1__robot_dhaboz/base_footprint_rx.
2026-05-12 16:11:52 [56,607ms] [Warning] [omni.physx.plugin] Invalid PhysX transform detected for /World/scene_0/controllable__r1__robot_dhaboz/base_footprint_ry.
2026-05-12 16:11:52 [56,607ms] [Warning] [omni.physx.plugin] Invalid PhysX transform detected for /World/scene_0/controllable__r1__robot_dhaboz/base_footprint_rz.
2026-05-12 16:11:52 [56,607ms] [Warning] [omni.physx.plugin] Invalid PhysX transform detected for /World/scene_0/controllable__r1__robot_dhaboz/base_link.
2026-05-12 16:11:52 [56,607ms] [Warning] [omni.physx.plugin] Invalid PhysX transform detected for /World/scene_0/controllable__r1__robot_dhaboz/servo_link1.
2026-05-12 16:11:52 [56,607ms] [Warning] [omni.physx.plugin] Invalid PhysX transform detected for /World/scene_0/controllable__r1__robot_dhaboz/servo_link2.
2026-05-12 16:11:52 [56,607ms] [Warning] [omni.physx.plugin] Invalid PhysX transform detected for /World/scene_0/controllable__r1__robot_dhaboz/servo_link3.
2026-05-12 16:11:52 [56,607ms] [Warning] [omni.physx.plugin] Invalid PhysX transform detected for /World/scene_0/controllable__r1__robot_dhaboz/torso_link1.
2026-05-12 16:11:52 [56,607ms] [Warning] [omni.physx.plugin] Invalid PhysX transform detected for /World/scene_0/controllable__r1__robot_dhaboz/wheel_link1.
2026-05-12 16:11:52 [56,607ms] [Warning] [omni.physx.plugin] Invalid PhysX transform detected for /World/scene_0/controllable__r1__robot_dhaboz/wheel_link2.
2026-05-12 16:11:52 [56,607ms] [Warning] [omni.physx.plugin] Invalid PhysX transform detected for /World/scene_0/controllable__r1__robot_dhaboz/wheel_link3.
2026-05-12 16:11:52 [56,607ms] [Warning] [omni.physx.plugin] Invalid PhysX transform detected for /World/scene_0/controllable__r1__robot_dhaboz/torso_link2.
2026-05-12 16:11:52 [56,607ms] [Warning] [omni.physx.plugin] Invalid PhysX transform detected for /World/scene_0/controllable__r1__robot_dhaboz/torso_link3.
2026-05-12 16:11:52 [56,607ms] [Warning] [omni.physx.plugin] Invalid PhysX transform detected for /World/scene_0/controllable__r1__robot_dhaboz/torso_link4.
2026-05-12 16:11:52 [56,607ms] [Warning] [omni.physx.plugin] Invalid PhysX transform detected for /World/scene_0/controllable__r1__robot_dhaboz/left_arm_link1.
2026-05-12 16:11:52 [56,607ms] [Warning] [omni.physx.plugin] Invalid PhysX transform detected for /World/scene_0/controllable__r1__robot_dhaboz/right_arm_link1.
2026-05-12 16:11:52 [56,607ms] [Warning] [omni.physx.plugin] Invalid PhysX transform detected for /World/scene_0/controllable__r1__robot_dhaboz/eyes.
2026-05-12 16:11:52 [56,607ms] [Warning] [omni.physx.plugin] Invalid PhysX transform detected for /World/scene_0/controllable__r1__robot_dhaboz/left_arm_link2.
2026-05-12 16:11:52 [56,607ms] [Warning] [omni.physx.plugin] Invalid PhysX transform detected for /World/scene_0/controllable__r1__robot_dhaboz/right_arm_link2.
2026-05-12 16:11:52 [56,607ms] [Warning] [omni.physx.plugin] Invalid PhysX transform detected for /World/scene_0/controllable__r1__robot_dhaboz/left_arm_link3.
2026-05-12 16:11:52 [56,607ms] [Warning] [omni.physx.plugin] Invalid PhysX transform detected for /World/scene_0/controllable__r1__robot_dhaboz/right_arm_link3.
2026-05-12 16:11:52 [56,607ms] [Warning] [omni.physx.plugin] Invalid PhysX transform detected for /World/scene_0/controllable__r1__robot_dhaboz/left_arm_link4.
2026-05-12 16:11:52 [56,607ms] [Warning] [omni.physx.plugin] Invalid PhysX transform detected for /World/scene_0/controllable__r1__robot_dhaboz/right_arm_link4.
2026-05-12 16:11:52 [56,607ms] [Warning] [omni.physx.plugin] Invalid PhysX transform detected for /World/scene_0/controllable__r1__robot_dhaboz/left_arm_link5.
2026-05-12 16:11:52 [56,607ms] [Warning] [omni.physx.plugin] Invalid PhysX transform detected for /World/scene_0/controllable__r1__robot_dhaboz/right_arm_link5.
2026-05-12 16:11:52 [56,607ms] [Warning] [omni.physx.plugin] Invalid PhysX transform detected for /World/scene_0/controllable__r1__robot_dhaboz/left_arm_link6.
2026-05-12 16:11:52 [56,607ms] [Warning] [omni.physx.plugin] Invalid PhysX transform detected for /World/scene_0/controllable__r1__robot_dhaboz/right_arm_link6.
2026-05-12 16:11:52 [56,607ms] [Warning] [omni.physx.plugin] Invalid PhysX transform detected for /World/scene_0/controllable__r1__robot_dhaboz/left_gripper_link1.
2026-05-12 16:11:52 [56,607ms] [Warning] [omni.physx.plugin] Invalid PhysX transform detected for /World/scene_0/controllable__r1__robot_dhaboz/left_gripper_link2.
2026-05-12 16:11:52 [56,607ms] [Warning] [omni.physx.plugin] Invalid PhysX transform detected for /World/scene_0/controllable__r1__robot_dhaboz/left_eef_link.
2026-05-12 16:11:52 [56,607ms] [Warning] [omni.physx.plugin] Invalid PhysX transform detected for /World/scene_0/controllable__r1__robot_dhaboz/right_gripper_link1.
2026-05-12 16:11:52 [56,607ms] [Warning] [omni.physx.plugin] Invalid PhysX transform detected for /World/scene_0/controllable__r1__robot_dhaboz/right_gripper_link2.
2026-05-12 16:11:52 [56,607ms] [Warning] [omni.physx.plugin] Invalid PhysX transform detected for /World/scene_0/controllable__r1__robot_dhaboz/right_eef_link.
2026-05-12 16:11:52 [56,607ms] [Warning] [omni.physx.plugin] Invalid PhysX transform detected for /World/scene_0/cover_small_item_render_item_4175346132/base_link.
2026-05-12 16:11:52 [56,607ms] [Warning] [omni.physx.plugin] Invalid PhysX transform detected for /World/scene_0/cover_small_item_render_item_4175346132/glass.
2026-05-12 16:11:52 [56,629ms] [Warning] [omni.physx.plugin] Invalid PhysX transform detected for /World/scene_0/controllable__r1__robot_dhaboz/base_footprint_y.
2026-05-12 16:11:52 [56,629ms] [Warning] [omni.physx.plugin] Invalid PhysX transform detected for /World/scene_0/controllable__r1__robot_dhaboz/base_footprint_z.
2026-05-12 16:11:52 [56,629ms] [Warning] [omni.physx.plugin] Invalid PhysX transform detected for /World/scene_0/controllable__r1__robot_dhaboz/base_footprint_rx.
2026-05-12 16:11:52 [56,629ms] [Warning] [omni.physx.plugin] Invalid PhysX transform detected for /World/scene_0/controllable__r1__robot_dhaboz/base_footprint_ry.
2026-05-12 16:11:52 [56,629ms] [Warning] [omni.physx.plugin] Invalid PhysX transform detected for /World/scene_0/controllable__r1__robot_dhaboz/base_footprint_rz.
2026-05-12 16:11:52 [56,629ms] [Warning] [omni.physx.plugin] Invalid PhysX transform detected for /World/scene_0/controllable__r1__robot_dhaboz/base_link.
2026-05-12 16:11:52 [56,629ms] [Warning] [omni.physx.plugin] Invalid PhysX transform detected for /World/scene_0/controllable__r1__robot_dhaboz/servo_link1.
2026-05-12 16:11:52 [56,629ms] [Warning] [omni.physx.plugin] Invalid PhysX transform detected for /World/scene_0/controllable__r1__robot_dhaboz/servo_link2.
2026-05-12 16:11:52 [56,629ms] [Warning] [omni.physx.plugin] Invalid PhysX transform detected for /World/scene_0/controllable__r1__robot_dhaboz/servo_link3.
2026-05-12 16:11:52 [56,629ms] [Warning] [omni.physx.plugin] Invalid PhysX transform detected for /World/scene_0/controllable__r1__robot_dhaboz/torso_link1.
2026-05-12 16:11:52 [56,629ms] [Warning] [omni.physx.plugin] Invalid PhysX transform detected for /World/scene_0/controllable__r1__robot_dhaboz/wheel_link1.
2026-05-12 16:11:52 [56,629ms] [Warning] [omni.physx.plugin] Invalid PhysX transform detected for /World/scene_0/controllable__r1__robot_dhaboz/wheel_link2.
2026-05-12 16:11:52 [56,629ms] [Warning] [omni.physx.plugin] Invalid PhysX transform detected for /World/scene_0/controllable__r1__robot_dhaboz/wheel_link3.
2026-05-12 16:11:52 [56,629ms] [Warning] [omni.physx.plugin] Invalid PhysX transform detected for /World/scene_0/controllable__r1__robot_dhaboz/torso_link2.
2026-05-12 16:11:52 [56,629ms] [Warning] [omni.physx.plugin] Invalid PhysX transform detected for /World/scene_0/controllable__r1__robot_dhaboz/torso_link3.
2026-05-12 16:11:52 [56,629ms] [Warning] [omni.physx.plugin] Invalid PhysX transform detected for /World/scene_0/controllable__r1__robot_dhaboz/torso_link4.
2026-05-12 16:11:52 [56,629ms] [Warning] [omni.physx.plugin] Invalid PhysX transform detected for /World/scene_0/controllable__r1__robot_dhaboz/left_arm_link1.
2026-05-12 16:11:52 [56,629ms] [Warning] [omni.physx.plugin] Invalid PhysX transform detected for /World/scene_0/controllable__r1__robot_dhaboz/right_arm_link1.
2026-05-12 16:11:52 [56,629ms] [Warning] [omni.physx.plugin] Invalid PhysX transform detected for /World/scene_0/controllable__r1__robot_dhaboz/eyes.
2026-05-12 16:11:52 [56,629ms] [Warning] [omni.physx.plugin] Invalid PhysX transform detected for /World/scene_0/controllable__r1__robot_dhaboz/left_arm_link2.
2026-05-12 16:11:52 [56,629ms] [Warning] [omni.physx.plugin] Invalid PhysX transform detected for /World/scene_0/controllable__r1__robot_dhaboz/right_arm_link2.
2026-05-12 16:11:52 [56,629ms] [Warning] [omni.physx.plugin] Invalid PhysX transform detected for /World/scene_0/controllable__r1__robot_dhaboz/left_arm_link3.
2026-05-12 16:11:52 [56,629ms] [Warning] [omni.physx.plugin] Invalid PhysX transform detected for /World/scene_0/controllable__r1__robot_dhaboz/right_arm_link3.
2026-05-12 16:11:52 [56,629ms] [Warning] [omni.physx.plugin] Invalid PhysX transform detected for /World/scene_0/controllable__r1__robot_dhaboz/left_arm_link4.
2026-05-12 16:11:52 [56,629ms] [Warning] [omni.physx.plugin] Invalid PhysX transform detected for /World/scene_0/controllable__r1__robot_dhaboz/right_arm_link4.
2026-05-12 16:11:52 [56,629ms] [Warning] [omni.physx.plugin] Invalid PhysX transform detected for /World/scene_0/controllable__r1__robot_dhaboz/left_arm_link5.
2026-05-12 16:11:52 [56,629ms] [Warning] [omni.physx.plugin] Invalid PhysX transform detected for /World/scene_0/controllable__r1__robot_dhaboz/right_arm_link5.
2026-05-12 16:11:52 [56,629ms] [Warning] [omni.physx.plugin] Invalid PhysX transform detected for /World/scene_0/controllable__r1__robot_dhaboz/left_arm_link6.
2026-05-12 16:11:52 [56,629ms] [Warning] [omni.physx.plugin] Invalid PhysX transform detected for /World/scene_0/controllable__r1__robot_dhaboz/right_arm_link6.
2026-05-12 16:11:52 [56,629ms] [Warning] [omni.physx.plugin] Invalid PhysX transform detected for /World/scene_0/controllable__r1__robot_dhaboz/left_gripper_link1.
2026-05-12 16:11:52 [56,629ms] [Warning] [omni.physx.plugin] Invalid PhysX transform detected for /World/scene_0/controllable__r1__robot_dhaboz/left_gripper_link2.
2026-05-12 16:11:52 [56,629ms] [Warning] [omni.physx.plugin] Invalid PhysX transform detected for /World/scene_0/controllable__r1__robot_dhaboz/left_eef_link.
2026-05-12 16:11:52 [56,629ms] [Warning] [omni.physx.plugin] Invalid PhysX transform detected for /World/scene_0/controllable__r1__robot_dhaboz/right_gripper_link1.
2026-05-12 16:11:52 [56,629ms] [Warning] [omni.physx.plugin] Invalid PhysX transform detected for /World/scene_0/controllable__r1__robot_dhaboz/right_gripper_link2.
2026-05-12 16:11:52 [56,629ms] [Warning] [omni.physx.plugin] Invalid PhysX transform detected for /World/scene_0/controllable__r1__robot_dhaboz/right_eef_link.
2026-05-12 16:11:52 [56,629ms] [Warning] [omni.physx.plugin] Invalid PhysX transform detected for /World/scene_0/cover_small_item_render_item_4175346132/base_link.
2026-05-12 16:11:52 [56,629ms] [Warning] [omni.physx.plugin] Invalid PhysX transform detected for /World/scene_0/cover_small_item_render_item_4175346132/glass.
2026-05-12 16:11:52 [56,689ms] [Warning] [omni.physx.plugin] Invalid PhysX transform detected for /World/scene_0/controllable__r1__robot_dhaboz/base_footprint_y.
2026-05-12 16:11:52 [56,689ms] [Warning] [omni.physx.plugin] Invalid PhysX transform detected for /World/scene_0/controllable__r1__robot_dhaboz/base_footprint_z.
2026-05-12 16:11:52 [56,689ms] [Warning] [omni.physx.plugin] Invalid PhysX transform detected for /World/scene_0/controllable__r1__robot_dhaboz/base_footprint_rx.
2026-05-12 16:11:52 [56,689ms] [Warning] [omni.physx.plugin] Invalid PhysX transform detected for /World/scene_0/controllable__r1__robot_dhaboz/base_footprint_ry.
2026-05-12 16:11:52 [56,689ms] [Warning] [omni.physx.plugin] Invalid PhysX transform detected for /World/scene_0/controllable__r1__robot_dhaboz/base_footprint_rz.
2026-05-12 16:11:52 [56,689ms] [Warning] [omni.physx.plugin] Invalid PhysX transform detected for /World/scene_0/controllable__r1__robot_dhaboz/base_link.
2026-05-12 16:11:52 [56,689ms] [Warning] [omni.physx.plugin] Invalid PhysX transform detected for /World/scene_0/controllable__r1__robot_dhaboz/servo_link1.
2026-05-12 16:11:52 [56,689ms] [Warning] [omni.physx.plugin] Invalid PhysX transform detected for /World/scene_0/controllable__r1__robot_dhaboz/servo_link2.
2026-05-12 16:11:52 [56,689ms] [Warning] [omni.physx.plugin] Invalid PhysX transform detected for /World/scene_0/controllable__r1__robot_dhaboz/servo_link3.
2026-05-12 16:11:52 [56,689ms] [Warning] [omni.physx.plugin] Invalid PhysX transform detected for /World/scene_0/controllable__r1__robot_dhaboz/torso_link1.
2026-05-12 16:11:52 [56,689ms] [Warning] [omni.physx.plugin] Invalid PhysX transform detected for /World/scene_0/controllable__r1__robot_dhaboz/wheel_link1.
2026-05-12 16:11:52 [56,689ms] [Warning] [omni.physx.plugin] Invalid PhysX transform detected for /World/scene_0/controllable__r1__robot_dhaboz/wheel_link2.
2026-05-12 16:11:52 [56,689ms] [Warning] [omni.physx.plugin] Invalid PhysX transform detected for /World/scene_0/controllable__r1__robot_dhaboz/wheel_link3.
2026-05-12 16:11:52 [56,689ms] [Warning] [omni.physx.plugin] Invalid PhysX transform detected for /World/scene_0/controllable__r1__robot_dhaboz/torso_link2.
2026-05-12 16:11:52 [56,689ms] [Warning] [omni.physx.plugin] Invalid PhysX transform detected for /World/scene_0/controllable__r1__robot_dhaboz/torso_link3.
2026-05-12 16:11:52 [56,689ms] [Warning] [omni.physx.plugin] Invalid PhysX transform detected for /World/scene_0/controllable__r1__robot_dhaboz/torso_link4.
2026-05-12 16:11:52 [56,689ms] [Warning] [omni.physx.plugin] Invalid PhysX transform detected for /World/scene_0/controllable__r1__robot_dhaboz/left_arm_link1.
2026-05-12 16:11:52 [56,689ms] [Warning] [omni.physx.plugin] Invalid PhysX transform detected for /World/scene_0/controllable__r1__robot_dhaboz/right_arm_link1.
2026-05-12 16:11:52 [56,689ms] [Warning] [omni.physx.plugin] Invalid PhysX transform detected for /World/scene_0/controllable__r1__robot_dhaboz/eyes.
2026-05-12 16:11:52 [56,689ms] [Warning] [omni.physx.plugin] Invalid PhysX transform detected for /World/scene_0/controllable__r1__robot_dhaboz/left_arm_link2.
2026-05-12 16:11:52 [56,689ms] [Warning] [omni.physx.plugin] Invalid PhysX transform detected for /World/scene_0/controllable__r1__robot_dhaboz/right_arm_link2.
2026-05-12 16:11:52 [56,689ms] [Warning] [omni.physx.plugin] Invalid PhysX transform detected for /World/scene_0/controllable__r1__robot_dhaboz/left_arm_link3.
2026-05-12 16:11:52 [56,689ms] [Warning] [omni.physx.plugin] Invalid PhysX transform detected for /World/scene_0/controllable__r1__robot_dhaboz/right_arm_link3.
2026-05-12 16:11:52 [56,689ms] [Warning] [omni.physx.plugin] Invalid PhysX transform detected for /World/scene_0/controllable__r1__robot_dhaboz/left_arm_link4.
2026-05-12 16:11:52 [56,689ms] [Warning] [omni.physx.plugin] Invalid PhysX transform detected for /World/scene_0/controllable__r1__robot_dhaboz/right_arm_link4.
2026-05-12 16:11:52 [56,689ms] [Warning] [omni.physx.plugin] Invalid PhysX transform detected for /World/scene_0/controllable__r1__robot_dhaboz/left_arm_link5.
2026-05-12 16:11:52 [56,689ms] [Warning] [omni.physx.plugin] Invalid PhysX transform detected for /World/scene_0/controllable__r1__robot_dhaboz/right_arm_link5.
2026-05-12 16:11:52 [56,689ms] [Warning] [omni.physx.plugin] Invalid PhysX transform detected for /World/scene_0/controllable__r1__robot_dhaboz/left_arm_link6.
2026-05-12 16:11:52 [56,689ms] [Warning] [omni.physx.plugin] Invalid PhysX transform detected for /World/scene_0/controllable__r1__robot_dhaboz/right_arm_link6.
2026-05-12 16:11:52 [56,689ms] [Warning] [omni.physx.plugin] Invalid PhysX transform detected for /World/scene_0/controllable__r1__robot_dhaboz/left_gripper_link1.
2026-05-12 16:11:52 [56,689ms] [Warning] [omni.physx.plugin] Invalid PhysX transform detected for /World/scene_0/controllable__r1__robot_dhaboz/left_gripper_link2.
2026-05-12 16:11:52 [56,689ms] [Warning] [omni.physx.plugin] Invalid PhysX transform detected for /World/scene_0/controllable__r1__robot_dhaboz/left_eef_link.
2026-05-12 16:11:52 [56,689ms] [Warning] [omni.physx.plugin] Invalid PhysX transform detected for /World/scene_0/controllable__r1__robot_dhaboz/right_gripper_link1.
2026-05-12 16:11:52 [56,689ms] [Warning] [omni.physx.plugin] Invalid PhysX transform detected for /World/scene_0/controllable__r1__robot_dhaboz/right_gripper_link2.
2026-05-12 16:11:52 [56,689ms] [Warning] [omni.physx.plugin] Invalid PhysX transform detected for /World/scene_0/controllable__r1__robot_dhaboz/right_eef_link.
2026-05-12 16:11:52 [56,689ms] [Warning] [omni.physx.plugin] Invalid PhysX transform detected for /World/scene_0/cover_small_item_render_item_4175346132/base_link.
2026-05-12 16:11:52 [56,689ms] [Warning] [omni.physx.plugin] Invalid PhysX transform detected for /World/scene_0/cover_small_item_render_item_4175346132/glass.
2026-05-12 16:11:52 [56,770ms] [Warning] [omni.physx.plugin] Invalid PhysX transform detected for /World/scene_0/controllable__r1__robot_dhaboz/base_footprint_y.
2026-05-12 16:11:52 [56,770ms] [Warning] [omni.physx.plugin] Invalid PhysX transform detected for /World/scene_0/controllable__r1__robot_dhaboz/base_footprint_z.
2026-05-12 16:11:52 [56,770ms] [Warning] [omni.physx.plugin] Invalid PhysX transform detected for /World/scene_0/controllable__r1__robot_dhaboz/base_footprint_rx.
2026-05-12 16:11:52 [56,770ms] [Warning] [omni.physx.plugin] Invalid PhysX transform detected for /World/scene_0/controllable__r1__robot_dhaboz/base_footprint_ry.
2026-05-12 16:11:52 [56,770ms] [Warning] [omni.physx.plugin] Invalid PhysX transform detected for /World/scene_0/controllable__r1__robot_dhaboz/base_footprint_rz.
2026-05-12 16:11:52 [56,771ms] [Warning] [omni.physx.plugin] Invalid PhysX transform detected for /World/scene_0/controllable__r1__robot_dhaboz/base_link.
2026-05-12 16:11:52 [56,771ms] [Warning] [omni.physx.plugin] Invalid PhysX transform detected for /World/scene_0/controllable__r1__robot_dhaboz/servo_link1.
2026-05-12 16:11:52 [56,771ms] [Warning] [omni.physx.plugin] Invalid PhysX transform detected for /World/scene_0/controllable__r1__robot_dhaboz/servo_link2.
2026-05-12 16:11:52 [56,771ms] [Warning] [omni.physx.plugin] Invalid PhysX transform detected for /World/scene_0/controllable__r1__robot_dhaboz/servo_link3.
2026-05-12 16:11:52 [56,771ms] [Warning] [omni.physx.plugin] Invalid PhysX transform detected for /World/scene_0/controllable__r1__robot_dhaboz/torso_link1.
2026-05-12 16:11:52 [56,771ms] [Warning] [omni.physx.plugin] Invalid PhysX transform detected for /World/scene_0/controllable__r1__robot_dhaboz/wheel_link1.
2026-05-12 16:11:52 [56,771ms] [Warning] [omni.physx.plugin] Invalid PhysX transform detected for /World/scene_0/controllable__r1__robot_dhaboz/wheel_link2.
2026-05-12 16:11:52 [56,771ms] [Warning] [omni.physx.plugin] Invalid PhysX transform detected for /World/scene_0/controllable__r1__robot_dhaboz/wheel_link3.
2026-05-12 16:11:52 [56,771ms] [Warning] [omni.physx.plugin] Invalid PhysX transform detected for /World/scene_0/controllable__r1__robot_dhaboz/torso_link2.
2026-05-12 16:11:52 [56,771ms] [Warning] [omni.physx.plugin] Invalid PhysX transform detected for /World/scene_0/controllable__r1__robot_dhaboz/torso_link3.
2026-05-12 16:11:52 [56,771ms] [Warning] [omni.physx.plugin] Invalid PhysX transform detected for /World/scene_0/controllable__r1__robot_dhaboz/torso_link4.
2026-05-12 16:11:52 [56,771ms] [Warning] [omni.physx.plugin] Invalid PhysX transform detected for /World/scene_0/controllable__r1__robot_dhaboz/left_arm_link1.
2026-05-12 16:11:52 [56,771ms] [Warning] [omni.physx.plugin] Invalid PhysX transform detected for /World/scene_0/controllable__r1__robot_dhaboz/right_arm_link1.
2026-05-12 16:11:52 [56,771ms] [Warning] [omni.physx.plugin] Invalid PhysX transform detected for /World/scene_0/controllable__r1__robot_dhaboz/eyes.
2026-05-12 16:11:52 [56,771ms] [Warning] [omni.physx.plugin] Invalid PhysX transform detected for /World/scene_0/controllable__r1__robot_dhaboz/left_arm_link2.
2026-05-12 16:11:52 [56,771ms] [Warning] [omni.physx.plugin] Invalid PhysX transform detected for /World/scene_0/controllable__r1__robot_dhaboz/right_arm_link2.
2026-05-12 16:11:52 [56,771ms] [Warning] [omni.physx.plugin] Invalid PhysX transform detected for /World/scene_0/controllable__r1__robot_dhaboz/left_arm_link3.
2026-05-12 16:11:52 [56,771ms] [Warning] [omni.physx.plugin] Invalid PhysX transform detected for /World/scene_0/controllable__r1__robot_dhaboz/right_arm_link3.
2026-05-12 16:11:52 [56,771ms] [Warning] [omni.physx.plugin] Invalid PhysX transform detected for /World/scene_0/controllable__r1__robot_dhaboz/left_arm_link4.
2026-05-12 16:11:52 [56,771ms] [Warning] [omni.physx.plugin] Invalid PhysX transform detected for /World/scene_0/controllable__r1__robot_dhaboz/right_arm_link4.
2026-05-12 16:11:52 [56,771ms] [Warning] [omni.physx.plugin] Invalid PhysX transform detected for /World/scene_0/controllable__r1__robot_dhaboz/left_arm_link5.
2026-05-12 16:11:52 [56,771ms] [Warning] [omni.physx.plugin] Invalid PhysX transform detected for /World/scene_0/controllable__r1__robot_dhaboz/right_arm_link5.
2026-05-12 16:11:52 [56,771ms] [Warning] [omni.physx.plugin] Invalid PhysX transform detected for /World/scene_0/controllable__r1__robot_dhaboz/left_arm_link6.
2026-05-12 16:11:52 [56,771ms] [Warning] [omni.physx.plugin] Invalid PhysX transform detected for /World/scene_0/controllable__r1__robot_dhaboz/right_arm_link6.
2026-05-12 16:11:52 [56,771ms] [Warning] [omni.physx.plugin] Invalid PhysX transform detected for /World/scene_0/controllable__r1__robot_dhaboz/left_gripper_link1.
2026-05-12 16:11:52 [56,771ms] [Warning] [omni.physx.plugin] Invalid PhysX transform detected for /World/scene_0/controllable__r1__robot_dhaboz/left_gripper_link2.
2026-05-12 16:11:52 [56,771ms] [Warning] [omni.physx.plugin] Invalid PhysX transform detected for /World/scene_0/controllable__r1__robot_dhaboz/left_eef_link.
2026-05-12 16:11:52 [56,771ms] [Warning] [omni.physx.plugin] Invalid PhysX transform detected for /World/scene_0/controllable__r1__robot_dhaboz/right_gripper_link1.
2026-05-12 16:11:52 [56,771ms] [Warning] [omni.physx.plugin] Invalid PhysX transform detected for /World/scene_0/controllable__r1__robot_dhaboz/right_gripper_link2.
2026-05-12 16:11:52 [56,771ms] [Warning] [omni.physx.plugin] Invalid PhysX transform detected for /World/scene_0/controllable__r1__robot_dhaboz/right_eef_link.
2026-05-12 16:11:52 [56,771ms] [Warning] [omni.physx.plugin] Invalid PhysX transform detected for /World/scene_0/cover_small_item_render_item_4175346132/base_link.
2026-05-12 16:11:52 [56,771ms] [Warning] [omni.physx.plugin] Invalid PhysX transform detected for /World/scene_0/cover_small_item_render_item_4175346132/glass.
2026-05-12 16:11:52 [56,853ms] [Warning] [omni.physx.plugin] Invalid PhysX transform detected for /World/scene_0/controllable__r1__robot_dhaboz/base_footprint_y.
2026-05-12 16:11:52 [56,853ms] [Warning] [omni.physx.plugin] Invalid PhysX transform detected for /World/scene_0/controllable__r1__robot_dhaboz/base_footprint_z.
2026-05-12 16:11:52 [56,853ms] [Warning] [omni.physx.plugin] Invalid PhysX transform detected for /World/scene_0/controllable__r1__robot_dhaboz/base_footprint_rx.
2026-05-12 16:11:52 [56,853ms] [Warning] [omni.physx.plugin] Invalid PhysX transform detected for /World/scene_0/controllable__r1__robot_dhaboz/base_footprint_ry.
2026-05-12 16:11:52 [56,853ms] [Warning] [omni.physx.plugin] Invalid PhysX transform detected for /World/scene_0/controllable__r1__robot_dhaboz/base_footprint_rz.
2026-05-12 16:11:52 [56,853ms] [Warning] [omni.physx.plugin] Invalid PhysX transform detected for /World/scene_0/controllable__r1__robot_dhaboz/base_link.
2026-05-12 16:11:52 [56,853ms] [Warning] [omni.physx.plugin] Invalid PhysX transform detected for /World/scene_0/controllable__r1__robot_dhaboz/servo_link1.
2026-05-12 16:11:52 [56,853ms] [Warning] [omni.physx.plugin] Invalid PhysX transform detected for /World/scene_0/controllable__r1__robot_dhaboz/servo_link2.
2026-05-12 16:11:52 [56,853ms] [Warning] [omni.physx.plugin] Invalid PhysX transform detected for /World/scene_0/controllable__r1__robot_dhaboz/servo_link3.
2026-05-12 16:11:52 [56,853ms] [Warning] [omni.physx.plugin] Invalid PhysX transform detected for /World/scene_0/controllable__r1__robot_dhaboz/torso_link1.
2026-05-12 16:11:52 [56,853ms] [Warning] [omni.physx.plugin] Invalid PhysX transform detected for /World/scene_0/controllable__r1__robot_dhaboz/wheel_link1.
2026-05-12 16:11:52 [56,853ms] [Warning] [omni.physx.plugin] Invalid PhysX transform detected for /World/scene_0/controllable__r1__robot_dhaboz/wheel_link2.
2026-05-12 16:11:52 [56,853ms] [Warning] [omni.physx.plugin] Invalid PhysX transform detected for /World/scene_0/controllable__r1__robot_dhaboz/wheel_link3.
2026-05-12 16:11:52 [56,853ms] [Warning] [omni.physx.plugin] Invalid PhysX transform detected for /World/scene_0/controllable__r1__robot_dhaboz/torso_link2.
2026-05-12 16:11:52 [56,853ms] [Warning] [omni.physx.plugin] Invalid PhysX transform detected for /World/scene_0/controllable__r1__robot_dhaboz/torso_link3.
2026-05-12 16:11:52 [56,853ms] [Warning] [omni.physx.plugin] Invalid PhysX transform detected for /World/scene_0/controllable__r1__robot_dhaboz/torso_link4.
2026-05-12 16:11:52 [56,853ms] [Warning] [omni.physx.plugin] Invalid PhysX transform detected for /World/scene_0/controllable__r1__robot_dhaboz/left_arm_link1.
2026-05-12 16:11:52 [56,853ms] [Warning] [omni.physx.plugin] Invalid PhysX transform detected for /World/scene_0/controllable__r1__robot_dhaboz/right_arm_link1.
2026-05-12 16:11:52 [56,853ms] [Warning] [omni.physx.plugin] Invalid PhysX transform detected for /World/scene_0/controllable__r1__robot_dhaboz/eyes.
2026-05-12 16:11:52 [56,853ms] [Warning] [omni.physx.plugin] Invalid PhysX transform detected for /World/scene_0/controllable__r1__robot_dhaboz/left_arm_link2.
2026-05-12 16:11:52 [56,853ms] [Warning] [omni.physx.plugin] Invalid PhysX transform detected for /World/scene_0/controllable__r1__robot_dhaboz/right_arm_link2.
2026-05-12 16:11:52 [56,853ms] [Warning] [omni.physx.plugin] Invalid PhysX transform detected for /World/scene_0/controllable__r1__robot_dhaboz/left_arm_link3.
2026-05-12 16:11:52 [56,853ms] [Warning] [omni.physx.plugin] Invalid PhysX transform detected for /World/scene_0/controllable__r1__robot_dhaboz/right_arm_link3.
2026-05-12 16:11:52 [56,853ms] [Warning] [omni.physx.plugin] Invalid PhysX transform detected for /World/scene_0/controllable__r1__robot_dhaboz/left_arm_link4.
2026-05-12 16:11:52 [56,853ms] [Warning] [omni.physx.plugin] Invalid PhysX transform detected for /World/scene_0/controllable__r1__robot_dhaboz/right_arm_link4.
2026-05-12 16:11:52 [56,853ms] [Warning] [omni.physx.plugin] Invalid PhysX transform detected for /World/scene_0/controllable__r1__robot_dhaboz/left_arm_link5.
2026-05-12 16:11:52 [56,853ms] [Warning] [omni.physx.plugin] Invalid PhysX transform detected for /World/scene_0/controllable__r1__robot_dhaboz/right_arm_link5.
2026-05-12 16:11:52 [56,853ms] [Warning] [omni.physx.plugin] Invalid PhysX transform detected for /World/scene_0/controllable__r1__robot_dhaboz/left_arm_link6.
2026-05-12 16:11:52 [56,853ms] [Warning] [omni.physx.plugin] Invalid PhysX transform detected for /World/scene_0/controllable__r1__robot_dhaboz/right_arm_link6.
2026-05-12 16:11:52 [56,853ms] [Warning] [omni.physx.plugin] Invalid PhysX transform detected for /World/scene_0/controllable__r1__robot_dhaboz/left_gripper_link1.
2026-05-12 16:11:52 [56,853ms] [Warning] [omni.physx.plugin] Invalid PhysX transform detected for /World/scene_0/controllable__r1__robot_dhaboz/left_gripper_link2.
2026-05-12 16:11:52 [56,853ms] [Warning] [omni.physx.plugin] Invalid PhysX transform detected for /World/scene_0/controllable__r1__robot_dhaboz/left_eef_link.
2026-05-12 16:11:52 [56,853ms] [Warning] [omni.physx.plugin] Invalid PhysX transform detected for /World/scene_0/controllable__r1__robot_dhaboz/right_gripper_link1.
2026-05-12 16:11:52 [56,853ms] [Warning] [omni.physx.plugin] Invalid PhysX transform detected for /World/scene_0/controllable__r1__robot_dhaboz/right_gripper_link2.
2026-05-12 16:11:52 [56,853ms] [Warning] [omni.physx.plugin] Invalid PhysX transform detected for /World/scene_0/controllable__r1__robot_dhaboz/right_eef_link.
2026-05-12 16:11:52 [56,853ms] [Warning] [omni.physx.plugin] Invalid PhysX transform detected for /World/scene_0/cover_small_item_render_item_4175346132/base_link.
2026-05-12 16:11:52 [56,853ms] [Warning] [omni.physx.plugin] Invalid PhysX transform detected for /World/scene_0/cover_small_item_render_item_4175346132/glass.
2026-05-12 16:11:52 [56,976ms] [Warning] [omni.physx.plugin] Invalid PhysX transform detected for /World/scene_0/controllable__r1__robot_dhaboz/base_footprint_y.
2026-05-12 16:11:52 [56,976ms] [Warning] [omni.physx.plugin] Invalid PhysX transform detected for /World/scene_0/controllable__r1__robot_dhaboz/base_footprint_z.
2026-05-12 16:11:52 [56,976ms] [Warning] [omni.physx.plugin] Invalid PhysX transform detected for /World/scene_0/controllable__r1__robot_dhaboz/base_footprint_rx.
2026-05-12 16:11:52 [56,976ms] [Warning] [omni.physx.plugin] Invalid PhysX transform detected for /World/scene_0/controllable__r1__robot_dhaboz/base_footprint_ry.
2026-05-12 16:11:52 [56,976ms] [Warning] [omni.physx.plugin] Invalid PhysX transform detected for /World/scene_0/controllable__r1__robot_dhaboz/base_footprint_rz.
2026-05-12 16:11:52 [56,976ms] [Warning] [omni.physx.plugin] Invalid PhysX transform detected for /World/scene_0/controllable__r1__robot_dhaboz/base_link.
2026-05-12 16:11:52 [56,976ms] [Warning] [omni.physx.plugin] Invalid PhysX transform detected for /World/scene_0/controllable__r1__robot_dhaboz/servo_link1.
2026-05-12 16:11:52 [56,976ms] [Warning] [omni.physx.plugin] Invalid PhysX transform detected for /World/scene_0/controllable__r1__robot_dhaboz/servo_link2.
2026-05-12 16:11:52 [56,976ms] [Warning] [omni.physx.plugin] Invalid PhysX transform detected for /World/scene_0/controllable__r1__robot_dhaboz/servo_link3.
2026-05-12 16:11:52 [56,976ms] [Warning] [omni.physx.plugin] Invalid PhysX transform detected for /World/scene_0/controllable__r1__robot_dhaboz/torso_link1.
2026-05-12 16:11:52 [56,976ms] [Warning] [omni.physx.plugin] Invalid PhysX transform detected for /World/scene_0/controllable__r1__robot_dhaboz/wheel_link1.
2026-05-12 16:11:52 [56,976ms] [Warning] [omni.physx.plugin] Invalid PhysX transform detected for /World/scene_0/controllable__r1__robot_dhaboz/wheel_link2.
2026-05-12 16:11:52 [56,976ms] [Warning] [omni.physx.plugin] Invalid PhysX transform detected for /World/scene_0/controllable__r1__robot_dhaboz/wheel_link3.
2026-05-12 16:11:52 [56,976ms] [Warning] [omni.physx.plugin] Invalid PhysX transform detected for /World/scene_0/controllable__r1__robot_dhaboz/torso_link2.
2026-05-12 16:11:52 [56,976ms] [Warning] [omni.physx.plugin] Invalid PhysX transform detected for /World/scene_0/controllable__r1__robot_dhaboz/torso_link3.
2026-05-12 16:11:52 [56,976ms] [Warning] [omni.physx.plugin] Invalid PhysX transform detected for /World/scene_0/controllable__r1__robot_dhaboz/torso_link4.
2026-05-12 16:11:52 [56,976ms] [Warning] [omni.physx.plugin] Invalid PhysX transform detected for /World/scene_0/controllable__r1__robot_dhaboz/left_arm_link1.
2026-05-12 16:11:52 [56,976ms] [Warning] [omni.physx.plugin] Invalid PhysX transform detected for /World/scene_0/controllable__r1__robot_dhaboz/right_arm_link1.
2026-05-12 16:11:52 [56,976ms] [Warning] [omni.physx.plugin] Invalid PhysX transform detected for /World/scene_0/controllable__r1__robot_dhaboz/eyes.
2026-05-12 16:11:52 [56,976ms] [Warning] [omni.physx.plugin] Invalid PhysX transform detected for /World/scene_0/controllable__r1__robot_dhaboz/left_arm_link2.
2026-05-12 16:11:52 [56,976ms] [Warning] [omni.physx.plugin] Invalid PhysX transform detected for /World/scene_0/controllable__r1__robot_dhaboz/right_arm_link2.
2026-05-12 16:11:52 [56,976ms] [Warning] [omni.physx.plugin] Invalid PhysX transform detected for /World/scene_0/controllable__r1__robot_dhaboz/left_arm_link3.
2026-05-12 16:11:52 [56,976ms] [Warning] [omni.physx.plugin] Invalid PhysX transform detected for /World/scene_0/controllable__r1__robot_dhaboz/right_arm_link3.
2026-05-12 16:11:52 [56,976ms] [Warning] [omni.physx.plugin] Invalid PhysX transform detected for /World/scene_0/controllable__r1__robot_dhaboz/left_arm_link4.
2026-05-12 16:11:52 [56,976ms] [Warning] [omni.physx.plugin] Invalid PhysX transform detected for /World/scene_0/controllable__r1__robot_dhaboz/right_arm_link4.
2026-05-12 16:11:52 [56,976ms] [Warning] [omni.physx.plugin] Invalid PhysX transform detected for /World/scene_0/controllable__r1__robot_dhaboz/left_arm_link5.
2026-05-12 16:11:52 [56,976ms] [Warning] [omni.physx.plugin] Invalid PhysX transform detected for /World/scene_0/controllable__r1__robot_dhaboz/right_arm_link5.
2026-05-12 16:11:52 [56,976ms] [Warning] [omni.physx.plugin] Invalid PhysX transform detected for /World/scene_0/controllable__r1__robot_dhaboz/left_arm_link6.
2026-05-12 16:11:52 [56,976ms] [Warning] [omni.physx.plugin] Invalid PhysX transform detected for /World/scene_0/controllable__r1__robot_dhaboz/right_arm_link6.
2026-05-12 16:11:52 [56,976ms] [Warning] [omni.physx.plugin] Invalid PhysX transform detected for /World/scene_0/controllable__r1__robot_dhaboz/left_gripper_link1.
2026-05-12 16:11:52 [56,976ms] [Warning] [omni.physx.plugin] Invalid PhysX transform detected for /World/scene_0/controllable__r1__robot_dhaboz/left_gripper_link2.
2026-05-12 16:11:52 [56,976ms] [Warning] [omni.physx.plugin] Invalid PhysX transform detected for /World/scene_0/controllable__r1__robot_dhaboz/left_eef_link.
2026-05-12 16:11:52 [56,976ms] [Warning] [omni.physx.plugin] Invalid PhysX transform detected for /World/scene_0/controllable__r1__robot_dhaboz/right_gripper_link1.
2026-05-12 16:11:52 [56,976ms] [Warning] [omni.physx.plugin] Invalid PhysX transform detected for /World/scene_0/controllable__r1__robot_dhaboz/right_gripper_link2.
2026-05-12 16:11:52 [56,976ms] [Warning] [omni.physx.plugin] Invalid PhysX transform detected for /World/scene_0/controllable__r1__robot_dhaboz/right_eef_link.
2026-05-12 16:11:52 [56,976ms] [Warning] [omni.physx.plugin] Invalid PhysX transform detected for /World/scene_0/cover_small_item_render_item_4175346132/base_link.
2026-05-12 16:11:52 [56,976ms] [Warning] [omni.physx.plugin] Invalid PhysX transform detected for /World/scene_0/cover_small_item_render_item_4175346132/glass.
2026-05-12 16:11:52 [57,059ms] [Warning] [omni.physx.plugin] Invalid PhysX transform detected for /World/scene_0/controllable__r1__robot_dhaboz/base_footprint_y.
2026-05-12 16:11:52 [57,059ms] [Warning] [omni.physx.plugin] Invalid PhysX transform detected for /World/scene_0/controllable__r1__robot_dhaboz/base_footprint_z.
2026-05-12 16:11:52 [57,059ms] [Warning] [omni.physx.plugin] Invalid PhysX transform detected for /World/scene_0/controllable__r1__robot_dhaboz/base_footprint_rx.
2026-05-12 16:11:52 [57,059ms] [Warning] [omni.physx.plugin] Invalid PhysX transform detected for /World/scene_0/controllable__r1__robot_dhaboz/base_footprint_ry.
2026-05-12 16:11:52 [57,059ms] [Warning] [omni.physx.plugin] Invalid PhysX transform detected for /World/scene_0/controllable__r1__robot_dhaboz/base_footprint_rz.
2026-05-12 16:11:52 [57,059ms] [Warning] [omni.physx.plugin] Invalid PhysX transform detected for /World/scene_0/controllable__r1__robot_dhaboz/base_link.
2026-05-12 16:11:52 [57,059ms] [Warning] [omni.physx.plugin] Invalid PhysX transform detected for /World/scene_0/controllable__r1__robot_dhaboz/servo_link1.
2026-05-12 16:11:52 [57,059ms] [Warning] [omni.physx.plugin] Invalid PhysX transform detected for /World/scene_0/controllable__r1__robot_dhaboz/servo_link2.
2026-05-12 16:11:52 [57,059ms] [Warning] [omni.physx.plugin] Invalid PhysX transform detected for /World/scene_0/controllable__r1__robot_dhaboz/servo_link3.
2026-05-12 16:11:52 [57,059ms] [Warning] [omni.physx.plugin] Invalid PhysX transform detected for /World/scene_0/controllable__r1__robot_dhaboz/torso_link1.
2026-05-12 16:11:52 [57,059ms] [Warning] [omni.physx.plugin] Invalid PhysX transform detected for /World/scene_0/controllable__r1__robot_dhaboz/wheel_link1.
2026-05-12 16:11:52 [57,059ms] [Warning] [omni.physx.plugin] Invalid PhysX transform detected for /World/scene_0/controllable__r1__robot_dhaboz/wheel_link2.
2026-05-12 16:11:52 [57,059ms] [Warning] [omni.physx.plugin] Invalid PhysX transform detected for /World/scene_0/controllable__r1__robot_dhaboz/wheel_link3.
2026-05-12 16:11:52 [57,059ms] [Warning] [omni.physx.plugin] Invalid PhysX transform detected for /World/scene_0/controllable__r1__robot_dhaboz/torso_link2.
2026-05-12 16:11:52 [57,059ms] [Warning] [omni.physx.plugin] Invalid PhysX transform detected for /World/scene_0/controllable__r1__robot_dhaboz/torso_link3.
2026-05-12 16:11:52 [57,059ms] [Warning] [omni.physx.plugin] Invalid PhysX transform detected for /World/scene_0/controllable__r1__robot_dhaboz/torso_link4.
2026-05-12 16:11:52 [57,059ms] [Warning] [omni.physx.plugin] Invalid PhysX transform detected for /World/scene_0/controllable__r1__robot_dhaboz/left_arm_link1.
2026-05-12 16:11:52 [57,059ms] [Warning] [omni.physx.plugin] Invalid PhysX transform detected for /World/scene_0/controllable__r1__robot_dhaboz/right_arm_link1.
2026-05-12 16:11:52 [57,059ms] [Warning] [omni.physx.plugin] Invalid PhysX transform detected for /World/scene_0/controllable__r1__robot_dhaboz/eyes.
2026-05-12 16:11:52 [57,059ms] [Warning] [omni.physx.plugin] Invalid PhysX transform detected for /World/scene_0/controllable__r1__robot_dhaboz/left_arm_link2.
2026-05-12 16:11:52 [57,059ms] [Warning] [omni.physx.plugin] Invalid PhysX transform detected for /World/scene_0/controllable__r1__robot_dhaboz/right_arm_link2.
2026-05-12 16:11:52 [57,059ms] [Warning] [omni.physx.plugin] Invalid PhysX transform detected for /World/scene_0/controllable__r1__robot_dhaboz/left_arm_link3.
2026-05-12 16:11:52 [57,059ms] [Warning] [omni.physx.plugin] Invalid PhysX transform detected for /World/scene_0/controllable__r1__robot_dhaboz/right_arm_link3.
2026-05-12 16:11:52 [57,059ms] [Warning] [omni.physx.plugin] Invalid PhysX transform detected for /World/scene_0/controllable__r1__robot_dhaboz/left_arm_link4.
2026-05-12 16:11:52 [57,059ms] [Warning] [omni.physx.plugin] Invalid PhysX transform detected for /World/scene_0/controllable__r1__robot_dhaboz/right_arm_link4.
2026-05-12 16:11:52 [57,059ms] [Warning] [omni.physx.plugin] Invalid PhysX transform detected for /World/scene_0/controllable__r1__robot_dhaboz/left_arm_link5.
2026-05-12 16:11:52 [57,059ms] [Warning] [omni.physx.plugin] Invalid PhysX transform detected for /World/scene_0/controllable__r1__robot_dhaboz/right_arm_link5.
2026-05-12 16:11:52 [57,059ms] [Warning] [omni.physx.plugin] Invalid PhysX transform detected for /World/scene_0/controllable__r1__robot_dhaboz/left_arm_link6.
2026-05-12 16:11:52 [57,059ms] [Warning] [omni.physx.plugin] Invalid PhysX transform detected for /World/scene_0/controllable__r1__robot_dhaboz/right_arm_link6.
2026-05-12 16:11:52 [57,059ms] [Warning] [omni.physx.plugin] Invalid PhysX transform detected for /World/scene_0/controllable__r1__robot_dhaboz/left_gripper_link1.
2026-05-12 16:11:52 [57,059ms] [Warning] [omni.physx.plugin] Invalid PhysX transform detected for /World/scene_0/controllable__r1__robot_dhaboz/left_gripper_link2.
2026-05-12 16:11:52 [57,059ms] [Warning] [omni.physx.plugin] Invalid PhysX transform detected for /World/scene_0/controllable__r1__robot_dhaboz/left_eef_link.
2026-05-12 16:11:52 [57,059ms] [Warning] [omni.physx.plugin] Invalid PhysX transform detected for /World/scene_0/controllable__r1__robot_dhaboz/right_gripper_link1.
2026-05-12 16:11:52 [57,059ms] [Warning] [omni.physx.plugin] Invalid PhysX transform detected for /World/scene_0/controllable__r1__robot_dhaboz/right_gripper_link2.
2026-05-12 16:11:52 [57,059ms] [Warning] [omni.physx.plugin] Invalid PhysX transform detected for /World/scene_0/controllable__r1__robot_dhaboz/right_eef_link.
2026-05-12 16:11:52 [57,143ms] [Warning] [omni.physx.plugin] Invalid PhysX transform detected for /World/scene_0/controllable__r1__robot_dhaboz/base_footprint_y.
2026-05-12 16:11:52 [57,143ms] [Warning] [omni.physx.plugin] Invalid PhysX transform detected for /World/scene_0/controllable__r1__robot_dhaboz/base_footprint_z.
2026-05-12 16:11:52 [57,143ms] [Warning] [omni.physx.plugin] Invalid PhysX transform detected for /World/scene_0/controllable__r1__robot_dhaboz/base_footprint_rx.
2026-05-12 16:11:52 [57,143ms] [Warning] [omni.physx.plugin] Invalid PhysX transform detected for /World/scene_0/controllable__r1__robot_dhaboz/base_footprint_ry.
2026-05-12 16:11:52 [57,143ms] [Warning] [omni.physx.plugin] Invalid PhysX transform detected for /World/scene_0/controllable__r1__robot_dhaboz/base_footprint_rz.
2026-05-12 16:11:52 [57,143ms] [Warning] [omni.physx.plugin] Invalid PhysX transform detected for /World/scene_0/controllable__r1__robot_dhaboz/base_link.
2026-05-12 16:11:52 [57,143ms] [Warning] [omni.physx.plugin] Invalid PhysX transform detected for /World/scene_0/controllable__r1__robot_dhaboz/servo_link1.
2026-05-12 16:11:52 [57,143ms] [Warning] [omni.physx.plugin] Invalid PhysX transform detected for /World/scene_0/controllable__r1__robot_dhaboz/servo_link2.
2026-05-12 16:11:52 [57,143ms] [Warning] [omni.physx.plugin] Invalid PhysX transform detected for /World/scene_0/controllable__r1__robot_dhaboz/servo_link3.
2026-05-12 16:11:52 [57,143ms] [Warning] [omni.physx.plugin] Invalid PhysX transform detected for /World/scene_0/controllable__r1__robot_dhaboz/torso_link1.
2026-05-12 16:11:52 [57,143ms] [Warning] [omni.physx.plugin] Invalid PhysX transform detected for /World/scene_0/controllable__r1__robot_dhaboz/wheel_link1.
2026-05-12 16:11:52 [57,143ms] [Warning] [omni.physx.plugin] Invalid PhysX transform detected for /World/scene_0/controllable__r1__robot_dhaboz/wheel_link2.
2026-05-12 16:11:52 [57,143ms] [Warning] [omni.physx.plugin] Invalid PhysX transform detected for /World/scene_0/controllable__r1__robot_dhaboz/wheel_link3.
2026-05-12 16:11:52 [57,143ms] [Warning] [omni.physx.plugin] Invalid PhysX transform detected for /World/scene_0/controllable__r1__robot_dhaboz/torso_link2.
2026-05-12 16:11:52 [57,143ms] [Warning] [omni.physx.plugin] Invalid PhysX transform detected for /World/scene_0/controllable__r1__robot_dhaboz/torso_link3.
2026-05-12 16:11:52 [57,143ms] [Warning] [omni.physx.plugin] Invalid PhysX transform detected for /World/scene_0/controllable__r1__robot_dhaboz/torso_link4.
2026-05-12 16:11:52 [57,143ms] [Warning] [omni.physx.plugin] Invalid PhysX transform detected for /World/scene_0/controllable__r1__robot_dhaboz/left_arm_link1.
2026-05-12 16:11:52 [57,143ms] [Warning] [omni.physx.plugin] Invalid PhysX transform detected for /World/scene_0/controllable__r1__robot_dhaboz/right_arm_link1.
2026-05-12 16:11:52 [57,143ms] [Warning] [omni.physx.plugin] Invalid PhysX transform detected for /World/scene_0/controllable__r1__robot_dhaboz/eyes.
2026-05-12 16:11:52 [57,143ms] [Warning] [omni.physx.plugin] Invalid PhysX transform detected for /World/scene_0/controllable__r1__robot_dhaboz/left_arm_link2.
2026-05-12 16:11:52 [57,143ms] [Warning] [omni.physx.plugin] Invalid PhysX transform detected for /World/scene_0/controllable__r1__robot_dhaboz/right_arm_link2.
2026-05-12 16:11:52 [57,143ms] [Warning] [omni.physx.plugin] Invalid PhysX transform detected for /World/scene_0/controllable__r1__robot_dhaboz/left_arm_link3.
2026-05-12 16:11:52 [57,143ms] [Warning] [omni.physx.plugin] Invalid PhysX transform detected for /World/scene_0/controllable__r1__robot_dhaboz/right_arm_link3.
2026-05-12 16:11:52 [57,143ms] [Warning] [omni.physx.plugin] Invalid PhysX transform detected for /World/scene_0/controllable__r1__robot_dhaboz/left_arm_link4.
2026-05-12 16:11:52 [57,143ms] [Warning] [omni.physx.plugin] Invalid PhysX transform detected for /World/scene_0/controllable__r1__robot_dhaboz/right_arm_link4.
2026-05-12 16:11:52 [57,143ms] [Warning] [omni.physx.plugin] Invalid PhysX transform detected for /World/scene_0/controllable__r1__robot_dhaboz/left_arm_link5.
2026-05-12 16:11:52 [57,143ms] [Warning] [omni.physx.plugin] Invalid PhysX transform detected for /World/scene_0/controllable__r1__robot_dhaboz/right_arm_link5.
2026-05-12 16:11:52 [57,143ms] [Warning] [omni.physx.plugin] Invalid PhysX transform detected for /World/scene_0/controllable__r1__robot_dhaboz/left_arm_link6.
2026-05-12 16:11:52 [57,143ms] [Warning] [omni.physx.plugin] Invalid PhysX transform detected for /World/scene_0/controllable__r1__robot_dhaboz/right_arm_link6.
2026-05-12 16:11:52 [57,143ms] [Warning] [omni.physx.plugin] Invalid PhysX transform detected for /World/scene_0/controllable__r1__robot_dhaboz/left_gripper_link1.
2026-05-12 16:11:52 [57,143ms] [Warning] [omni.physx.plugin] Invalid PhysX transform detected for /World/scene_0/controllable__r1__robot_dhaboz/left_gripper_link2.
2026-05-12 16:11:52 [57,143ms] [Warning] [omni.physx.plugin] Invalid PhysX transform detected for /World/scene_0/controllable__r1__robot_dhaboz/left_eef_link.
2026-05-12 16:11:52 [57,143ms] [Warning] [omni.physx.plugin] Invalid PhysX transform detected for /World/scene_0/controllable__r1__robot_dhaboz/right_gripper_link1.
2026-05-12 16:11:52 [57,143ms] [Warning] [omni.physx.plugin] Invalid PhysX transform detected for /World/scene_0/controllable__r1__robot_dhaboz/right_gripper_link2.
2026-05-12 16:11:52 [57,143ms] [Warning] [omni.physx.plugin] Invalid PhysX transform detected for /World/scene_0/controllable__r1__robot_dhaboz/right_eef_link.
2026-05-12 16:11:52 [57,243ms] [Warning] [omni.physx.plugin] Invalid PhysX transform detected for /World/scene_0/controllable__r1__robot_dhaboz/base_footprint_y.
2026-05-12 16:11:52 [57,243ms] [Warning] [omni.physx.plugin] Invalid PhysX transform detected for /World/scene_0/controllable__r1__robot_dhaboz/base_footprint_z.
2026-05-12 16:11:52 [57,243ms] [Warning] [omni.physx.plugin] Invalid PhysX transform detected for /World/scene_0/controllable__r1__robot_dhaboz/base_footprint_rx.
2026-05-12 16:11:52 [57,243ms] [Warning] [omni.physx.plugin] Invalid PhysX transform detected for /World/scene_0/controllable__r1__robot_dhaboz/base_footprint_ry.
2026-05-12 16:11:52 [57,243ms] [Warning] [omni.physx.plugin] Invalid PhysX transform detected for /World/scene_0/controllable__r1__robot_dhaboz/base_footprint_rz.
2026-05-12 16:11:52 [57,243ms] [Warning] [omni.physx.plugin] Invalid PhysX transform detected for /World/scene_0/controllable__r1__robot_dhaboz/base_link.
2026-05-12 16:11:52 [57,243ms] [Warning] [omni.physx.plugin] Invalid PhysX transform detected for /World/scene_0/controllable__r1__robot_dhaboz/servo_link1.
2026-05-12 16:11:52 [57,244ms] [Warning] [omni.physx.plugin] Invalid PhysX transform detected for /World/scene_0/controllable__r1__robot_dhaboz/servo_link2.
2026-05-12 16:11:52 [57,244ms] [Warning] [omni.physx.plugin] Invalid PhysX transform detected for /World/scene_0/controllable__r1__robot_dhaboz/servo_link3.
2026-05-12 16:11:52 [57,244ms] [Warning] [omni.physx.plugin] Invalid PhysX transform detected for /World/scene_0/controllable__r1__robot_dhaboz/torso_link1.
2026-05-12 16:11:52 [57,244ms] [Warning] [omni.physx.plugin] Invalid PhysX transform detected for /World/scene_0/controllable__r1__robot_dhaboz/wheel_link1.
2026-05-12 16:11:52 [57,244ms] [Warning] [omni.physx.plugin] Invalid PhysX transform detected for /World/scene_0/controllable__r1__robot_dhaboz/wheel_link2.
2026-05-12 16:11:52 [57,244ms] [Warning] [omni.physx.plugin] Invalid PhysX transform detected for /World/scene_0/controllable__r1__robot_dhaboz/wheel_link3.
2026-05-12 16:11:52 [57,244ms] [Warning] [omni.physx.plugin] Invalid PhysX transform detected for /World/scene_0/controllable__r1__robot_dhaboz/torso_link2.
2026-05-12 16:11:52 [57,244ms] [Warning] [omni.physx.plugin] Invalid PhysX transform detected for /World/scene_0/controllable__r1__robot_dhaboz/torso_link3.
2026-05-12 16:11:52 [57,244ms] [Warning] [omni.physx.plugin] Invalid PhysX transform detected for /World/scene_0/controllable__r1__robot_dhaboz/torso_link4.
2026-05-12 16:11:52 [57,244ms] [Warning] [omni.physx.plugin] Invalid PhysX transform detected for /World/scene_0/controllable__r1__robot_dhaboz/left_arm_link1.
2026-05-12 16:11:52 [57,244ms] [Warning] [omni.physx.plugin] Invalid PhysX transform detected for /World/scene_0/controllable__r1__robot_dhaboz/right_arm_link1.
2026-05-12 16:11:52 [57,244ms] [Warning] [omni.physx.plugin] Invalid PhysX transform detected for /World/scene_0/controllable__r1__robot_dhaboz/eyes.
2026-05-12 16:11:52 [57,244ms] [Warning] [omni.physx.plugin] Invalid PhysX transform detected for /World/scene_0/controllable__r1__robot_dhaboz/left_arm_link2.
2026-05-12 16:11:52 [57,244ms] [Warning] [omni.physx.plugin] Invalid PhysX transform detected for /World/scene_0/controllable__r1__robot_dhaboz/right_arm_link2.
2026-05-12 16:11:52 [57,244ms] [Warning] [omni.physx.plugin] Invalid PhysX transform detected for /World/scene_0/controllable__r1__robot_dhaboz/left_arm_link3.
2026-05-12 16:11:52 [57,244ms] [Warning] [omni.physx.plugin] Invalid PhysX transform detected for /World/scene_0/controllable__r1__robot_dhaboz/right_arm_link3.
2026-05-12 16:11:52 [57,244ms] [Warning] [omni.physx.plugin] Invalid PhysX transform detected for /World/scene_0/controllable__r1__robot_dhaboz/left_arm_link4.
2026-05-12 16:11:52 [57,244ms] [Warning] [omni.physx.plugin] Invalid PhysX transform detected for /World/scene_0/controllable__r1__robot_dhaboz/right_arm_link4.
2026-05-12 16:11:52 [57,244ms] [Warning] [omni.physx.plugin] Invalid PhysX transform detected for /World/scene_0/controllable__r1__robot_dhaboz/left_arm_link5.
2026-05-12 16:11:52 [57,244ms] [Warning] [omni.physx.plugin] Invalid PhysX transform detected for /World/scene_0/controllable__r1__robot_dhaboz/right_arm_link5.
2026-05-12 16:11:52 [57,244ms] [Warning] [omni.physx.plugin] Invalid PhysX transform detected for /World/scene_0/controllable__r1__robot_dhaboz/left_arm_link6.
2026-05-12 16:11:52 [57,244ms] [Warning] [omni.physx.plugin] Invalid PhysX transform detected for /World/scene_0/controllable__r1__robot_dhaboz/right_arm_link6.
2026-05-12 16:11:52 [57,244ms] [Warning] [omni.physx.plugin] Invalid PhysX transform detected for /World/scene_0/controllable__r1__robot_dhaboz/left_gripper_link1.
2026-05-12 16:11:52 [57,244ms] [Warning] [omni.physx.plugin] Invalid PhysX transform detected for /World/scene_0/controllable__r1__robot_dhaboz/left_gripper_link2.
2026-05-12 16:11:52 [57,244ms] [Warning] [omni.physx.plugin] Invalid PhysX transform detected for /World/scene_0/controllable__r1__robot_dhaboz/left_eef_link.
2026-05-12 16:11:52 [57,244ms] [Warning] [omni.physx.plugin] Invalid PhysX transform detected for /World/scene_0/controllable__r1__robot_dhaboz/right_gripper_link1.
2026-05-12 16:11:52 [57,244ms] [Warning] [omni.physx.plugin] Invalid PhysX transform detected for /World/scene_0/controllable__r1__robot_dhaboz/right_gripper_link2.
2026-05-12 16:11:52 [57,244ms] [Warning] [omni.physx.plugin] Invalid PhysX transform detected for /World/scene_0/controllable__r1__robot_dhaboz/right_eef_link.
2026-05-12 16:11:52 [57,345ms] [Warning] [omni.physx.plugin] Invalid PhysX transform detected for /World/scene_0/controllable__r1__robot_dhaboz/base_footprint_y.
2026-05-12 16:11:52 [57,345ms] [Warning] [omni.physx.plugin] Invalid PhysX transform detected for /World/scene_0/controllable__r1__robot_dhaboz/base_footprint_z.
2026-05-12 16:11:52 [57,345ms] [Warning] [omni.physx.plugin] Invalid PhysX transform detected for /World/scene_0/controllable__r1__robot_dhaboz/base_footprint_rx.
2026-05-12 16:11:52 [57,345ms] [Warning] [omni.physx.plugin] Invalid PhysX transform detected for /World/scene_0/controllable__r1__robot_dhaboz/base_footprint_ry.
2026-05-12 16:11:52 [57,345ms] [Warning] [omni.physx.plugin] Invalid PhysX transform detected for /World/scene_0/controllable__r1__robot_dhaboz/base_footprint_rz.
2026-05-12 16:11:52 [57,345ms] [Warning] [omni.physx.plugin] Invalid PhysX transform detected for /World/scene_0/controllable__r1__robot_dhaboz/base_link.
2026-05-12 16:11:52 [57,345ms] [Warning] [omni.physx.plugin] Invalid PhysX transform detected for /World/scene_0/controllable__r1__robot_dhaboz/servo_link1.
2026-05-12 16:11:52 [57,345ms] [Warning] [omni.physx.plugin] Invalid PhysX transform detected for /World/scene_0/controllable__r1__robot_dhaboz/servo_link2.
2026-05-12 16:11:52 [57,345ms] [Warning] [omni.physx.plugin] Invalid PhysX transform detected for /World/scene_0/controllable__r1__robot_dhaboz/servo_link3.
2026-05-12 16:11:52 [57,345ms] [Warning] [omni.physx.plugin] Invalid PhysX transform detected for /World/scene_0/controllable__r1__robot_dhaboz/torso_link1.
2026-05-12 16:11:52 [57,345ms] [Warning] [omni.physx.plugin] Invalid PhysX transform detected for /World/scene_0/controllable__r1__robot_dhaboz/wheel_link1.
2026-05-12 16:11:52 [57,345ms] [Warning] [omni.physx.plugin] Invalid PhysX transform detected for /World/scene_0/controllable__r1__robot_dhaboz/wheel_link2.
2026-05-12 16:11:52 [57,345ms] [Warning] [omni.physx.plugin] Invalid PhysX transform detected for /World/scene_0/controllable__r1__robot_dhaboz/wheel_link3.
2026-05-12 16:11:52 [57,345ms] [Warning] [omni.physx.plugin] Invalid PhysX transform detected for /World/scene_0/controllable__r1__robot_dhaboz/torso_link2.
2026-05-12 16:11:52 [57,345ms] [Warning] [omni.physx.plugin] Invalid PhysX transform detected for /World/scene_0/controllable__r1__robot_dhaboz/torso_link3.
2026-05-12 16:11:52 [57,345ms] [Warning] [omni.physx.plugin] Invalid PhysX transform detected for /World/scene_0/controllable__r1__robot_dhaboz/torso_link4.
2026-05-12 16:11:52 [57,345ms] [Warning] [omni.physx.plugin] Invalid PhysX transform detected for /World/scene_0/controllable__r1__robot_dhaboz/left_arm_link1.
2026-05-12 16:11:52 [57,345ms] [Warning] [omni.physx.plugin] Invalid PhysX transform detected for /World/scene_0/controllable__r1__robot_dhaboz/right_arm_link1.
2026-05-12 16:11:52 [57,345ms] [Warning] [omni.physx.plugin] Invalid PhysX transform detected for /World/scene_0/controllable__r1__robot_dhaboz/eyes.
2026-05-12 16:11:52 [57,345ms] [Warning] [omni.physx.plugin] Invalid PhysX transform detected for /World/scene_0/controllable__r1__robot_dhaboz/left_arm_link2.
2026-05-12 16:11:52 [57,345ms] [Warning] [omni.physx.plugin] Invalid PhysX transform detected for /World/scene_0/controllable__r1__robot_dhaboz/right_arm_link2.
2026-05-12 16:11:52 [57,345ms] [Warning] [omni.physx.plugin] Invalid PhysX transform detected for /World/scene_0/controllable__r1__robot_dhaboz/left_arm_link3.
2026-05-12 16:11:52 [57,345ms] [Warning] [omni.physx.plugin] Invalid PhysX transform detected for /World/scene_0/controllable__r1__robot_dhaboz/right_arm_link3.
2026-05-12 16:11:52 [57,345ms] [Warning] [omni.physx.plugin] Invalid PhysX transform detected for /World/scene_0/controllable__r1__robot_dhaboz/left_arm_link4.
2026-05-12 16:11:52 [57,345ms] [Warning] [omni.physx.plugin] Invalid PhysX transform detected for /World/scene_0/controllable__r1__robot_dhaboz/right_arm_link4.
2026-05-12 16:11:52 [57,345ms] [Warning] [omni.physx.plugin] Invalid PhysX transform detected for /World/scene_0/controllable__r1__robot_dhaboz/left_arm_link5.
2026-05-12 16:11:52 [57,345ms] [Warning] [omni.physx.plugin] Invalid PhysX transform detected for /World/scene_0/controllable__r1__robot_dhaboz/right_arm_link5.
2026-05-12 16:11:52 [57,345ms] [Warning] [omni.physx.plugin] Invalid PhysX transform detected for /World/scene_0/controllable__r1__robot_dhaboz/left_arm_link6.
2026-05-12 16:11:52 [57,345ms] [Warning] [omni.physx.plugin] Invalid PhysX transform detected for /World/scene_0/controllable__r1__robot_dhaboz/right_arm_link6.
2026-05-12 16:11:52 [57,345ms] [Warning] [omni.physx.plugin] Invalid PhysX transform detected for /World/scene_0/controllable__r1__robot_dhaboz/left_gripper_link1.
2026-05-12 16:11:52 [57,345ms] [Warning] [omni.physx.plugin] Invalid PhysX transform detected for /World/scene_0/controllable__r1__robot_dhaboz/left_gripper_link2.
2026-05-12 16:11:52 [57,345ms] [Warning] [omni.physx.plugin] Invalid PhysX transform detected for /World/scene_0/controllable__r1__robot_dhaboz/left_eef_link.
2026-05-12 16:11:52 [57,345ms] [Warning] [omni.physx.plugin] Invalid PhysX transform detected for /World/scene_0/controllable__r1__robot_dhaboz/right_gripper_link1.
2026-05-12 16:11:52 [57,345ms] [Warning] [omni.physx.plugin] Invalid PhysX transform detected for /World/scene_0/controllable__r1__robot_dhaboz/right_gripper_link2.
2026-05-12 16:11:52 [57,345ms] [Warning] [omni.physx.plugin] Invalid PhysX transform detected for /World/scene_0/controllable__r1__robot_dhaboz/right_eef_link.
2026-05-12 16:11:53 [57,429ms] [Warning] [omni.physx.plugin] Invalid PhysX transform detected for /World/scene_0/controllable__r1__robot_dhaboz/base_footprint_y.
2026-05-12 16:11:53 [57,429ms] [Warning] [omni.physx.plugin] Invalid PhysX transform detected for /World/scene_0/controllable__r1__robot_dhaboz/base_footprint_z.
2026-05-12 16:11:53 [57,429ms] [Warning] [omni.physx.plugin] Invalid PhysX transform detected for /World/scene_0/controllable__r1__robot_dhaboz/base_footprint_rx.
2026-05-12 16:11:53 [57,429ms] [Warning] [omni.physx.plugin] Invalid PhysX transform detected for /World/scene_0/controllable__r1__robot_dhaboz/base_footprint_ry.
2026-05-12 16:11:53 [57,429ms] [Warning] [omni.physx.plugin] Invalid PhysX transform detected for /World/scene_0/controllable__r1__robot_dhaboz/base_footprint_rz.
2026-05-12 16:11:53 [57,429ms] [Warning] [omni.physx.plugin] Invalid PhysX transform detected for /World/scene_0/controllable__r1__robot_dhaboz/base_link.
2026-05-12 16:11:53 [57,429ms] [Warning] [omni.physx.plugin] Invalid PhysX transform detected for /World/scene_0/controllable__r1__robot_dhaboz/servo_link1.
2026-05-12 16:11:53 [57,429ms] [Warning] [omni.physx.plugin] Invalid PhysX transform detected for /World/scene_0/controllable__r1__robot_dhaboz/servo_link2.
2026-05-12 16:11:53 [57,429ms] [Warning] [omni.physx.plugin] Invalid PhysX transform detected for /World/scene_0/controllable__r1__robot_dhaboz/servo_link3.
2026-05-12 16:11:53 [57,429ms] [Warning] [omni.physx.plugin] Invalid PhysX transform detected for /World/scene_0/controllable__r1__robot_dhaboz/torso_link1.
2026-05-12 16:11:53 [57,429ms] [Warning] [omni.physx.plugin] Invalid PhysX transform detected for /World/scene_0/controllable__r1__robot_dhaboz/wheel_link1.
2026-05-12 16:11:53 [57,429ms] [Warning] [omni.physx.plugin] Invalid PhysX transform detected for /World/scene_0/controllable__r1__robot_dhaboz/wheel_link2.
2026-05-12 16:11:53 [57,429ms] [Warning] [omni.physx.plugin] Invalid PhysX transform detected for /World/scene_0/controllable__r1__robot_dhaboz/wheel_link3.
2026-05-12 16:11:53 [57,429ms] [Warning] [omni.physx.plugin] Invalid PhysX transform detected for /World/scene_0/controllable__r1__robot_dhaboz/torso_link2.
2026-05-12 16:11:53 [57,429ms] [Warning] [omni.physx.plugin] Invalid PhysX transform detected for /World/scene_0/controllable__r1__robot_dhaboz/torso_link3.
2026-05-12 16:11:53 [57,429ms] [Warning] [omni.physx.plugin] Invalid PhysX transform detected for /World/scene_0/controllable__r1__robot_dhaboz/torso_link4.
2026-05-12 16:11:53 [57,429ms] [Warning] [omni.physx.plugin] Invalid PhysX transform detected for /World/scene_0/controllable__r1__robot_dhaboz/left_arm_link1.
2026-05-12 16:11:53 [57,429ms] [Warning] [omni.physx.plugin] Invalid PhysX transform detected for /World/scene_0/controllable__r1__robot_dhaboz/right_arm_link1.
2026-05-12 16:11:53 [57,429ms] [Warning] [omni.physx.plugin] Invalid PhysX transform detected for /World/scene_0/controllable__r1__robot_dhaboz/eyes.
2026-05-12 16:11:53 [57,429ms] [Warning] [omni.physx.plugin] Invalid PhysX transform detected for /World/scene_0/controllable__r1__robot_dhaboz/left_arm_link2.
2026-05-12 16:11:53 [57,429ms] [Warning] [omni.physx.plugin] Invalid PhysX transform detected for /World/scene_0/controllable__r1__robot_dhaboz/right_arm_link2.
2026-05-12 16:11:53 [57,429ms] [Warning] [omni.physx.plugin] Invalid PhysX transform detected for /World/scene_0/controllable__r1__robot_dhaboz/left_arm_link3.
2026-05-12 16:11:53 [57,429ms] [Warning] [omni.physx.plugin] Invalid PhysX transform detected for /World/scene_0/controllable__r1__robot_dhaboz/right_arm_link3.
2026-05-12 16:11:53 [57,429ms] [Warning] [omni.physx.plugin] Invalid PhysX transform detected for /World/scene_0/controllable__r1__robot_dhaboz/left_arm_link4.
2026-05-12 16:11:53 [57,429ms] [Warning] [omni.physx.plugin] Invalid PhysX transform detected for /World/scene_0/controllable__r1__robot_dhaboz/right_arm_link4.
2026-05-12 16:11:53 [57,429ms] [Warning] [omni.physx.plugin] Invalid PhysX transform detected for /World/scene_0/controllable__r1__robot_dhaboz/left_arm_link5.
2026-05-12 16:11:53 [57,429ms] [Warning] [omni.physx.plugin] Invalid PhysX transform detected for /World/scene_0/controllable__r1__robot_dhaboz/right_arm_link5.
2026-05-12 16:11:53 [57,429ms] [Warning] [omni.physx.plugin] Invalid PhysX transform detected for /World/scene_0/controllable__r1__robot_dhaboz/left_arm_link6.
2026-05-12 16:11:53 [57,429ms] [Warning] [omni.physx.plugin] Invalid PhysX transform detected for /World/scene_0/controllable__r1__robot_dhaboz/right_arm_link6.
2026-05-12 16:11:53 [57,429ms] [Warning] [omni.physx.plugin] Invalid PhysX transform detected for /World/scene_0/controllable__r1__robot_dhaboz/left_gripper_link1.
2026-05-12 16:11:53 [57,429ms] [Warning] [omni.physx.plugin] Invalid PhysX transform detected for /World/scene_0/controllable__r1__robot_dhaboz/left_gripper_link2.
2026-05-12 16:11:53 [57,429ms] [Warning] [omni.physx.plugin] Invalid PhysX transform detected for /World/scene_0/controllable__r1__robot_dhaboz/left_eef_link.
2026-05-12 16:11:53 [57,429ms] [Warning] [omni.physx.plugin] Invalid PhysX transform detected for /World/scene_0/controllable__r1__robot_dhaboz/right_gripper_link1.
2026-05-12 16:11:53 [57,429ms] [Warning] [omni.physx.plugin] Invalid PhysX transform detected for /World/scene_0/controllable__r1__robot_dhaboz/right_gripper_link2.
2026-05-12 16:11:53 [57,429ms] [Warning] [omni.physx.plugin] Invalid PhysX transform detected for /World/scene_0/controllable__r1__robot_dhaboz/right_eef_link.
2026-05-12 16:11:53 [57,527ms] [Warning] [omni.physx.plugin] Invalid PhysX transform detected for /World/scene_0/controllable__r1__robot_dhaboz/base_footprint_y.
2026-05-12 16:11:53 [57,527ms] [Warning] [omni.physx.plugin] Invalid PhysX transform detected for /World/scene_0/controllable__r1__robot_dhaboz/base_footprint_z.
2026-05-12 16:11:53 [57,527ms] [Warning] [omni.physx.plugin] Invalid PhysX transform detected for /World/scene_0/controllable__r1__robot_dhaboz/base_footprint_rx.
2026-05-12 16:11:53 [57,527ms] [Warning] [omni.physx.plugin] Invalid PhysX transform detected for /World/scene_0/controllable__r1__robot_dhaboz/base_footprint_ry.
2026-05-12 16:11:53 [57,527ms] [Warning] [omni.physx.plugin] Invalid PhysX transform detected for /World/scene_0/controllable__r1__robot_dhaboz/base_footprint_rz.
2026-05-12 16:11:53 [57,527ms] [Warning] [omni.physx.plugin] Invalid PhysX transform detected for /World/scene_0/controllable__r1__robot_dhaboz/base_link.
2026-05-12 16:11:53 [57,527ms] [Warning] [omni.physx.plugin] Invalid PhysX transform detected for /World/scene_0/controllable__r1__robot_dhaboz/servo_link1.
2026-05-12 16:11:53 [57,527ms] [Warning] [omni.physx.plugin] Invalid PhysX transform detected for /World/scene_0/controllable__r1__robot_dhaboz/servo_link2.
2026-05-12 16:11:53 [57,527ms] [Warning] [omni.physx.plugin] Invalid PhysX transform detected for /World/scene_0/controllable__r1__robot_dhaboz/servo_link3.
2026-05-12 16:11:53 [57,527ms] [Warning] [omni.physx.plugin] Invalid PhysX transform detected for /World/scene_0/controllable__r1__robot_dhaboz/torso_link1.
2026-05-12 16:11:53 [57,527ms] [Warning] [omni.physx.plugin] Invalid PhysX transform detected for /World/scene_0/controllable__r1__robot_dhaboz/wheel_link1.
2026-05-12 16:11:53 [57,527ms] [Warning] [omni.physx.plugin] Invalid PhysX transform detected for /World/scene_0/controllable__r1__robot_dhaboz/wheel_link2.
2026-05-12 16:11:53 [57,527ms] [Warning] [omni.physx.plugin] Invalid PhysX transform detected for /World/scene_0/controllable__r1__robot_dhaboz/wheel_link3.
2026-05-12 16:11:53 [57,527ms] [Warning] [omni.physx.plugin] Invalid PhysX transform detected for /World/scene_0/controllable__r1__robot_dhaboz/torso_link2.
2026-05-12 16:11:53 [57,527ms] [Warning] [omni.physx.plugin] Invalid PhysX transform detected for /World/scene_0/controllable__r1__robot_dhaboz/torso_link3.
2026-05-12 16:11:53 [57,527ms] [Warning] [omni.physx.plugin] Invalid PhysX transform detected for /World/scene_0/controllable__r1__robot_dhaboz/torso_link4.
2026-05-12 16:11:53 [57,527ms] [Warning] [omni.physx.plugin] Invalid PhysX transform detected for /World/scene_0/controllable__r1__robot_dhaboz/left_arm_link1.
2026-05-12 16:11:53 [57,527ms] [Warning] [omni.physx.plugin] Invalid PhysX transform detected for /World/scene_0/controllable__r1__robot_dhaboz/right_arm_link1.
2026-05-12 16:11:53 [57,527ms] [Warning] [omni.physx.plugin] Invalid PhysX transform detected for /World/scene_0/controllable__r1__robot_dhaboz/eyes.
2026-05-12 16:11:53 [57,527ms] [Warning] [omni.physx.plugin] Invalid PhysX transform detected for /World/scene_0/controllable__r1__robot_dhaboz/left_arm_link2.
2026-05-12 16:11:53 [57,527ms] [Warning] [omni.physx.plugin] Invalid PhysX transform detected for /World/scene_0/controllable__r1__robot_dhaboz/right_arm_link2.
2026-05-12 16:11:53 [57,527ms] [Warning] [omni.physx.plugin] Invalid PhysX transform detected for /World/scene_0/controllable__r1__robot_dhaboz/left_arm_link3.
2026-05-12 16:11:53 [57,527ms] [Warning] [omni.physx.plugin] Invalid PhysX transform detected for /World/scene_0/controllable__r1__robot_dhaboz/right_arm_link3.
2026-05-12 16:11:53 [57,527ms] [Warning] [omni.physx.plugin] Invalid PhysX transform detected for /World/scene_0/controllable__r1__robot_dhaboz/left_arm_link4.
2026-05-12 16:11:53 [57,527ms] [Warning] [omni.physx.plugin] Invalid PhysX transform detected for /World/scene_0/controllable__r1__robot_dhaboz/right_arm_link4.
2026-05-12 16:11:53 [57,527ms] [Warning] [omni.physx.plugin] Invalid PhysX transform detected for /World/scene_0/controllable__r1__robot_dhaboz/left_arm_link5.
2026-05-12 16:11:53 [57,527ms] [Warning] [omni.physx.plugin] Invalid PhysX transform detected for /World/scene_0/controllable__r1__robot_dhaboz/right_arm_link5.
2026-05-12 16:11:53 [57,527ms] [Warning] [omni.physx.plugin] Invalid PhysX transform detected for /World/scene_0/controllable__r1__robot_dhaboz/left_arm_link6.
2026-05-12 16:11:53 [57,527ms] [Warning] [omni.physx.plugin] Invalid PhysX transform detected for /World/scene_0/controllable__r1__robot_dhaboz/right_arm_link6.
2026-05-12 16:11:53 [57,527ms] [Warning] [omni.physx.plugin] Invalid PhysX transform detected for /World/scene_0/controllable__r1__robot_dhaboz/left_gripper_link1.
2026-05-12 16:11:53 [57,527ms] [Warning] [omni.physx.plugin] Invalid PhysX transform detected for /World/scene_0/controllable__r1__robot_dhaboz/left_gripper_link2.
2026-05-12 16:11:53 [57,527ms] [Warning] [omni.physx.plugin] Invalid PhysX transform detected for /World/scene_0/controllable__r1__robot_dhaboz/left_eef_link.
2026-05-12 16:11:53 [57,527ms] [Warning] [omni.physx.plugin] Invalid PhysX transform detected for /World/scene_0/controllable__r1__robot_dhaboz/right_gripper_link1.
2026-05-12 16:11:53 [57,527ms] [Warning] [omni.physx.plugin] Invalid PhysX transform detected for /World/scene_0/controllable__r1__robot_dhaboz/right_gripper_link2.
2026-05-12 16:11:53 [57,527ms] [Warning] [omni.physx.plugin] Invalid PhysX transform detected for /World/scene_0/controllable__r1__robot_dhaboz/right_eef_link.
2026-05-12 16:11:53 [57,627ms] [Warning] [omni.physx.plugin] Invalid PhysX transform detected for /World/scene_0/controllable__r1__robot_dhaboz/base_footprint_y.
2026-05-12 16:11:53 [57,627ms] [Warning] [omni.physx.plugin] Invalid PhysX transform detected for /World/scene_0/controllable__r1__robot_dhaboz/base_footprint_z.
2026-05-12 16:11:53 [57,627ms] [Warning] [omni.physx.plugin] Invalid PhysX transform detected for /World/scene_0/controllable__r1__robot_dhaboz/base_footprint_rx.
2026-05-12 16:11:53 [57,627ms] [Warning] [omni.physx.plugin] Invalid PhysX transform detected for /World/scene_0/controllable__r1__robot_dhaboz/base_footprint_ry.
2026-05-12 16:11:53 [57,627ms] [Warning] [omni.physx.plugin] Invalid PhysX transform detected for /World/scene_0/controllable__r1__robot_dhaboz/base_footprint_rz.
2026-05-12 16:11:53 [57,627ms] [Warning] [omni.physx.plugin] Invalid PhysX transform detected for /World/scene_0/controllable__r1__robot_dhaboz/base_link.
2026-05-12 16:11:53 [57,627ms] [Warning] [omni.physx.plugin] Invalid PhysX transform detected for /World/scene_0/controllable__r1__robot_dhaboz/servo_link1.
2026-05-12 16:11:53 [57,627ms] [Warning] [omni.physx.plugin] Invalid PhysX transform detected for /World/scene_0/controllable__r1__robot_dhaboz/servo_link2.
2026-05-12 16:11:53 [57,627ms] [Warning] [omni.physx.plugin] Invalid PhysX transform detected for /World/scene_0/controllable__r1__robot_dhaboz/servo_link3.
2026-05-12 16:11:53 [57,627ms] [Warning] [omni.physx.plugin] Invalid PhysX transform detected for /World/scene_0/controllable__r1__robot_dhaboz/torso_link1.
2026-05-12 16:11:53 [57,627ms] [Warning] [omni.physx.plugin] Invalid PhysX transform detected for /World/scene_0/controllable__r1__robot_dhaboz/wheel_link1.
2026-05-12 16:11:53 [57,627ms] [Warning] [omni.physx.plugin] Invalid PhysX transform detected for /World/scene_0/controllable__r1__robot_dhaboz/wheel_link2.
2026-05-12 16:11:53 [57,627ms] [Warning] [omni.physx.plugin] Invalid PhysX transform detected for /World/scene_0/controllable__r1__robot_dhaboz/wheel_link3.
2026-05-12 16:11:53 [57,627ms] [Warning] [omni.physx.plugin] Invalid PhysX transform detected for /World/scene_0/controllable__r1__robot_dhaboz/torso_link2.
2026-05-12 16:11:53 [57,627ms] [Warning] [omni.physx.plugin] Invalid PhysX transform detected for /World/scene_0/controllable__r1__robot_dhaboz/torso_link3.
2026-05-12 16:11:53 [57,627ms] [Warning] [omni.physx.plugin] Invalid PhysX transform detected for /World/scene_0/controllable__r1__robot_dhaboz/torso_link4.
2026-05-12 16:11:53 [57,627ms] [Warning] [omni.physx.plugin] Invalid PhysX transform detected for /World/scene_0/controllable__r1__robot_dhaboz/left_arm_link1.
2026-05-12 16:11:53 [57,627ms] [Warning] [omni.physx.plugin] Invalid PhysX transform detected for /World/scene_0/controllable__r1__robot_dhaboz/right_arm_link1.
2026-05-12 16:11:53 [57,627ms] [Warning] [omni.physx.plugin] Invalid PhysX transform detected for /World/scene_0/controllable__r1__robot_dhaboz/eyes.
2026-05-12 16:11:53 [57,627ms] [Warning] [omni.physx.plugin] Invalid PhysX transform detected for /World/scene_0/controllable__r1__robot_dhaboz/left_arm_link2.
2026-05-12 16:11:53 [57,628ms] [Warning] [omni.physx.plugin] Invalid PhysX transform detected for /World/scene_0/controllable__r1__robot_dhaboz/right_arm_link2.
2026-05-12 16:11:53 [57,628ms] [Warning] [omni.physx.plugin] Invalid PhysX transform detected for /World/scene_0/controllable__r1__robot_dhaboz/left_arm_link3.
2026-05-12 16:11:53 [57,628ms] [Warning] [omni.physx.plugin] Invalid PhysX transform detected for /World/scene_0/controllable__r1__robot_dhaboz/right_arm_link3.
2026-05-12 16:11:53 [57,628ms] [Warning] [omni.physx.plugin] Invalid PhysX transform detected for /World/scene_0/controllable__r1__robot_dhaboz/left_arm_link4.
2026-05-12 16:11:53 [57,628ms] [Warning] [omni.physx.plugin] Invalid PhysX transform detected for /World/scene_0/controllable__r1__robot_dhaboz/right_arm_link4.
2026-05-12 16:11:53 [57,628ms] [Warning] [omni.physx.plugin] Invalid PhysX transform detected for /World/scene_0/controllable__r1__robot_dhaboz/left_arm_link5.
2026-05-12 16:11:53 [57,628ms] [Warning] [omni.physx.plugin] Invalid PhysX transform detected for /World/scene_0/controllable__r1__robot_dhaboz/right_arm_link5.
2026-05-12 16:11:53 [57,628ms] [Warning] [omni.physx.plugin] Invalid PhysX transform detected for /World/scene_0/controllable__r1__robot_dhaboz/left_arm_link6.
2026-05-12 16:11:53 [57,628ms] [Warning] [omni.physx.plugin] Invalid PhysX transform detected for /World/scene_0/controllable__r1__robot_dhaboz/right_arm_link6.
2026-05-12 16:11:53 [57,628ms] [Warning] [omni.physx.plugin] Invalid PhysX transform detected for /World/scene_0/controllable__r1__robot_dhaboz/left_gripper_link1.
2026-05-12 16:11:53 [57,628ms] [Warning] [omni.physx.plugin] Invalid PhysX transform detected for /World/scene_0/controllable__r1__robot_dhaboz/left_gripper_link2.
2026-05-12 16:11:53 [57,628ms] [Warning] [omni.physx.plugin] Invalid PhysX transform detected for /World/scene_0/controllable__r1__robot_dhaboz/left_eef_link.
2026-05-12 16:11:53 [57,628ms] [Warning] [omni.physx.plugin] Invalid PhysX transform detected for /World/scene_0/controllable__r1__robot_dhaboz/right_gripper_link1.
2026-05-12 16:11:53 [57,628ms] [Warning] [omni.physx.plugin] Invalid PhysX transform detected for /World/scene_0/controllable__r1__robot_dhaboz/right_gripper_link2.
2026-05-12 16:11:53 [57,628ms] [Warning] [omni.physx.plugin] Invalid PhysX transform detected for /World/scene_0/controllable__r1__robot_dhaboz/right_eef_link.
2026-05-12 16:11:53 [57,729ms] [Warning] [omni.physx.plugin] Invalid PhysX transform detected for /World/scene_0/controllable__r1__robot_dhaboz/base_footprint_y.
2026-05-12 16:11:53 [57,729ms] [Warning] [omni.physx.plugin] Invalid PhysX transform detected for /World/scene_0/controllable__r1__robot_dhaboz/base_footprint_z.
2026-05-12 16:11:53 [57,729ms] [Warning] [omni.physx.plugin] Invalid PhysX transform detected for /World/scene_0/controllable__r1__robot_dhaboz/base_footprint_rx.
2026-05-12 16:11:53 [57,729ms] [Warning] [omni.physx.plugin] Invalid PhysX transform detected for /World/scene_0/controllable__r1__robot_dhaboz/base_footprint_ry.
2026-05-12 16:11:53 [57,729ms] [Warning] [omni.physx.plugin] Invalid PhysX transform detected for /World/scene_0/controllable__r1__robot_dhaboz/base_footprint_rz.
2026-05-12 16:11:53 [57,729ms] [Warning] [omni.physx.plugin] Invalid PhysX transform detected for /World/scene_0/controllable__r1__robot_dhaboz/base_link.
2026-05-12 16:11:53 [57,729ms] [Warning] [omni.physx.plugin] Invalid PhysX transform detected for /World/scene_0/controllable__r1__robot_dhaboz/servo_link1.
2026-05-12 16:11:53 [57,729ms] [Warning] [omni.physx.plugin] Invalid PhysX transform detected for /World/scene_0/controllable__r1__robot_dhaboz/servo_link2.
2026-05-12 16:11:53 [57,729ms] [Warning] [omni.physx.plugin] Invalid PhysX transform detected for /World/scene_0/controllable__r1__robot_dhaboz/servo_link3.
2026-05-12 16:11:53 [57,729ms] [Warning] [omni.physx.plugin] Invalid PhysX transform detected for /World/scene_0/controllable__r1__robot_dhaboz/torso_link1.
2026-05-12 16:11:53 [57,729ms] [Warning] [omni.physx.plugin] Invalid PhysX transform detected for /World/scene_0/controllable__r1__robot_dhaboz/wheel_link1.
2026-05-12 16:11:53 [57,729ms] [Warning] [omni.physx.plugin] Invalid PhysX transform detected for /World/scene_0/controllable__r1__robot_dhaboz/wheel_link2.
2026-05-12 16:11:53 [57,729ms] [Warning] [omni.physx.plugin] Invalid PhysX transform detected for /World/scene_0/controllable__r1__robot_dhaboz/wheel_link3.
2026-05-12 16:11:53 [57,729ms] [Warning] [omni.physx.plugin] Invalid PhysX transform detected for /World/scene_0/controllable__r1__robot_dhaboz/torso_link2.
2026-05-12 16:11:53 [57,729ms] [Warning] [omni.physx.plugin] Invalid PhysX transform detected for /World/scene_0/controllable__r1__robot_dhaboz/torso_link3.
2026-05-12 16:11:53 [57,729ms] [Warning] [omni.physx.plugin] Invalid PhysX transform detected for /World/scene_0/controllable__r1__robot_dhaboz/torso_link4.
2026-05-12 16:11:53 [57,729ms] [Warning] [omni.physx.plugin] Invalid PhysX transform detected for /World/scene_0/controllable__r1__robot_dhaboz/left_arm_link1.
2026-05-12 16:11:53 [57,729ms] [Warning] [omni.physx.plugin] Invalid PhysX transform detected for /World/scene_0/controllable__r1__robot_dhaboz/right_arm_link1.
2026-05-12 16:11:53 [57,729ms] [Warning] [omni.physx.plugin] Invalid PhysX transform detected for /World/scene_0/controllable__r1__robot_dhaboz/eyes.
2026-05-12 16:11:53 [57,729ms] [Warning] [omni.physx.plugin] Invalid PhysX transform detected for /World/scene_0/controllable__r1__robot_dhaboz/left_arm_link2.
2026-05-12 16:11:53 [57,729ms] [Warning] [omni.physx.plugin] Invalid PhysX transform detected for /World/scene_0/controllable__r1__robot_dhaboz/right_arm_link2.
2026-05-12 16:11:53 [57,729ms] [Warning] [omni.physx.plugin] Invalid PhysX transform detected for /World/scene_0/controllable__r1__robot_dhaboz/left_arm_link3.
2026-05-12 16:11:53 [57,729ms] [Warning] [omni.physx.plugin] Invalid PhysX transform detected for /World/scene_0/controllable__r1__robot_dhaboz/right_arm_link3.
2026-05-12 16:11:53 [57,729ms] [Warning] [omni.physx.plugin] Invalid PhysX transform detected for /World/scene_0/controllable__r1__robot_dhaboz/left_arm_link4.
2026-05-12 16:11:53 [57,729ms] [Warning] [omni.physx.plugin] Invalid PhysX transform detected for /World/scene_0/controllable__r1__robot_dhaboz/right_arm_link4.
2026-05-12 16:11:53 [57,729ms] [Warning] [omni.physx.plugin] Invalid PhysX transform detected for /World/scene_0/controllable__r1__robot_dhaboz/left_arm_link5.
2026-05-12 16:11:53 [57,729ms] [Warning] [omni.physx.plugin] Invalid PhysX transform detected for /World/scene_0/controllable__r1__robot_dhaboz/right_arm_link5.
2026-05-12 16:11:53 [57,729ms] [Warning] [omni.physx.plugin] Invalid PhysX transform detected for /World/scene_0/controllable__r1__robot_dhaboz/left_arm_link6.
2026-05-12 16:11:53 [57,729ms] [Warning] [omni.physx.plugin] Invalid PhysX transform detected for /World/scene_0/controllable__r1__robot_dhaboz/right_arm_link6.
2026-05-12 16:11:53 [57,729ms] [Warning] [omni.physx.plugin] Invalid PhysX transform detected for /World/scene_0/controllable__r1__robot_dhaboz/left_gripper_link1.
2026-05-12 16:11:53 [57,729ms] [Warning] [omni.physx.plugin] Invalid PhysX transform detected for /World/scene_0/controllable__r1__robot_dhaboz/left_gripper_link2.
2026-05-12 16:11:53 [57,729ms] [Warning] [omni.physx.plugin] Invalid PhysX transform detected for /World/scene_0/controllable__r1__robot_dhaboz/left_eef_link.
2026-05-12 16:11:53 [57,729ms] [Warning] [omni.physx.plugin] Invalid PhysX transform detected for /World/scene_0/controllable__r1__robot_dhaboz/right_gripper_link1.
2026-05-12 16:11:53 [57,729ms] [Warning] [omni.physx.plugin] Invalid PhysX transform detected for /World/scene_0/controllable__r1__robot_dhaboz/right_gripper_link2.
2026-05-12 16:11:53 [57,729ms] [Warning] [omni.physx.plugin] Invalid PhysX transform detected for /World/scene_0/controllable__r1__robot_dhaboz/right_eef_link.
2026-05-12 16:11:53 [57,826ms] [Warning] [omni.physx.plugin] Invalid PhysX transform detected for /World/scene_0/controllable__r1__robot_dhaboz/base_footprint_y.
2026-05-12 16:11:53 [57,827ms] [Warning] [omni.physx.plugin] Invalid PhysX transform detected for /World/scene_0/controllable__r1__robot_dhaboz/base_footprint_z.
2026-05-12 16:11:53 [57,827ms] [Warning] [omni.physx.plugin] Invalid PhysX transform detected for /World/scene_0/controllable__r1__robot_dhaboz/base_footprint_rx.
2026-05-12 16:11:53 [57,827ms] [Warning] [omni.physx.plugin] Invalid PhysX transform detected for /World/scene_0/controllable__r1__robot_dhaboz/base_footprint_ry.
2026-05-12 16:11:53 [57,827ms] [Warning] [omni.physx.plugin] Invalid PhysX transform detected for /World/scene_0/controllable__r1__robot_dhaboz/base_footprint_rz.
2026-05-12 16:11:53 [57,827ms] [Warning] [omni.physx.plugin] Invalid PhysX transform detected for /World/scene_0/controllable__r1__robot_dhaboz/base_link.
2026-05-12 16:11:53 [57,827ms] [Warning] [omni.physx.plugin] Invalid PhysX transform detected for /World/scene_0/controllable__r1__robot_dhaboz/servo_link1.
2026-05-12 16:11:53 [57,827ms] [Warning] [omni.physx.plugin] Invalid PhysX transform detected for /World/scene_0/controllable__r1__robot_dhaboz/servo_link2.
2026-05-12 16:11:53 [57,827ms] [Warning] [omni.physx.plugin] Invalid PhysX transform detected for /World/scene_0/controllable__r1__robot_dhaboz/servo_link3.
2026-05-12 16:11:53 [57,827ms] [Warning] [omni.physx.plugin] Invalid PhysX transform detected for /World/scene_0/controllable__r1__robot_dhaboz/torso_link1.
2026-05-12 16:11:53 [57,827ms] [Warning] [omni.physx.plugin] Invalid PhysX transform detected for /World/scene_0/controllable__r1__robot_dhaboz/wheel_link1.
2026-05-12 16:11:53 [57,827ms] [Warning] [omni.physx.plugin] Invalid PhysX transform detected for /World/scene_0/controllable__r1__robot_dhaboz/wheel_link2.
2026-05-12 16:11:53 [57,827ms] [Warning] [omni.physx.plugin] Invalid PhysX transform detected for /World/scene_0/controllable__r1__robot_dhaboz/wheel_link3.
2026-05-12 16:11:53 [57,827ms] [Warning] [omni.physx.plugin] Invalid PhysX transform detected for /World/scene_0/controllable__r1__robot_dhaboz/torso_link2.
2026-05-12 16:11:53 [57,827ms] [Warning] [omni.physx.plugin] Invalid PhysX transform detected for /World/scene_0/controllable__r1__robot_dhaboz/torso_link3.
2026-05-12 16:11:53 [57,827ms] [Warning] [omni.physx.plugin] Invalid PhysX transform detected for /World/scene_0/controllable__r1__robot_dhaboz/torso_link4.
2026-05-12 16:11:53 [57,827ms] [Warning] [omni.physx.plugin] Invalid PhysX transform detected for /World/scene_0/controllable__r1__robot_dhaboz/left_arm_link1.
2026-05-12 16:11:53 [57,827ms] [Warning] [omni.physx.plugin] Invalid PhysX transform detected for /World/scene_0/controllable__r1__robot_dhaboz/right_arm_link1.
2026-05-12 16:11:53 [57,827ms] [Warning] [omni.physx.plugin] Invalid PhysX transform detected for /World/scene_0/controllable__r1__robot_dhaboz/eyes.
2026-05-12 16:11:53 [57,827ms] [Warning] [omni.physx.plugin] Invalid PhysX transform detected for /World/scene_0/controllable__r1__robot_dhaboz/left_arm_link2.
2026-05-12 16:11:53 [57,827ms] [Warning] [omni.physx.plugin] Invalid PhysX transform detected for /World/scene_0/controllable__r1__robot_dhaboz/right_arm_link2.
2026-05-12 16:11:53 [57,827ms] [Warning] [omni.physx.plugin] Invalid PhysX transform detected for /World/scene_0/controllable__r1__robot_dhaboz/left_arm_link3.
2026-05-12 16:11:53 [57,827ms] [Warning] [omni.physx.plugin] Invalid PhysX transform detected for /World/scene_0/controllable__r1__robot_dhaboz/right_arm_link3.
2026-05-12 16:11:53 [57,827ms] [Warning] [omni.physx.plugin] Invalid PhysX transform detected for /World/scene_0/controllable__r1__robot_dhaboz/left_arm_link4.
2026-05-12 16:11:53 [57,827ms] [Warning] [omni.physx.plugin] Invalid PhysX transform detected for /World/scene_0/controllable__r1__robot_dhaboz/right_arm_link4.
2026-05-12 16:11:53 [57,827ms] [Warning] [omni.physx.plugin] Invalid PhysX transform detected for /World/scene_0/controllable__r1__robot_dhaboz/left_arm_link5.
2026-05-12 16:11:53 [57,827ms] [Warning] [omni.physx.plugin] Invalid PhysX transform detected for /World/scene_0/controllable__r1__robot_dhaboz/right_arm_link5.
2026-05-12 16:11:53 [57,827ms] [Warning] [omni.physx.plugin] Invalid PhysX transform detected for /World/scene_0/controllable__r1__robot_dhaboz/left_arm_link6.
2026-05-12 16:11:53 [57,827ms] [Warning] [omni.physx.plugin] Invalid PhysX transform detected for /World/scene_0/controllable__r1__robot_dhaboz/right_arm_link6.
2026-05-12 16:11:53 [57,827ms] [Warning] [omni.physx.plugin] Invalid PhysX transform detected for /World/scene_0/controllable__r1__robot_dhaboz/left_gripper_link1.
2026-05-12 16:11:53 [57,827ms] [Warning] [omni.physx.plugin] Invalid PhysX transform detected for /World/scene_0/controllable__r1__robot_dhaboz/left_gripper_link2.
2026-05-12 16:11:53 [57,827ms] [Warning] [omni.physx.plugin] Invalid PhysX transform detected for /World/scene_0/controllable__r1__robot_dhaboz/left_eef_link.
2026-05-12 16:11:53 [57,827ms] [Warning] [omni.physx.plugin] Invalid PhysX transform detected for /World/scene_0/controllable__r1__robot_dhaboz/right_gripper_link1.
2026-05-12 16:11:53 [57,827ms] [Warning] [omni.physx.plugin] Invalid PhysX transform detected for /World/scene_0/controllable__r1__robot_dhaboz/right_gripper_link2.
2026-05-12 16:11:53 [57,827ms] [Warning] [omni.physx.plugin] Invalid PhysX transform detected for /World/scene_0/controllable__r1__robot_dhaboz/right_eef_link.
2026-05-12 16:11:53 [57,929ms] [Warning] [omni.physx.plugin] Invalid PhysX transform detected for /World/scene_0/controllable__r1__robot_dhaboz/base_footprint_y.
2026-05-12 16:11:53 [57,929ms] [Warning] [omni.physx.plugin] Invalid PhysX transform detected for /World/scene_0/controllable__r1__robot_dhaboz/base_footprint_z.
2026-05-12 16:11:53 [57,929ms] [Warning] [omni.physx.plugin] Invalid PhysX transform detected for /World/scene_0/controllable__r1__robot_dhaboz/base_footprint_rx.
2026-05-12 16:11:53 [57,929ms] [Warning] [omni.physx.plugin] Invalid PhysX transform detected for /World/scene_0/controllable__r1__robot_dhaboz/base_footprint_ry.
2026-05-12 16:11:53 [57,929ms] [Warning] [omni.physx.plugin] Invalid PhysX transform detected for /World/scene_0/controllable__r1__robot_dhaboz/base_footprint_rz.
2026-05-12 16:11:53 [57,929ms] [Warning] [omni.physx.plugin] Invalid PhysX transform detected for /World/scene_0/controllable__r1__robot_dhaboz/base_link.
2026-05-12 16:11:53 [57,929ms] [Warning] [omni.physx.plugin] Invalid PhysX transform detected for /World/scene_0/controllable__r1__robot_dhaboz/servo_link1.
2026-05-12 16:11:53 [57,929ms] [Warning] [omni.physx.plugin] Invalid PhysX transform detected for /World/scene_0/controllable__r1__robot_dhaboz/servo_link2.
2026-05-12 16:11:53 [57,929ms] [Warning] [omni.physx.plugin] Invalid PhysX transform detected for /World/scene_0/controllable__r1__robot_dhaboz/servo_link3.
2026-05-12 16:11:53 [57,929ms] [Warning] [omni.physx.plugin] Invalid PhysX transform detected for /World/scene_0/controllable__r1__robot_dhaboz/torso_link1.
2026-05-12 16:11:53 [57,929ms] [Warning] [omni.physx.plugin] Invalid PhysX transform detected for /World/scene_0/controllable__r1__robot_dhaboz/wheel_link1.
2026-05-12 16:11:53 [57,929ms] [Warning] [omni.physx.plugin] Invalid PhysX transform detected for /World/scene_0/controllable__r1__robot_dhaboz/wheel_link2.
2026-05-12 16:11:53 [57,929ms] [Warning] [omni.physx.plugin] Invalid PhysX transform detected for /World/scene_0/controllable__r1__robot_dhaboz/wheel_link3.
2026-05-12 16:11:53 [57,929ms] [Warning] [omni.physx.plugin] Invalid PhysX transform detected for /World/scene_0/controllable__r1__robot_dhaboz/torso_link2.
2026-05-12 16:11:53 [57,929ms] [Warning] [omni.physx.plugin] Invalid PhysX transform detected for /World/scene_0/controllable__r1__robot_dhaboz/torso_link3.
2026-05-12 16:11:53 [57,929ms] [Warning] [omni.physx.plugin] Invalid PhysX transform detected for /World/scene_0/controllable__r1__robot_dhaboz/torso_link4.
2026-05-12 16:11:53 [57,929ms] [Warning] [omni.physx.plugin] Invalid PhysX transform detected for /World/scene_0/controllable__r1__robot_dhaboz/left_arm_link1.
2026-05-12 16:11:53 [57,929ms] [Warning] [omni.physx.plugin] Invalid PhysX transform detected for /World/scene_0/controllable__r1__robot_dhaboz/right_arm_link1.
2026-05-12 16:11:53 [57,929ms] [Warning] [omni.physx.plugin] Invalid PhysX transform detected for /World/scene_0/controllable__r1__robot_dhaboz/eyes.
2026-05-12 16:11:53 [57,929ms] [Warning] [omni.physx.plugin] Invalid PhysX transform detected for /World/scene_0/controllable__r1__robot_dhaboz/left_arm_link2.
2026-05-12 16:11:53 [57,929ms] [Warning] [omni.physx.plugin] Invalid PhysX transform detected for /World/scene_0/controllable__r1__robot_dhaboz/right_arm_link2.
2026-05-12 16:11:53 [57,929ms] [Warning] [omni.physx.plugin] Invalid PhysX transform detected for /World/scene_0/controllable__r1__robot_dhaboz/left_arm_link3.
2026-05-12 16:11:53 [57,929ms] [Warning] [omni.physx.plugin] Invalid PhysX transform detected for /World/scene_0/controllable__r1__robot_dhaboz/right_arm_link3.
2026-05-12 16:11:53 [57,929ms] [Warning] [omni.physx.plugin] Invalid PhysX transform detected for /World/scene_0/controllable__r1__robot_dhaboz/left_arm_link4.
2026-05-12 16:11:53 [57,929ms] [Warning] [omni.physx.plugin] Invalid PhysX transform detected for /World/scene_0/controllable__r1__robot_dhaboz/right_arm_link4.
2026-05-12 16:11:53 [57,929ms] [Warning] [omni.physx.plugin] Invalid PhysX transform detected for /World/scene_0/controllable__r1__robot_dhaboz/left_arm_link5.
2026-05-12 16:11:53 [57,929ms] [Warning] [omni.physx.plugin] Invalid PhysX transform detected for /World/scene_0/controllable__r1__robot_dhaboz/right_arm_link5.
2026-05-12 16:11:53 [57,929ms] [Warning] [omni.physx.plugin] Invalid PhysX transform detected for /World/scene_0/controllable__r1__robot_dhaboz/left_arm_link6.
2026-05-12 16:11:53 [57,929ms] [Warning] [omni.physx.plugin] Invalid PhysX transform detected for /World/scene_0/controllable__r1__robot_dhaboz/right_arm_link6.
2026-05-12 16:11:53 [57,929ms] [Warning] [omni.physx.plugin] Invalid PhysX transform detected for /World/scene_0/controllable__r1__robot_dhaboz/left_gripper_link1.
2026-05-12 16:11:53 [57,929ms] [Warning] [omni.physx.plugin] Invalid PhysX transform detected for /World/scene_0/controllable__r1__robot_dhaboz/left_gripper_link2.
2026-05-12 16:11:53 [57,929ms] [Warning] [omni.physx.plugin] Invalid PhysX transform detected for /World/scene_0/controllable__r1__robot_dhaboz/left_eef_link.
2026-05-12 16:11:53 [57,929ms] [Warning] [omni.physx.plugin] Invalid PhysX transform detected for /World/scene_0/controllable__r1__robot_dhaboz/right_gripper_link1.
2026-05-12 16:11:53 [57,929ms] [Warning] [omni.physx.plugin] Invalid PhysX transform detected for /World/scene_0/controllable__r1__robot_dhaboz/right_gripper_link2.
2026-05-12 16:11:53 [57,929ms] [Warning] [omni.physx.plugin] Invalid PhysX transform detected for /World/scene_0/controllable__r1__robot_dhaboz/right_eef_link.
2026-05-12 16:11:53 [58,025ms] [Warning] [omni.physx.plugin] Invalid PhysX transform detected for /World/scene_0/controllable__r1__robot_dhaboz/base_footprint_y.
2026-05-12 16:11:53 [58,025ms] [Warning] [omni.physx.plugin] Invalid PhysX transform detected for /World/scene_0/controllable__r1__robot_dhaboz/base_footprint_z.
2026-05-12 16:11:53 [58,025ms] [Warning] [omni.physx.plugin] Invalid PhysX transform detected for /World/scene_0/controllable__r1__robot_dhaboz/base_footprint_rx.
2026-05-12 16:11:53 [58,025ms] [Warning] [omni.physx.plugin] Invalid PhysX transform detected for /World/scene_0/controllable__r1__robot_dhaboz/base_footprint_ry.
2026-05-12 16:11:53 [58,025ms] [Warning] [omni.physx.plugin] Invalid PhysX transform detected for /World/scene_0/controllable__r1__robot_dhaboz/base_footprint_rz.
2026-05-12 16:11:53 [58,025ms] [Warning] [omni.physx.plugin] Invalid PhysX transform detected for /World/scene_0/controllable__r1__robot_dhaboz/base_link.
2026-05-12 16:11:53 [58,025ms] [Warning] [omni.physx.plugin] Invalid PhysX transform detected for /World/scene_0/controllable__r1__robot_dhaboz/servo_link1.
2026-05-12 16:11:53 [58,025ms] [Warning] [omni.physx.plugin] Invalid PhysX transform detected for /World/scene_0/controllable__r1__robot_dhaboz/servo_link2.
2026-05-12 16:11:53 [58,025ms] [Warning] [omni.physx.plugin] Invalid PhysX transform detected for /World/scene_0/controllable__r1__robot_dhaboz/servo_link3.
2026-05-12 16:11:53 [58,025ms] [Warning] [omni.physx.plugin] Invalid PhysX transform detected for /World/scene_0/controllable__r1__robot_dhaboz/torso_link1.
2026-05-12 16:11:53 [58,025ms] [Warning] [omni.physx.plugin] Invalid PhysX transform detected for /World/scene_0/controllable__r1__robot_dhaboz/wheel_link1.
2026-05-12 16:11:53 [58,025ms] [Warning] [omni.physx.plugin] Invalid PhysX transform detected for /World/scene_0/controllable__r1__robot_dhaboz/wheel_link2.
2026-05-12 16:11:53 [58,025ms] [Warning] [omni.physx.plugin] Invalid PhysX transform detected for /World/scene_0/controllable__r1__robot_dhaboz/wheel_link3.
2026-05-12 16:11:53 [58,025ms] [Warning] [omni.physx.plugin] Invalid PhysX transform detected for /World/scene_0/controllable__r1__robot_dhaboz/torso_link2.
2026-05-12 16:11:53 [58,025ms] [Warning] [omni.physx.plugin] Invalid PhysX transform detected for /World/scene_0/controllable__r1__robot_dhaboz/torso_link3.
2026-05-12 16:11:53 [58,025ms] [Warning] [omni.physx.plugin] Invalid PhysX transform detected for /World/scene_0/controllable__r1__robot_dhaboz/torso_link4.
2026-05-12 16:11:53 [58,025ms] [Warning] [omni.physx.plugin] Invalid PhysX transform detected for /World/scene_0/controllable__r1__robot_dhaboz/left_arm_link1.
2026-05-12 16:11:53 [58,025ms] [Warning] [omni.physx.plugin] Invalid PhysX transform detected for /World/scene_0/controllable__r1__robot_dhaboz/right_arm_link1.
2026-05-12 16:11:53 [58,025ms] [Warning] [omni.physx.plugin] Invalid PhysX transform detected for /World/scene_0/controllable__r1__robot_dhaboz/eyes.
2026-05-12 16:11:53 [58,025ms] [Warning] [omni.physx.plugin] Invalid PhysX transform detected for /World/scene_0/controllable__r1__robot_dhaboz/left_arm_link2.
2026-05-12 16:11:53 [58,025ms] [Warning] [omni.physx.plugin] Invalid PhysX transform detected for /World/scene_0/controllable__r1__robot_dhaboz/right_arm_link2.
2026-05-12 16:11:53 [58,025ms] [Warning] [omni.physx.plugin] Invalid PhysX transform detected for /World/scene_0/controllable__r1__robot_dhaboz/left_arm_link3.
2026-05-12 16:11:53 [58,025ms] [Warning] [omni.physx.plugin] Invalid PhysX transform detected for /World/scene_0/controllable__r1__robot_dhaboz/right_arm_link3.
2026-05-12 16:11:53 [58,025ms] [Warning] [omni.physx.plugin] Invalid PhysX transform detected for /World/scene_0/controllable__r1__robot_dhaboz/left_arm_link4.
2026-05-12 16:11:53 [58,025ms] [Warning] [omni.physx.plugin] Invalid PhysX transform detected for /World/scene_0/controllable__r1__robot_dhaboz/right_arm_link4.
2026-05-12 16:11:53 [58,025ms] [Warning] [omni.physx.plugin] Invalid PhysX transform detected for /World/scene_0/controllable__r1__robot_dhaboz/left_arm_link5.
2026-05-12 16:11:53 [58,025ms] [Warning] [omni.physx.plugin] Invalid PhysX transform detected for /World/scene_0/controllable__r1__robot_dhaboz/right_arm_link5.
2026-05-12 16:11:53 [58,025ms] [Warning] [omni.physx.plugin] Invalid PhysX transform detected for /World/scene_0/controllable__r1__robot_dhaboz/left_arm_link6.
2026-05-12 16:11:53 [58,025ms] [Warning] [omni.physx.plugin] Invalid PhysX transform detected for /World/scene_0/controllable__r1__robot_dhaboz/right_arm_link6.
2026-05-12 16:11:53 [58,025ms] [Warning] [omni.physx.plugin] Invalid PhysX transform detected for /World/scene_0/controllable__r1__robot_dhaboz/left_gripper_link1.
2026-05-12 16:11:53 [58,025ms] [Warning] [omni.physx.plugin] Invalid PhysX transform detected for /World/scene_0/controllable__r1__robot_dhaboz/left_gripper_link2.
2026-05-12 16:11:53 [58,025ms] [Warning] [omni.physx.plugin] Invalid PhysX transform detected for /World/scene_0/controllable__r1__robot_dhaboz/left_eef_link.
2026-05-12 16:11:53 [58,025ms] [Warning] [omni.physx.plugin] Invalid PhysX transform detected for /World/scene_0/controllable__r1__robot_dhaboz/right_gripper_link1.
2026-05-12 16:11:53 [58,025ms] [Warning] [omni.physx.plugin] Invalid PhysX transform detected for /World/scene_0/controllable__r1__robot_dhaboz/right_gripper_link2.
2026-05-12 16:11:53 [58,025ms] [Warning] [omni.physx.plugin] Invalid PhysX transform detected for /World/scene_0/controllable__r1__robot_dhaboz/right_eef_link.
2026-05-12 16:11:53 [58,109ms] [Warning] [omni.physx.plugin] Invalid PhysX transform detected for /World/scene_0/controllable__r1__robot_dhaboz/base_footprint_y.
2026-05-12 16:11:53 [58,109ms] [Warning] [omni.physx.plugin] Invalid PhysX transform detected for /World/scene_0/controllable__r1__robot_dhaboz/base_footprint_z.
2026-05-12 16:11:53 [58,109ms] [Warning] [omni.physx.plugin] Invalid PhysX transform detected for /World/scene_0/controllable__r1__robot_dhaboz/base_footprint_rx.
2026-05-12 16:11:53 [58,110ms] [Warning] [omni.physx.plugin] Invalid PhysX transform detected for /World/scene_0/controllable__r1__robot_dhaboz/base_footprint_ry.
2026-05-12 16:11:53 [58,110ms] [Warning] [omni.physx.plugin] Invalid PhysX transform detected for /World/scene_0/controllable__r1__robot_dhaboz/base_footprint_rz.
2026-05-12 16:11:53 [58,110ms] [Warning] [omni.physx.plugin] Invalid PhysX transform detected for /World/scene_0/controllable__r1__robot_dhaboz/base_link.
2026-05-12 16:11:53 [58,110ms] [Warning] [omni.physx.plugin] Invalid PhysX transform detected for /World/scene_0/controllable__r1__robot_dhaboz/servo_link1.
2026-05-12 16:11:53 [58,110ms] [Warning] [omni.physx.plugin] Invalid PhysX transform detected for /World/scene_0/controllable__r1__robot_dhaboz/servo_link2.
2026-05-12 16:11:53 [58,110ms] [Warning] [omni.physx.plugin] Invalid PhysX transform detected for /World/scene_0/controllable__r1__robot_dhaboz/servo_link3.
2026-05-12 16:11:53 [58,110ms] [Warning] [omni.physx.plugin] Invalid PhysX transform detected for /World/scene_0/controllable__r1__robot_dhaboz/torso_link1.
2026-05-12 16:11:53 [58,110ms] [Warning] [omni.physx.plugin] Invalid PhysX transform detected for /World/scene_0/controllable__r1__robot_dhaboz/wheel_link1.
2026-05-12 16:11:53 [58,110ms] [Warning] [omni.physx.plugin] Invalid PhysX transform detected for /World/scene_0/controllable__r1__robot_dhaboz/wheel_link2.
2026-05-12 16:11:53 [58,110ms] [Warning] [omni.physx.plugin] Invalid PhysX transform detected for /World/scene_0/controllable__r1__robot_dhaboz/wheel_link3.
2026-05-12 16:11:53 [58,110ms] [Warning] [omni.physx.plugin] Invalid PhysX transform detected for /World/scene_0/controllable__r1__robot_dhaboz/torso_link2.
2026-05-12 16:11:53 [58,110ms] [Warning] [omni.physx.plugin] Invalid PhysX transform detected for /World/scene_0/controllable__r1__robot_dhaboz/torso_link3.
2026-05-12 16:11:53 [58,110ms] [Warning] [omni.physx.plugin] Invalid PhysX transform detected for /World/scene_0/controllable__r1__robot_dhaboz/torso_link4.
2026-05-12 16:11:53 [58,110ms] [Warning] [omni.physx.plugin] Invalid PhysX transform detected for /World/scene_0/controllable__r1__robot_dhaboz/left_arm_link1.
2026-05-12 16:11:53 [58,110ms] [Warning] [omni.physx.plugin] Invalid PhysX transform detected for /World/scene_0/controllable__r1__robot_dhaboz/right_arm_link1.
2026-05-12 16:11:53 [58,110ms] [Warning] [omni.physx.plugin] Invalid PhysX transform detected for /World/scene_0/controllable__r1__robot_dhaboz/eyes.
2026-05-12 16:11:53 [58,110ms] [Warning] [omni.physx.plugin] Invalid PhysX transform detected for /World/scene_0/controllable__r1__robot_dhaboz/left_arm_link2.
2026-05-12 16:11:53 [58,110ms] [Warning] [omni.physx.plugin] Invalid PhysX transform detected for /World/scene_0/controllable__r1__robot_dhaboz/right_arm_link2.
2026-05-12 16:11:53 [58,110ms] [Warning] [omni.physx.plugin] Invalid PhysX transform detected for /World/scene_0/controllable__r1__robot_dhaboz/left_arm_link3.
2026-05-12 16:11:53 [58,110ms] [Warning] [omni.physx.plugin] Invalid PhysX transform detected for /World/scene_0/controllable__r1__robot_dhaboz/right_arm_link3.
2026-05-12 16:11:53 [58,110ms] [Warning] [omni.physx.plugin] Invalid PhysX transform detected for /World/scene_0/controllable__r1__robot_dhaboz/left_arm_link4.
2026-05-12 16:11:53 [58,110ms] [Warning] [omni.physx.plugin] Invalid PhysX transform detected for /World/scene_0/controllable__r1__robot_dhaboz/right_arm_link4.
2026-05-12 16:11:53 [58,110ms] [Warning] [omni.physx.plugin] Invalid PhysX transform detected for /World/scene_0/controllable__r1__robot_dhaboz/left_arm_link5.
2026-05-12 16:11:53 [58,110ms] [Warning] [omni.physx.plugin] Invalid PhysX transform detected for /World/scene_0/controllable__r1__robot_dhaboz/right_arm_link5.
2026-05-12 16:11:53 [58,110ms] [Warning] [omni.physx.plugin] Invalid PhysX transform detected for /World/scene_0/controllable__r1__robot_dhaboz/left_arm_link6.
2026-05-12 16:11:53 [58,110ms] [Warning] [omni.physx.plugin] Invalid PhysX transform detected for /World/scene_0/controllable__r1__robot_dhaboz/right_arm_link6.
2026-05-12 16:11:53 [58,110ms] [Warning] [omni.physx.plugin] Invalid PhysX transform detected for /World/scene_0/controllable__r1__robot_dhaboz/left_gripper_link1.
2026-05-12 16:11:53 [58,110ms] [Warning] [omni.physx.plugin] Invalid PhysX transform detected for /World/scene_0/controllable__r1__robot_dhaboz/left_gripper_link2.
2026-05-12 16:11:53 [58,110ms] [Warning] [omni.physx.plugin] Invalid PhysX transform detected for /World/scene_0/controllable__r1__robot_dhaboz/left_eef_link.
2026-05-12 16:11:53 [58,110ms] [Warning] [omni.physx.plugin] Invalid PhysX transform detected for /World/scene_0/controllable__r1__robot_dhaboz/right_gripper_link1.
2026-05-12 16:11:53 [58,110ms] [Warning] [omni.physx.plugin] Invalid PhysX transform detected for /World/scene_0/controllable__r1__robot_dhaboz/right_gripper_link2.
2026-05-12 16:11:53 [58,110ms] [Warning] [omni.physx.plugin] Invalid PhysX transform detected for /World/scene_0/controllable__r1__robot_dhaboz/right_eef_link.
2026-05-12 16:11:53 [58,191ms] [Warning] [omni.physx.plugin] Invalid PhysX transform detected for /World/scene_0/controllable__r1__robot_dhaboz/base_footprint_y.
2026-05-12 16:11:53 [58,191ms] [Warning] [omni.physx.plugin] Invalid PhysX transform detected for /World/scene_0/controllable__r1__robot_dhaboz/base_footprint_z.
2026-05-12 16:11:53 [58,191ms] [Warning] [omni.physx.plugin] Invalid PhysX transform detected for /World/scene_0/controllable__r1__robot_dhaboz/base_footprint_rx.
2026-05-12 16:11:53 [58,191ms] [Warning] [omni.physx.plugin] Invalid PhysX transform detected for /World/scene_0/controllable__r1__robot_dhaboz/base_footprint_ry.
2026-05-12 16:11:53 [58,191ms] [Warning] [omni.physx.plugin] Invalid PhysX transform detected for /World/scene_0/controllable__r1__robot_dhaboz/base_footprint_rz.
2026-05-12 16:11:53 [58,191ms] [Warning] [omni.physx.plugin] Invalid PhysX transform detected for /World/scene_0/controllable__r1__robot_dhaboz/base_link.
2026-05-12 16:11:53 [58,191ms] [Warning] [omni.physx.plugin] Invalid PhysX transform detected for /World/scene_0/controllable__r1__robot_dhaboz/servo_link1.
2026-05-12 16:11:53 [58,191ms] [Warning] [omni.physx.plugin] Invalid PhysX transform detected for /World/scene_0/controllable__r1__robot_dhaboz/servo_link2.
2026-05-12 16:11:53 [58,191ms] [Warning] [omni.physx.plugin] Invalid PhysX transform detected for /World/scene_0/controllable__r1__robot_dhaboz/servo_link3.
2026-05-12 16:11:53 [58,191ms] [Warning] [omni.physx.plugin] Invalid PhysX transform detected for /World/scene_0/controllable__r1__robot_dhaboz/torso_link1.
2026-05-12 16:11:53 [58,191ms] [Warning] [omni.physx.plugin] Invalid PhysX transform detected for /World/scene_0/controllable__r1__robot_dhaboz/wheel_link1.
2026-05-12 16:11:53 [58,191ms] [Warning] [omni.physx.plugin] Invalid PhysX transform detected for /World/scene_0/controllable__r1__robot_dhaboz/wheel_link2.
2026-05-12 16:11:53 [58,191ms] [Warning] [omni.physx.plugin] Invalid PhysX transform detected for /World/scene_0/controllable__r1__robot_dhaboz/wheel_link3.
2026-05-12 16:11:53 [58,191ms] [Warning] [omni.physx.plugin] Invalid PhysX transform detected for /World/scene_0/controllable__r1__robot_dhaboz/torso_link2.
2026-05-12 16:11:53 [58,191ms] [Warning] [omni.physx.plugin] Invalid PhysX transform detected for /World/scene_0/controllable__r1__robot_dhaboz/torso_link3.
2026-05-12 16:11:53 [58,191ms] [Warning] [omni.physx.plugin] Invalid PhysX transform detected for /World/scene_0/controllable__r1__robot_dhaboz/torso_link4.
2026-05-12 16:11:53 [58,191ms] [Warning] [omni.physx.plugin] Invalid PhysX transform detected for /World/scene_0/controllable__r1__robot_dhaboz/left_arm_link1.
2026-05-12 16:11:53 [58,191ms] [Warning] [omni.physx.plugin] Invalid PhysX transform detected for /World/scene_0/controllable__r1__robot_dhaboz/right_arm_link1.
2026-05-12 16:11:53 [58,191ms] [Warning] [omni.physx.plugin] Invalid PhysX transform detected for /World/scene_0/controllable__r1__robot_dhaboz/eyes.
2026-05-12 16:11:53 [58,191ms] [Warning] [omni.physx.plugin] Invalid PhysX transform detected for /World/scene_0/controllable__r1__robot_dhaboz/left_arm_link2.
2026-05-12 16:11:53 [58,191ms] [Warning] [omni.physx.plugin] Invalid PhysX transform detected for /World/scene_0/controllable__r1__robot_dhaboz/right_arm_link2.
2026-05-12 16:11:53 [58,191ms] [Warning] [omni.physx.plugin] Invalid PhysX transform detected for /World/scene_0/controllable__r1__robot_dhaboz/left_arm_link3.
2026-05-12 16:11:53 [58,191ms] [Warning] [omni.physx.plugin] Invalid PhysX transform detected for /World/scene_0/controllable__r1__robot_dhaboz/right_arm_link3.
2026-05-12 16:11:53 [58,191ms] [Warning] [omni.physx.plugin] Invalid PhysX transform detected for /World/scene_0/controllable__r1__robot_dhaboz/left_arm_link4.
2026-05-12 16:11:53 [58,191ms] [Warning] [omni.physx.plugin] Invalid PhysX transform detected for /World/scene_0/controllable__r1__robot_dhaboz/right_arm_link4.
2026-05-12 16:11:53 [58,191ms] [Warning] [omni.physx.plugin] Invalid PhysX transform detected for /World/scene_0/controllable__r1__robot_dhaboz/left_arm_link5.
2026-05-12 16:11:53 [58,191ms] [Warning] [omni.physx.plugin] Invalid PhysX transform detected for /World/scene_0/controllable__r1__robot_dhaboz/right_arm_link5.
2026-05-12 16:11:53 [58,191ms] [Warning] [omni.physx.plugin] Invalid PhysX transform detected for /World/scene_0/controllable__r1__robot_dhaboz/left_arm_link6.
2026-05-12 16:11:53 [58,191ms] [Warning] [omni.physx.plugin] Invalid PhysX transform detected for /World/scene_0/controllable__r1__robot_dhaboz/right_arm_link6.
2026-05-12 16:11:53 [58,191ms] [Warning] [omni.physx.plugin] Invalid PhysX transform detected for /World/scene_0/controllable__r1__robot_dhaboz/left_gripper_link1.
2026-05-12 16:11:53 [58,191ms] [Warning] [omni.physx.plugin] Invalid PhysX transform detected for /World/scene_0/controllable__r1__robot_dhaboz/left_gripper_link2.
2026-05-12 16:11:53 [58,191ms] [Warning] [omni.physx.plugin] Invalid PhysX transform detected for /World/scene_0/controllable__r1__robot_dhaboz/left_eef_link.
2026-05-12 16:11:53 [58,191ms] [Warning] [omni.physx.plugin] Invalid PhysX transform detected for /World/scene_0/controllable__r1__robot_dhaboz/right_gripper_link1.
2026-05-12 16:11:53 [58,191ms] [Warning] [omni.physx.plugin] Invalid PhysX transform detected for /World/scene_0/controllable__r1__robot_dhaboz/right_gripper_link2.
2026-05-12 16:11:53 [58,191ms] [Warning] [omni.physx.plugin] Invalid PhysX transform detected for /World/scene_0/controllable__r1__robot_dhaboz/right_eef_link.
2026-05-12 16:11:53 [58,275ms] [Warning] [omni.physx.plugin] Invalid PhysX transform detected for /World/scene_0/controllable__r1__robot_dhaboz/base_footprint_y.
2026-05-12 16:11:53 [58,275ms] [Warning] [omni.physx.plugin] Invalid PhysX transform detected for /World/scene_0/controllable__r1__robot_dhaboz/base_footprint_z.
2026-05-12 16:11:53 [58,275ms] [Warning] [omni.physx.plugin] Invalid PhysX transform detected for /World/scene_0/controllable__r1__robot_dhaboz/base_footprint_rx.
2026-05-12 16:11:53 [58,275ms] [Warning] [omni.physx.plugin] Invalid PhysX transform detected for /World/scene_0/controllable__r1__robot_dhaboz/base_footprint_ry.
2026-05-12 16:11:53 [58,275ms] [Warning] [omni.physx.plugin] Invalid PhysX transform detected for /World/scene_0/controllable__r1__robot_dhaboz/base_footprint_rz.
2026-05-12 16:11:53 [58,275ms] [Warning] [omni.physx.plugin] Invalid PhysX transform detected for /World/scene_0/controllable__r1__robot_dhaboz/base_link.
2026-05-12 16:11:53 [58,275ms] [Warning] [omni.physx.plugin] Invalid PhysX transform detected for /World/scene_0/controllable__r1__robot_dhaboz/servo_link1.
2026-05-12 16:11:53 [58,275ms] [Warning] [omni.physx.plugin] Invalid PhysX transform detected for /World/scene_0/controllable__r1__robot_dhaboz/servo_link2.
2026-05-12 16:11:53 [58,275ms] [Warning] [omni.physx.plugin] Invalid PhysX transform detected for /World/scene_0/controllable__r1__robot_dhaboz/servo_link3.
2026-05-12 16:11:53 [58,275ms] [Warning] [omni.physx.plugin] Invalid PhysX transform detected for /World/scene_0/controllable__r1__robot_dhaboz/torso_link1.
2026-05-12 16:11:53 [58,275ms] [Warning] [omni.physx.plugin] Invalid PhysX transform detected for /World/scene_0/controllable__r1__robot_dhaboz/wheel_link1.
2026-05-12 16:11:53 [58,275ms] [Warning] [omni.physx.plugin] Invalid PhysX transform detected for /World/scene_0/controllable__r1__robot_dhaboz/wheel_link2.
2026-05-12 16:11:53 [58,275ms] [Warning] [omni.physx.plugin] Invalid PhysX transform detected for /World/scene_0/controllable__r1__robot_dhaboz/wheel_link3.
2026-05-12 16:11:53 [58,275ms] [Warning] [omni.physx.plugin] Invalid PhysX transform detected for /World/scene_0/controllable__r1__robot_dhaboz/torso_link2.
2026-05-12 16:11:53 [58,275ms] [Warning] [omni.physx.plugin] Invalid PhysX transform detected for /World/scene_0/controllable__r1__robot_dhaboz/torso_link3.
2026-05-12 16:11:53 [58,275ms] [Warning] [omni.physx.plugin] Invalid PhysX transform detected for /World/scene_0/controllable__r1__robot_dhaboz/torso_link4.
2026-05-12 16:11:53 [58,275ms] [Warning] [omni.physx.plugin] Invalid PhysX transform detected for /World/scene_0/controllable__r1__robot_dhaboz/left_arm_link1.
2026-05-12 16:11:53 [58,275ms] [Warning] [omni.physx.plugin] Invalid PhysX transform detected for /World/scene_0/controllable__r1__robot_dhaboz/right_arm_link1.
2026-05-12 16:11:53 [58,275ms] [Warning] [omni.physx.plugin] Invalid PhysX transform detected for /World/scene_0/controllable__r1__robot_dhaboz/eyes.
2026-05-12 16:11:53 [58,275ms] [Warning] [omni.physx.plugin] Invalid PhysX transform detected for /World/scene_0/controllable__r1__robot_dhaboz/left_arm_link2.
2026-05-12 16:11:53 [58,275ms] [Warning] [omni.physx.plugin] Invalid PhysX transform detected for /World/scene_0/controllable__r1__robot_dhaboz/right_arm_link2.
2026-05-12 16:11:53 [58,275ms] [Warning] [omni.physx.plugin] Invalid PhysX transform detected for /World/scene_0/controllable__r1__robot_dhaboz/left_arm_link3.
2026-05-12 16:11:53 [58,275ms] [Warning] [omni.physx.plugin] Invalid PhysX transform detected for /World/scene_0/controllable__r1__robot_dhaboz/right_arm_link3.
2026-05-12 16:11:53 [58,275ms] [Warning] [omni.physx.plugin] Invalid PhysX transform detected for /World/scene_0/controllable__r1__robot_dhaboz/left_arm_link4.
2026-05-12 16:11:53 [58,275ms] [Warning] [omni.physx.plugin] Invalid PhysX transform detected for /World/scene_0/controllable__r1__robot_dhaboz/right_arm_link4.
2026-05-12 16:11:53 [58,275ms] [Warning] [omni.physx.plugin] Invalid PhysX transform detected for /World/scene_0/controllable__r1__robot_dhaboz/left_arm_link5.
2026-05-12 16:11:53 [58,275ms] [Warning] [omni.physx.plugin] Invalid PhysX transform detected for /World/scene_0/controllable__r1__robot_dhaboz/right_arm_link5.
2026-05-12 16:11:53 [58,275ms] [Warning] [omni.physx.plugin] Invalid PhysX transform detected for /World/scene_0/controllable__r1__robot_dhaboz/left_arm_link6.
2026-05-12 16:11:53 [58,275ms] [Warning] [omni.physx.plugin] Invalid PhysX transform detected for /World/scene_0/controllable__r1__robot_dhaboz/right_arm_link6.
2026-05-12 16:11:53 [58,275ms] [Warning] [omni.physx.plugin] Invalid PhysX transform detected for /World/scene_0/controllable__r1__robot_dhaboz/left_gripper_link1.
2026-05-12 16:11:53 [58,275ms] [Warning] [omni.physx.plugin] Invalid PhysX transform detected for /World/scene_0/controllable__r1__robot_dhaboz/left_gripper_link2.
2026-05-12 16:11:53 [58,275ms] [Warning] [omni.physx.plugin] Invalid PhysX transform detected for /World/scene_0/controllable__r1__robot_dhaboz/left_eef_link.
2026-05-12 16:11:53 [58,275ms] [Warning] [omni.physx.plugin] Invalid PhysX transform detected for /World/scene_0/controllable__r1__robot_dhaboz/right_gripper_link1.
2026-05-12 16:11:53 [58,275ms] [Warning] [omni.physx.plugin] Invalid PhysX transform detected for /World/scene_0/controllable__r1__robot_dhaboz/right_gripper_link2.
2026-05-12 16:11:53 [58,275ms] [Warning] [omni.physx.plugin] Invalid PhysX transform detected for /World/scene_0/controllable__r1__robot_dhaboz/right_eef_link.
2026-05-12 16:11:53 [58,365ms] [Warning] [omni.physx.plugin] Invalid PhysX transform detected for /World/scene_0/controllable__r1__robot_dhaboz/base_footprint_y.
2026-05-12 16:11:53 [58,366ms] [Warning] [omni.physx.plugin] Invalid PhysX transform detected for /World/scene_0/controllable__r1__robot_dhaboz/base_footprint_z.
2026-05-12 16:11:53 [58,366ms] [Warning] [omni.physx.plugin] Invalid PhysX transform detected for /World/scene_0/controllable__r1__robot_dhaboz/base_footprint_rx.
2026-05-12 16:11:53 [58,366ms] [Warning] [omni.physx.plugin] Invalid PhysX transform detected for /World/scene_0/controllable__r1__robot_dhaboz/base_footprint_ry.
2026-05-12 16:11:53 [58,366ms] [Warning] [omni.physx.plugin] Invalid PhysX transform detected for /World/scene_0/controllable__r1__robot_dhaboz/base_footprint_rz.
2026-05-12 16:11:53 [58,366ms] [Warning] [omni.physx.plugin] Invalid PhysX transform detected for /World/scene_0/controllable__r1__robot_dhaboz/base_link.
2026-05-12 16:11:53 [58,366ms] [Warning] [omni.physx.plugin] Invalid PhysX transform detected for /World/scene_0/controllable__r1__robot_dhaboz/servo_link1.
2026-05-12 16:11:53 [58,366ms] [Warning] [omni.physx.plugin] Invalid PhysX transform detected for /World/scene_0/controllable__r1__robot_dhaboz/servo_link2.
2026-05-12 16:11:53 [58,366ms] [Warning] [omni.physx.plugin] Invalid PhysX transform detected for /World/scene_0/controllable__r1__robot_dhaboz/servo_link3.
2026-05-12 16:11:53 [58,366ms] [Warning] [omni.physx.plugin] Invalid PhysX transform detected for /World/scene_0/controllable__r1__robot_dhaboz/torso_link1.
2026-05-12 16:11:53 [58,366ms] [Warning] [omni.physx.plugin] Invalid PhysX transform detected for /World/scene_0/controllable__r1__robot_dhaboz/wheel_link1.
2026-05-12 16:11:53 [58,366ms] [Warning] [omni.physx.plugin] Invalid PhysX transform detected for /World/scene_0/controllable__r1__robot_dhaboz/wheel_link2.
2026-05-12 16:11:53 [58,366ms] [Warning] [omni.physx.plugin] Invalid PhysX transform detected for /World/scene_0/controllable__r1__robot_dhaboz/wheel_link3.
2026-05-12 16:11:53 [58,366ms] [Warning] [omni.physx.plugin] Invalid PhysX transform detected for /World/scene_0/controllable__r1__robot_dhaboz/torso_link2.
2026-05-12 16:11:53 [58,366ms] [Warning] [omni.physx.plugin] Invalid PhysX transform detected for /World/scene_0/controllable__r1__robot_dhaboz/torso_link3.
2026-05-12 16:11:53 [58,366ms] [Warning] [omni.physx.plugin] Invalid PhysX transform detected for /World/scene_0/controllable__r1__robot_dhaboz/torso_link4.
2026-05-12 16:11:53 [58,366ms] [Warning] [omni.physx.plugin] Invalid PhysX transform detected for /World/scene_0/controllable__r1__robot_dhaboz/left_arm_link1.
2026-05-12 16:11:53 [58,366ms] [Warning] [omni.physx.plugin] Invalid PhysX transform detected for /World/scene_0/controllable__r1__robot_dhaboz/right_arm_link1.
2026-05-12 16:11:53 [58,366ms] [Warning] [omni.physx.plugin] Invalid PhysX transform detected for /World/scene_0/controllable__r1__robot_dhaboz/eyes.
2026-05-12 16:11:53 [58,366ms] [Warning] [omni.physx.plugin] Invalid PhysX transform detected for /World/scene_0/controllable__r1__robot_dhaboz/left_arm_link2.
2026-05-12 16:11:53 [58,366ms] [Warning] [omni.physx.plugin] Invalid PhysX transform detected for /World/scene_0/controllable__r1__robot_dhaboz/right_arm_link2.
2026-05-12 16:11:53 [58,366ms] [Warning] [omni.physx.plugin] Invalid PhysX transform detected for /World/scene_0/controllable__r1__robot_dhaboz/left_arm_link3.
2026-05-12 16:11:53 [58,366ms] [Warning] [omni.physx.plugin] Invalid PhysX transform detected for /World/scene_0/controllable__r1__robot_dhaboz/right_arm_link3.
2026-05-12 16:11:53 [58,366ms] [Warning] [omni.physx.plugin] Invalid PhysX transform detected for /World/scene_0/controllable__r1__robot_dhaboz/left_arm_link4.
2026-05-12 16:11:53 [58,366ms] [Warning] [omni.physx.plugin] Invalid PhysX transform detected for /World/scene_0/controllable__r1__robot_dhaboz/right_arm_link4.
2026-05-12 16:11:53 [58,366ms] [Warning] [omni.physx.plugin] Invalid PhysX transform detected for /World/scene_0/controllable__r1__robot_dhaboz/left_arm_link5.
2026-05-12 16:11:53 [58,366ms] [Warning] [omni.physx.plugin] Invalid PhysX transform detected for /World/scene_0/controllable__r1__robot_dhaboz/right_arm_link5.
2026-05-12 16:11:53 [58,366ms] [Warning] [omni.physx.plugin] Invalid PhysX transform detected for /World/scene_0/controllable__r1__robot_dhaboz/left_arm_link6.
2026-05-12 16:11:53 [58,366ms] [Warning] [omni.physx.plugin] Invalid PhysX transform detected for /World/scene_0/controllable__r1__robot_dhaboz/right_arm_link6.
2026-05-12 16:11:53 [58,366ms] [Warning] [omni.physx.plugin] Invalid PhysX transform detected for /World/scene_0/controllable__r1__robot_dhaboz/left_gripper_link1.
2026-05-12 16:11:53 [58,366ms] [Warning] [omni.physx.plugin] Invalid PhysX transform detected for /World/scene_0/controllable__r1__robot_dhaboz/left_gripper_link2.
2026-05-12 16:11:53 [58,366ms] [Warning] [omni.physx.plugin] Invalid PhysX transform detected for /World/scene_0/controllable__r1__robot_dhaboz/left_eef_link.
2026-05-12 16:11:53 [58,366ms] [Warning] [omni.physx.plugin] Invalid PhysX transform detected for /World/scene_0/controllable__r1__robot_dhaboz/right_gripper_link1.
2026-05-12 16:11:53 [58,366ms] [Warning] [omni.physx.plugin] Invalid PhysX transform detected for /World/scene_0/controllable__r1__robot_dhaboz/right_gripper_link2.
2026-05-12 16:11:53 [58,366ms] [Warning] [omni.physx.plugin] Invalid PhysX transform detected for /World/scene_0/controllable__r1__robot_dhaboz/right_eef_link.
2026-05-12 16:11:54 [58,450ms] [Warning] [omni.physx.plugin] Invalid PhysX transform detected for /World/scene_0/controllable__r1__robot_dhaboz/base_footprint_y.
2026-05-12 16:11:54 [58,450ms] [Warning] [omni.physx.plugin] Invalid PhysX transform detected for /World/scene_0/controllable__r1__robot_dhaboz/base_footprint_z.
2026-05-12 16:11:54 [58,450ms] [Warning] [omni.physx.plugin] Invalid PhysX transform detected for /World/scene_0/controllable__r1__robot_dhaboz/base_footprint_rx.
2026-05-12 16:11:54 [58,450ms] [Warning] [omni.physx.plugin] Invalid PhysX transform detected for /World/scene_0/controllable__r1__robot_dhaboz/base_footprint_ry.
2026-05-12 16:11:54 [58,450ms] [Warning] [omni.physx.plugin] Invalid PhysX transform detected for /World/scene_0/controllable__r1__robot_dhaboz/base_footprint_rz.
2026-05-12 16:11:54 [58,450ms] [Warning] [omni.physx.plugin] Invalid PhysX transform detected for /World/scene_0/controllable__r1__robot_dhaboz/base_link.
2026-05-12 16:11:54 [58,450ms] [Warning] [omni.physx.plugin] Invalid PhysX transform detected for /World/scene_0/controllable__r1__robot_dhaboz/servo_link1.
2026-05-12 16:11:54 [58,450ms] [Warning] [omni.physx.plugin] Invalid PhysX transform detected for /World/scene_0/controllable__r1__robot_dhaboz/servo_link2.
2026-05-12 16:11:54 [58,450ms] [Warning] [omni.physx.plugin] Invalid PhysX transform detected for /World/scene_0/controllable__r1__robot_dhaboz/servo_link3.
2026-05-12 16:11:54 [58,451ms] [Warning] [omni.physx.plugin] Invalid PhysX transform detected for /World/scene_0/controllable__r1__robot_dhaboz/torso_link1.
2026-05-12 16:11:54 [58,451ms] [Warning] [omni.physx.plugin] Invalid PhysX transform detected for /World/scene_0/controllable__r1__robot_dhaboz/wheel_link1.
2026-05-12 16:11:54 [58,451ms] [Warning] [omni.physx.plugin] Invalid PhysX transform detected for /World/scene_0/controllable__r1__robot_dhaboz/wheel_link2.
2026-05-12 16:11:54 [58,451ms] [Warning] [omni.physx.plugin] Invalid PhysX transform detected for /World/scene_0/controllable__r1__robot_dhaboz/wheel_link3.
2026-05-12 16:11:54 [58,451ms] [Warning] [omni.physx.plugin] Invalid PhysX transform detected for /World/scene_0/controllable__r1__robot_dhaboz/torso_link2.
2026-05-12 16:11:54 [58,451ms] [Warning] [omni.physx.plugin] Invalid PhysX transform detected for /World/scene_0/controllable__r1__robot_dhaboz/torso_link3.
2026-05-12 16:11:54 [58,451ms] [Warning] [omni.physx.plugin] Invalid PhysX transform detected for /World/scene_0/controllable__r1__robot_dhaboz/torso_link4.
2026-05-12 16:11:54 [58,451ms] [Warning] [omni.physx.plugin] Invalid PhysX transform detected for /World/scene_0/controllable__r1__robot_dhaboz/left_arm_link1.
2026-05-12 16:11:54 [58,451ms] [Warning] [omni.physx.plugin] Invalid PhysX transform detected for /World/scene_0/controllable__r1__robot_dhaboz/right_arm_link1.
2026-05-12 16:11:54 [58,451ms] [Warning] [omni.physx.plugin] Invalid PhysX transform detected for /World/scene_0/controllable__r1__robot_dhaboz/eyes.
2026-05-12 16:11:54 [58,451ms] [Warning] [omni.physx.plugin] Invalid PhysX transform detected for /World/scene_0/controllable__r1__robot_dhaboz/left_arm_link2.
2026-05-12 16:11:54 [58,451ms] [Warning] [omni.physx.plugin] Invalid PhysX transform detected for /World/scene_0/controllable__r1__robot_dhaboz/right_arm_link2.
2026-05-12 16:11:54 [58,451ms] [Warning] [omni.physx.plugin] Invalid PhysX transform detected for /World/scene_0/controllable__r1__robot_dhaboz/left_arm_link3.
2026-05-12 16:11:54 [58,451ms] [Warning] [omni.physx.plugin] Invalid PhysX transform detected for /World/scene_0/controllable__r1__robot_dhaboz/right_arm_link3.
2026-05-12 16:11:54 [58,451ms] [Warning] [omni.physx.plugin] Invalid PhysX transform detected for /World/scene_0/controllable__r1__robot_dhaboz/left_arm_link4.
2026-05-12 16:11:54 [58,451ms] [Warning] [omni.physx.plugin] Invalid PhysX transform detected for /World/scene_0/controllable__r1__robot_dhaboz/right_arm_link4.
2026-05-12 16:11:54 [58,451ms] [Warning] [omni.physx.plugin] Invalid PhysX transform detected for /World/scene_0/controllable__r1__robot_dhaboz/left_arm_link5.
2026-05-12 16:11:54 [58,451ms] [Warning] [omni.physx.plugin] Invalid PhysX transform detected for /World/scene_0/controllable__r1__robot_dhaboz/right_arm_link5.
2026-05-12 16:11:54 [58,451ms] [Warning] [omni.physx.plugin] Invalid PhysX transform detected for /World/scene_0/controllable__r1__robot_dhaboz/left_arm_link6.
2026-05-12 16:11:54 [58,451ms] [Warning] [omni.physx.plugin] Invalid PhysX transform detected for /World/scene_0/controllable__r1__robot_dhaboz/right_arm_link6.
2026-05-12 16:11:54 [58,451ms] [Warning] [omni.physx.plugin] Invalid PhysX transform detected for /World/scene_0/controllable__r1__robot_dhaboz/left_gripper_link1.
2026-05-12 16:11:54 [58,451ms] [Warning] [omni.physx.plugin] Invalid PhysX transform detected for /World/scene_0/controllable__r1__robot_dhaboz/left_gripper_link2.
2026-05-12 16:11:54 [58,451ms] [Warning] [omni.physx.plugin] Invalid PhysX transform detected for /World/scene_0/controllable__r1__robot_dhaboz/left_eef_link.
2026-05-12 16:11:54 [58,451ms] [Warning] [omni.physx.plugin] Invalid PhysX transform detected for /World/scene_0/controllable__r1__robot_dhaboz/right_gripper_link1.
2026-05-12 16:11:54 [58,451ms] [Warning] [omni.physx.plugin] Invalid PhysX transform detected for /World/scene_0/controllable__r1__robot_dhaboz/right_gripper_link2.
2026-05-12 16:11:54 [58,451ms] [Warning] [omni.physx.plugin] Invalid PhysX transform detected for /World/scene_0/controllable__r1__robot_dhaboz/right_eef_link.
2026-05-12 16:11:54 [58,537ms] [Warning] [omni.physx.plugin] Invalid PhysX transform detected for /World/scene_0/controllable__r1__robot_dhaboz/base_footprint_y.
2026-05-12 16:11:54 [58,537ms] [Warning] [omni.physx.plugin] Invalid PhysX transform detected for /World/scene_0/controllable__r1__robot_dhaboz/base_footprint_z.
2026-05-12 16:11:54 [58,537ms] [Warning] [omni.physx.plugin] Invalid PhysX transform detected for /World/scene_0/controllable__r1__robot_dhaboz/base_footprint_rx.
2026-05-12 16:11:54 [58,537ms] [Warning] [omni.physx.plugin] Invalid PhysX transform detected for /World/scene_0/controllable__r1__robot_dhaboz/base_footprint_ry.
2026-05-12 16:11:54 [58,537ms] [Warning] [omni.physx.plugin] Invalid PhysX transform detected for /World/scene_0/controllable__r1__robot_dhaboz/base_footprint_rz.
2026-05-12 16:11:54 [58,537ms] [Warning] [omni.physx.plugin] Invalid PhysX transform detected for /World/scene_0/controllable__r1__robot_dhaboz/base_link.
2026-05-12 16:11:54 [58,537ms] [Warning] [omni.physx.plugin] Invalid PhysX transform detected for /World/scene_0/controllable__r1__robot_dhaboz/servo_link1.
2026-05-12 16:11:54 [58,537ms] [Warning] [omni.physx.plugin] Invalid PhysX transform detected for /World/scene_0/controllable__r1__robot_dhaboz/servo_link2.
2026-05-12 16:11:54 [58,537ms] [Warning] [omni.physx.plugin] Invalid PhysX transform detected for /World/scene_0/controllable__r1__robot_dhaboz/servo_link3.
2026-05-12 16:11:54 [58,537ms] [Warning] [omni.physx.plugin] Invalid PhysX transform detected for /World/scene_0/controllable__r1__robot_dhaboz/torso_link1.
2026-05-12 16:11:54 [58,537ms] [Warning] [omni.physx.plugin] Invalid PhysX transform detected for /World/scene_0/controllable__r1__robot_dhaboz/wheel_link1.
2026-05-12 16:11:54 [58,537ms] [Warning] [omni.physx.plugin] Invalid PhysX transform detected for /World/scene_0/controllable__r1__robot_dhaboz/wheel_link2.
2026-05-12 16:11:54 [58,537ms] [Warning] [omni.physx.plugin] Invalid PhysX transform detected for /World/scene_0/controllable__r1__robot_dhaboz/wheel_link3.
2026-05-12 16:11:54 [58,537ms] [Warning] [omni.physx.plugin] Invalid PhysX transform detected for /World/scene_0/controllable__r1__robot_dhaboz/torso_link2.
2026-05-12 16:11:54 [58,537ms] [Warning] [omni.physx.plugin] Invalid PhysX transform detected for /World/scene_0/controllable__r1__robot_dhaboz/torso_link3.
2026-05-12 16:11:54 [58,537ms] [Warning] [omni.physx.plugin] Invalid PhysX transform detected for /World/scene_0/controllable__r1__robot_dhaboz/torso_link4.
2026-05-12 16:11:54 [58,537ms] [Warning] [omni.physx.plugin] Invalid PhysX transform detected for /World/scene_0/controllable__r1__robot_dhaboz/left_arm_link1.
2026-05-12 16:11:54 [58,537ms] [Warning] [omni.physx.plugin] Invalid PhysX transform detected for /World/scene_0/controllable__r1__robot_dhaboz/right_arm_link1.
2026-05-12 16:11:54 [58,537ms] [Warning] [omni.physx.plugin] Invalid PhysX transform detected for /World/scene_0/controllable__r1__robot_dhaboz/eyes.
2026-05-12 16:11:54 [58,537ms] [Warning] [omni.physx.plugin] Invalid PhysX transform detected for /World/scene_0/controllable__r1__robot_dhaboz/left_arm_link2.
2026-05-12 16:11:54 [58,537ms] [Warning] [omni.physx.plugin] Invalid PhysX transform detected for /World/scene_0/controllable__r1__robot_dhaboz/right_arm_link2.
2026-05-12 16:11:54 [58,537ms] [Warning] [omni.physx.plugin] Invalid PhysX transform detected for /World/scene_0/controllable__r1__robot_dhaboz/left_arm_link3.
2026-05-12 16:11:54 [58,537ms] [Warning] [omni.physx.plugin] Invalid PhysX transform detected for /World/scene_0/controllable__r1__robot_dhaboz/right_arm_link3.
2026-05-12 16:11:54 [58,537ms] [Warning] [omni.physx.plugin] Invalid PhysX transform detected for /World/scene_0/controllable__r1__robot_dhaboz/left_arm_link4.
2026-05-12 16:11:54 [58,537ms] [Warning] [omni.physx.plugin] Invalid PhysX transform detected for /World/scene_0/controllable__r1__robot_dhaboz/right_arm_link4.
2026-05-12 16:11:54 [58,537ms] [Warning] [omni.physx.plugin] Invalid PhysX transform detected for /World/scene_0/controllable__r1__robot_dhaboz/left_arm_link5.
2026-05-12 16:11:54 [58,537ms] [Warning] [omni.physx.plugin] Invalid PhysX transform detected for /World/scene_0/controllable__r1__robot_dhaboz/right_arm_link5.
2026-05-12 16:11:54 [58,537ms] [Warning] [omni.physx.plugin] Invalid PhysX transform detected for /World/scene_0/controllable__r1__robot_dhaboz/left_arm_link6.
2026-05-12 16:11:54 [58,537ms] [Warning] [omni.physx.plugin] Invalid PhysX transform detected for /World/scene_0/controllable__r1__robot_dhaboz/right_arm_link6.
2026-05-12 16:11:54 [58,537ms] [Warning] [omni.physx.plugin] Invalid PhysX transform detected for /World/scene_0/controllable__r1__robot_dhaboz/left_gripper_link1.
2026-05-12 16:11:54 [58,537ms] [Warning] [omni.physx.plugin] Invalid PhysX transform detected for /World/scene_0/controllable__r1__robot_dhaboz/left_gripper_link2.
2026-05-12 16:11:54 [58,537ms] [Warning] [omni.physx.plugin] Invalid PhysX transform detected for /World/scene_0/controllable__r1__robot_dhaboz/left_eef_link.
2026-05-12 16:11:54 [58,537ms] [Warning] [omni.physx.plugin] Invalid PhysX transform detected for /World/scene_0/controllable__r1__robot_dhaboz/right_gripper_link1.
2026-05-12 16:11:54 [58,537ms] [Warning] [omni.physx.plugin] Invalid PhysX transform detected for /World/scene_0/controllable__r1__robot_dhaboz/right_gripper_link2.
2026-05-12 16:11:54 [58,537ms] [Warning] [omni.physx.plugin] Invalid PhysX transform detected for /World/scene_0/controllable__r1__robot_dhaboz/right_eef_link.
2026-05-12 16:11:54 [58,622ms] [Warning] [omni.physx.plugin] Invalid PhysX transform detected for /World/scene_0/controllable__r1__robot_dhaboz/base_footprint_y.
2026-05-12 16:11:54 [58,622ms] [Warning] [omni.physx.plugin] Invalid PhysX transform detected for /World/scene_0/controllable__r1__robot_dhaboz/base_footprint_z.
2026-05-12 16:11:54 [58,622ms] [Warning] [omni.physx.plugin] Invalid PhysX transform detected for /World/scene_0/controllable__r1__robot_dhaboz/base_footprint_rx.
2026-05-12 16:11:54 [58,622ms] [Warning] [omni.physx.plugin] Invalid PhysX transform detected for /World/scene_0/controllable__r1__robot_dhaboz/base_footprint_ry.
2026-05-12 16:11:54 [58,622ms] [Warning] [omni.physx.plugin] Invalid PhysX transform detected for /World/scene_0/controllable__r1__robot_dhaboz/base_footprint_rz.
2026-05-12 16:11:54 [58,622ms] [Warning] [omni.physx.plugin] Invalid PhysX transform detected for /World/scene_0/controllable__r1__robot_dhaboz/base_link.
2026-05-12 16:11:54 [58,622ms] [Warning] [omni.physx.plugin] Invalid PhysX transform detected for /World/scene_0/controllable__r1__robot_dhaboz/servo_link1.
2026-05-12 16:11:54 [58,622ms] [Warning] [omni.physx.plugin] Invalid PhysX transform detected for /World/scene_0/controllable__r1__robot_dhaboz/servo_link2.
2026-05-12 16:11:54 [58,622ms] [Warning] [omni.physx.plugin] Invalid PhysX transform detected for /World/scene_0/controllable__r1__robot_dhaboz/servo_link3.
2026-05-12 16:11:54 [58,622ms] [Warning] [omni.physx.plugin] Invalid PhysX transform detected for /World/scene_0/controllable__r1__robot_dhaboz/torso_link1.
2026-05-12 16:11:54 [58,622ms] [Warning] [omni.physx.plugin] Invalid PhysX transform detected for /World/scene_0/controllable__r1__robot_dhaboz/wheel_link1.
2026-05-12 16:11:54 [58,622ms] [Warning] [omni.physx.plugin] Invalid PhysX transform detected for /World/scene_0/controllable__r1__robot_dhaboz/wheel_link2.
2026-05-12 16:11:54 [58,622ms] [Warning] [omni.physx.plugin] Invalid PhysX transform detected for /World/scene_0/controllable__r1__robot_dhaboz/wheel_link3.
2026-05-12 16:11:54 [58,622ms] [Warning] [omni.physx.plugin] Invalid PhysX transform detected for /World/scene_0/controllable__r1__robot_dhaboz/torso_link2.
2026-05-12 16:11:54 [58,622ms] [Warning] [omni.physx.plugin] Invalid PhysX transform detected for /World/scene_0/controllable__r1__robot_dhaboz/torso_link3.
2026-05-12 16:11:54 [58,622ms] [Warning] [omni.physx.plugin] Invalid PhysX transform detected for /World/scene_0/controllable__r1__robot_dhaboz/torso_link4.
2026-05-12 16:11:54 [58,622ms] [Warning] [omni.physx.plugin] Invalid PhysX transform detected for /World/scene_0/controllable__r1__robot_dhaboz/left_arm_link1.
2026-05-12 16:11:54 [58,622ms] [Warning] [omni.physx.plugin] Invalid PhysX transform detected for /World/scene_0/controllable__r1__robot_dhaboz/right_arm_link1.
2026-05-12 16:11:54 [58,622ms] [Warning] [omni.physx.plugin] Invalid PhysX transform detected for /World/scene_0/controllable__r1__robot_dhaboz/eyes.
2026-05-12 16:11:54 [58,622ms] [Warning] [omni.physx.plugin] Invalid PhysX transform detected for /World/scene_0/controllable__r1__robot_dhaboz/left_arm_link2.
2026-05-12 16:11:54 [58,622ms] [Warning] [omni.physx.plugin] Invalid PhysX transform detected for /World/scene_0/controllable__r1__robot_dhaboz/right_arm_link2.
2026-05-12 16:11:54 [58,622ms] [Warning] [omni.physx.plugin] Invalid PhysX transform detected for /World/scene_0/controllable__r1__robot_dhaboz/left_arm_link3.
2026-05-12 16:11:54 [58,622ms] [Warning] [omni.physx.plugin] Invalid PhysX transform detected for /World/scene_0/controllable__r1__robot_dhaboz/right_arm_link3.
2026-05-12 16:11:54 [58,622ms] [Warning] [omni.physx.plugin] Invalid PhysX transform detected for /World/scene_0/controllable__r1__robot_dhaboz/left_arm_link4.
2026-05-12 16:11:54 [58,622ms] [Warning] [omni.physx.plugin] Invalid PhysX transform detected for /World/scene_0/controllable__r1__robot_dhaboz/right_arm_link4.
2026-05-12 16:11:54 [58,622ms] [Warning] [omni.physx.plugin] Invalid PhysX transform detected for /World/scene_0/controllable__r1__robot_dhaboz/left_arm_link5.
2026-05-12 16:11:54 [58,622ms] [Warning] [omni.physx.plugin] Invalid PhysX transform detected for /World/scene_0/controllable__r1__robot_dhaboz/right_arm_link5.
2026-05-12 16:11:54 [58,622ms] [Warning] [omni.physx.plugin] Invalid PhysX transform detected for /World/scene_0/controllable__r1__robot_dhaboz/left_arm_link6.
2026-05-12 16:11:54 [58,622ms] [Warning] [omni.physx.plugin] Invalid PhysX transform detected for /World/scene_0/controllable__r1__robot_dhaboz/right_arm_link6.
2026-05-12 16:11:54 [58,622ms] [Warning] [omni.physx.plugin] Invalid PhysX transform detected for /World/scene_0/controllable__r1__robot_dhaboz/left_gripper_link1.
2026-05-12 16:11:54 [58,622ms] [Warning] [omni.physx.plugin] Invalid PhysX transform detected for /World/scene_0/controllable__r1__robot_dhaboz/left_gripper_link2.
2026-05-12 16:11:54 [58,622ms] [Warning] [omni.physx.plugin] Invalid PhysX transform detected for /World/scene_0/controllable__r1__robot_dhaboz/left_eef_link.
2026-05-12 16:11:54 [58,622ms] [Warning] [omni.physx.plugin] Invalid PhysX transform detected for /World/scene_0/controllable__r1__robot_dhaboz/right_gripper_link1.
2026-05-12 16:11:54 [58,622ms] [Warning] [omni.physx.plugin] Invalid PhysX transform detected for /World/scene_0/controllable__r1__robot_dhaboz/right_gripper_link2.
2026-05-12 16:11:54 [58,622ms] [Warning] [omni.physx.plugin] Invalid PhysX transform detected for /World/scene_0/controllable__r1__robot_dhaboz/right_eef_link.
2026-05-12 16:11:54 [58,703ms] [Warning] [omni.physx.plugin] Invalid PhysX transform detected for /World/scene_0/controllable__r1__robot_dhaboz/base_footprint_y.
2026-05-12 16:11:54 [58,703ms] [Warning] [omni.physx.plugin] Invalid PhysX transform detected for /World/scene_0/controllable__r1__robot_dhaboz/base_footprint_z.
2026-05-12 16:11:54 [58,703ms] [Warning] [omni.physx.plugin] Invalid PhysX transform detected for /World/scene_0/controllable__r1__robot_dhaboz/base_footprint_rx.
2026-05-12 16:11:54 [58,703ms] [Warning] [omni.physx.plugin] Invalid PhysX transform detected for /World/scene_0/controllable__r1__robot_dhaboz/base_footprint_ry.
2026-05-12 16:11:54 [58,703ms] [Warning] [omni.physx.plugin] Invalid PhysX transform detected for /World/scene_0/controllable__r1__robot_dhaboz/base_footprint_rz.
2026-05-12 16:11:54 [58,703ms] [Warning] [omni.physx.plugin] Invalid PhysX transform detected for /World/scene_0/controllable__r1__robot_dhaboz/base_link.
2026-05-12 16:11:54 [58,703ms] [Warning] [omni.physx.plugin] Invalid PhysX transform detected for /World/scene_0/controllable__r1__robot_dhaboz/servo_link1.
2026-05-12 16:11:54 [58,703ms] [Warning] [omni.physx.plugin] Invalid PhysX transform detected for /World/scene_0/controllable__r1__robot_dhaboz/servo_link2.
2026-05-12 16:11:54 [58,703ms] [Warning] [omni.physx.plugin] Invalid PhysX transform detected for /World/scene_0/controllable__r1__robot_dhaboz/servo_link3.
2026-05-12 16:11:54 [58,703ms] [Warning] [omni.physx.plugin] Invalid PhysX transform detected for /World/scene_0/controllable__r1__robot_dhaboz/torso_link1.
2026-05-12 16:11:54 [58,703ms] [Warning] [omni.physx.plugin] Invalid PhysX transform detected for /World/scene_0/controllable__r1__robot_dhaboz/wheel_link1.
2026-05-12 16:11:54 [58,703ms] [Warning] [omni.physx.plugin] Invalid PhysX transform detected for /World/scene_0/controllable__r1__robot_dhaboz/wheel_link2.
2026-05-12 16:11:54 [58,703ms] [Warning] [omni.physx.plugin] Invalid PhysX transform detected for /World/scene_0/controllable__r1__robot_dhaboz/wheel_link3.
2026-05-12 16:11:54 [58,703ms] [Warning] [omni.physx.plugin] Invalid PhysX transform detected for /World/scene_0/controllable__r1__robot_dhaboz/torso_link2.
2026-05-12 16:11:54 [58,703ms] [Warning] [omni.physx.plugin] Invalid PhysX transform detected for /World/scene_0/controllable__r1__robot_dhaboz/torso_link3.
2026-05-12 16:11:54 [58,703ms] [Warning] [omni.physx.plugin] Invalid PhysX transform detected for /World/scene_0/controllable__r1__robot_dhaboz/torso_link4.
2026-05-12 16:11:54 [58,703ms] [Warning] [omni.physx.plugin] Invalid PhysX transform detected for /World/scene_0/controllable__r1__robot_dhaboz/left_arm_link1.
2026-05-12 16:11:54 [58,703ms] [Warning] [omni.physx.plugin] Invalid PhysX transform detected for /World/scene_0/controllable__r1__robot_dhaboz/right_arm_link1.
2026-05-12 16:11:54 [58,703ms] [Warning] [omni.physx.plugin] Invalid PhysX transform detected for /World/scene_0/controllable__r1__robot_dhaboz/eyes.
2026-05-12 16:11:54 [58,703ms] [Warning] [omni.physx.plugin] Invalid PhysX transform detected for /World/scene_0/controllable__r1__robot_dhaboz/left_arm_link2.
2026-05-12 16:11:54 [58,703ms] [Warning] [omni.physx.plugin] Invalid PhysX transform detected for /World/scene_0/controllable__r1__robot_dhaboz/right_arm_link2.
2026-05-12 16:11:54 [58,703ms] [Warning] [omni.physx.plugin] Invalid PhysX transform detected for /World/scene_0/controllable__r1__robot_dhaboz/left_arm_link3.
2026-05-12 16:11:54 [58,703ms] [Warning] [omni.physx.plugin] Invalid PhysX transform detected for /World/scene_0/controllable__r1__robot_dhaboz/right_arm_link3.
2026-05-12 16:11:54 [58,703ms] [Warning] [omni.physx.plugin] Invalid PhysX transform detected for /World/scene_0/controllable__r1__robot_dhaboz/left_arm_link4.
2026-05-12 16:11:54 [58,703ms] [Warning] [omni.physx.plugin] Invalid PhysX transform detected for /World/scene_0/controllable__r1__robot_dhaboz/right_arm_link4.
2026-05-12 16:11:54 [58,703ms] [Warning] [omni.physx.plugin] Invalid PhysX transform detected for /World/scene_0/controllable__r1__robot_dhaboz/left_arm_link5.
2026-05-12 16:11:54 [58,703ms] [Warning] [omni.physx.plugin] Invalid PhysX transform detected for /World/scene_0/controllable__r1__robot_dhaboz/right_arm_link5.
2026-05-12 16:11:54 [58,703ms] [Warning] [omni.physx.plugin] Invalid PhysX transform detected for /World/scene_0/controllable__r1__robot_dhaboz/left_arm_link6.
2026-05-12 16:11:54 [58,703ms] [Warning] [omni.physx.plugin] Invalid PhysX transform detected for /World/scene_0/controllable__r1__robot_dhaboz/right_arm_link6.
2026-05-12 16:11:54 [58,703ms] [Warning] [omni.physx.plugin] Invalid PhysX transform detected for /World/scene_0/controllable__r1__robot_dhaboz/left_gripper_link1.
2026-05-12 16:11:54 [58,703ms] [Warning] [omni.physx.plugin] Invalid PhysX transform detected for /World/scene_0/controllable__r1__robot_dhaboz/left_gripper_link2.
2026-05-12 16:11:54 [58,703ms] [Warning] [omni.physx.plugin] Invalid PhysX transform detected for /World/scene_0/controllable__r1__robot_dhaboz/left_eef_link.
2026-05-12 16:11:54 [58,703ms] [Warning] [omni.physx.plugin] Invalid PhysX transform detected for /World/scene_0/controllable__r1__robot_dhaboz/right_gripper_link1.
2026-05-12 16:11:54 [58,703ms] [Warning] [omni.physx.plugin] Invalid PhysX transform detected for /World/scene_0/controllable__r1__robot_dhaboz/right_gripper_link2.
2026-05-12 16:11:54 [58,703ms] [Warning] [omni.physx.plugin] Invalid PhysX transform detected for /World/scene_0/controllable__r1__robot_dhaboz/right_eef_link.
2026-05-12 16:11:54 [58,784ms] [Warning] [omni.physx.plugin] Invalid PhysX transform detected for /World/scene_0/controllable__r1__robot_dhaboz/base_footprint_y.
2026-05-12 16:11:54 [58,784ms] [Warning] [omni.physx.plugin] Invalid PhysX transform detected for /World/scene_0/controllable__r1__robot_dhaboz/base_footprint_z.
2026-05-12 16:11:54 [58,784ms] [Warning] [omni.physx.plugin] Invalid PhysX transform detected for /World/scene_0/controllable__r1__robot_dhaboz/base_footprint_rx.
2026-05-12 16:11:54 [58,784ms] [Warning] [omni.physx.plugin] Invalid PhysX transform detected for /World/scene_0/controllable__r1__robot_dhaboz/base_footprint_ry.
2026-05-12 16:11:54 [58,784ms] [Warning] [omni.physx.plugin] Invalid PhysX transform detected for /World/scene_0/controllable__r1__robot_dhaboz/base_footprint_rz.
2026-05-12 16:11:54 [58,784ms] [Warning] [omni.physx.plugin] Invalid PhysX transform detected for /World/scene_0/controllable__r1__robot_dhaboz/base_link.
2026-05-12 16:11:54 [58,784ms] [Warning] [omni.physx.plugin] Invalid PhysX transform detected for /World/scene_0/controllable__r1__robot_dhaboz/servo_link1.
2026-05-12 16:11:54 [58,784ms] [Warning] [omni.physx.plugin] Invalid PhysX transform detected for /World/scene_0/controllable__r1__robot_dhaboz/servo_link2.
2026-05-12 16:11:54 [58,784ms] [Warning] [omni.physx.plugin] Invalid PhysX transform detected for /World/scene_0/controllable__r1__robot_dhaboz/servo_link3.
2026-05-12 16:11:54 [58,784ms] [Warning] [omni.physx.plugin] Invalid PhysX transform detected for /World/scene_0/controllable__r1__robot_dhaboz/torso_link1.
2026-05-12 16:11:54 [58,784ms] [Warning] [omni.physx.plugin] Invalid PhysX transform detected for /World/scene_0/controllable__r1__robot_dhaboz/wheel_link1.
2026-05-12 16:11:54 [58,784ms] [Warning] [omni.physx.plugin] Invalid PhysX transform detected for /World/scene_0/controllable__r1__robot_dhaboz/wheel_link2.
2026-05-12 16:11:54 [58,784ms] [Warning] [omni.physx.plugin] Invalid PhysX transform detected for /World/scene_0/controllable__r1__robot_dhaboz/wheel_link3.
2026-05-12 16:11:54 [58,784ms] [Warning] [omni.physx.plugin] Invalid PhysX transform detected for /World/scene_0/controllable__r1__robot_dhaboz/torso_link2.
2026-05-12 16:11:54 [58,784ms] [Warning] [omni.physx.plugin] Invalid PhysX transform detected for /World/scene_0/controllable__r1__robot_dhaboz/torso_link3.
2026-05-12 16:11:54 [58,784ms] [Warning] [omni.physx.plugin] Invalid PhysX transform detected for /World/scene_0/controllable__r1__robot_dhaboz/torso_link4.
2026-05-12 16:11:54 [58,784ms] [Warning] [omni.physx.plugin] Invalid PhysX transform detected for /World/scene_0/controllable__r1__robot_dhaboz/left_arm_link1.
2026-05-12 16:11:54 [58,784ms] [Warning] [omni.physx.plugin] Invalid PhysX transform detected for /World/scene_0/controllable__r1__robot_dhaboz/right_arm_link1.
2026-05-12 16:11:54 [58,784ms] [Warning] [omni.physx.plugin] Invalid PhysX transform detected for /World/scene_0/controllable__r1__robot_dhaboz/eyes.
2026-05-12 16:11:54 [58,784ms] [Warning] [omni.physx.plugin] Invalid PhysX transform detected for /World/scene_0/controllable__r1__robot_dhaboz/left_arm_link2.
2026-05-12 16:11:54 [58,784ms] [Warning] [omni.physx.plugin] Invalid PhysX transform detected for /World/scene_0/controllable__r1__robot_dhaboz/right_arm_link2.
2026-05-12 16:11:54 [58,784ms] [Warning] [omni.physx.plugin] Invalid PhysX transform detected for /World/scene_0/controllable__r1__robot_dhaboz/left_arm_link3.
2026-05-12 16:11:54 [58,784ms] [Warning] [omni.physx.plugin] Invalid PhysX transform detected for /World/scene_0/controllable__r1__robot_dhaboz/right_arm_link3.
2026-05-12 16:11:54 [58,784ms] [Warning] [omni.physx.plugin] Invalid PhysX transform detected for /World/scene_0/controllable__r1__robot_dhaboz/left_arm_link4.
2026-05-12 16:11:54 [58,784ms] [Warning] [omni.physx.plugin] Invalid PhysX transform detected for /World/scene_0/controllable__r1__robot_dhaboz/right_arm_link4.
2026-05-12 16:11:54 [58,784ms] [Warning] [omni.physx.plugin] Invalid PhysX transform detected for /World/scene_0/controllable__r1__robot_dhaboz/left_arm_link5.
2026-05-12 16:11:54 [58,784ms] [Warning] [omni.physx.plugin] Invalid PhysX transform detected for /World/scene_0/controllable__r1__robot_dhaboz/right_arm_link5.
2026-05-12 16:11:54 [58,784ms] [Warning] [omni.physx.plugin] Invalid PhysX transform detected for /World/scene_0/controllable__r1__robot_dhaboz/left_arm_link6.
2026-05-12 16:11:54 [58,784ms] [Warning] [omni.physx.plugin] Invalid PhysX transform detected for /World/scene_0/controllable__r1__robot_dhaboz/right_arm_link6.
2026-05-12 16:11:54 [58,784ms] [Warning] [omni.physx.plugin] Invalid PhysX transform detected for /World/scene_0/controllable__r1__robot_dhaboz/left_gripper_link1.
2026-05-12 16:11:54 [58,784ms] [Warning] [omni.physx.plugin] Invalid PhysX transform detected for /World/scene_0/controllable__r1__robot_dhaboz/left_gripper_link2.
2026-05-12 16:11:54 [58,784ms] [Warning] [omni.physx.plugin] Invalid PhysX transform detected for /World/scene_0/controllable__r1__robot_dhaboz/left_eef_link.
2026-05-12 16:11:54 [58,784ms] [Warning] [omni.physx.plugin] Invalid PhysX transform detected for /World/scene_0/controllable__r1__robot_dhaboz/right_gripper_link1.
2026-05-12 16:11:54 [58,784ms] [Warning] [omni.physx.plugin] Invalid PhysX transform detected for /World/scene_0/controllable__r1__robot_dhaboz/right_gripper_link2.
2026-05-12 16:11:54 [58,784ms] [Warning] [omni.physx.plugin] Invalid PhysX transform detected for /World/scene_0/controllable__r1__robot_dhaboz/right_eef_link.
2026-05-12 16:11:54 [58,867ms] [Warning] [omni.physx.plugin] Invalid PhysX transform detected for /World/scene_0/controllable__r1__robot_dhaboz/base_footprint_y.
2026-05-12 16:11:54 [58,867ms] [Warning] [omni.physx.plugin] Invalid PhysX transform detected for /World/scene_0/controllable__r1__robot_dhaboz/base_footprint_z.
2026-05-12 16:11:54 [58,867ms] [Warning] [omni.physx.plugin] Invalid PhysX transform detected for /World/scene_0/controllable__r1__robot_dhaboz/base_footprint_rx.
2026-05-12 16:11:54 [58,867ms] [Warning] [omni.physx.plugin] Invalid PhysX transform detected for /World/scene_0/controllable__r1__robot_dhaboz/base_footprint_ry.
2026-05-12 16:11:54 [58,867ms] [Warning] [omni.physx.plugin] Invalid PhysX transform detected for /World/scene_0/controllable__r1__robot_dhaboz/base_footprint_rz.
2026-05-12 16:11:54 [58,867ms] [Warning] [omni.physx.plugin] Invalid PhysX transform detected for /World/scene_0/controllable__r1__robot_dhaboz/base_link.
2026-05-12 16:11:54 [58,867ms] [Warning] [omni.physx.plugin] Invalid PhysX transform detected for /World/scene_0/controllable__r1__robot_dhaboz/servo_link1.
2026-05-12 16:11:54 [58,867ms] [Warning] [omni.physx.plugin] Invalid PhysX transform detected for /World/scene_0/controllable__r1__robot_dhaboz/servo_link2.
2026-05-12 16:11:54 [58,867ms] [Warning] [omni.physx.plugin] Invalid PhysX transform detected for /World/scene_0/controllable__r1__robot_dhaboz/servo_link3.
2026-05-12 16:11:54 [58,867ms] [Warning] [omni.physx.plugin] Invalid PhysX transform detected for /World/scene_0/controllable__r1__robot_dhaboz/torso_link1.
2026-05-12 16:11:54 [58,867ms] [Warning] [omni.physx.plugin] Invalid PhysX transform detected for /World/scene_0/controllable__r1__robot_dhaboz/wheel_link1.
2026-05-12 16:11:54 [58,867ms] [Warning] [omni.physx.plugin] Invalid PhysX transform detected for /World/scene_0/controllable__r1__robot_dhaboz/wheel_link2.
2026-05-12 16:11:54 [58,867ms] [Warning] [omni.physx.plugin] Invalid PhysX transform detected for /World/scene_0/controllable__r1__robot_dhaboz/wheel_link3.
2026-05-12 16:11:54 [58,867ms] [Warning] [omni.physx.plugin] Invalid PhysX transform detected for /World/scene_0/controllable__r1__robot_dhaboz/torso_link2.
2026-05-12 16:11:54 [58,867ms] [Warning] [omni.physx.plugin] Invalid PhysX transform detected for /World/scene_0/controllable__r1__robot_dhaboz/torso_link3.
2026-05-12 16:11:54 [58,867ms] [Warning] [omni.physx.plugin] Invalid PhysX transform detected for /World/scene_0/controllable__r1__robot_dhaboz/torso_link4.
2026-05-12 16:11:54 [58,867ms] [Warning] [omni.physx.plugin] Invalid PhysX transform detected for /World/scene_0/controllable__r1__robot_dhaboz/left_arm_link1.
2026-05-12 16:11:54 [58,867ms] [Warning] [omni.physx.plugin] Invalid PhysX transform detected for /World/scene_0/controllable__r1__robot_dhaboz/right_arm_link1.
2026-05-12 16:11:54 [58,867ms] [Warning] [omni.physx.plugin] Invalid PhysX transform detected for /World/scene_0/controllable__r1__robot_dhaboz/eyes.
2026-05-12 16:11:54 [58,867ms] [Warning] [omni.physx.plugin] Invalid PhysX transform detected for /World/scene_0/controllable__r1__robot_dhaboz/left_arm_link2.
2026-05-12 16:11:54 [58,867ms] [Warning] [omni.physx.plugin] Invalid PhysX transform detected for /World/scene_0/controllable__r1__robot_dhaboz/right_arm_link2.
2026-05-12 16:11:54 [58,867ms] [Warning] [omni.physx.plugin] Invalid PhysX transform detected for /World/scene_0/controllable__r1__robot_dhaboz/left_arm_link3.
2026-05-12 16:11:54 [58,867ms] [Warning] [omni.physx.plugin] Invalid PhysX transform detected for /World/scene_0/controllable__r1__robot_dhaboz/right_arm_link3.
2026-05-12 16:11:54 [58,867ms] [Warning] [omni.physx.plugin] Invalid PhysX transform detected for /World/scene_0/controllable__r1__robot_dhaboz/left_arm_link4.
2026-05-12 16:11:54 [58,867ms] [Warning] [omni.physx.plugin] Invalid PhysX transform detected for /World/scene_0/controllable__r1__robot_dhaboz/right_arm_link4.
2026-05-12 16:11:54 [58,867ms] [Warning] [omni.physx.plugin] Invalid PhysX transform detected for /World/scene_0/controllable__r1__robot_dhaboz/left_arm_link5.
2026-05-12 16:11:54 [58,867ms] [Warning] [omni.physx.plugin] Invalid PhysX transform detected for /World/scene_0/controllable__r1__robot_dhaboz/right_arm_link5.
2026-05-12 16:11:54 [58,867ms] [Warning] [omni.physx.plugin] Invalid PhysX transform detected for /World/scene_0/controllable__r1__robot_dhaboz/left_arm_link6.
2026-05-12 16:11:54 [58,867ms] [Warning] [omni.physx.plugin] Invalid PhysX transform detected for /World/scene_0/controllable__r1__robot_dhaboz/right_arm_link6.
2026-05-12 16:11:54 [58,867ms] [Warning] [omni.physx.plugin] Invalid PhysX transform detected for /World/scene_0/controllable__r1__robot_dhaboz/left_gripper_link1.
2026-05-12 16:11:54 [58,867ms] [Warning] [omni.physx.plugin] Invalid PhysX transform detected for /World/scene_0/controllable__r1__robot_dhaboz/left_gripper_link2.
2026-05-12 16:11:54 [58,867ms] [Warning] [omni.physx.plugin] Invalid PhysX transform detected for /World/scene_0/controllable__r1__robot_dhaboz/left_eef_link.
2026-05-12 16:11:54 [58,867ms] [Warning] [omni.physx.plugin] Invalid PhysX transform detected for /World/scene_0/controllable__r1__robot_dhaboz/right_gripper_link1.
2026-05-12 16:11:54 [58,868ms] [Warning] [omni.physx.plugin] Invalid PhysX transform detected for /World/scene_0/controllable__r1__robot_dhaboz/right_gripper_link2.
2026-05-12 16:11:54 [58,868ms] [Warning] [omni.physx.plugin] Invalid PhysX transform detected for /World/scene_0/controllable__r1__robot_dhaboz/right_eef_link.
2026-05-12 16:11:54 [58,951ms] [Warning] [omni.physx.plugin] Invalid PhysX transform detected for /World/scene_0/controllable__r1__robot_dhaboz/base_footprint_y.
2026-05-12 16:11:54 [58,951ms] [Warning] [omni.physx.plugin] Invalid PhysX transform detected for /World/scene_0/controllable__r1__robot_dhaboz/base_footprint_z.
2026-05-12 16:11:54 [58,951ms] [Warning] [omni.physx.plugin] Invalid PhysX transform detected for /World/scene_0/controllable__r1__robot_dhaboz/base_footprint_rx.
2026-05-12 16:11:54 [58,951ms] [Warning] [omni.physx.plugin] Invalid PhysX transform detected for /World/scene_0/controllable__r1__robot_dhaboz/base_footprint_ry.
2026-05-12 16:11:54 [58,951ms] [Warning] [omni.physx.plugin] Invalid PhysX transform detected for /World/scene_0/controllable__r1__robot_dhaboz/base_footprint_rz.
2026-05-12 16:11:54 [58,951ms] [Warning] [omni.physx.plugin] Invalid PhysX transform detected for /World/scene_0/controllable__r1__robot_dhaboz/base_link.
2026-05-12 16:11:54 [58,951ms] [Warning] [omni.physx.plugin] Invalid PhysX transform detected for /World/scene_0/controllable__r1__robot_dhaboz/servo_link1.
2026-05-12 16:11:54 [58,951ms] [Warning] [omni.physx.plugin] Invalid PhysX transform detected for /World/scene_0/controllable__r1__robot_dhaboz/servo_link2.
2026-05-12 16:11:54 [58,951ms] [Warning] [omni.physx.plugin] Invalid PhysX transform detected for /World/scene_0/controllable__r1__robot_dhaboz/servo_link3.
2026-05-12 16:11:54 [58,951ms] [Warning] [omni.physx.plugin] Invalid PhysX transform detected for /World/scene_0/controllable__r1__robot_dhaboz/torso_link1.
2026-05-12 16:11:54 [58,951ms] [Warning] [omni.physx.plugin] Invalid PhysX transform detected for /World/scene_0/controllable__r1__robot_dhaboz/wheel_link1.
2026-05-12 16:11:54 [58,951ms] [Warning] [omni.physx.plugin] Invalid PhysX transform detected for /World/scene_0/controllable__r1__robot_dhaboz/wheel_link2.
2026-05-12 16:11:54 [58,951ms] [Warning] [omni.physx.plugin] Invalid PhysX transform detected for /World/scene_0/controllable__r1__robot_dhaboz/wheel_link3.
2026-05-12 16:11:54 [58,951ms] [Warning] [omni.physx.plugin] Invalid PhysX transform detected for /World/scene_0/controllable__r1__robot_dhaboz/torso_link2.
2026-05-12 16:11:54 [58,951ms] [Warning] [omni.physx.plugin] Invalid PhysX transform detected for /World/scene_0/controllable__r1__robot_dhaboz/torso_link3.
2026-05-12 16:11:54 [58,951ms] [Warning] [omni.physx.plugin] Invalid PhysX transform detected for /World/scene_0/controllable__r1__robot_dhaboz/torso_link4.
2026-05-12 16:11:54 [58,951ms] [Warning] [omni.physx.plugin] Invalid PhysX transform detected for /World/scene_0/controllable__r1__robot_dhaboz/left_arm_link1.
2026-05-12 16:11:54 [58,951ms] [Warning] [omni.physx.plugin] Invalid PhysX transform detected for /World/scene_0/controllable__r1__robot_dhaboz/right_arm_link1.
2026-05-12 16:11:54 [58,951ms] [Warning] [omni.physx.plugin] Invalid PhysX transform detected for /World/scene_0/controllable__r1__robot_dhaboz/eyes.
2026-05-12 16:11:54 [58,951ms] [Warning] [omni.physx.plugin] Invalid PhysX transform detected for /World/scene_0/controllable__r1__robot_dhaboz/left_arm_link2.
2026-05-12 16:11:54 [58,951ms] [Warning] [omni.physx.plugin] Invalid PhysX transform detected for /World/scene_0/controllable__r1__robot_dhaboz/right_arm_link2.
2026-05-12 16:11:54 [58,951ms] [Warning] [omni.physx.plugin] Invalid PhysX transform detected for /World/scene_0/controllable__r1__robot_dhaboz/left_arm_link3.
2026-05-12 16:11:54 [58,951ms] [Warning] [omni.physx.plugin] Invalid PhysX transform detected for /World/scene_0/controllable__r1__robot_dhaboz/right_arm_link3.
2026-05-12 16:11:54 [58,951ms] [Warning] [omni.physx.plugin] Invalid PhysX transform detected for /World/scene_0/controllable__r1__robot_dhaboz/left_arm_link4.
2026-05-12 16:11:54 [58,951ms] [Warning] [omni.physx.plugin] Invalid PhysX transform detected for /World/scene_0/controllable__r1__robot_dhaboz/right_arm_link4.
2026-05-12 16:11:54 [58,951ms] [Warning] [omni.physx.plugin] Invalid PhysX transform detected for /World/scene_0/controllable__r1__robot_dhaboz/left_arm_link5.
2026-05-12 16:11:54 [58,951ms] [Warning] [omni.physx.plugin] Invalid PhysX transform detected for /World/scene_0/controllable__r1__robot_dhaboz/right_arm_link5.
2026-05-12 16:11:54 [58,951ms] [Warning] [omni.physx.plugin] Invalid PhysX transform detected for /World/scene_0/controllable__r1__robot_dhaboz/left_arm_link6.
2026-05-12 16:11:54 [58,951ms] [Warning] [omni.physx.plugin] Invalid PhysX transform detected for /World/scene_0/controllable__r1__robot_dhaboz/right_arm_link6.
2026-05-12 16:11:54 [58,951ms] [Warning] [omni.physx.plugin] Invalid PhysX transform detected for /World/scene_0/controllable__r1__robot_dhaboz/left_gripper_link1.
2026-05-12 16:11:54 [58,951ms] [Warning] [omni.physx.plugin] Invalid PhysX transform detected for /World/scene_0/controllable__r1__robot_dhaboz/left_gripper_link2.
2026-05-12 16:11:54 [58,951ms] [Warning] [omni.physx.plugin] Invalid PhysX transform detected for /World/scene_0/controllable__r1__robot_dhaboz/left_eef_link.
2026-05-12 16:11:54 [58,951ms] [Warning] [omni.physx.plugin] Invalid PhysX transform detected for /World/scene_0/controllable__r1__robot_dhaboz/right_gripper_link1.
2026-05-12 16:11:54 [58,951ms] [Warning] [omni.physx.plugin] Invalid PhysX transform detected for /World/scene_0/controllable__r1__robot_dhaboz/right_gripper_link2.
2026-05-12 16:11:54 [58,951ms] [Warning] [omni.physx.plugin] Invalid PhysX transform detected for /World/scene_0/controllable__r1__robot_dhaboz/right_eef_link.
2026-05-12 16:11:54 [59,034ms] [Warning] [omni.physx.plugin] Invalid PhysX transform detected for /World/scene_0/controllable__r1__robot_dhaboz/base_footprint_y.
2026-05-12 16:11:54 [59,034ms] [Warning] [omni.physx.plugin] Invalid PhysX transform detected for /World/scene_0/controllable__r1__robot_dhaboz/base_footprint_z.
2026-05-12 16:11:54 [59,034ms] [Warning] [omni.physx.plugin] Invalid PhysX transform detected for /World/scene_0/controllable__r1__robot_dhaboz/base_footprint_rx.
2026-05-12 16:11:54 [59,034ms] [Warning] [omni.physx.plugin] Invalid PhysX transform detected for /World/scene_0/controllable__r1__robot_dhaboz/base_footprint_ry.
2026-05-12 16:11:54 [59,034ms] [Warning] [omni.physx.plugin] Invalid PhysX transform detected for /World/scene_0/controllable__r1__robot_dhaboz/base_footprint_rz.
2026-05-12 16:11:54 [59,034ms] [Warning] [omni.physx.plugin] Invalid PhysX transform detected for /World/scene_0/controllable__r1__robot_dhaboz/base_link.
2026-05-12 16:11:54 [59,034ms] [Warning] [omni.physx.plugin] Invalid PhysX transform detected for /World/scene_0/controllable__r1__robot_dhaboz/servo_link1.
2026-05-12 16:11:54 [59,034ms] [Warning] [omni.physx.plugin] Invalid PhysX transform detected for /World/scene_0/controllable__r1__robot_dhaboz/servo_link2.
2026-05-12 16:11:54 [59,034ms] [Warning] [omni.physx.plugin] Invalid PhysX transform detected for /World/scene_0/controllable__r1__robot_dhaboz/servo_link3.
2026-05-12 16:11:54 [59,034ms] [Warning] [omni.physx.plugin] Invalid PhysX transform detected for /World/scene_0/controllable__r1__robot_dhaboz/torso_link1.
2026-05-12 16:11:54 [59,034ms] [Warning] [omni.physx.plugin] Invalid PhysX transform detected for /World/scene_0/controllable__r1__robot_dhaboz/wheel_link1.
2026-05-12 16:11:54 [59,034ms] [Warning] [omni.physx.plugin] Invalid PhysX transform detected for /World/scene_0/controllable__r1__robot_dhaboz/wheel_link2.
2026-05-12 16:11:54 [59,034ms] [Warning] [omni.physx.plugin] Invalid PhysX transform detected for /World/scene_0/controllable__r1__robot_dhaboz/wheel_link3.
2026-05-12 16:11:54 [59,034ms] [Warning] [omni.physx.plugin] Invalid PhysX transform detected for /World/scene_0/controllable__r1__robot_dhaboz/torso_link2.
2026-05-12 16:11:54 [59,034ms] [Warning] [omni.physx.plugin] Invalid PhysX transform detected for /World/scene_0/controllable__r1__robot_dhaboz/torso_link3.
2026-05-12 16:11:54 [59,034ms] [Warning] [omni.physx.plugin] Invalid PhysX transform detected for /World/scene_0/controllable__r1__robot_dhaboz/torso_link4.
2026-05-12 16:11:54 [59,034ms] [Warning] [omni.physx.plugin] Invalid PhysX transform detected for /World/scene_0/controllable__r1__robot_dhaboz/left_arm_link1.
2026-05-12 16:11:54 [59,034ms] [Warning] [omni.physx.plugin] Invalid PhysX transform detected for /World/scene_0/controllable__r1__robot_dhaboz/right_arm_link1.
2026-05-12 16:11:54 [59,034ms] [Warning] [omni.physx.plugin] Invalid PhysX transform detected for /World/scene_0/controllable__r1__robot_dhaboz/eyes.
2026-05-12 16:11:54 [59,034ms] [Warning] [omni.physx.plugin] Invalid PhysX transform detected for /World/scene_0/controllable__r1__robot_dhaboz/left_arm_link2.
2026-05-12 16:11:54 [59,034ms] [Warning] [omni.physx.plugin] Invalid PhysX transform detected for /World/scene_0/controllable__r1__robot_dhaboz/right_arm_link2.
2026-05-12 16:11:54 [59,034ms] [Warning] [omni.physx.plugin] Invalid PhysX transform detected for /World/scene_0/controllable__r1__robot_dhaboz/left_arm_link3.
2026-05-12 16:11:54 [59,034ms] [Warning] [omni.physx.plugin] Invalid PhysX transform detected for /World/scene_0/controllable__r1__robot_dhaboz/right_arm_link3.
2026-05-12 16:11:54 [59,034ms] [Warning] [omni.physx.plugin] Invalid PhysX transform detected for /World/scene_0/controllable__r1__robot_dhaboz/left_arm_link4.
2026-05-12 16:11:54 [59,034ms] [Warning] [omni.physx.plugin] Invalid PhysX transform detected for /World/scene_0/controllable__r1__robot_dhaboz/right_arm_link4.
2026-05-12 16:11:54 [59,034ms] [Warning] [omni.physx.plugin] Invalid PhysX transform detected for /World/scene_0/controllable__r1__robot_dhaboz/left_arm_link5.
2026-05-12 16:11:54 [59,034ms] [Warning] [omni.physx.plugin] Invalid PhysX transform detected for /World/scene_0/controllable__r1__robot_dhaboz/right_arm_link5.
2026-05-12 16:11:54 [59,034ms] [Warning] [omni.physx.plugin] Invalid PhysX transform detected for /World/scene_0/controllable__r1__robot_dhaboz/left_arm_link6.
2026-05-12 16:11:54 [59,034ms] [Warning] [omni.physx.plugin] Invalid PhysX transform detected for /World/scene_0/controllable__r1__robot_dhaboz/right_arm_link6.
2026-05-12 16:11:54 [59,034ms] [Warning] [omni.physx.plugin] Invalid PhysX transform detected for /World/scene_0/controllable__r1__robot_dhaboz/left_gripper_link1.
2026-05-12 16:11:54 [59,034ms] [Warning] [omni.physx.plugin] Invalid PhysX transform detected for /World/scene_0/controllable__r1__robot_dhaboz/left_gripper_link2.
2026-05-12 16:11:54 [59,034ms] [Warning] [omni.physx.plugin] Invalid PhysX transform detected for /World/scene_0/controllable__r1__robot_dhaboz/left_eef_link.
2026-05-12 16:11:54 [59,034ms] [Warning] [omni.physx.plugin] Invalid PhysX transform detected for /World/scene_0/controllable__r1__robot_dhaboz/right_gripper_link1.
2026-05-12 16:11:54 [59,034ms] [Warning] [omni.physx.plugin] Invalid PhysX transform detected for /World/scene_0/controllable__r1__robot_dhaboz/right_gripper_link2.
2026-05-12 16:11:54 [59,034ms] [Warning] [omni.physx.plugin] Invalid PhysX transform detected for /World/scene_0/controllable__r1__robot_dhaboz/right_eef_link.
2026-05-12 16:11:54 [59,118ms] [Warning] [omni.physx.plugin] Invalid PhysX transform detected for /World/scene_0/controllable__r1__robot_dhaboz/base_footprint_y.
2026-05-12 16:11:54 [59,118ms] [Warning] [omni.physx.plugin] Invalid PhysX transform detected for /World/scene_0/controllable__r1__robot_dhaboz/base_footprint_z.
2026-05-12 16:11:54 [59,118ms] [Warning] [omni.physx.plugin] Invalid PhysX transform detected for /World/scene_0/controllable__r1__robot_dhaboz/base_footprint_rx.
2026-05-12 16:11:54 [59,118ms] [Warning] [omni.physx.plugin] Invalid PhysX transform detected for /World/scene_0/controllable__r1__robot_dhaboz/base_footprint_ry.
2026-05-12 16:11:54 [59,118ms] [Warning] [omni.physx.plugin] Invalid PhysX transform detected for /World/scene_0/controllable__r1__robot_dhaboz/base_footprint_rz.
2026-05-12 16:11:54 [59,118ms] [Warning] [omni.physx.plugin] Invalid PhysX transform detected for /World/scene_0/controllable__r1__robot_dhaboz/base_link.
2026-05-12 16:11:54 [59,118ms] [Warning] [omni.physx.plugin] Invalid PhysX transform detected for /World/scene_0/controllable__r1__robot_dhaboz/servo_link1.
2026-05-12 16:11:54 [59,118ms] [Warning] [omni.physx.plugin] Invalid PhysX transform detected for /World/scene_0/controllable__r1__robot_dhaboz/servo_link2.
2026-05-12 16:11:54 [59,118ms] [Warning] [omni.physx.plugin] Invalid PhysX transform detected for /World/scene_0/controllable__r1__robot_dhaboz/servo_link3.
2026-05-12 16:11:54 [59,118ms] [Warning] [omni.physx.plugin] Invalid PhysX transform detected for /World/scene_0/controllable__r1__robot_dhaboz/torso_link1.
2026-05-12 16:11:54 [59,118ms] [Warning] [omni.physx.plugin] Invalid PhysX transform detected for /World/scene_0/controllable__r1__robot_dhaboz/wheel_link1.
2026-05-12 16:11:54 [59,118ms] [Warning] [omni.physx.plugin] Invalid PhysX transform detected for /World/scene_0/controllable__r1__robot_dhaboz/wheel_link2.
2026-05-12 16:11:54 [59,118ms] [Warning] [omni.physx.plugin] Invalid PhysX transform detected for /World/scene_0/controllable__r1__robot_dhaboz/wheel_link3.
2026-05-12 16:11:54 [59,118ms] [Warning] [omni.physx.plugin] Invalid PhysX transform detected for /World/scene_0/controllable__r1__robot_dhaboz/torso_link2.
2026-05-12 16:11:54 [59,118ms] [Warning] [omni.physx.plugin] Invalid PhysX transform detected for /World/scene_0/controllable__r1__robot_dhaboz/torso_link3.
2026-05-12 16:11:54 [59,118ms] [Warning] [omni.physx.plugin] Invalid PhysX transform detected for /World/scene_0/controllable__r1__robot_dhaboz/torso_link4.
2026-05-12 16:11:54 [59,118ms] [Warning] [omni.physx.plugin] Invalid PhysX transform detected for /World/scene_0/controllable__r1__robot_dhaboz/left_arm_link1.
2026-05-12 16:11:54 [59,118ms] [Warning] [omni.physx.plugin] Invalid PhysX transform detected for /World/scene_0/controllable__r1__robot_dhaboz/right_arm_link1.
2026-05-12 16:11:54 [59,118ms] [Warning] [omni.physx.plugin] Invalid PhysX transform detected for /World/scene_0/controllable__r1__robot_dhaboz/eyes.
2026-05-12 16:11:54 [59,118ms] [Warning] [omni.physx.plugin] Invalid PhysX transform detected for /World/scene_0/controllable__r1__robot_dhaboz/left_arm_link2.
2026-05-12 16:11:54 [59,118ms] [Warning] [omni.physx.plugin] Invalid PhysX transform detected for /World/scene_0/controllable__r1__robot_dhaboz/right_arm_link2.
2026-05-12 16:11:54 [59,118ms] [Warning] [omni.physx.plugin] Invalid PhysX transform detected for /World/scene_0/controllable__r1__robot_dhaboz/left_arm_link3.
2026-05-12 16:11:54 [59,118ms] [Warning] [omni.physx.plugin] Invalid PhysX transform detected for /World/scene_0/controllable__r1__robot_dhaboz/right_arm_link3.
2026-05-12 16:11:54 [59,118ms] [Warning] [omni.physx.plugin] Invalid PhysX transform detected for /World/scene_0/controllable__r1__robot_dhaboz/left_arm_link4.
2026-05-12 16:11:54 [59,118ms] [Warning] [omni.physx.plugin] Invalid PhysX transform detected for /World/scene_0/controllable__r1__robot_dhaboz/right_arm_link4.
2026-05-12 16:11:54 [59,118ms] [Warning] [omni.physx.plugin] Invalid PhysX transform detected for /World/scene_0/controllable__r1__robot_dhaboz/left_arm_link5.
2026-05-12 16:11:54 [59,118ms] [Warning] [omni.physx.plugin] Invalid PhysX transform detected for /World/scene_0/controllable__r1__robot_dhaboz/right_arm_link5.
2026-05-12 16:11:54 [59,118ms] [Warning] [omni.physx.plugin] Invalid PhysX transform detected for /World/scene_0/controllable__r1__robot_dhaboz/left_arm_link6.
2026-05-12 16:11:54 [59,118ms] [Warning] [omni.physx.plugin] Invalid PhysX transform detected for /World/scene_0/controllable__r1__robot_dhaboz/right_arm_link6.
2026-05-12 16:11:54 [59,118ms] [Warning] [omni.physx.plugin] Invalid PhysX transform detected for /World/scene_0/controllable__r1__robot_dhaboz/left_gripper_link1.
2026-05-12 16:11:54 [59,118ms] [Warning] [omni.physx.plugin] Invalid PhysX transform detected for /World/scene_0/controllable__r1__robot_dhaboz/left_gripper_link2.
2026-05-12 16:11:54 [59,118ms] [Warning] [omni.physx.plugin] Invalid PhysX transform detected for /World/scene_0/controllable__r1__robot_dhaboz/left_eef_link.
2026-05-12 16:11:54 [59,119ms] [Warning] [omni.physx.plugin] Invalid PhysX transform detected for /World/scene_0/controllable__r1__robot_dhaboz/right_gripper_link1.
2026-05-12 16:11:54 [59,119ms] [Warning] [omni.physx.plugin] Invalid PhysX transform detected for /World/scene_0/controllable__r1__robot_dhaboz/right_gripper_link2.
2026-05-12 16:11:54 [59,119ms] [Warning] [omni.physx.plugin] Invalid PhysX transform detected for /World/scene_0/controllable__r1__robot_dhaboz/right_eef_link.
2026-05-12 16:11:54 [59,204ms] [Warning] [omni.physx.plugin] Invalid PhysX transform detected for /World/scene_0/controllable__r1__robot_dhaboz/base_footprint_y.
2026-05-12 16:11:54 [59,205ms] [Warning] [omni.physx.plugin] Invalid PhysX transform detected for /World/scene_0/controllable__r1__robot_dhaboz/base_footprint_z.
2026-05-12 16:11:54 [59,205ms] [Warning] [omni.physx.plugin] Invalid PhysX transform detected for /World/scene_0/controllable__r1__robot_dhaboz/base_footprint_rx.
2026-05-12 16:11:54 [59,205ms] [Warning] [omni.physx.plugin] Invalid PhysX transform detected for /World/scene_0/controllable__r1__robot_dhaboz/base_footprint_ry.
2026-05-12 16:11:54 [59,205ms] [Warning] [omni.physx.plugin] Invalid PhysX transform detected for /World/scene_0/controllable__r1__robot_dhaboz/base_footprint_rz.
2026-05-12 16:11:54 [59,205ms] [Warning] [omni.physx.plugin] Invalid PhysX transform detected for /World/scene_0/controllable__r1__robot_dhaboz/base_link.
2026-05-12 16:11:54 [59,205ms] [Warning] [omni.physx.plugin] Invalid PhysX transform detected for /World/scene_0/controllable__r1__robot_dhaboz/servo_link1.
2026-05-12 16:11:54 [59,205ms] [Warning] [omni.physx.plugin] Invalid PhysX transform detected for /World/scene_0/controllable__r1__robot_dhaboz/servo_link2.
2026-05-12 16:11:54 [59,205ms] [Warning] [omni.physx.plugin] Invalid PhysX transform detected for /World/scene_0/controllable__r1__robot_dhaboz/servo_link3.
2026-05-12 16:11:54 [59,205ms] [Warning] [omni.physx.plugin] Invalid PhysX transform detected for /World/scene_0/controllable__r1__robot_dhaboz/torso_link1.
2026-05-12 16:11:54 [59,205ms] [Warning] [omni.physx.plugin] Invalid PhysX transform detected for /World/scene_0/controllable__r1__robot_dhaboz/wheel_link1.
2026-05-12 16:11:54 [59,205ms] [Warning] [omni.physx.plugin] Invalid PhysX transform detected for /World/scene_0/controllable__r1__robot_dhaboz/wheel_link2.
2026-05-12 16:11:54 [59,205ms] [Warning] [omni.physx.plugin] Invalid PhysX transform detected for /World/scene_0/controllable__r1__robot_dhaboz/wheel_link3.
2026-05-12 16:11:54 [59,205ms] [Warning] [omni.physx.plugin] Invalid PhysX transform detected for /World/scene_0/controllable__r1__robot_dhaboz/torso_link2.
2026-05-12 16:11:54 [59,205ms] [Warning] [omni.physx.plugin] Invalid PhysX transform detected for /World/scene_0/controllable__r1__robot_dhaboz/torso_link3.
2026-05-12 16:11:54 [59,205ms] [Warning] [omni.physx.plugin] Invalid PhysX transform detected for /World/scene_0/controllable__r1__robot_dhaboz/torso_link4.
2026-05-12 16:11:54 [59,205ms] [Warning] [omni.physx.plugin] Invalid PhysX transform detected for /World/scene_0/controllable__r1__robot_dhaboz/left_arm_link1.
2026-05-12 16:11:54 [59,205ms] [Warning] [omni.physx.plugin] Invalid PhysX transform detected for /World/scene_0/controllable__r1__robot_dhaboz/right_arm_link1.
2026-05-12 16:11:54 [59,205ms] [Warning] [omni.physx.plugin] Invalid PhysX transform detected for /World/scene_0/controllable__r1__robot_dhaboz/eyes.
2026-05-12 16:11:54 [59,205ms] [Warning] [omni.physx.plugin] Invalid PhysX transform detected for /World/scene_0/controllable__r1__robot_dhaboz/left_arm_link2.
2026-05-12 16:11:54 [59,205ms] [Warning] [omni.physx.plugin] Invalid PhysX transform detected for /World/scene_0/controllable__r1__robot_dhaboz/right_arm_link2.
2026-05-12 16:11:54 [59,205ms] [Warning] [omni.physx.plugin] Invalid PhysX transform detected for /World/scene_0/controllable__r1__robot_dhaboz/left_arm_link3.
2026-05-12 16:11:54 [59,205ms] [Warning] [omni.physx.plugin] Invalid PhysX transform detected for /World/scene_0/controllable__r1__robot_dhaboz/right_arm_link3.
2026-05-12 16:11:54 [59,205ms] [Warning] [omni.physx.plugin] Invalid PhysX transform detected for /World/scene_0/controllable__r1__robot_dhaboz/left_arm_link4.
2026-05-12 16:11:54 [59,205ms] [Warning] [omni.physx.plugin] Invalid PhysX transform detected for /World/scene_0/controllable__r1__robot_dhaboz/right_arm_link4.
2026-05-12 16:11:54 [59,205ms] [Warning] [omni.physx.plugin] Invalid PhysX transform detected for /World/scene_0/controllable__r1__robot_dhaboz/left_arm_link5.
2026-05-12 16:11:54 [59,205ms] [Warning] [omni.physx.plugin] Invalid PhysX transform detected for /World/scene_0/controllable__r1__robot_dhaboz/right_arm_link5.
2026-05-12 16:11:54 [59,205ms] [Warning] [omni.physx.plugin] Invalid PhysX transform detected for /World/scene_0/controllable__r1__robot_dhaboz/left_arm_link6.
2026-05-12 16:11:54 [59,205ms] [Warning] [omni.physx.plugin] Invalid PhysX transform detected for /World/scene_0/controllable__r1__robot_dhaboz/right_arm_link6.
2026-05-12 16:11:54 [59,205ms] [Warning] [omni.physx.plugin] Invalid PhysX transform detected for /World/scene_0/controllable__r1__robot_dhaboz/left_gripper_link1.
2026-05-12 16:11:54 [59,205ms] [Warning] [omni.physx.plugin] Invalid PhysX transform detected for /World/scene_0/controllable__r1__robot_dhaboz/left_gripper_link2.
2026-05-12 16:11:54 [59,205ms] [Warning] [omni.physx.plugin] Invalid PhysX transform detected for /World/scene_0/controllable__r1__robot_dhaboz/left_eef_link.
2026-05-12 16:11:54 [59,205ms] [Warning] [omni.physx.plugin] Invalid PhysX transform detected for /World/scene_0/controllable__r1__robot_dhaboz/right_gripper_link1.
2026-05-12 16:11:54 [59,205ms] [Warning] [omni.physx.plugin] Invalid PhysX transform detected for /World/scene_0/controllable__r1__robot_dhaboz/right_gripper_link2.
2026-05-12 16:11:54 [59,205ms] [Warning] [omni.physx.plugin] Invalid PhysX transform detected for /World/scene_0/controllable__r1__robot_dhaboz/right_eef_link.
2026-05-12 16:11:54 [59,288ms] [Warning] [omni.physx.plugin] Invalid PhysX transform detected for /World/scene_0/controllable__r1__robot_dhaboz/base_footprint_y.
2026-05-12 16:11:54 [59,288ms] [Warning] [omni.physx.plugin] Invalid PhysX transform detected for /World/scene_0/controllable__r1__robot_dhaboz/base_footprint_z.
2026-05-12 16:11:54 [59,288ms] [Warning] [omni.physx.plugin] Invalid PhysX transform detected for /World/scene_0/controllable__r1__robot_dhaboz/base_footprint_rx.
2026-05-12 16:11:54 [59,288ms] [Warning] [omni.physx.plugin] Invalid PhysX transform detected for /World/scene_0/controllable__r1__robot_dhaboz/base_footprint_ry.
2026-05-12 16:11:54 [59,288ms] [Warning] [omni.physx.plugin] Invalid PhysX transform detected for /World/scene_0/controllable__r1__robot_dhaboz/base_footprint_rz.
2026-05-12 16:11:54 [59,288ms] [Warning] [omni.physx.plugin] Invalid PhysX transform detected for /World/scene_0/controllable__r1__robot_dhaboz/base_link.
2026-05-12 16:11:54 [59,288ms] [Warning] [omni.physx.plugin] Invalid PhysX transform detected for /World/scene_0/controllable__r1__robot_dhaboz/servo_link1.
2026-05-12 16:11:54 [59,288ms] [Warning] [omni.physx.plugin] Invalid PhysX transform detected for /World/scene_0/controllable__r1__robot_dhaboz/servo_link2.
2026-05-12 16:11:54 [59,288ms] [Warning] [omni.physx.plugin] Invalid PhysX transform detected for /World/scene_0/controllable__r1__robot_dhaboz/servo_link3.
2026-05-12 16:11:54 [59,288ms] [Warning] [omni.physx.plugin] Invalid PhysX transform detected for /World/scene_0/controllable__r1__robot_dhaboz/torso_link1.
2026-05-12 16:11:54 [59,288ms] [Warning] [omni.physx.plugin] Invalid PhysX transform detected for /World/scene_0/controllable__r1__robot_dhaboz/wheel_link1.
2026-05-12 16:11:54 [59,288ms] [Warning] [omni.physx.plugin] Invalid PhysX transform detected for /World/scene_0/controllable__r1__robot_dhaboz/wheel_link2.
2026-05-12 16:11:54 [59,288ms] [Warning] [omni.physx.plugin] Invalid PhysX transform detected for /World/scene_0/controllable__r1__robot_dhaboz/wheel_link3.
2026-05-12 16:11:54 [59,288ms] [Warning] [omni.physx.plugin] Invalid PhysX transform detected for /World/scene_0/controllable__r1__robot_dhaboz/torso_link2.
2026-05-12 16:11:54 [59,288ms] [Warning] [omni.physx.plugin] Invalid PhysX transform detected for /World/scene_0/controllable__r1__robot_dhaboz/torso_link3.
2026-05-12 16:11:54 [59,288ms] [Warning] [omni.physx.plugin] Invalid PhysX transform detected for /World/scene_0/controllable__r1__robot_dhaboz/torso_link4.
2026-05-12 16:11:54 [59,288ms] [Warning] [omni.physx.plugin] Invalid PhysX transform detected for /World/scene_0/controllable__r1__robot_dhaboz/left_arm_link1.
2026-05-12 16:11:54 [59,288ms] [Warning] [omni.physx.plugin] Invalid PhysX transform detected for /World/scene_0/controllable__r1__robot_dhaboz/right_arm_link1.
2026-05-12 16:11:54 [59,288ms] [Warning] [omni.physx.plugin] Invalid PhysX transform detected for /World/scene_0/controllable__r1__robot_dhaboz/eyes.
2026-05-12 16:11:54 [59,288ms] [Warning] [omni.physx.plugin] Invalid PhysX transform detected for /World/scene_0/controllable__r1__robot_dhaboz/left_arm_link2.
2026-05-12 16:11:54 [59,288ms] [Warning] [omni.physx.plugin] Invalid PhysX transform detected for /World/scene_0/controllable__r1__robot_dhaboz/right_arm_link2.
2026-05-12 16:11:54 [59,288ms] [Warning] [omni.physx.plugin] Invalid PhysX transform detected for /World/scene_0/controllable__r1__robot_dhaboz/left_arm_link3.
2026-05-12 16:11:54 [59,289ms] [Warning] [omni.physx.plugin] Invalid PhysX transform detected for /World/scene_0/controllable__r1__robot_dhaboz/right_arm_link3.
2026-05-12 16:11:54 [59,289ms] [Warning] [omni.physx.plugin] Invalid PhysX transform detected for /World/scene_0/controllable__r1__robot_dhaboz/left_arm_link4.
2026-05-12 16:11:54 [59,289ms] [Warning] [omni.physx.plugin] Invalid PhysX transform detected for /World/scene_0/controllable__r1__robot_dhaboz/right_arm_link4.
2026-05-12 16:11:54 [59,289ms] [Warning] [omni.physx.plugin] Invalid PhysX transform detected for /World/scene_0/controllable__r1__robot_dhaboz/left_arm_link5.
2026-05-12 16:11:54 [59,289ms] [Warning] [omni.physx.plugin] Invalid PhysX transform detected for /World/scene_0/controllable__r1__robot_dhaboz/right_arm_link5.
2026-05-12 16:11:54 [59,289ms] [Warning] [omni.physx.plugin] Invalid PhysX transform detected for /World/scene_0/controllable__r1__robot_dhaboz/left_arm_link6.
2026-05-12 16:11:54 [59,289ms] [Warning] [omni.physx.plugin] Invalid PhysX transform detected for /World/scene_0/controllable__r1__robot_dhaboz/right_arm_link6.
2026-05-12 16:11:54 [59,289ms] [Warning] [omni.physx.plugin] Invalid PhysX transform detected for /World/scene_0/controllable__r1__robot_dhaboz/left_gripper_link1.
2026-05-12 16:11:54 [59,289ms] [Warning] [omni.physx.plugin] Invalid PhysX transform detected for /World/scene_0/controllable__r1__robot_dhaboz/left_gripper_link2.
2026-05-12 16:11:54 [59,289ms] [Warning] [omni.physx.plugin] Invalid PhysX transform detected for /World/scene_0/controllable__r1__robot_dhaboz/left_eef_link.
2026-05-12 16:11:54 [59,289ms] [Warning] [omni.physx.plugin] Invalid PhysX transform detected for /World/scene_0/controllable__r1__robot_dhaboz/right_gripper_link1.
2026-05-12 16:11:54 [59,289ms] [Warning] [omni.physx.plugin] Invalid PhysX transform detected for /World/scene_0/controllable__r1__robot_dhaboz/right_gripper_link2.
2026-05-12 16:11:54 [59,289ms] [Warning] [omni.physx.plugin] Invalid PhysX transform detected for /World/scene_0/controllable__r1__robot_dhaboz/right_eef_link.
2026-05-12 16:11:54 [59,372ms] [Warning] [omni.physx.plugin] Invalid PhysX transform detected for /World/scene_0/controllable__r1__robot_dhaboz/base_footprint_y.
2026-05-12 16:11:54 [59,372ms] [Warning] [omni.physx.plugin] Invalid PhysX transform detected for /World/scene_0/controllable__r1__robot_dhaboz/base_footprint_z.
2026-05-12 16:11:54 [59,372ms] [Warning] [omni.physx.plugin] Invalid PhysX transform detected for /World/scene_0/controllable__r1__robot_dhaboz/base_footprint_rx.
2026-05-12 16:11:54 [59,372ms] [Warning] [omni.physx.plugin] Invalid PhysX transform detected for /World/scene_0/controllable__r1__robot_dhaboz/base_footprint_ry.
2026-05-12 16:11:54 [59,372ms] [Warning] [omni.physx.plugin] Invalid PhysX transform detected for /World/scene_0/controllable__r1__robot_dhaboz/base_footprint_rz.
2026-05-12 16:11:54 [59,372ms] [Warning] [omni.physx.plugin] Invalid PhysX transform detected for /World/scene_0/controllable__r1__robot_dhaboz/base_link.
2026-05-12 16:11:54 [59,372ms] [Warning] [omni.physx.plugin] Invalid PhysX transform detected for /World/scene_0/controllable__r1__robot_dhaboz/servo_link1.
2026-05-12 16:11:54 [59,372ms] [Warning] [omni.physx.plugin] Invalid PhysX transform detected for /World/scene_0/controllable__r1__robot_dhaboz/servo_link2.
2026-05-12 16:11:54 [59,372ms] [Warning] [omni.physx.plugin] Invalid PhysX transform detected for /World/scene_0/controllable__r1__robot_dhaboz/servo_link3.
2026-05-12 16:11:54 [59,372ms] [Warning] [omni.physx.plugin] Invalid PhysX transform detected for /World/scene_0/controllable__r1__robot_dhaboz/torso_link1.
2026-05-12 16:11:54 [59,372ms] [Warning] [omni.physx.plugin] Invalid PhysX transform detected for /World/scene_0/controllable__r1__robot_dhaboz/wheel_link1.
2026-05-12 16:11:54 [59,372ms] [Warning] [omni.physx.plugin] Invalid PhysX transform detected for /World/scene_0/controllable__r1__robot_dhaboz/wheel_link2.
2026-05-12 16:11:54 [59,372ms] [Warning] [omni.physx.plugin] Invalid PhysX transform detected for /World/scene_0/controllable__r1__robot_dhaboz/wheel_link3.
2026-05-12 16:11:54 [59,372ms] [Warning] [omni.physx.plugin] Invalid PhysX transform detected for /World/scene_0/controllable__r1__robot_dhaboz/torso_link2.
2026-05-12 16:11:54 [59,372ms] [Warning] [omni.physx.plugin] Invalid PhysX transform detected for /World/scene_0/controllable__r1__robot_dhaboz/torso_link3.
2026-05-12 16:11:54 [59,372ms] [Warning] [omni.physx.plugin] Invalid PhysX transform detected for /World/scene_0/controllable__r1__robot_dhaboz/torso_link4.
2026-05-12 16:11:54 [59,372ms] [Warning] [omni.physx.plugin] Invalid PhysX transform detected for /World/scene_0/controllable__r1__robot_dhaboz/left_arm_link1.
2026-05-12 16:11:54 [59,372ms] [Warning] [omni.physx.plugin] Invalid PhysX transform detected for /World/scene_0/controllable__r1__robot_dhaboz/right_arm_link1.
2026-05-12 16:11:54 [59,372ms] [Warning] [omni.physx.plugin] Invalid PhysX transform detected for /World/scene_0/controllable__r1__robot_dhaboz/eyes.
2026-05-12 16:11:54 [59,373ms] [Warning] [omni.physx.plugin] Invalid PhysX transform detected for /World/scene_0/controllable__r1__robot_dhaboz/left_arm_link2.
2026-05-12 16:11:54 [59,373ms] [Warning] [omni.physx.plugin] Invalid PhysX transform detected for /World/scene_0/controllable__r1__robot_dhaboz/right_arm_link2.
2026-05-12 16:11:54 [59,373ms] [Warning] [omni.physx.plugin] Invalid PhysX transform detected for /World/scene_0/controllable__r1__robot_dhaboz/left_arm_link3.
2026-05-12 16:11:54 [59,373ms] [Warning] [omni.physx.plugin] Invalid PhysX transform detected for /World/scene_0/controllable__r1__robot_dhaboz/right_arm_link3.
2026-05-12 16:11:54 [59,373ms] [Warning] [omni.physx.plugin] Invalid PhysX transform detected for /World/scene_0/controllable__r1__robot_dhaboz/left_arm_link4.
2026-05-12 16:11:54 [59,373ms] [Warning] [omni.physx.plugin] Invalid PhysX transform detected for /World/scene_0/controllable__r1__robot_dhaboz/right_arm_link4.
2026-05-12 16:11:54 [59,373ms] [Warning] [omni.physx.plugin] Invalid PhysX transform detected for /World/scene_0/controllable__r1__robot_dhaboz/left_arm_link5.
2026-05-12 16:11:54 [59,373ms] [Warning] [omni.physx.plugin] Invalid PhysX transform detected for /World/scene_0/controllable__r1__robot_dhaboz/right_arm_link5.
2026-05-12 16:11:54 [59,373ms] [Warning] [omni.physx.plugin] Invalid PhysX transform detected for /World/scene_0/controllable__r1__robot_dhaboz/left_arm_link6.
2026-05-12 16:11:54 [59,373ms] [Warning] [omni.physx.plugin] Invalid PhysX transform detected for /World/scene_0/controllable__r1__robot_dhaboz/right_arm_link6.
2026-05-12 16:11:54 [59,373ms] [Warning] [omni.physx.plugin] Invalid PhysX transform detected for /World/scene_0/controllable__r1__robot_dhaboz/left_gripper_link1.
2026-05-12 16:11:54 [59,373ms] [Warning] [omni.physx.plugin] Invalid PhysX transform detected for /World/scene_0/controllable__r1__robot_dhaboz/left_gripper_link2.
2026-05-12 16:11:54 [59,373ms] [Warning] [omni.physx.plugin] Invalid PhysX transform detected for /World/scene_0/controllable__r1__robot_dhaboz/left_eef_link.
2026-05-12 16:11:54 [59,373ms] [Warning] [omni.physx.plugin] Invalid PhysX transform detected for /World/scene_0/controllable__r1__robot_dhaboz/right_gripper_link1.
2026-05-12 16:11:54 [59,373ms] [Warning] [omni.physx.plugin] Invalid PhysX transform detected for /World/scene_0/controllable__r1__robot_dhaboz/right_gripper_link2.
2026-05-12 16:11:54 [59,373ms] [Warning] [omni.physx.plugin] Invalid PhysX transform detected for /World/scene_0/controllable__r1__robot_dhaboz/right_eef_link.
2026-05-12 16:11:55 [59,455ms] [Warning] [omni.physx.plugin] Invalid PhysX transform detected for /World/scene_0/controllable__r1__robot_dhaboz/base_footprint_y.
2026-05-12 16:11:55 [59,455ms] [Warning] [omni.physx.plugin] Invalid PhysX transform detected for /World/scene_0/controllable__r1__robot_dhaboz/base_footprint_z.
2026-05-12 16:11:55 [59,455ms] [Warning] [omni.physx.plugin] Invalid PhysX transform detected for /World/scene_0/controllable__r1__robot_dhaboz/base_footprint_rx.
2026-05-12 16:11:55 [59,455ms] [Warning] [omni.physx.plugin] Invalid PhysX transform detected for /World/scene_0/controllable__r1__robot_dhaboz/base_footprint_ry.
2026-05-12 16:11:55 [59,455ms] [Warning] [omni.physx.plugin] Invalid PhysX transform detected for /World/scene_0/controllable__r1__robot_dhaboz/base_footprint_rz.
2026-05-12 16:11:55 [59,455ms] [Warning] [omni.physx.plugin] Invalid PhysX transform detected for /World/scene_0/controllable__r1__robot_dhaboz/base_link.
2026-05-12 16:11:55 [59,455ms] [Warning] [omni.physx.plugin] Invalid PhysX transform detected for /World/scene_0/controllable__r1__robot_dhaboz/servo_link1.
2026-05-12 16:11:55 [59,455ms] [Warning] [omni.physx.plugin] Invalid PhysX transform detected for /World/scene_0/controllable__r1__robot_dhaboz/servo_link2.
2026-05-12 16:11:55 [59,455ms] [Warning] [omni.physx.plugin] Invalid PhysX transform detected for /World/scene_0/controllable__r1__robot_dhaboz/servo_link3.
2026-05-12 16:11:55 [59,455ms] [Warning] [omni.physx.plugin] Invalid PhysX transform detected for /World/scene_0/controllable__r1__robot_dhaboz/torso_link1.
2026-05-12 16:11:55 [59,456ms] [Warning] [omni.physx.plugin] Invalid PhysX transform detected for /World/scene_0/controllable__r1__robot_dhaboz/wheel_link1.
2026-05-12 16:11:55 [59,456ms] [Warning] [omni.physx.plugin] Invalid PhysX transform detected for /World/scene_0/controllable__r1__robot_dhaboz/wheel_link2.
2026-05-12 16:11:55 [59,456ms] [Warning] [omni.physx.plugin] Invalid PhysX transform detected for /World/scene_0/controllable__r1__robot_dhaboz/wheel_link3.
2026-05-12 16:11:55 [59,456ms] [Warning] [omni.physx.plugin] Invalid PhysX transform detected for /World/scene_0/controllable__r1__robot_dhaboz/torso_link2.
2026-05-12 16:11:55 [59,456ms] [Warning] [omni.physx.plugin] Invalid PhysX transform detected for /World/scene_0/controllable__r1__robot_dhaboz/torso_link3.
2026-05-12 16:11:55 [59,456ms] [Warning] [omni.physx.plugin] Invalid PhysX transform detected for /World/scene_0/controllable__r1__robot_dhaboz/torso_link4.
2026-05-12 16:11:55 [59,456ms] [Warning] [omni.physx.plugin] Invalid PhysX transform detected for /World/scene_0/controllable__r1__robot_dhaboz/left_arm_link1.
2026-05-12 16:11:55 [59,456ms] [Warning] [omni.physx.plugin] Invalid PhysX transform detected for /World/scene_0/controllable__r1__robot_dhaboz/right_arm_link1.
2026-05-12 16:11:55 [59,456ms] [Warning] [omni.physx.plugin] Invalid PhysX transform detected for /World/scene_0/controllable__r1__robot_dhaboz/eyes.
2026-05-12 16:11:55 [59,456ms] [Warning] [omni.physx.plugin] Invalid PhysX transform detected for /World/scene_0/controllable__r1__robot_dhaboz/left_arm_link2.
2026-05-12 16:11:55 [59,456ms] [Warning] [omni.physx.plugin] Invalid PhysX transform detected for /World/scene_0/controllable__r1__robot_dhaboz/right_arm_link2.
2026-05-12 16:11:55 [59,456ms] [Warning] [omni.physx.plugin] Invalid PhysX transform detected for /World/scene_0/controllable__r1__robot_dhaboz/left_arm_link3.
2026-05-12 16:11:55 [59,456ms] [Warning] [omni.physx.plugin] Invalid PhysX transform detected for /World/scene_0/controllable__r1__robot_dhaboz/right_arm_link3.
2026-05-12 16:11:55 [59,456ms] [Warning] [omni.physx.plugin] Invalid PhysX transform detected for /World/scene_0/controllable__r1__robot_dhaboz/left_arm_link4.
2026-05-12 16:11:55 [59,456ms] [Warning] [omni.physx.plugin] Invalid PhysX transform detected for /World/scene_0/controllable__r1__robot_dhaboz/right_arm_link4.
2026-05-12 16:11:55 [59,456ms] [Warning] [omni.physx.plugin] Invalid PhysX transform detected for /World/scene_0/controllable__r1__robot_dhaboz/left_arm_link5.
2026-05-12 16:11:55 [59,456ms] [Warning] [omni.physx.plugin] Invalid PhysX transform detected for /World/scene_0/controllable__r1__robot_dhaboz/right_arm_link5.
2026-05-12 16:11:55 [59,456ms] [Warning] [omni.physx.plugin] Invalid PhysX transform detected for /World/scene_0/controllable__r1__robot_dhaboz/left_arm_link6.
2026-05-12 16:11:55 [59,456ms] [Warning] [omni.physx.plugin] Invalid PhysX transform detected for /World/scene_0/controllable__r1__robot_dhaboz/right_arm_link6.
2026-05-12 16:11:55 [59,456ms] [Warning] [omni.physx.plugin] Invalid PhysX transform detected for /World/scene_0/controllable__r1__robot_dhaboz/left_gripper_link1.
2026-05-12 16:11:55 [59,456ms] [Warning] [omni.physx.plugin] Invalid PhysX transform detected for /World/scene_0/controllable__r1__robot_dhaboz/left_gripper_link2.
2026-05-12 16:11:55 [59,456ms] [Warning] [omni.physx.plugin] Invalid PhysX transform detected for /World/scene_0/controllable__r1__robot_dhaboz/left_eef_link.
2026-05-12 16:11:55 [59,456ms] [Warning] [omni.physx.plugin] Invalid PhysX transform detected for /World/scene_0/controllable__r1__robot_dhaboz/right_gripper_link1.
2026-05-12 16:11:55 [59,456ms] [Warning] [omni.physx.plugin] Invalid PhysX transform detected for /World/scene_0/controllable__r1__robot_dhaboz/right_gripper_link2.
2026-05-12 16:11:55 [59,456ms] [Warning] [omni.physx.plugin] Invalid PhysX transform detected for /World/scene_0/controllable__r1__robot_dhaboz/right_eef_link.
2026-05-12 16:11:55 [59,539ms] [Warning] [omni.physx.plugin] Invalid PhysX transform detected for /World/scene_0/controllable__r1__robot_dhaboz/base_footprint_y.
2026-05-12 16:11:55 [59,539ms] [Warning] [omni.physx.plugin] Invalid PhysX transform detected for /World/scene_0/controllable__r1__robot_dhaboz/base_footprint_z.
2026-05-12 16:11:55 [59,539ms] [Warning] [omni.physx.plugin] Invalid PhysX transform detected for /World/scene_0/controllable__r1__robot_dhaboz/base_footprint_rx.
2026-05-12 16:11:55 [59,539ms] [Warning] [omni.physx.plugin] Invalid PhysX transform detected for /World/scene_0/controllable__r1__robot_dhaboz/base_footprint_ry.
2026-05-12 16:11:55 [59,539ms] [Warning] [omni.physx.plugin] Invalid PhysX transform detected for /World/scene_0/controllable__r1__robot_dhaboz/base_footprint_rz.
2026-05-12 16:11:55 [59,539ms] [Warning] [omni.physx.plugin] Invalid PhysX transform detected for /World/scene_0/controllable__r1__robot_dhaboz/base_link.
2026-05-12 16:11:55 [59,539ms] [Warning] [omni.physx.plugin] Invalid PhysX transform detected for /World/scene_0/controllable__r1__robot_dhaboz/servo_link1.
2026-05-12 16:11:55 [59,539ms] [Warning] [omni.physx.plugin] Invalid PhysX transform detected for /World/scene_0/controllable__r1__robot_dhaboz/servo_link2.
2026-05-12 16:11:55 [59,539ms] [Warning] [omni.physx.plugin] Invalid PhysX transform detected for /World/scene_0/controllable__r1__robot_dhaboz/servo_link3.
2026-05-12 16:11:55 [59,539ms] [Warning] [omni.physx.plugin] Invalid PhysX transform detected for /World/scene_0/controllable__r1__robot_dhaboz/torso_link1.
2026-05-12 16:11:55 [59,539ms] [Warning] [omni.physx.plugin] Invalid PhysX transform detected for /World/scene_0/controllable__r1__robot_dhaboz/wheel_link1.
2026-05-12 16:11:55 [59,539ms] [Warning] [omni.physx.plugin] Invalid PhysX transform detected for /World/scene_0/controllable__r1__robot_dhaboz/wheel_link2.
2026-05-12 16:11:55 [59,539ms] [Warning] [omni.physx.plugin] Invalid PhysX transform detected for /World/scene_0/controllable__r1__robot_dhaboz/wheel_link3.
2026-05-12 16:11:55 [59,539ms] [Warning] [omni.physx.plugin] Invalid PhysX transform detected for /World/scene_0/controllable__r1__robot_dhaboz/torso_link2.
2026-05-12 16:11:55 [59,539ms] [Warning] [omni.physx.plugin] Invalid PhysX transform detected for /World/scene_0/controllable__r1__robot_dhaboz/torso_link3.
2026-05-12 16:11:55 [59,539ms] [Warning] [omni.physx.plugin] Invalid PhysX transform detected for /World/scene_0/controllable__r1__robot_dhaboz/torso_link4.
2026-05-12 16:11:55 [59,539ms] [Warning] [omni.physx.plugin] Invalid PhysX transform detected for /World/scene_0/controllable__r1__robot_dhaboz/left_arm_link1.
2026-05-12 16:11:55 [59,539ms] [Warning] [omni.physx.plugin] Invalid PhysX transform detected for /World/scene_0/controllable__r1__robot_dhaboz/right_arm_link1.
2026-05-12 16:11:55 [59,539ms] [Warning] [omni.physx.plugin] Invalid PhysX transform detected for /World/scene_0/controllable__r1__robot_dhaboz/eyes.
2026-05-12 16:11:55 [59,539ms] [Warning] [omni.physx.plugin] Invalid PhysX transform detected for /World/scene_0/controllable__r1__robot_dhaboz/left_arm_link2.
2026-05-12 16:11:55 [59,539ms] [Warning] [omni.physx.plugin] Invalid PhysX transform detected for /World/scene_0/controllable__r1__robot_dhaboz/right_arm_link2.
2026-05-12 16:11:55 [59,539ms] [Warning] [omni.physx.plugin] Invalid PhysX transform detected for /World/scene_0/controllable__r1__robot_dhaboz/left_arm_link3.
2026-05-12 16:11:55 [59,539ms] [Warning] [omni.physx.plugin] Invalid PhysX transform detected for /World/scene_0/controllable__r1__robot_dhaboz/right_arm_link3.
2026-05-12 16:11:55 [59,539ms] [Warning] [omni.physx.plugin] Invalid PhysX transform detected for /World/scene_0/controllable__r1__robot_dhaboz/left_arm_link4.
2026-05-12 16:11:55 [59,539ms] [Warning] [omni.physx.plugin] Invalid PhysX transform detected for /World/scene_0/controllable__r1__robot_dhaboz/right_arm_link4.
2026-05-12 16:11:55 [59,539ms] [Warning] [omni.physx.plugin] Invalid PhysX transform detected for /World/scene_0/controllable__r1__robot_dhaboz/left_arm_link5.
2026-05-12 16:11:55 [59,539ms] [Warning] [omni.physx.plugin] Invalid PhysX transform detected for /World/scene_0/controllable__r1__robot_dhaboz/right_arm_link5.
2026-05-12 16:11:55 [59,539ms] [Warning] [omni.physx.plugin] Invalid PhysX transform detected for /World/scene_0/controllable__r1__robot_dhaboz/left_arm_link6.
2026-05-12 16:11:55 [59,539ms] [Warning] [omni.physx.plugin] Invalid PhysX transform detected for /World/scene_0/controllable__r1__robot_dhaboz/right_arm_link6.
2026-05-12 16:11:55 [59,539ms] [Warning] [omni.physx.plugin] Invalid PhysX transform detected for /World/scene_0/controllable__r1__robot_dhaboz/left_gripper_link1.
2026-05-12 16:11:55 [59,539ms] [Warning] [omni.physx.plugin] Invalid PhysX transform detected for /World/scene_0/controllable__r1__robot_dhaboz/left_gripper_link2.
2026-05-12 16:11:55 [59,539ms] [Warning] [omni.physx.plugin] Invalid PhysX transform detected for /World/scene_0/controllable__r1__robot_dhaboz/left_eef_link.
2026-05-12 16:11:55 [59,539ms] [Warning] [omni.physx.plugin] Invalid PhysX transform detected for /World/scene_0/controllable__r1__robot_dhaboz/right_gripper_link1.
2026-05-12 16:11:55 [59,539ms] [Warning] [omni.physx.plugin] Invalid PhysX transform detected for /World/scene_0/controllable__r1__robot_dhaboz/right_gripper_link2.
2026-05-12 16:11:55 [59,539ms] [Warning] [omni.physx.plugin] Invalid PhysX transform detected for /World/scene_0/controllable__r1__robot_dhaboz/right_eef_link.
2026-05-12 16:11:55 [59,677ms] [Warning] [omni.physx.plugin] Invalid PhysX transform detected for /World/scene_0/controllable__r1__robot_dhaboz/base_footprint_y.
2026-05-12 16:11:55 [59,677ms] [Warning] [omni.physx.plugin] Invalid PhysX transform detected for /World/scene_0/controllable__r1__robot_dhaboz/base_footprint_z.
2026-05-12 16:11:55 [59,677ms] [Warning] [omni.physx.plugin] Invalid PhysX transform detected for /World/scene_0/controllable__r1__robot_dhaboz/base_footprint_rx.
2026-05-12 16:11:55 [59,677ms] [Warning] [omni.physx.plugin] Invalid PhysX transform detected for /World/scene_0/controllable__r1__robot_dhaboz/base_footprint_ry.
2026-05-12 16:11:55 [59,677ms] [Warning] [omni.physx.plugin] Invalid PhysX transform detected for /World/scene_0/controllable__r1__robot_dhaboz/base_footprint_rz.
2026-05-12 16:11:55 [59,677ms] [Warning] [omni.physx.plugin] Invalid PhysX transform detected for /World/scene_0/controllable__r1__robot_dhaboz/base_link.
2026-05-12 16:11:55 [59,677ms] [Warning] [omni.physx.plugin] Invalid PhysX transform detected for /World/scene_0/controllable__r1__robot_dhaboz/servo_link1.
2026-05-12 16:11:55 [59,677ms] [Warning] [omni.physx.plugin] Invalid PhysX transform detected for /World/scene_0/controllable__r1__robot_dhaboz/servo_link2.
2026-05-12 16:11:55 [59,677ms] [Warning] [omni.physx.plugin] Invalid PhysX transform detected for /World/scene_0/controllable__r1__robot_dhaboz/servo_link3.
2026-05-12 16:11:55 [59,677ms] [Warning] [omni.physx.plugin] Invalid PhysX transform detected for /World/scene_0/controllable__r1__robot_dhaboz/torso_link1.
2026-05-12 16:11:55 [59,677ms] [Warning] [omni.physx.plugin] Invalid PhysX transform detected for /World/scene_0/controllable__r1__robot_dhaboz/wheel_link1.
2026-05-12 16:11:55 [59,677ms] [Warning] [omni.physx.plugin] Invalid PhysX transform detected for /World/scene_0/controllable__r1__robot_dhaboz/wheel_link2.
2026-05-12 16:11:55 [59,677ms] [Warning] [omni.physx.plugin] Invalid PhysX transform detected for /World/scene_0/controllable__r1__robot_dhaboz/wheel_link3.
2026-05-12 16:11:55 [59,677ms] [Warning] [omni.physx.plugin] Invalid PhysX transform detected for /World/scene_0/controllable__r1__robot_dhaboz/torso_link2.
2026-05-12 16:11:55 [59,677ms] [Warning] [omni.physx.plugin] Invalid PhysX transform detected for /World/scene_0/controllable__r1__robot_dhaboz/torso_link3.
2026-05-12 16:11:55 [59,677ms] [Warning] [omni.physx.plugin] Invalid PhysX transform detected for /World/scene_0/controllable__r1__robot_dhaboz/torso_link4.
2026-05-12 16:11:55 [59,677ms] [Warning] [omni.physx.plugin] Invalid PhysX transform detected for /World/scene_0/controllable__r1__robot_dhaboz/left_arm_link1.
2026-05-12 16:11:55 [59,677ms] [Warning] [omni.physx.plugin] Invalid PhysX transform detected for /World/scene_0/controllable__r1__robot_dhaboz/right_arm_link1.
2026-05-12 16:11:55 [59,677ms] [Warning] [omni.physx.plugin] Invalid PhysX transform detected for /World/scene_0/controllable__r1__robot_dhaboz/eyes.
2026-05-12 16:11:55 [59,677ms] [Warning] [omni.physx.plugin] Invalid PhysX transform detected for /World/scene_0/controllable__r1__robot_dhaboz/left_arm_link2.
2026-05-12 16:11:55 [59,677ms] [Warning] [omni.physx.plugin] Invalid PhysX transform detected for /World/scene_0/controllable__r1__robot_dhaboz/right_arm_link2.
2026-05-12 16:11:55 [59,677ms] [Warning] [omni.physx.plugin] Invalid PhysX transform detected for /World/scene_0/controllable__r1__robot_dhaboz/left_arm_link3.
2026-05-12 16:11:55 [59,677ms] [Warning] [omni.physx.plugin] Invalid PhysX transform detected for /World/scene_0/controllable__r1__robot_dhaboz/right_arm_link3.
2026-05-12 16:11:55 [59,677ms] [Warning] [omni.physx.plugin] Invalid PhysX transform detected for /World/scene_0/controllable__r1__robot_dhaboz/left_arm_link4.
2026-05-12 16:11:55 [59,677ms] [Warning] [omni.physx.plugin] Invalid PhysX transform detected for /World/scene_0/controllable__r1__robot_dhaboz/right_arm_link4.
2026-05-12 16:11:55 [59,677ms] [Warning] [omni.physx.plugin] Invalid PhysX transform detected for /World/scene_0/controllable__r1__robot_dhaboz/left_arm_link5.
2026-05-12 16:11:55 [59,677ms] [Warning] [omni.physx.plugin] Invalid PhysX transform detected for /World/scene_0/controllable__r1__robot_dhaboz/right_arm_link5.
2026-05-12 16:11:55 [59,677ms] [Warning] [omni.physx.plugin] Invalid PhysX transform detected for /World/scene_0/controllable__r1__robot_dhaboz/left_arm_link6.
2026-05-12 16:11:55 [59,677ms] [Warning] [omni.physx.plugin] Invalid PhysX transform detected for /World/scene_0/controllable__r1__robot_dhaboz/right_arm_link6.
2026-05-12 16:11:55 [59,677ms] [Warning] [omni.physx.plugin] Invalid PhysX transform detected for /World/scene_0/controllable__r1__robot_dhaboz/left_gripper_link1.
2026-05-12 16:11:55 [59,677ms] [Warning] [omni.physx.plugin] Invalid PhysX transform detected for /World/scene_0/controllable__r1__robot_dhaboz/left_gripper_link2.
2026-05-12 16:11:55 [59,677ms] [Warning] [omni.physx.plugin] Invalid PhysX transform detected for /World/scene_0/controllable__r1__robot_dhaboz/left_eef_link.
2026-05-12 16:11:55 [59,677ms] [Warning] [omni.physx.plugin] Invalid PhysX transform detected for /World/scene_0/controllable__r1__robot_dhaboz/right_gripper_link1.
2026-05-12 16:11:55 [59,677ms] [Warning] [omni.physx.plugin] Invalid PhysX transform detected for /World/scene_0/controllable__r1__robot_dhaboz/right_gripper_link2.
2026-05-12 16:11:55 [59,677ms] [Warning] [omni.physx.plugin] Invalid PhysX transform detected for /World/scene_0/controllable__r1__robot_dhaboz/right_eef_link.
2026-05-12 16:11:55 [59,785ms] [Warning] [omni.physx.plugin] Invalid PhysX transform detected for /World/scene_0/controllable__r1__robot_dhaboz/base_footprint_y.
2026-05-12 16:11:55 [59,785ms] [Warning] [omni.physx.plugin] Invalid PhysX transform detected for /World/scene_0/controllable__r1__robot_dhaboz/base_footprint_z.
2026-05-12 16:11:55 [59,785ms] [Warning] [omni.physx.plugin] Invalid PhysX transform detected for /World/scene_0/controllable__r1__robot_dhaboz/base_footprint_rx.
2026-05-12 16:11:55 [59,785ms] [Warning] [omni.physx.plugin] Invalid PhysX transform detected for /World/scene_0/controllable__r1__robot_dhaboz/base_footprint_ry.
2026-05-12 16:11:55 [59,785ms] [Warning] [omni.physx.plugin] Invalid PhysX transform detected for /World/scene_0/controllable__r1__robot_dhaboz/base_footprint_rz.
2026-05-12 16:11:55 [59,785ms] [Warning] [omni.physx.plugin] Invalid PhysX transform detected for /World/scene_0/controllable__r1__robot_dhaboz/base_link.
2026-05-12 16:11:55 [59,785ms] [Warning] [omni.physx.plugin] Invalid PhysX transform detected for /World/scene_0/controllable__r1__robot_dhaboz/servo_link1.
2026-05-12 16:11:55 [59,785ms] [Warning] [omni.physx.plugin] Invalid PhysX transform detected for /World/scene_0/controllable__r1__robot_dhaboz/servo_link2.
2026-05-12 16:11:55 [59,785ms] [Warning] [omni.physx.plugin] Invalid PhysX transform detected for /World/scene_0/controllable__r1__robot_dhaboz/servo_link3.
2026-05-12 16:11:55 [59,785ms] [Warning] [omni.physx.plugin] Invalid PhysX transform detected for /World/scene_0/controllable__r1__robot_dhaboz/torso_link1.
2026-05-12 16:11:55 [59,785ms] [Warning] [omni.physx.plugin] Invalid PhysX transform detected for /World/scene_0/controllable__r1__robot_dhaboz/wheel_link1.
2026-05-12 16:11:55 [59,785ms] [Warning] [omni.physx.plugin] Invalid PhysX transform detected for /World/scene_0/controllable__r1__robot_dhaboz/wheel_link2.
2026-05-12 16:11:55 [59,785ms] [Warning] [omni.physx.plugin] Invalid PhysX transform detected for /World/scene_0/controllable__r1__robot_dhaboz/wheel_link3.
2026-05-12 16:11:55 [59,785ms] [Warning] [omni.physx.plugin] Invalid PhysX transform detected for /World/scene_0/controllable__r1__robot_dhaboz/torso_link2.
2026-05-12 16:11:55 [59,785ms] [Warning] [omni.physx.plugin] Invalid PhysX transform detected for /World/scene_0/controllable__r1__robot_dhaboz/torso_link3.
2026-05-12 16:11:55 [59,785ms] [Warning] [omni.physx.plugin] Invalid PhysX transform detected for /World/scene_0/controllable__r1__robot_dhaboz/torso_link4.
2026-05-12 16:11:55 [59,785ms] [Warning] [omni.physx.plugin] Invalid PhysX transform detected for /World/scene_0/controllable__r1__robot_dhaboz/left_arm_link1.
2026-05-12 16:11:55 [59,785ms] [Warning] [omni.physx.plugin] Invalid PhysX transform detected for /World/scene_0/controllable__r1__robot_dhaboz/right_arm_link1.
2026-05-12 16:11:55 [59,785ms] [Warning] [omni.physx.plugin] Invalid PhysX transform detected for /World/scene_0/controllable__r1__robot_dhaboz/eyes.
2026-05-12 16:11:55 [59,785ms] [Warning] [omni.physx.plugin] Invalid PhysX transform detected for /World/scene_0/controllable__r1__robot_dhaboz/left_arm_link2.
2026-05-12 16:11:55 [59,785ms] [Warning] [omni.physx.plugin] Invalid PhysX transform detected for /World/scene_0/controllable__r1__robot_dhaboz/right_arm_link2.
2026-05-12 16:11:55 [59,785ms] [Warning] [omni.physx.plugin] Invalid PhysX transform detected for /World/scene_0/controllable__r1__robot_dhaboz/left_arm_link3.
2026-05-12 16:11:55 [59,785ms] [Warning] [omni.physx.plugin] Invalid PhysX transform detected for /World/scene_0/controllable__r1__robot_dhaboz/right_arm_link3.
2026-05-12 16:11:55 [59,785ms] [Warning] [omni.physx.plugin] Invalid PhysX transform detected for /World/scene_0/controllable__r1__robot_dhaboz/left_arm_link4.
2026-05-12 16:11:55 [59,785ms] [Warning] [omni.physx.plugin] Invalid PhysX transform detected for /World/scene_0/controllable__r1__robot_dhaboz/right_arm_link4.
2026-05-12 16:11:55 [59,785ms] [Warning] [omni.physx.plugin] Invalid PhysX transform detected for /World/scene_0/controllable__r1__robot_dhaboz/left_arm_link5.
2026-05-12 16:11:55 [59,785ms] [Warning] [omni.physx.plugin] Invalid PhysX transform detected for /World/scene_0/controllable__r1__robot_dhaboz/right_arm_link5.
2026-05-12 16:11:55 [59,786ms] [Warning] [omni.physx.plugin] Invalid PhysX transform detected for /World/scene_0/controllable__r1__robot_dhaboz/left_arm_link6.
2026-05-12 16:11:55 [59,786ms] [Warning] [omni.physx.plugin] Invalid PhysX transform detected for /World/scene_0/controllable__r1__robot_dhaboz/right_arm_link6.
2026-05-12 16:11:55 [59,786ms] [Warning] [omni.physx.plugin] Invalid PhysX transform detected for /World/scene_0/controllable__r1__robot_dhaboz/left_gripper_link1.
2026-05-12 16:11:55 [59,786ms] [Warning] [omni.physx.plugin] Invalid PhysX transform detected for /World/scene_0/controllable__r1__robot_dhaboz/left_gripper_link2.
2026-05-12 16:11:55 [59,786ms] [Warning] [omni.physx.plugin] Invalid PhysX transform detected for /World/scene_0/controllable__r1__robot_dhaboz/left_eef_link.
2026-05-12 16:11:55 [59,786ms] [Warning] [omni.physx.plugin] Invalid PhysX transform detected for /World/scene_0/controllable__r1__robot_dhaboz/right_gripper_link1.
2026-05-12 16:11:55 [59,786ms] [Warning] [omni.physx.plugin] Invalid PhysX transform detected for /World/scene_0/controllable__r1__robot_dhaboz/right_gripper_link2.
2026-05-12 16:11:55 [59,786ms] [Warning] [omni.physx.plugin] Invalid PhysX transform detected for /World/scene_0/controllable__r1__robot_dhaboz/right_eef_link.
2026-05-12 16:11:55 [59,869ms] [Warning] [omni.physx.plugin] Invalid PhysX transform detected for /World/scene_0/controllable__r1__robot_dhaboz/base_footprint_y.
2026-05-12 16:11:55 [59,869ms] [Warning] [omni.physx.plugin] Invalid PhysX transform detected for /World/scene_0/controllable__r1__robot_dhaboz/base_footprint_z.
2026-05-12 16:11:55 [59,869ms] [Warning] [omni.physx.plugin] Invalid PhysX transform detected for /World/scene_0/controllable__r1__robot_dhaboz/base_footprint_rx.
2026-05-12 16:11:55 [59,869ms] [Warning] [omni.physx.plugin] Invalid PhysX transform detected for /World/scene_0/controllable__r1__robot_dhaboz/base_footprint_ry.
2026-05-12 16:11:55 [59,869ms] [Warning] [omni.physx.plugin] Invalid PhysX transform detected for /World/scene_0/controllable__r1__robot_dhaboz/base_footprint_rz.
2026-05-12 16:11:55 [59,869ms] [Warning] [omni.physx.plugin] Invalid PhysX transform detected for /World/scene_0/controllable__r1__robot_dhaboz/base_link.
2026-05-12 16:11:55 [59,869ms] [Warning] [omni.physx.plugin] Invalid PhysX transform detected for /World/scene_0/controllable__r1__robot_dhaboz/servo_link1.
2026-05-12 16:11:55 [59,869ms] [Warning] [omni.physx.plugin] Invalid PhysX transform detected for /World/scene_0/controllable__r1__robot_dhaboz/servo_link2.
2026-05-12 16:11:55 [59,869ms] [Warning] [omni.physx.plugin] Invalid PhysX transform detected for /World/scene_0/controllable__r1__robot_dhaboz/servo_link3.
2026-05-12 16:11:55 [59,869ms] [Warning] [omni.physx.plugin] Invalid PhysX transform detected for /World/scene_0/controllable__r1__robot_dhaboz/torso_link1.
2026-05-12 16:11:55 [59,869ms] [Warning] [omni.physx.plugin] Invalid PhysX transform detected for /World/scene_0/controllable__r1__robot_dhaboz/wheel_link1.
2026-05-12 16:11:55 [59,869ms] [Warning] [omni.physx.plugin] Invalid PhysX transform detected for /World/scene_0/controllable__r1__robot_dhaboz/wheel_link2.
2026-05-12 16:11:55 [59,869ms] [Warning] [omni.physx.plugin] Invalid PhysX transform detected for /World/scene_0/controllable__r1__robot_dhaboz/wheel_link3.
2026-05-12 16:11:55 [59,869ms] [Warning] [omni.physx.plugin] Invalid PhysX transform detected for /World/scene_0/controllable__r1__robot_dhaboz/torso_link2.
2026-05-12 16:11:55 [59,869ms] [Warning] [omni.physx.plugin] Invalid PhysX transform detected for /World/scene_0/controllable__r1__robot_dhaboz/torso_link3.
2026-05-12 16:11:55 [59,869ms] [Warning] [omni.physx.plugin] Invalid PhysX transform detected for /World/scene_0/controllable__r1__robot_dhaboz/torso_link4.
2026-05-12 16:11:55 [59,869ms] [Warning] [omni.physx.plugin] Invalid PhysX transform detected for /World/scene_0/controllable__r1__robot_dhaboz/left_arm_link1.
2026-05-12 16:11:55 [59,869ms] [Warning] [omni.physx.plugin] Invalid PhysX transform detected for /World/scene_0/controllable__r1__robot_dhaboz/right_arm_link1.
2026-05-12 16:11:55 [59,869ms] [Warning] [omni.physx.plugin] Invalid PhysX transform detected for /World/scene_0/controllable__r1__robot_dhaboz/eyes.
2026-05-12 16:11:55 [59,869ms] [Warning] [omni.physx.plugin] Invalid PhysX transform detected for /World/scene_0/controllable__r1__robot_dhaboz/left_arm_link2.
2026-05-12 16:11:55 [59,869ms] [Warning] [omni.physx.plugin] Invalid PhysX transform detected for /World/scene_0/controllable__r1__robot_dhaboz/right_arm_link2.
2026-05-12 16:11:55 [59,869ms] [Warning] [omni.physx.plugin] Invalid PhysX transform detected for /World/scene_0/controllable__r1__robot_dhaboz/left_arm_link3.
2026-05-12 16:11:55 [59,869ms] [Warning] [omni.physx.plugin] Invalid PhysX transform detected for /World/scene_0/controllable__r1__robot_dhaboz/right_arm_link3.
2026-05-12 16:11:55 [59,869ms] [Warning] [omni.physx.plugin] Invalid PhysX transform detected for /World/scene_0/controllable__r1__robot_dhaboz/left_arm_link4.
2026-05-12 16:11:55 [59,869ms] [Warning] [omni.physx.plugin] Invalid PhysX transform detected for /World/scene_0/controllable__r1__robot_dhaboz/right_arm_link4.
2026-05-12 16:11:55 [59,869ms] [Warning] [omni.physx.plugin] Invalid PhysX transform detected for /World/scene_0/controllable__r1__robot_dhaboz/left_arm_link5.
2026-05-12 16:11:55 [59,869ms] [Warning] [omni.physx.plugin] Invalid PhysX transform detected for /World/scene_0/controllable__r1__robot_dhaboz/right_arm_link5.
2026-05-12 16:11:55 [59,869ms] [Warning] [omni.physx.plugin] Invalid PhysX transform detected for /World/scene_0/controllable__r1__robot_dhaboz/left_arm_link6.
2026-05-12 16:11:55 [59,869ms] [Warning] [omni.physx.plugin] Invalid PhysX transform detected for /World/scene_0/controllable__r1__robot_dhaboz/right_arm_link6.
2026-05-12 16:11:55 [59,869ms] [Warning] [omni.physx.plugin] Invalid PhysX transform detected for /World/scene_0/controllable__r1__robot_dhaboz/left_gripper_link1.
2026-05-12 16:11:55 [59,869ms] [Warning] [omni.physx.plugin] Invalid PhysX transform detected for /World/scene_0/controllable__r1__robot_dhaboz/left_gripper_link2.
2026-05-12 16:11:55 [59,869ms] [Warning] [omni.physx.plugin] Invalid PhysX transform detected for /World/scene_0/controllable__r1__robot_dhaboz/left_eef_link.
2026-05-12 16:11:55 [59,869ms] [Warning] [omni.physx.plugin] Invalid PhysX transform detected for /World/scene_0/controllable__r1__robot_dhaboz/right_gripper_link1.
2026-05-12 16:11:55 [59,869ms] [Warning] [omni.physx.plugin] Invalid PhysX transform detected for /World/scene_0/controllable__r1__robot_dhaboz/right_gripper_link2.
2026-05-12 16:11:55 [59,869ms] [Warning] [omni.physx.plugin] Invalid PhysX transform detected for /World/scene_0/controllable__r1__robot_dhaboz/right_eef_link.
2026-05-12 16:11:55 [59,955ms] [Warning] [omni.physx.plugin] Invalid PhysX transform detected for /World/scene_0/controllable__r1__robot_dhaboz/base_footprint_y.
2026-05-12 16:11:55 [59,955ms] [Warning] [omni.physx.plugin] Invalid PhysX transform detected for /World/scene_0/controllable__r1__robot_dhaboz/base_footprint_z.
2026-05-12 16:11:55 [59,955ms] [Warning] [omni.physx.plugin] Invalid PhysX transform detected for /World/scene_0/controllable__r1__robot_dhaboz/base_footprint_rx.
2026-05-12 16:11:55 [59,955ms] [Warning] [omni.physx.plugin] Invalid PhysX transform detected for /World/scene_0/controllable__r1__robot_dhaboz/base_footprint_ry.
2026-05-12 16:11:55 [59,955ms] [Warning] [omni.physx.plugin] Invalid PhysX transform detected for /World/scene_0/controllable__r1__robot_dhaboz/base_footprint_rz.
2026-05-12 16:11:55 [59,955ms] [Warning] [omni.physx.plugin] Invalid PhysX transform detected for /World/scene_0/controllable__r1__robot_dhaboz/base_link.
2026-05-12 16:11:55 [59,955ms] [Warning] [omni.physx.plugin] Invalid PhysX transform detected for /World/scene_0/controllable__r1__robot_dhaboz/servo_link1.
2026-05-12 16:11:55 [59,955ms] [Warning] [omni.physx.plugin] Invalid PhysX transform detected for /World/scene_0/controllable__r1__robot_dhaboz/servo_link2.
2026-05-12 16:11:55 [59,955ms] [Warning] [omni.physx.plugin] Invalid PhysX transform detected for /World/scene_0/controllable__r1__robot_dhaboz/servo_link3.
2026-05-12 16:11:55 [59,955ms] [Warning] [omni.physx.plugin] Invalid PhysX transform detected for /World/scene_0/controllable__r1__robot_dhaboz/torso_link1.
2026-05-12 16:11:55 [59,955ms] [Warning] [omni.physx.plugin] Invalid PhysX transform detected for /World/scene_0/controllable__r1__robot_dhaboz/wheel_link1.
2026-05-12 16:11:55 [59,955ms] [Warning] [omni.physx.plugin] Invalid PhysX transform detected for /World/scene_0/controllable__r1__robot_dhaboz/wheel_link2.
2026-05-12 16:11:55 [59,955ms] [Warning] [omni.physx.plugin] Invalid PhysX transform detected for /World/scene_0/controllable__r1__robot_dhaboz/wheel_link3.
2026-05-12 16:11:55 [59,955ms] [Warning] [omni.physx.plugin] Invalid PhysX transform detected for /World/scene_0/controllable__r1__robot_dhaboz/torso_link2.
2026-05-12 16:11:55 [59,955ms] [Warning] [omni.physx.plugin] Invalid PhysX transform detected for /World/scene_0/controllable__r1__robot_dhaboz/torso_link3.
2026-05-12 16:11:55 [59,955ms] [Warning] [omni.physx.plugin] Invalid PhysX transform detected for /World/scene_0/controllable__r1__robot_dhaboz/torso_link4.
2026-05-12 16:11:55 [59,955ms] [Warning] [omni.physx.plugin] Invalid PhysX transform detected for /World/scene_0/controllable__r1__robot_dhaboz/left_arm_link1.
2026-05-12 16:11:55 [59,955ms] [Warning] [omni.physx.plugin] Invalid PhysX transform detected for /World/scene_0/controllable__r1__robot_dhaboz/right_arm_link1.
2026-05-12 16:11:55 [59,955ms] [Warning] [omni.physx.plugin] Invalid PhysX transform detected for /World/scene_0/controllable__r1__robot_dhaboz/eyes.
2026-05-12 16:11:55 [59,955ms] [Warning] [omni.physx.plugin] Invalid PhysX transform detected for /World/scene_0/controllable__r1__robot_dhaboz/left_arm_link2.
2026-05-12 16:11:55 [59,955ms] [Warning] [omni.physx.plugin] Invalid PhysX transform detected for /World/scene_0/controllable__r1__robot_dhaboz/right_arm_link2.
2026-05-12 16:11:55 [59,955ms] [Warning] [omni.physx.plugin] Invalid PhysX transform detected for /World/scene_0/controllable__r1__robot_dhaboz/left_arm_link3.
2026-05-12 16:11:55 [59,955ms] [Warning] [omni.physx.plugin] Invalid PhysX transform detected for /World/scene_0/controllable__r1__robot_dhaboz/right_arm_link3.
2026-05-12 16:11:55 [59,955ms] [Warning] [omni.physx.plugin] Invalid PhysX transform detected for /World/scene_0/controllable__r1__robot_dhaboz/left_arm_link4.
2026-05-12 16:11:55 [59,955ms] [Warning] [omni.physx.plugin] Invalid PhysX transform detected for /World/scene_0/controllable__r1__robot_dhaboz/right_arm_link4.
2026-05-12 16:11:55 [59,955ms] [Warning] [omni.physx.plugin] Invalid PhysX transform detected for /World/scene_0/controllable__r1__robot_dhaboz/left_arm_link5.
2026-05-12 16:11:55 [59,955ms] [Warning] [omni.physx.plugin] Invalid PhysX transform detected for /World/scene_0/controllable__r1__robot_dhaboz/right_arm_link5.
2026-05-12 16:11:55 [59,955ms] [Warning] [omni.physx.plugin] Invalid PhysX transform detected for /World/scene_0/controllable__r1__robot_dhaboz/left_arm_link6.
2026-05-12 16:11:55 [59,955ms] [Warning] [omni.physx.plugin] Invalid PhysX transform detected for /World/scene_0/controllable__r1__robot_dhaboz/right_arm_link6.
2026-05-12 16:11:55 [59,955ms] [Warning] [omni.physx.plugin] Invalid PhysX transform detected for /World/scene_0/controllable__r1__robot_dhaboz/left_gripper_link1.
2026-05-12 16:11:55 [59,955ms] [Warning] [omni.physx.plugin] Invalid PhysX transform detected for /World/scene_0/controllable__r1__robot_dhaboz/left_gripper_link2.
2026-05-12 16:11:55 [59,955ms] [Warning] [omni.physx.plugin] Invalid PhysX transform detected for /World/scene_0/controllable__r1__robot_dhaboz/left_eef_link.
2026-05-12 16:11:55 [59,955ms] [Warning] [omni.physx.plugin] Invalid PhysX transform detected for /World/scene_0/controllable__r1__robot_dhaboz/right_gripper_link1.
2026-05-12 16:11:55 [59,955ms] [Warning] [omni.physx.plugin] Invalid PhysX transform detected for /World/scene_0/controllable__r1__robot_dhaboz/right_gripper_link2.
2026-05-12 16:11:55 [59,955ms] [Warning] [omni.physx.plugin] Invalid PhysX transform detected for /World/scene_0/controllable__r1__robot_dhaboz/right_eef_link.
2026-05-12 16:11:55 [60,037ms] [Warning] [omni.physx.plugin] Invalid PhysX transform detected for /World/scene_0/controllable__r1__robot_dhaboz/base_footprint_y.
2026-05-12 16:11:55 [60,037ms] [Warning] [omni.physx.plugin] Invalid PhysX transform detected for /World/scene_0/controllable__r1__robot_dhaboz/base_footprint_z.
2026-05-12 16:11:55 [60,037ms] [Warning] [omni.physx.plugin] Invalid PhysX transform detected for /World/scene_0/controllable__r1__robot_dhaboz/base_footprint_rx.
2026-05-12 16:11:55 [60,037ms] [Warning] [omni.physx.plugin] Invalid PhysX transform detected for /World/scene_0/controllable__r1__robot_dhaboz/base_footprint_ry.
2026-05-12 16:11:55 [60,038ms] [Warning] [omni.physx.plugin] Invalid PhysX transform detected for /World/scene_0/controllable__r1__robot_dhaboz/base_footprint_rz.
2026-05-12 16:11:55 [60,038ms] [Warning] [omni.physx.plugin] Invalid PhysX transform detected for /World/scene_0/controllable__r1__robot_dhaboz/base_link.
2026-05-12 16:11:55 [60,038ms] [Warning] [omni.physx.plugin] Invalid PhysX transform detected for /World/scene_0/controllable__r1__robot_dhaboz/servo_link1.
2026-05-12 16:11:55 [60,038ms] [Warning] [omni.physx.plugin] Invalid PhysX transform detected for /World/scene_0/controllable__r1__robot_dhaboz/servo_link2.
2026-05-12 16:11:55 [60,038ms] [Warning] [omni.physx.plugin] Invalid PhysX transform detected for /World/scene_0/controllable__r1__robot_dhaboz/servo_link3.
2026-05-12 16:11:55 [60,038ms] [Warning] [omni.physx.plugin] Invalid PhysX transform detected for /World/scene_0/controllable__r1__robot_dhaboz/torso_link1.
2026-05-12 16:11:55 [60,038ms] [Warning] [omni.physx.plugin] Invalid PhysX transform detected for /World/scene_0/controllable__r1__robot_dhaboz/wheel_link1.
2026-05-12 16:11:55 [60,038ms] [Warning] [omni.physx.plugin] Invalid PhysX transform detected for /World/scene_0/controllable__r1__robot_dhaboz/wheel_link2.
2026-05-12 16:11:55 [60,038ms] [Warning] [omni.physx.plugin] Invalid PhysX transform detected for /World/scene_0/controllable__r1__robot_dhaboz/wheel_link3.
2026-05-12 16:11:55 [60,038ms] [Warning] [omni.physx.plugin] Invalid PhysX transform detected for /World/scene_0/controllable__r1__robot_dhaboz/torso_link2.
2026-05-12 16:11:55 [60,038ms] [Warning] [omni.physx.plugin] Invalid PhysX transform detected for /World/scene_0/controllable__r1__robot_dhaboz/torso_link3.
2026-05-12 16:11:55 [60,038ms] [Warning] [omni.physx.plugin] Invalid PhysX transform detected for /World/scene_0/controllable__r1__robot_dhaboz/torso_link4.
2026-05-12 16:11:55 [60,038ms] [Warning] [omni.physx.plugin] Invalid PhysX transform detected for /World/scene_0/controllable__r1__robot_dhaboz/left_arm_link1.
2026-05-12 16:11:55 [60,038ms] [Warning] [omni.physx.plugin] Invalid PhysX transform detected for /World/scene_0/controllable__r1__robot_dhaboz/right_arm_link1.
2026-05-12 16:11:55 [60,038ms] [Warning] [omni.physx.plugin] Invalid PhysX transform detected for /World/scene_0/controllable__r1__robot_dhaboz/eyes.
2026-05-12 16:11:55 [60,038ms] [Warning] [omni.physx.plugin] Invalid PhysX transform detected for /World/scene_0/controllable__r1__robot_dhaboz/left_arm_link2.
2026-05-12 16:11:55 [60,038ms] [Warning] [omni.physx.plugin] Invalid PhysX transform detected for /World/scene_0/controllable__r1__robot_dhaboz/right_arm_link2.
2026-05-12 16:11:55 [60,038ms] [Warning] [omni.physx.plugin] Invalid PhysX transform detected for /World/scene_0/controllable__r1__robot_dhaboz/left_arm_link3.
2026-05-12 16:11:55 [60,038ms] [Warning] [omni.physx.plugin] Invalid PhysX transform detected for /World/scene_0/controllable__r1__robot_dhaboz/right_arm_link3.
2026-05-12 16:11:55 [60,038ms] [Warning] [omni.physx.plugin] Invalid PhysX transform detected for /World/scene_0/controllable__r1__robot_dhaboz/left_arm_link4.
2026-05-12 16:11:55 [60,038ms] [Warning] [omni.physx.plugin] Invalid PhysX transform detected for /World/scene_0/controllable__r1__robot_dhaboz/right_arm_link4.
2026-05-12 16:11:55 [60,038ms] [Warning] [omni.physx.plugin] Invalid PhysX transform detected for /World/scene_0/controllable__r1__robot_dhaboz/left_arm_link5.
2026-05-12 16:11:55 [60,038ms] [Warning] [omni.physx.plugin] Invalid PhysX transform detected for /World/scene_0/controllable__r1__robot_dhaboz/right_arm_link5.
2026-05-12 16:11:55 [60,038ms] [Warning] [omni.physx.plugin] Invalid PhysX transform detected for /World/scene_0/controllable__r1__robot_dhaboz/left_arm_link6.
2026-05-12 16:11:55 [60,038ms] [Warning] [omni.physx.plugin] Invalid PhysX transform detected for /World/scene_0/controllable__r1__robot_dhaboz/right_arm_link6.
2026-05-12 16:11:55 [60,038ms] [Warning] [omni.physx.plugin] Invalid PhysX transform detected for /World/scene_0/controllable__r1__robot_dhaboz/left_gripper_link1.
2026-05-12 16:11:55 [60,038ms] [Warning] [omni.physx.plugin] Invalid PhysX transform detected for /World/scene_0/controllable__r1__robot_dhaboz/left_gripper_link2.
2026-05-12 16:11:55 [60,038ms] [Warning] [omni.physx.plugin] Invalid PhysX transform detected for /World/scene_0/controllable__r1__robot_dhaboz/left_eef_link.
2026-05-12 16:11:55 [60,038ms] [Warning] [omni.physx.plugin] Invalid PhysX transform detected for /World/scene_0/controllable__r1__robot_dhaboz/right_gripper_link1.
2026-05-12 16:11:55 [60,038ms] [Warning] [omni.physx.plugin] Invalid PhysX transform detected for /World/scene_0/controllable__r1__robot_dhaboz/right_gripper_link2.
2026-05-12 16:11:55 [60,038ms] [Warning] [omni.physx.plugin] Invalid PhysX transform detected for /World/scene_0/controllable__r1__robot_dhaboz/right_eef_link.
2026-05-12 16:11:55 [60,120ms] [Warning] [omni.physx.plugin] Invalid PhysX transform detected for /World/scene_0/controllable__r1__robot_dhaboz/base_footprint_y.
2026-05-12 16:11:55 [60,120ms] [Warning] [omni.physx.plugin] Invalid PhysX transform detected for /World/scene_0/controllable__r1__robot_dhaboz/base_footprint_z.
2026-05-12 16:11:55 [60,120ms] [Warning] [omni.physx.plugin] Invalid PhysX transform detected for /World/scene_0/controllable__r1__robot_dhaboz/base_footprint_rx.
2026-05-12 16:11:55 [60,120ms] [Warning] [omni.physx.plugin] Invalid PhysX transform detected for /World/scene_0/controllable__r1__robot_dhaboz/base_footprint_ry.
2026-05-12 16:11:55 [60,120ms] [Warning] [omni.physx.plugin] Invalid PhysX transform detected for /World/scene_0/controllable__r1__robot_dhaboz/base_footprint_rz.
2026-05-12 16:11:55 [60,120ms] [Warning] [omni.physx.plugin] Invalid PhysX transform detected for /World/scene_0/controllable__r1__robot_dhaboz/base_link.
2026-05-12 16:11:55 [60,120ms] [Warning] [omni.physx.plugin] Invalid PhysX transform detected for /World/scene_0/controllable__r1__robot_dhaboz/servo_link1.
2026-05-12 16:11:55 [60,120ms] [Warning] [omni.physx.plugin] Invalid PhysX transform detected for /World/scene_0/controllable__r1__robot_dhaboz/servo_link2.
2026-05-12 16:11:55 [60,120ms] [Warning] [omni.physx.plugin] Invalid PhysX transform detected for /World/scene_0/controllable__r1__robot_dhaboz/servo_link3.
2026-05-12 16:11:55 [60,120ms] [Warning] [omni.physx.plugin] Invalid PhysX transform detected for /World/scene_0/controllable__r1__robot_dhaboz/torso_link1.
2026-05-12 16:11:55 [60,120ms] [Warning] [omni.physx.plugin] Invalid PhysX transform detected for /World/scene_0/controllable__r1__robot_dhaboz/wheel_link1.
2026-05-12 16:11:55 [60,120ms] [Warning] [omni.physx.plugin] Invalid PhysX transform detected for /World/scene_0/controllable__r1__robot_dhaboz/wheel_link2.
2026-05-12 16:11:55 [60,120ms] [Warning] [omni.physx.plugin] Invalid PhysX transform detected for /World/scene_0/controllable__r1__robot_dhaboz/wheel_link3.
2026-05-12 16:11:55 [60,120ms] [Warning] [omni.physx.plugin] Invalid PhysX transform detected for /World/scene_0/controllable__r1__robot_dhaboz/torso_link2.
2026-05-12 16:11:55 [60,120ms] [Warning] [omni.physx.plugin] Invalid PhysX transform detected for /World/scene_0/controllable__r1__robot_dhaboz/torso_link3.
2026-05-12 16:11:55 [60,120ms] [Warning] [omni.physx.plugin] Invalid PhysX transform detected for /World/scene_0/controllable__r1__robot_dhaboz/torso_link4.
2026-05-12 16:11:55 [60,120ms] [Warning] [omni.physx.plugin] Invalid PhysX transform detected for /World/scene_0/controllable__r1__robot_dhaboz/left_arm_link1.
2026-05-12 16:11:55 [60,120ms] [Warning] [omni.physx.plugin] Invalid PhysX transform detected for /World/scene_0/controllable__r1__robot_dhaboz/right_arm_link1.
2026-05-12 16:11:55 [60,120ms] [Warning] [omni.physx.plugin] Invalid PhysX transform detected for /World/scene_0/controllable__r1__robot_dhaboz/eyes.
2026-05-12 16:11:55 [60,120ms] [Warning] [omni.physx.plugin] Invalid PhysX transform detected for /World/scene_0/controllable__r1__robot_dhaboz/left_arm_link2.
2026-05-12 16:11:55 [60,120ms] [Warning] [omni.physx.plugin] Invalid PhysX transform detected for /World/scene_0/controllable__r1__robot_dhaboz/right_arm_link2.
2026-05-12 16:11:55 [60,120ms] [Warning] [omni.physx.plugin] Invalid PhysX transform detected for /World/scene_0/controllable__r1__robot_dhaboz/left_arm_link3.
2026-05-12 16:11:55 [60,120ms] [Warning] [omni.physx.plugin] Invalid PhysX transform detected for /World/scene_0/controllable__r1__robot_dhaboz/right_arm_link3.
2026-05-12 16:11:55 [60,120ms] [Warning] [omni.physx.plugin] Invalid PhysX transform detected for /World/scene_0/controllable__r1__robot_dhaboz/left_arm_link4.
2026-05-12 16:11:55 [60,120ms] [Warning] [omni.physx.plugin] Invalid PhysX transform detected for /World/scene_0/controllable__r1__robot_dhaboz/right_arm_link4.
2026-05-12 16:11:55 [60,120ms] [Warning] [omni.physx.plugin] Invalid PhysX transform detected for /World/scene_0/controllable__r1__robot_dhaboz/left_arm_link5.
2026-05-12 16:11:55 [60,120ms] [Warning] [omni.physx.plugin] Invalid PhysX transform detected for /World/scene_0/controllable__r1__robot_dhaboz/right_arm_link5.
2026-05-12 16:11:55 [60,120ms] [Warning] [omni.physx.plugin] Invalid PhysX transform detected for /World/scene_0/controllable__r1__robot_dhaboz/left_arm_link6.
2026-05-12 16:11:55 [60,120ms] [Warning] [omni.physx.plugin] Invalid PhysX transform detected for /World/scene_0/controllable__r1__robot_dhaboz/right_arm_link6.
2026-05-12 16:11:55 [60,121ms] [Warning] [omni.physx.plugin] Invalid PhysX transform detected for /World/scene_0/controllable__r1__robot_dhaboz/left_gripper_link1.
2026-05-12 16:11:55 [60,121ms] [Warning] [omni.physx.plugin] Invalid PhysX transform detected for /World/scene_0/controllable__r1__robot_dhaboz/left_gripper_link2.
2026-05-12 16:11:55 [60,121ms] [Warning] [omni.physx.plugin] Invalid PhysX transform detected for /World/scene_0/controllable__r1__robot_dhaboz/left_eef_link.
2026-05-12 16:11:55 [60,121ms] [Warning] [omni.physx.plugin] Invalid PhysX transform detected for /World/scene_0/controllable__r1__robot_dhaboz/right_gripper_link1.
2026-05-12 16:11:55 [60,121ms] [Warning] [omni.physx.plugin] Invalid PhysX transform detected for /World/scene_0/controllable__r1__robot_dhaboz/right_gripper_link2.
2026-05-12 16:11:55 [60,121ms] [Warning] [omni.physx.plugin] Invalid PhysX transform detected for /World/scene_0/controllable__r1__robot_dhaboz/right_eef_link.
2026-05-12 16:11:55 [60,204ms] [Warning] [omni.physx.plugin] Invalid PhysX transform detected for /World/scene_0/controllable__r1__robot_dhaboz/base_footprint_y.
2026-05-12 16:11:55 [60,204ms] [Warning] [omni.physx.plugin] Invalid PhysX transform detected for /World/scene_0/controllable__r1__robot_dhaboz/base_footprint_z.
2026-05-12 16:11:55 [60,204ms] [Warning] [omni.physx.plugin] Invalid PhysX transform detected for /World/scene_0/controllable__r1__robot_dhaboz/base_footprint_rx.
2026-05-12 16:11:55 [60,204ms] [Warning] [omni.physx.plugin] Invalid PhysX transform detected for /World/scene_0/controllable__r1__robot_dhaboz/base_footprint_ry.
2026-05-12 16:11:55 [60,204ms] [Warning] [omni.physx.plugin] Invalid PhysX transform detected for /World/scene_0/controllable__r1__robot_dhaboz/base_footprint_rz.
2026-05-12 16:11:55 [60,204ms] [Warning] [omni.physx.plugin] Invalid PhysX transform detected for /World/scene_0/controllable__r1__robot_dhaboz/base_link.
2026-05-12 16:11:55 [60,204ms] [Warning] [omni.physx.plugin] Invalid PhysX transform detected for /World/scene_0/controllable__r1__robot_dhaboz/servo_link1.
2026-05-12 16:11:55 [60,204ms] [Warning] [omni.physx.plugin] Invalid PhysX transform detected for /World/scene_0/controllable__r1__robot_dhaboz/servo_link2.
2026-05-12 16:11:55 [60,204ms] [Warning] [omni.physx.plugin] Invalid PhysX transform detected for /World/scene_0/controllable__r1__robot_dhaboz/servo_link3.
2026-05-12 16:11:55 [60,204ms] [Warning] [omni.physx.plugin] Invalid PhysX transform detected for /World/scene_0/controllable__r1__robot_dhaboz/torso_link1.
2026-05-12 16:11:55 [60,204ms] [Warning] [omni.physx.plugin] Invalid PhysX transform detected for /World/scene_0/controllable__r1__robot_dhaboz/wheel_link1.
2026-05-12 16:11:55 [60,204ms] [Warning] [omni.physx.plugin] Invalid PhysX transform detected for /World/scene_0/controllable__r1__robot_dhaboz/wheel_link2.
2026-05-12 16:11:55 [60,204ms] [Warning] [omni.physx.plugin] Invalid PhysX transform detected for /World/scene_0/controllable__r1__robot_dhaboz/wheel_link3.
2026-05-12 16:11:55 [60,204ms] [Warning] [omni.physx.plugin] Invalid PhysX transform detected for /World/scene_0/controllable__r1__robot_dhaboz/torso_link2.
2026-05-12 16:11:55 [60,204ms] [Warning] [omni.physx.plugin] Invalid PhysX transform detected for /World/scene_0/controllable__r1__robot_dhaboz/torso_link3.
2026-05-12 16:11:55 [60,204ms] [Warning] [omni.physx.plugin] Invalid PhysX transform detected for /World/scene_0/controllable__r1__robot_dhaboz/torso_link4.
2026-05-12 16:11:55 [60,204ms] [Warning] [omni.physx.plugin] Invalid PhysX transform detected for /World/scene_0/controllable__r1__robot_dhaboz/left_arm_link1.
2026-05-12 16:11:55 [60,204ms] [Warning] [omni.physx.plugin] Invalid PhysX transform detected for /World/scene_0/controllable__r1__robot_dhaboz/right_arm_link1.
2026-05-12 16:11:55 [60,204ms] [Warning] [omni.physx.plugin] Invalid PhysX transform detected for /World/scene_0/controllable__r1__robot_dhaboz/eyes.
2026-05-12 16:11:55 [60,204ms] [Warning] [omni.physx.plugin] Invalid PhysX transform detected for /World/scene_0/controllable__r1__robot_dhaboz/left_arm_link2.
2026-05-12 16:11:55 [60,204ms] [Warning] [omni.physx.plugin] Invalid PhysX transform detected for /World/scene_0/controllable__r1__robot_dhaboz/right_arm_link2.
2026-05-12 16:11:55 [60,204ms] [Warning] [omni.physx.plugin] Invalid PhysX transform detected for /World/scene_0/controllable__r1__robot_dhaboz/left_arm_link3.
2026-05-12 16:11:55 [60,204ms] [Warning] [omni.physx.plugin] Invalid PhysX transform detected for /World/scene_0/controllable__r1__robot_dhaboz/right_arm_link3.
2026-05-12 16:11:55 [60,204ms] [Warning] [omni.physx.plugin] Invalid PhysX transform detected for /World/scene_0/controllable__r1__robot_dhaboz/left_arm_link4.
2026-05-12 16:11:55 [60,204ms] [Warning] [omni.physx.plugin] Invalid PhysX transform detected for /World/scene_0/controllable__r1__robot_dhaboz/right_arm_link4.
2026-05-12 16:11:55 [60,204ms] [Warning] [omni.physx.plugin] Invalid PhysX transform detected for /World/scene_0/controllable__r1__robot_dhaboz/left_arm_link5.
2026-05-12 16:11:55 [60,204ms] [Warning] [omni.physx.plugin] Invalid PhysX transform detected for /World/scene_0/controllable__r1__robot_dhaboz/right_arm_link5.
2026-05-12 16:11:55 [60,204ms] [Warning] [omni.physx.plugin] Invalid PhysX transform detected for /World/scene_0/controllable__r1__robot_dhaboz/left_arm_link6.
2026-05-12 16:11:55 [60,204ms] [Warning] [omni.physx.plugin] Invalid PhysX transform detected for /World/scene_0/controllable__r1__robot_dhaboz/right_arm_link6.
2026-05-12 16:11:55 [60,204ms] [Warning] [omni.physx.plugin] Invalid PhysX transform detected for /World/scene_0/controllable__r1__robot_dhaboz/left_gripper_link1.
2026-05-12 16:11:55 [60,204ms] [Warning] [omni.physx.plugin] Invalid PhysX transform detected for /World/scene_0/controllable__r1__robot_dhaboz/left_gripper_link2.
2026-05-12 16:11:55 [60,204ms] [Warning] [omni.physx.plugin] Invalid PhysX transform detected for /World/scene_0/controllable__r1__robot_dhaboz/left_eef_link.
2026-05-12 16:11:55 [60,204ms] [Warning] [omni.physx.plugin] Invalid PhysX transform detected for /World/scene_0/controllable__r1__robot_dhaboz/right_gripper_link1.
2026-05-12 16:11:55 [60,204ms] [Warning] [omni.physx.plugin] Invalid PhysX transform detected for /World/scene_0/controllable__r1__robot_dhaboz/right_gripper_link2.
2026-05-12 16:11:55 [60,204ms] [Warning] [omni.physx.plugin] Invalid PhysX transform detected for /World/scene_0/controllable__r1__robot_dhaboz/right_eef_link.
2026-05-12 16:11:56 [60,565ms] [Warning] [carb] Client omni.kit.viewport.legacy_gizmos has acquired [carb::dictionary::IDictionary v1.1] 100 times. Consider accessing this interface with carb::getCachedInterface() (Performance warning)
2026-05-12 16:11:56 [60,741ms] [Warning] [omni.physx.plugin] Invalid PhysX transform detected for /World/scene_0/controllable__r1__robot_dhaboz/base_footprint_y.
2026-05-12 16:11:56 [60,741ms] [Warning] [omni.physx.plugin] Invalid PhysX transform detected for /World/scene_0/controllable__r1__robot_dhaboz/base_footprint_z.
2026-05-12 16:11:56 [60,741ms] [Warning] [omni.physx.plugin] Invalid PhysX transform detected for /World/scene_0/controllable__r1__robot_dhaboz/base_footprint_rx.
2026-05-12 16:11:56 [60,741ms] [Warning] [omni.physx.plugin] Invalid PhysX transform detected for /World/scene_0/controllable__r1__robot_dhaboz/base_footprint_ry.
2026-05-12 16:11:56 [60,741ms] [Warning] [omni.physx.plugin] Invalid PhysX transform detected for /World/scene_0/controllable__r1__robot_dhaboz/base_footprint_rz.
2026-05-12 16:11:56 [60,741ms] [Warning] [omni.physx.plugin] Invalid PhysX transform detected for /World/scene_0/controllable__r1__robot_dhaboz/base_link.
2026-05-12 16:11:56 [60,741ms] [Warning] [omni.physx.plugin] Invalid PhysX transform detected for /World/scene_0/controllable__r1__robot_dhaboz/servo_link1.
2026-05-12 16:11:56 [60,741ms] [Warning] [omni.physx.plugin] Invalid PhysX transform detected for /World/scene_0/controllable__r1__robot_dhaboz/servo_link2.
2026-05-12 16:11:56 [60,741ms] [Warning] [omni.physx.plugin] Invalid PhysX transform detected for /World/scene_0/controllable__r1__robot_dhaboz/servo_link3.
2026-05-12 16:11:56 [60,741ms] [Warning] [omni.physx.plugin] Invalid PhysX transform detected for /World/scene_0/controllable__r1__robot_dhaboz/torso_link1.
2026-05-12 16:11:56 [60,741ms] [Warning] [omni.physx.plugin] Invalid PhysX transform detected for /World/scene_0/controllable__r1__robot_dhaboz/wheel_link1.
2026-05-12 16:11:56 [60,741ms] [Warning] [omni.physx.plugin] Invalid PhysX transform detected for /World/scene_0/controllable__r1__robot_dhaboz/wheel_link2.
2026-05-12 16:11:56 [60,741ms] [Warning] [omni.physx.plugin] Invalid PhysX transform detected for /World/scene_0/controllable__r1__robot_dhaboz/wheel_link3.
2026-05-12 16:11:56 [60,741ms] [Warning] [omni.physx.plugin] Invalid PhysX transform detected for /World/scene_0/controllable__r1__robot_dhaboz/torso_link2.
2026-05-12 16:11:56 [60,741ms] [Warning] [omni.physx.plugin] Invalid PhysX transform detected for /World/scene_0/controllable__r1__robot_dhaboz/torso_link3.
2026-05-12 16:11:56 [60,741ms] [Warning] [omni.physx.plugin] Invalid PhysX transform detected for /World/scene_0/controllable__r1__robot_dhaboz/torso_link4.
2026-05-12 16:11:56 [60,741ms] [Warning] [omni.physx.plugin] Invalid PhysX transform detected for /World/scene_0/controllable__r1__robot_dhaboz/left_arm_link1.
2026-05-12 16:11:56 [60,741ms] [Warning] [omni.physx.plugin] Invalid PhysX transform detected for /World/scene_0/controllable__r1__robot_dhaboz/right_arm_link1.
2026-05-12 16:11:56 [60,741ms] [Warning] [omni.physx.plugin] Invalid PhysX transform detected for /World/scene_0/controllable__r1__robot_dhaboz/eyes.
2026-05-12 16:11:56 [60,741ms] [Warning] [omni.physx.plugin] Invalid PhysX transform detected for /World/scene_0/controllable__r1__robot_dhaboz/left_arm_link2.
2026-05-12 16:11:56 [60,741ms] [Warning] [omni.physx.plugin] Invalid PhysX transform detected for /World/scene_0/controllable__r1__robot_dhaboz/right_arm_link2.
2026-05-12 16:11:56 [60,741ms] [Warning] [omni.physx.plugin] Invalid PhysX transform detected for /World/scene_0/controllable__r1__robot_dhaboz/left_arm_link3.
2026-05-12 16:11:56 [60,741ms] [Warning] [omni.physx.plugin] Invalid PhysX transform detected for /World/scene_0/controllable__r1__robot_dhaboz/right_arm_link3.
2026-05-12 16:11:56 [60,741ms] [Warning] [omni.physx.plugin] Invalid PhysX transform detected for /World/scene_0/controllable__r1__robot_dhaboz/left_arm_link4.
2026-05-12 16:11:56 [60,741ms] [Warning] [omni.physx.plugin] Invalid PhysX transform detected for /World/scene_0/controllable__r1__robot_dhaboz/right_arm_link4.
2026-05-12 16:11:56 [60,742ms] [Warning] [omni.physx.plugin] Invalid PhysX transform detected for /World/scene_0/controllable__r1__robot_dhaboz/left_arm_link5.
2026-05-12 16:11:56 [60,742ms] [Warning] [omni.physx.plugin] Invalid PhysX transform detected for /World/scene_0/controllable__r1__robot_dhaboz/right_arm_link5.
2026-05-12 16:11:56 [60,742ms] [Warning] [omni.physx.plugin] Invalid PhysX transform detected for /World/scene_0/controllable__r1__robot_dhaboz/left_arm_link6.
2026-05-12 16:11:56 [60,742ms] [Warning] [omni.physx.plugin] Invalid PhysX transform detected for /World/scene_0/controllable__r1__robot_dhaboz/right_arm_link6.
2026-05-12 16:11:56 [60,742ms] [Warning] [omni.physx.plugin] Invalid PhysX transform detected for /World/scene_0/controllable__r1__robot_dhaboz/left_gripper_link1.
2026-05-12 16:11:56 [60,742ms] [Warning] [omni.physx.plugin] Invalid PhysX transform detected for /World/scene_0/controllable__r1__robot_dhaboz/left_gripper_link2.
2026-05-12 16:11:56 [60,742ms] [Warning] [omni.physx.plugin] Invalid PhysX transform detected for /World/scene_0/controllable__r1__robot_dhaboz/left_eef_link.
2026-05-12 16:11:56 [60,742ms] [Warning] [omni.physx.plugin] Invalid PhysX transform detected for /World/scene_0/controllable__r1__robot_dhaboz/right_gripper_link1.
2026-05-12 16:11:56 [60,742ms] [Warning] [omni.physx.plugin] Invalid PhysX transform detected for /World/scene_0/controllable__r1__robot_dhaboz/right_gripper_link2.
2026-05-12 16:11:56 [60,742ms] [Warning] [omni.physx.plugin] Invalid PhysX transform detected for /World/scene_0/controllable__r1__robot_dhaboz/right_eef_link.
2026-05-12 16:11:56 [60,827ms] [Warning] [omni.physx.plugin] Invalid PhysX transform detected for /World/scene_0/controllable__r1__robot_dhaboz/base_footprint_y.
2026-05-12 16:11:56 [60,827ms] [Warning] [omni.physx.plugin] Invalid PhysX transform detected for /World/scene_0/controllable__r1__robot_dhaboz/base_footprint_z.
2026-05-12 16:11:56 [60,827ms] [Warning] [omni.physx.plugin] Invalid PhysX transform detected for /World/scene_0/controllable__r1__robot_dhaboz/base_footprint_rx.
2026-05-12 16:11:56 [60,827ms] [Warning] [omni.physx.plugin] Invalid PhysX transform detected for /World/scene_0/controllable__r1__robot_dhaboz/base_footprint_ry.
2026-05-12 16:11:56 [60,827ms] [Warning] [omni.physx.plugin] Invalid PhysX transform detected for /World/scene_0/controllable__r1__robot_dhaboz/base_footprint_rz.
2026-05-12 16:11:56 [60,827ms] [Warning] [omni.physx.plugin] Invalid PhysX transform detected for /World/scene_0/controllable__r1__robot_dhaboz/base_link.
2026-05-12 16:11:56 [60,827ms] [Warning] [omni.physx.plugin] Invalid PhysX transform detected for /World/scene_0/controllable__r1__robot_dhaboz/servo_link1.
2026-05-12 16:11:56 [60,827ms] [Warning] [omni.physx.plugin] Invalid PhysX transform detected for /World/scene_0/controllable__r1__robot_dhaboz/servo_link2.
2026-05-12 16:11:56 [60,827ms] [Warning] [omni.physx.plugin] Invalid PhysX transform detected for /World/scene_0/controllable__r1__robot_dhaboz/servo_link3.
2026-05-12 16:11:56 [60,827ms] [Warning] [omni.physx.plugin] Invalid PhysX transform detected for /World/scene_0/controllable__r1__robot_dhaboz/torso_link1.
2026-05-12 16:11:56 [60,827ms] [Warning] [omni.physx.plugin] Invalid PhysX transform detected for /World/scene_0/controllable__r1__robot_dhaboz/wheel_link1.
2026-05-12 16:11:56 [60,827ms] [Warning] [omni.physx.plugin] Invalid PhysX transform detected for /World/scene_0/controllable__r1__robot_dhaboz/wheel_link2.
2026-05-12 16:11:56 [60,827ms] [Warning] [omni.physx.plugin] Invalid PhysX transform detected for /World/scene_0/controllable__r1__robot_dhaboz/wheel_link3.
2026-05-12 16:11:56 [60,827ms] [Warning] [omni.physx.plugin] Invalid PhysX transform detected for /World/scene_0/controllable__r1__robot_dhaboz/torso_link2.
2026-05-12 16:11:56 [60,827ms] [Warning] [omni.physx.plugin] Invalid PhysX transform detected for /World/scene_0/controllable__r1__robot_dhaboz/torso_link3.
2026-05-12 16:11:56 [60,827ms] [Warning] [omni.physx.plugin] Invalid PhysX transform detected for /World/scene_0/controllable__r1__robot_dhaboz/torso_link4.
2026-05-12 16:11:56 [60,827ms] [Warning] [omni.physx.plugin] Invalid PhysX transform detected for /World/scene_0/controllable__r1__robot_dhaboz/left_arm_link1.
2026-05-12 16:11:56 [60,827ms] [Warning] [omni.physx.plugin] Invalid PhysX transform detected for /World/scene_0/controllable__r1__robot_dhaboz/right_arm_link1.
2026-05-12 16:11:56 [60,827ms] [Warning] [omni.physx.plugin] Invalid PhysX transform detected for /World/scene_0/controllable__r1__robot_dhaboz/eyes.
2026-05-12 16:11:56 [60,827ms] [Warning] [omni.physx.plugin] Invalid PhysX transform detected for /World/scene_0/controllable__r1__robot_dhaboz/left_arm_link2.
2026-05-12 16:11:56 [60,827ms] [Warning] [omni.physx.plugin] Invalid PhysX transform detected for /World/scene_0/controllable__r1__robot_dhaboz/right_arm_link2.
2026-05-12 16:11:56 [60,827ms] [Warning] [omni.physx.plugin] Invalid PhysX transform detected for /World/scene_0/controllable__r1__robot_dhaboz/left_arm_link3.
2026-05-12 16:11:56 [60,827ms] [Warning] [omni.physx.plugin] Invalid PhysX transform detected for /World/scene_0/controllable__r1__robot_dhaboz/right_arm_link3.
2026-05-12 16:11:56 [60,827ms] [Warning] [omni.physx.plugin] Invalid PhysX transform detected for /World/scene_0/controllable__r1__robot_dhaboz/left_arm_link4.
2026-05-12 16:11:56 [60,827ms] [Warning] [omni.physx.plugin] Invalid PhysX transform detected for /World/scene_0/controllable__r1__robot_dhaboz/right_arm_link4.
2026-05-12 16:11:56 [60,827ms] [Warning] [omni.physx.plugin] Invalid PhysX transform detected for /World/scene_0/controllable__r1__robot_dhaboz/left_arm_link5.
2026-05-12 16:11:56 [60,827ms] [Warning] [omni.physx.plugin] Invalid PhysX transform detected for /World/scene_0/controllable__r1__robot_dhaboz/right_arm_link5.
2026-05-12 16:11:56 [60,827ms] [Warning] [omni.physx.plugin] Invalid PhysX transform detected for /World/scene_0/controllable__r1__robot_dhaboz/left_arm_link6.
2026-05-12 16:11:56 [60,827ms] [Warning] [omni.physx.plugin] Invalid PhysX transform detected for /World/scene_0/controllable__r1__robot_dhaboz/right_arm_link6.
2026-05-12 16:11:56 [60,827ms] [Warning] [omni.physx.plugin] Invalid PhysX transform detected for /World/scene_0/controllable__r1__robot_dhaboz/left_gripper_link1.
2026-05-12 16:11:56 [60,827ms] [Warning] [omni.physx.plugin] Invalid PhysX transform detected for /World/scene_0/controllable__r1__robot_dhaboz/left_gripper_link2.
2026-05-12 16:11:56 [60,827ms] [Warning] [omni.physx.plugin] Invalid PhysX transform detected for /World/scene_0/controllable__r1__robot_dhaboz/left_eef_link.
2026-05-12 16:11:56 [60,827ms] [Warning] [omni.physx.plugin] Invalid PhysX transform detected for /World/scene_0/controllable__r1__robot_dhaboz/right_gripper_link1.
2026-05-12 16:11:56 [60,827ms] [Warning] [omni.physx.plugin] Invalid PhysX transform detected for /World/scene_0/controllable__r1__robot_dhaboz/right_gripper_link2.
2026-05-12 16:11:56 [60,827ms] [Warning] [omni.physx.plugin] Invalid PhysX transform detected for /World/scene_0/controllable__r1__robot_dhaboz/right_eef_link.
2026-05-12 16:11:56 [61,037ms] [Warning] [omni.physx.plugin] Invalid PhysX transform detected for /World/scene_0/controllable__r1__robot_dhaboz/base_footprint_y.
2026-05-12 16:11:56 [61,037ms] [Warning] [omni.physx.plugin] Invalid PhysX transform detected for /World/scene_0/controllable__r1__robot_dhaboz/base_footprint_z.
2026-05-12 16:11:56 [61,037ms] [Warning] [omni.physx.plugin] Invalid PhysX transform detected for /World/scene_0/controllable__r1__robot_dhaboz/base_footprint_rx.
2026-05-12 16:11:56 [61,037ms] [Warning] [omni.physx.plugin] Invalid PhysX transform detected for /World/scene_0/controllable__r1__robot_dhaboz/base_footprint_ry.
2026-05-12 16:11:56 [61,037ms] [Warning] [omni.physx.plugin] Invalid PhysX transform detected for /World/scene_0/controllable__r1__robot_dhaboz/base_footprint_rz.
2026-05-12 16:11:56 [61,037ms] [Warning] [omni.physx.plugin] Invalid PhysX transform detected for /World/scene_0/controllable__r1__robot_dhaboz/base_link.
2026-05-12 16:11:56 [61,037ms] [Warning] [omni.physx.plugin] Invalid PhysX transform detected for /World/scene_0/controllable__r1__robot_dhaboz/servo_link1.
2026-05-12 16:11:56 [61,037ms] [Warning] [omni.physx.plugin] Invalid PhysX transform detected for /World/scene_0/controllable__r1__robot_dhaboz/servo_link2.
2026-05-12 16:11:56 [61,037ms] [Warning] [omni.physx.plugin] Invalid PhysX transform detected for /World/scene_0/controllable__r1__robot_dhaboz/servo_link3.
2026-05-12 16:11:56 [61,037ms] [Warning] [omni.physx.plugin] Invalid PhysX transform detected for /World/scene_0/controllable__r1__robot_dhaboz/torso_link1.
2026-05-12 16:11:56 [61,037ms] [Warning] [omni.physx.plugin] Invalid PhysX transform detected for /World/scene_0/controllable__r1__robot_dhaboz/wheel_link1.
2026-05-12 16:11:56 [61,037ms] [Warning] [omni.physx.plugin] Invalid PhysX transform detected for /World/scene_0/controllable__r1__robot_dhaboz/wheel_link2.
2026-05-12 16:11:56 [61,037ms] [Warning] [omni.physx.plugin] Invalid PhysX transform detected for /World/scene_0/controllable__r1__robot_dhaboz/wheel_link3.
2026-05-12 16:11:56 [61,037ms] [Warning] [omni.physx.plugin] Invalid PhysX transform detected for /World/scene_0/controllable__r1__robot_dhaboz/torso_link2.
2026-05-12 16:11:56 [61,037ms] [Warning] [omni.physx.plugin] Invalid PhysX transform detected for /World/scene_0/controllable__r1__robot_dhaboz/torso_link3.
2026-05-12 16:11:56 [61,037ms] [Warning] [omni.physx.plugin] Invalid PhysX transform detected for /World/scene_0/controllable__r1__robot_dhaboz/torso_link4.
2026-05-12 16:11:56 [61,037ms] [Warning] [omni.physx.plugin] Invalid PhysX transform detected for /World/scene_0/controllable__r1__robot_dhaboz/left_arm_link1.
2026-05-12 16:11:56 [61,037ms] [Warning] [omni.physx.plugin] Invalid PhysX transform detected for /World/scene_0/controllable__r1__robot_dhaboz/right_arm_link1.
2026-05-12 16:11:56 [61,037ms] [Warning] [omni.physx.plugin] Invalid PhysX transform detected for /World/scene_0/controllable__r1__robot_dhaboz/eyes.
2026-05-12 16:11:56 [61,037ms] [Warning] [omni.physx.plugin] Invalid PhysX transform detected for /World/scene_0/controllable__r1__robot_dhaboz/left_arm_link2.
2026-05-12 16:11:56 [61,037ms] [Warning] [omni.physx.plugin] Invalid PhysX transform detected for /World/scene_0/controllable__r1__robot_dhaboz/right_arm_link2.
2026-05-12 16:11:56 [61,037ms] [Warning] [omni.physx.plugin] Invalid PhysX transform detected for /World/scene_0/controllable__r1__robot_dhaboz/left_arm_link3.
2026-05-12 16:11:56 [61,037ms] [Warning] [omni.physx.plugin] Invalid PhysX transform detected for /World/scene_0/controllable__r1__robot_dhaboz/right_arm_link3.
2026-05-12 16:11:56 [61,037ms] [Warning] [omni.physx.plugin] Invalid PhysX transform detected for /World/scene_0/controllable__r1__robot_dhaboz/left_arm_link4.
2026-05-12 16:11:56 [61,037ms] [Warning] [omni.physx.plugin] Invalid PhysX transform detected for /World/scene_0/controllable__r1__robot_dhaboz/right_arm_link4.
2026-05-12 16:11:56 [61,037ms] [Warning] [omni.physx.plugin] Invalid PhysX transform detected for /World/scene_0/controllable__r1__robot_dhaboz/left_arm_link5.
2026-05-12 16:11:56 [61,037ms] [Warning] [omni.physx.plugin] Invalid PhysX transform detected for /World/scene_0/controllable__r1__robot_dhaboz/right_arm_link5.
2026-05-12 16:11:56 [61,037ms] [Warning] [omni.physx.plugin] Invalid PhysX transform detected for /World/scene_0/controllable__r1__robot_dhaboz/left_arm_link6.
2026-05-12 16:11:56 [61,037ms] [Warning] [omni.physx.plugin] Invalid PhysX transform detected for /World/scene_0/controllable__r1__robot_dhaboz/right_arm_link6.
2026-05-12 16:11:56 [61,037ms] [Warning] [omni.physx.plugin] Invalid PhysX transform detected for /World/scene_0/controllable__r1__robot_dhaboz/left_gripper_link1.
2026-05-12 16:11:56 [61,038ms] [Warning] [omni.physx.plugin] Invalid PhysX transform detected for /World/scene_0/controllable__r1__robot_dhaboz/left_gripper_link2.
2026-05-12 16:11:56 [61,038ms] [Warning] [omni.physx.plugin] Invalid PhysX transform detected for /World/scene_0/controllable__r1__robot_dhaboz/left_eef_link.
2026-05-12 16:11:56 [61,038ms] [Warning] [omni.physx.plugin] Invalid PhysX transform detected for /World/scene_0/controllable__r1__robot_dhaboz/right_gripper_link1.
2026-05-12 16:11:56 [61,038ms] [Warning] [omni.physx.plugin] Invalid PhysX transform detected for /World/scene_0/controllable__r1__robot_dhaboz/right_gripper_link2.
2026-05-12 16:11:56 [61,038ms] [Warning] [omni.physx.plugin] Invalid PhysX transform detected for /World/scene_0/controllable__r1__robot_dhaboz/right_eef_link.
2026-05-12 16:11:56 [61,124ms] [Warning] [omni.physx.plugin] Invalid PhysX transform detected for /World/scene_0/controllable__r1__robot_dhaboz/base_footprint_y.
2026-05-12 16:11:56 [61,124ms] [Warning] [omni.physx.plugin] Invalid PhysX transform detected for /World/scene_0/controllable__r1__robot_dhaboz/base_footprint_z.
2026-05-12 16:11:56 [61,124ms] [Warning] [omni.physx.plugin] Invalid PhysX transform detected for /World/scene_0/controllable__r1__robot_dhaboz/base_footprint_rx.
2026-05-12 16:11:56 [61,124ms] [Warning] [omni.physx.plugin] Invalid PhysX transform detected for /World/scene_0/controllable__r1__robot_dhaboz/base_footprint_ry.
2026-05-12 16:11:56 [61,124ms] [Warning] [omni.physx.plugin] Invalid PhysX transform detected for /World/scene_0/controllable__r1__robot_dhaboz/base_footprint_rz.
2026-05-12 16:11:56 [61,124ms] [Warning] [omni.physx.plugin] Invalid PhysX transform detected for /World/scene_0/controllable__r1__robot_dhaboz/base_link.
2026-05-12 16:11:56 [61,124ms] [Warning] [omni.physx.plugin] Invalid PhysX transform detected for /World/scene_0/controllable__r1__robot_dhaboz/servo_link1.
2026-05-12 16:11:56 [61,124ms] [Warning] [omni.physx.plugin] Invalid PhysX transform detected for /World/scene_0/controllable__r1__robot_dhaboz/servo_link2.
2026-05-12 16:11:56 [61,124ms] [Warning] [omni.physx.plugin] Invalid PhysX transform detected for /World/scene_0/controllable__r1__robot_dhaboz/servo_link3.
2026-05-12 16:11:56 [61,124ms] [Warning] [omni.physx.plugin] Invalid PhysX transform detected for /World/scene_0/controllable__r1__robot_dhaboz/torso_link1.
2026-05-12 16:11:56 [61,124ms] [Warning] [omni.physx.plugin] Invalid PhysX transform detected for /World/scene_0/controllable__r1__robot_dhaboz/wheel_link1.
2026-05-12 16:11:56 [61,124ms] [Warning] [omni.physx.plugin] Invalid PhysX transform detected for /World/scene_0/controllable__r1__robot_dhaboz/wheel_link2.
2026-05-12 16:11:56 [61,124ms] [Warning] [omni.physx.plugin] Invalid PhysX transform detected for /World/scene_0/controllable__r1__robot_dhaboz/wheel_link3.
2026-05-12 16:11:56 [61,124ms] [Warning] [omni.physx.plugin] Invalid PhysX transform detected for /World/scene_0/controllable__r1__robot_dhaboz/torso_link2.
2026-05-12 16:11:56 [61,124ms] [Warning] [omni.physx.plugin] Invalid PhysX transform detected for /World/scene_0/controllable__r1__robot_dhaboz/torso_link3.
2026-05-12 16:11:56 [61,124ms] [Warning] [omni.physx.plugin] Invalid PhysX transform detected for /World/scene_0/controllable__r1__robot_dhaboz/torso_link4.
2026-05-12 16:11:56 [61,124ms] [Warning] [omni.physx.plugin] Invalid PhysX transform detected for /World/scene_0/controllable__r1__robot_dhaboz/left_arm_link1.
2026-05-12 16:11:56 [61,124ms] [Warning] [omni.physx.plugin] Invalid PhysX transform detected for /World/scene_0/controllable__r1__robot_dhaboz/right_arm_link1.
2026-05-12 16:11:56 [61,124ms] [Warning] [omni.physx.plugin] Invalid PhysX transform detected for /World/scene_0/controllable__r1__robot_dhaboz/eyes.
2026-05-12 16:11:56 [61,124ms] [Warning] [omni.physx.plugin] Invalid PhysX transform detected for /World/scene_0/controllable__r1__robot_dhaboz/left_arm_link2.
2026-05-12 16:11:56 [61,124ms] [Warning] [omni.physx.plugin] Invalid PhysX transform detected for /World/scene_0/controllable__r1__robot_dhaboz/right_arm_link2.
2026-05-12 16:11:56 [61,124ms] [Warning] [omni.physx.plugin] Invalid PhysX transform detected for /World/scene_0/controllable__r1__robot_dhaboz/left_arm_link3.
2026-05-12 16:11:56 [61,124ms] [Warning] [omni.physx.plugin] Invalid PhysX transform detected for /World/scene_0/controllable__r1__robot_dhaboz/right_arm_link3.
2026-05-12 16:11:56 [61,124ms] [Warning] [omni.physx.plugin] Invalid PhysX transform detected for /World/scene_0/controllable__r1__robot_dhaboz/left_arm_link4.
2026-05-12 16:11:56 [61,124ms] [Wa[record_scene_video] task setup complete
[record_scene_video] deformable-unveil target=[-2.3015   9.1007   0.07085] cloth=cover_small_item_render_cloth_4175346132
[record_scene_video] setting initial viewer camera
[record_scene_video] capturing first frame
[record_scene_video] first frame captured shape=(720, 1280, 3)
rning] [omni.physx.plugin] Invalid PhysX transform detected for /World/scene_0/controllable__r1__robot_dhaboz/right_arm_link4.
2026-05-12 16:11:56 [61,124ms] [Warning] [omni.physx.plugin] Invalid PhysX transform detected for /World/scene_0/controllable__r1__robot_dhaboz/left_arm_link5.
2026-05-12 16:11:56 [61,124ms] [Warning] [omni.physx.plugin] Invalid PhysX transform detected for /World/scene_0/controllable__r1__robot_dhaboz/right_arm_link5.
2026-05-12 16:11:56 [61,124ms] [Warning] [omni.physx.plugin] Invalid PhysX transform detected for /World/scene_0/controllable__r1__robot_dhaboz/left_arm_link6.
2026-05-12 16:11:56 [61,124ms] [Warning] [omni.physx.plugin] Invalid PhysX transform detected for /World/scene_0/controllable__r1__robot_dhaboz/right_arm_link6.
2026-05-12 16:11:56 [61,124ms] [Warning] [omni.physx.plugin] Invalid PhysX transform detected for /World/scene_0/controllable__r1__robot_dhaboz/left_gripper_link1.
2026-05-12 16:11:56 [61,124ms] [Warning] [omni.physx.plugin] Invalid PhysX transform detected for /World/scene_0/controllable__r1__robot_dhaboz/left_gripper_link2.
2026-05-12 16:11:56 [61,124ms] [Warning] [omni.physx.plugin] Invalid PhysX transform detected for /World/scene_0/controllable__r1__robot_dhaboz/left_eef_link.
2026-05-12 16:11:56 [61,124ms] [Warning] [omni.physx.plugin] Invalid PhysX transform detected for /World/scene_0/controllable__r1__robot_dhaboz/right_gripper_link1.
2026-05-12 16:11:56 [61,124ms] [Warning] [omni.physx.plugin] Invalid PhysX transform detected for /World/scene_0/controllable__r1__robot_dhaboz/right_gripper_link2.
2026-05-12 16:11:56 [61,124ms] [Warning] [omni.physx.plugin] Invalid PhysX transform detected for /World/scene_0/controllable__r1__robot_dhaboz/right_eef_link.
2026-05-12 16:12:03 [68,086ms] [Warning] [carb] Plugin interface for a client: omni.hydratexture.plugin was already released.
2026-05-12 16:12:03 [68,087ms] [Warning] [carb] Plugin interface for a client: omni.hydratexture.plugin was already released.
2026-05-12 16:12:03 [68,087ms] [Warning] [carb] Plugin interface for a client: omni.hydratexture.plugin was already released.
2026-05-12 16:12:03 [68,087ms] [Warning] [carb] Plugin interface for a client: omni.hydratexture.plugin was already released.
2026-05-12 16:12:03 [68,087ms] [Warning] [carb] Plugin interface for a client: omni.hydratexture.plugin was already released.
2026-05-12 16:12:03 [68,087ms] [Warning] [carb] Plugin interface for a client: omni.hydratexture.plugin was already released.
2026-05-12 16:12:03 [68,087ms] [Warning] [carb] Plugin interface for a client: omni.hydratexture.plugin was already released.
[68.211s] Simulation App Shutting Down
