/home/yininghong/miniconda3/envs/behavior/lib/python3.10/site-packages/torch/backends/__init__.py:46: UserWarning: Please use the new API settings to control TF32 behavior, such as torch.backends.cudnn.conv.fp32_precision = 'tf32' or torch.backends.cuda.matmul.fp32_precision = 'ieee'. Old settings, e.g, torch.backends.cuda.matmul.allow_tf32 = True, torch.backends.cudnn.allow_tf32 = True, allowTF32CuDNN() and allowTF32CuBLAS() will be deprecated after Pytorch 2.9. Please see https://pytorch.org/docs/main/notes/cuda.html#tensorfloat-32-tf32-on-ampere-and-later-devices (Triggered internally at /pytorch/aten/src/ATen/Context.cpp:80.)
  self.setter(val)
[record_scene_video] args interactive=False frames=48 motion=deformable-unveil output=outputs/qualitative_task_demo/smoke2/deformable_bottle_view2_smoke.mp4
[record_scene_video] loading scene=Ihlen_1_int room=bedroom_1 full_scene=False
[0m[00:00:03.452] [INFO] [omnigibson.simulator] ----- Starting OmniGibson. This will take 10-30 seconds... -----[0m
[0m[00:00:03.452] [INFO] [omnigibson.simulator] Texture cache folder found, removing...[0m
[32m[00:00:03.734] [DEBUG] [asyncio] Using selector: EpollSelector[0m
[Info] [carb] Logging to file: /home/yininghong/miniconda3/envs/behavior/lib/python3.10/site-packages/omni/logs/Kit/OmniGibson/3.7/kit_20260512_091430.log
2026-05-12 16:14:30 [0ms] [Warning] [omni.kit.app.plugin] No crash reporter present, dumps uploading isn't available.
[0.047s] [ext: omni.kit.async_engine-0.0.1] startup
[0.229s] [ext: omni.metrics.core-0.0.1] startup
[0.230s] [ext: omni.client.lib-1.0.0] startup
[0.251s] [ext: omni.blobkey-1.1.2] startup
[0.251s] [ext: omni.stats-1.0.1] startup
[0.252s] [ext: omni.datastore-0.0.0] startup
[0.257s] [ext: omni.client-1.2.2] startup
[0.261s] [ext: omni.ujitso.default-1.0.0] startup
[0.263s] [ext: omni.hsscclient-1.1.1] startup
2026-05-12 16:14:30 [253ms] [Warning] [omni.datastore] OmniHub is inaccessible
[0.418s] [ext: omni.gpu_foundation.shadercache.vulkan-1.0.0] startup
[0.420s] [ext: omni.assets.plugins-0.0.0] startup
[0.422s] [ext: omni.gpu_foundation-0.0.0] startup
[0.429s] [ext: carb.windowing.plugins-1.0.0] startup
[0.436s] [ext: omni.kit.renderer.init-0.0.0] startup

|---------------------------------------------------------------------------------------------|
| Driver Version: 580.126.09    | Graphics API: Vulkan
|=============================================================================================|
| GPU | Name                             | Active | LDA | GPU Memory | Vendor-ID | LUID       |
|     |                                  |        |     |            | Device-ID | UUID       |
|     |                                  |        |     |            | Bus-ID    |            |
|---------------------------------------------------------------------------------------------|
| 0   | NVIDIA GeForce RTX 3080 Ti       | Yes: 0 |     | 12534   MB | 10de      | 0          |
|     |                                  |        |     |            | 2208      | 96736115.. |
|     |                                  |        |     |            | 2a        |            |
|=============================================================================================|
| OS: 24.04.3 LTS (Noble Numbat) ubuntu, Version: 24.04.3, Kernel: 6.17.0-22-generic
| XServer Vendor: The X.Org Foundation, XServer Version: 12101011 (1.21.1.11)
| Processor: AMD Ryzen 5 5600X3D 6-Core Processor
| Cores: 6 | Logical Cores: 12
|---------------------------------------------------------------------------------------------|
| Total Memory (MB): 15914 | Free Memory: 11345
| Total Page/Swap (MB): 4095 | Free Page/Swap: 1965
|---------------------------------------------------------------------------------------------|
[1.385s] [ext: omni.kit.pipapi-0.0.0] startup
[1.387s] [ext: omni.kit.pip_archive-0.0.0] startup
[1.387s] [ext: omni.kit.telemetry-0.5.1] startup
[1.427s] [ext: omni.materialx.libs-1.0.6] startup
[1.437s] [ext: omni.services.pip_archive-0.13.6] startup
[1.437s] [ext: omni.kit.loop-isaac-1.2.1] startup
[1.438s] [ext: omni.kit.test-1.1.2] startup
[1.467s] [ext: omni.usd.config-1.0.5] startup
[1.470s] [ext: omni.gpucompute.plugins-0.0.0] startup
[1.471s] [ext: omni.usd.libs-1.0.1] startup
[1.585s] [ext: omni.mdl-55.0.1] startup
[1.602s] [ext: omni.iray.libs-0.0.0] startup
[1.607s] [ext: omni.mdl.neuraylib-0.2.10] startup
[1.609s] [ext: omni.kit.usd.mdl-1.0.7] startup
[1.704s] [ext: omni.appwindow-1.1.9] startup
[2.521s] [ext: omni.kit.renderer.core-1.0.2] startup
[3.598s] [ext: omni.kit.renderer.capture-0.0.0] startup
[3.601s] [ext: omni.kit.renderer.imgui-1.0.2] startup
[3.670s] [ext: omni.ui-2.26.5] startup
[3.680s] [ext: omni.kit.mainwindow-1.0.3] startup
[3.681s] [ext: carb.audio-0.1.0] startup
[3.689s] [ext: omni.uiaudio-1.0.0] startup
[3.690s] [ext: omni.kit.uiapp-0.0.0] startup
[3.690s] [ext: omni.usd.schema.metrics.assembler-106.5.0] startup
[3.703s] [ext: omni.usd.schema.physx-106.5.7] startup
[3.733s] [ext: omni.usd.schema.audio-0.0.0] startup
[3.737s] [ext: omni.usd.schema.geospatial-0.0.0] startup
[3.742s] [ext: omni.usd.schema.semantics-0.0.0] startup
[3.745s] [ext: omni.usd.schema.forcefield-106.5.7] startup
[3.751s] [ext: omni.usd.schema.omnigraph-1.0.0] startup
[3.76[32m[00:00:07.480] [DEBUG] [AutoNode] Defining data type 'any' as 'Any'[0m
[32m[00:00:07.480] [DEBUG] [AutoNode] Defining data type 'bool' as 'Bool' and array 'BoolArray[0m
[32m[00:00:07.480] [DEBUG] [AutoNode] Defining data type 'bundle' as 'Bundle'[0m
[32m[00:00:07.480] [DEBUG] [AutoNode] Defining data type 'colord[3]' as 'Color3d' and array 'Color3dArray[0m
[32m[00:00:07.480] [DEBUG] [AutoNode] Defining data type 'colorf[3]' as 'Color3f' and array 'Color3fArray[0m
[32m[00:00:07.480] [DEBUG] [AutoNode] Defining data type 'colorh[3]' as 'Color3h' and array 'Color3hArray[0m
[32m[00:00:07.480] [DEBUG] [AutoNode] Defining data type 'colord[4]' as 'Color4d' and array 'Color4dArray[0m
[32m[00:00:07.480] [DEBUG] [AutoNode] Defining data type 'colorf[4]' as 'Color4f' and array 'Color4fArray[0m
[32m[00:00:07.480] [DEBUG] [AutoNode] Defining data type 'colorh[4]' as 'Color4h' and array 'Color4hArray[0m
[32m[00:00:07.480] [DEBUG] [AutoNode] Defining data type 'double' as 'Double' and array 'DoubleArray[0m
[32m[00:00:07.480] [DEBUG] [AutoNode] Defining data type 'double[2]' as 'Double2' and array 'Double2Array[0m
[32m[00:00:07.480] [DEBUG] [AutoNode] Defining data type 'double[3]' as 'Double3' and array 'Double3Array[0m
[32m[00:00:07.480] [DEBUG] [AutoNode] Defining data type 'double[4]' as 'Double4' and array 'Double4Array[0m
[32m[00:00:07.480] [DEBUG] [AutoNode] Defining data type 'execution' as 'Execution'[0m
[32m[00:00:07.480] [DEBUG] [AutoNode] Defining data type 'float' as 'Float' and array 'FloatArray[0m
[32m[00:00:07.480] [DEBUG] [AutoNode] Defining data type 'float[2]' as 'Float2' and array 'Float2Array[0m
[32m[00:00:07.480] [DEBUG] [AutoNode] Defining data type 'float[3]' as 'Float3' and array 'Float3Array[0m
[32m[00:00:07.480] [DEBUG] [AutoNode] Defining data type 'float[4]' as 'Float4' and array 'Float4Array[0m
[32m[00:00:07.481] [DEBUG] [AutoNode] Defining data type 'frame[4]' as 'Frame' and array 'FrameArray[0m
[32m[00:00:07.481] [DEBUG] [AutoNode] Defining data type 'half' as 'Half' and array 'HalfArray[0m
[32m[00:00:07.481] [DEBUG] [AutoNode] Defining data type 'half[2]' as 'Half2' and array 'Half2Array[0m
[32m[00:00:07.481] [DEBUG] [AutoNode] Defining data type 'half[3]' as 'Half3' and array 'Half3Array[0m
[32m[00:00:07.481] [DEBUG] [AutoNode] Defining data type 'half[4]' as 'Half4' and array 'Half4Array[0m
[32m[00:00:07.481] [DEBUG] [AutoNode] Defining data type 'int' as 'Int' and array 'IntArray[0m
[32m[00:00:07.481] [DEBUG] [AutoNode] Defining data type 'int[2]' as 'Int2' and array 'Int2Array[0m
[32m[00:00:07.481] [DEBUG] [AutoNode] Defining data type 'int[3]' as 'Int3' and array 'Int3Array[0m
[32m[00:00:07.481] [DEBUG] [AutoNode] Defining data type 'int[4]' as 'Int4' and array 'Int4Array[0m
[32m[00:00:07.481] [DEBUG] [AutoNode] Defining data type 'int64' as 'Int64' and array 'Int64Array[0m
[32m[00:00:07.481] [DEBUG] [AutoNode] Defining data type 'matrixd[2]' as 'Matrix2d' and array 'Matrix2dArray[0m
[32m[00:00:07.481] [DEBUG] [AutoNode] Defining data type 'matrixd[3]' as 'Matrix3d' and array 'Matrix3dArray[0m
[32m[00:00:07.481] [DEBUG] [AutoNode] Defining data type 'matrixd[4]' as 'Matrix4d' and array 'Matrix4dArray[0m
[32m[00:00:07.481] [DEBUG] [AutoNode] Defining data type 'normald[3]' as 'Normal3d' and array 'Normal3dArray[0m
[32m[00:00:07.481] [DEBUG] [AutoNode] Defining data type 'normalf[3]' as 'Normal3f' and array 'Normal3fArray[0m
[32m[00:00:07.481] [DEBUG] [AutoNode] Defining data type 'normalh[3]' as 'Normal3h' and array 'Normal3hArray[0m
[32m[00:00:07.481] [DEBUG] [AutoNode] Defining data type 'objectId' as 'ObjectId' and array 'ObjectIdArray[0m
[32m[00:00:07.481] [DEBUG] [AutoNode] Defining data type 'path' as 'Path'[0m
[32m[00:00:07.481] [DEBUG] [AutoNode] Defining data type 'pointd[3]' as 'Point3d' and array 'Point3dArray[0m
[32m[00:00:07.481] [DEBUG] [AutoNode] Defining data type 'pointf[3]' as 'Point3f' and array 'Point3fArray[0m
[32m[00:00:07.481] [DEBUG] [AutoNode] Defining data type 'pointh[3]' as 'Point3h' and array 'Point3hArray[0m
[32m[00:00:07.481] [DEBUG] [AutoNode] Defining data type 'quatd[4]' as 'Quatd' and array 'QuatdArray[0m
[32m[00:00:07.481] [DEBUG] [AutoNode] Defining data type 'quatf[4]' as 'Quatf' and array 'QuatfArray[0m
[32m[00:00:07.481] [DEBUG] [AutoNode] Defining data type 'quath[4]' as 'Quath' and array 'QuathArray[0m
[32m[00:00:07.481] [DEBUG] [AutoNode] Defining data type 'string' as 'String'[0m
[32m[00:00:07.481] [DEBUG] [AutoNode] Defining data type 'target' as 'Target'[0m
[32m[00:00:07.481] [DEBUG] [AutoNode] Defining data type 'texcoordd[2]' as 'TexCoord2d' and array 'TexCoord2dArray[0m
[32m[00:00:07.481] [DEBUG] [AutoNode] Defining data type 'texcoordf[2]' as 'TexCoord2f' and array 'TexCoord2fArray[0m
[32m[00:00:07.481] [DEBUG] [AutoNode] Defining data type 'texcoordh[2]' as 'TexCoord2h' and array 'TexCoord2hArray[0m
[32m[00:00:07.481] [DEBUG] [AutoNode] Defining data type 'texcoordd[3]' as 'TexCoord3d' and array 'TexCoord3dArray[0m
[32m[00:00:07.481] [DEBUG] [AutoNode] Defining data type 'texcoordf[3]' as 'TexCoord3f' and array 'TexCoord3fArray[0m
[32m[00:00:07.481] [DEBUG] [AutoNode] Defining data type 'texcoordh[3]' as 'TexCoord3h' and array 'TexCoord3hArray[0m
[32m[00:00:07.481] [DEBUG] [AutoNode] Defining data type 'timecode' as 'Timecode' and array 'TimecodeArray[0m
[32m[00:00:07.481] [DEBUG] [AutoNode] Defining data type 'token' as 'Token' and array 'TokenArray[0m
[32m[00:00:07.481] [DEBUG] [AutoNode] Defining data type 'uchar' as 'UChar' and array 'UCharArray[0m
[32m[00:00:07.481] [DEBUG] [AutoNode] Defining data type 'uint' as 'UInt' and array 'UIntArray[0m
[32m[00:00:07.481] [DEBUG] [AutoNode] Defining data type 'uint64' as 'UInt64' and array 'UInt64Array[0m
[32m[00:00:07.482] [DEBUG] [AutoNode] Defining data type 'vectord[3]' as 'Vector3d' and array 'Vector3dArray[0m
[32m[00:00:07.482] [DEBUG] [AutoNode] Defining data type 'vectorf[3]' as 'Vector3f' and array 'Vector3fArray[0m
[32m[00:00:07.482] [DEBUG] [AutoNode] Defining data type 'vectorh[3]' as 'Vector3h' and array 'Vector3hArray[0m
2s] [ext: isaacsim.robot.schema-3.1.2] startup
[3.771s] [ext: omni.usd.schema.omniscripting-1.0.0] startup
[3.778s] [ext: omni.usd.schema.isaac-3.0.2] startup
[3.778s] [ext: omni.usd.schema.anim-0.0.0] startup
[3.804s] [ext: omni.usd.schema.flow-107.0.0] startup
[3.804s] [ext: omni.graph.exec-0.9.4] startup
[3.805s] [ext: omni.kit.usd_undo-0.1.8] startup
[3.805s] [ext: omni.kit.actions.core-1.0.0] startup
[3.807s] [ext: omni.kit.exec.core-0.13.4] startup
[3.810s] [ext: omni.usd_resolver-1.0.0] startup
[3.814s] [ext: omni.kit.commands-1.4.9] startup
[3.818s] [ext: omni.activity.core-1.0.1] startup
[3.819s] [ext: omni.usd.core-1.4.2] startup
[3.823s] [ext: omni.resourcemonitor-107.0.0] startup
[3.825s] [ext: omni.kit.window.popup_dialog-2.0.24] startup
[3.829s] [ext: omni.timeline-1.0.11] startup
[3.831s] [ext: omni.kit.widget.nucleus_connector-1.1.10] startup
[3.832s] [ext: usdrt.scenegraph-7.5.1] startup
[3.869s] [ext: omni.kit.audiodeviceenum-1.0.1] startup
[3.871s] [ext: omni.hydra.usdrt_delegate-7.5.1] startup
[3.884s] [ext: omni.hydra.scene_delegate-0.3.3] startup
[3.891s] [ext: omni.usd-1.12.4] startup
[3.930s] [ext: omni.inspect-1.0.1] startup
[3.931s] [ext: omni.kit.notification_manager-1.0.9] startup
[3.932s] [ext: omni.graph.core-2.181.8] startup
[3.936s] [ext: isaacsim.core.deprecation_manager-0.2.2] startup
[3.936s] [ext: omni.kit.asset_converter-2.8.3] startup
[3.948s] [ext: omni.kit.widget.path_field-2.0.11] startup
[3.949s] [ext: omni.kit.helper.file_utils-0.1.9] startup
[3.950s] [ext: omni.kit.menu.core-1.1.2] startup
[3.951s] [ext: omni.kit.widget.browser_bar-2.0.10] startup
[3.952s] [ext: omni.kit.widget.filebrowser-2.10.52] startup
[3.955s] [ext: omni.kit.widget.context_menu-1.2.4] startup
[3.956s] [ext: omni.kit.clipboard-1.0.5] startup
[3.956s] [ext: omni.kit.widget.options_menu-1.1.6] startup
[3.959s] [ext: omni.graph.tools-1.79.1] startup
[3.979s] [ext: omni.ui.scene-1.11.2] startup
[3.984s] [ext: omni.kit.widget.options_button-1.0.3] startup
[3.984s] [ext: omni.kit.property.adapter.core-1.0.2] startup
[3.986s] [ext: omni.graph-1.140.2] startup
[4.022s] [ext: omni.kit.window.filepicker-2.11.7] startup
[4.029s] [ext: omni.kit.property.adapter.usd-1.0.2] startup
[4.031s] [ext: omni.kit.property.adapter.fabric-1.0.3] startup
[4.032s] [ext: omni.kit.widget.text_editor-1.0.2] startup
[4.034s] [ext: omni.kit.hotkeys.core-1.3.10] startup
[4.037s] [ext: omni.kit.window.content_browser_registry-0.0.6] startup
[4.038s] [ext: omni.kit.widget.filter-1.1.4] startup
[4.040s] [ext: omni.kit.widget.searchfield-1.1.8] startup
[4.041s] [ext: omni.kit.widget.highlight_label-1.0.3] startup
[4.042s] [ext: omni.ujitso.processor.texture-1.0.0] startup
[4.044s] [ext: omni.index.libs-380600.1777.0] startup
[4.044s] [ext: omni.volume-0.5.0] startup
[4.049s] [ext: omni.ujitso.client-0.0.0] startup
[4.050s] [ext: omni.index-1.0.1] startup
[4.051s] [ext: omni.hydra.rtx.shadercache.vulkan-1.0.0] startup
[4.052s] [ext: omni.kit.usd.layers-2.2.0] startup
[4.060s] [ext: omni.hydra.rtx-1.0.0] startup
2026-05-12 16:14:34 [4,061ms] [Warning] [omni.log] Source: omni.hydra was already registered.
[4.094s] [ext: omni.kit.context_menu-1.8.3] startup
[4.096s] [ext: omni.kit.viewport.scene_camera_model-1.0.5] startup
[4.103s] [ext: omni.kit.hydra_texture-1.4.0] startup
[4.108s] [ext: omni.kit.window.file_importer-1.1.14] startup
[4.110s] [ext: omni.kit.menu.utils-1.7.7] startup
[4.116s] [ext: omni.kit.viewport.legacy_gizmos-1.0.16] startup
[4.120s] [ext: omni.kit.raycast.query-1.0.5] startup
[4.128s] [ext: omni.kit.material.library-1.5.15] startup
[4.132s] [ext: omni.kit.widget.viewport-107.0.7] startup
[4.136s] [ext: omni.kit.window.file_exporter-1.0.31] startup
[4.138s] [ext: omni.kit.stage_template.core-1.1.22] startup
[4.139s] [ext: omni.kit.window.drop_support-1.0.4] startup
[4.140s] [ext: omni.kit.viewport.registry-104.0.6] startup
[4.141s] [ext: omni.hydra.engine.stats-1.0.3] startup
[4.145s] [ext: omni.kit.window.file-1.3.57] startup
[4.148s] [ext: omni.kit.viewport.window-107.0.8] startup
[4.164s] [ext: omni.kit.window.content_browser-2.10.3] startup
[4.177s] [ext: omni.kit.window.property-1.11.5] startup
[4.179s] [ext: omni.kit.widget.stage-2.11.6] startup
[4.189s] [ext: omni.kit.viewport.utility-1.0.18] startup
[4.190s] [ext: omni.kit.manipulator.viewport-107.0.1] startup
[4.192s] [ext: omni.kit.property.usd-4.2.16] startup
[4.200s] [ext: omni.kit.xr.telemetry-106.5.13] startup
[4.203s] [ext: omni.kit.window.extensions-1.4.25] startup
[4.208s] [ext: omni.graph.visualization.nodes-2.1.1] startup
[4.212s] [ext: omni.kit.widget.stage_icons-1.0.6] startup
[4.215s] [ext: omni.kit.widget.zoombar-1.0.5] startup
[4.217s] [ext: omni.kit.widget.searchable_combobox-1.0.6] startup
[4.219s] [ext: omni.kit.window.stage-2.5.11] startup
[4.229s] [ext: omni.kit.browser.core-2.3.11] startup
[4.233s] [ext: omni.kit.widget.settings-1.2.2] startup
[4.235s] [ext: omni.kit.menu.stage-1.2.5] startup
[4.236s] [ext: omni.kit.browser.folder.core-1.10.1] startup
[4.241s] [ext: omni.kit.widget.prompt-1.0.7] startup
[4.243s] [ext: omni.kit.window.preferences-1.7.0] startup
[4.248s] [ext: omni.kit.xr.configurations-106.5.13] startup
[4.248s] [ext: omni.convexdecomposition-106.5.7] startup
[4.255s] [ext: omni.kit.usd.collect-2.2.22] startup
[4.257s] [ext: omni.rtx.window.settings-0.6.17] startup
[4.261s] [ext: omni.kit.manipulator.camera-106.0.3] startup
[4.265s] [ext: omni.kit.xr.core-106.5.13] startup
[4.302s] [ext: omni.kvdb-106.5.7] startup
[4.304s] [ext: omni.services.facilities.base-1.0.4] startup
[4.305s] [ext: omni.usdphysics-106.5.7] startup
[4.311s] [ext: omni.physx.foundation-106.5.7] startup
[4.313s] [ext: omni.localcache-106.5.7] startup
[4.315s] [ext: omni.services.core-1.9.0] startup
[4.596s] [ext: omni.physx.cooking-106.5.7] startup
[4.610s] [ext: omni.kit.tool.collect-2.2.16] startup
[4.612s] [ext: omni.kit.xr.ui.window.viewport-106.5.13] startup
[4.618s] [ext: omni.services.transport.server.base-1.1.1] startup
[4.621s] [ext: omni.physx-106.5.7] startup
[4.636s] [ext: isaacsim.examples.browser-0.1.8] startup
[4.638s] [ext: omni.graph.action_core-1.1.7] startup
[4.643s] [ext: omni.ui_query-1.1.7] startup
[4.644s] [ext: omni.services.transport.server.zeroconf-1.0.9] startup
[4.657s] [ext: omni.graph.action_nodes-1.40.1] startup
[4.663s] [ext: omni.kit.ui_test-1.3.3] startup
[4.666s] [ext: omni.kit.xr.advertise-106.5.13] startup
[4.669s] [ext: omni.graph.action-1.120.0] startup
[4.672s] [ext: omni.kit.xr.ui.window.profile-106.5.13] startup
[4.848s] [ext: omni.kit.xr.system.cloudxr-106.5.13] startup
[4.851s] [ext: omni.kit.tool.asset_importer-2.12.2] startup
[4.856s] [ext: isaacsim.gui.components-1.0.9] startup
[4.860s] [ext: omni.kit.xr.profile.common-106.5.13] startup
[4.864s] [ext: isaacsim.asset.importer.urdf-2.3.10] startup
[4.940s] [ext: omni.graph.image.core-0.6.0] startup
[4.942s] [ext: isaacsim.core.version-2.0.2] startup
[4.943s] [ext: omni.graph.image.nodes-1.3.0] startup
[4.947s] [ext: isaacsim.storage.native-1.0.6] startup
[4.951s] [ext: omni.kit.data2ui.core-1.0.27] startup
[4.955s] [ext: omni.graph.nodes-1.162.1] startup
[4.967s] [ext: omni.physx.stageupdate-106.5.7] startup
[4.970s] [ext: omni.kit.numpy.common-0.1.2] startup
[4.973s] [ext: omni.kit.data2ui.usd-1.0.27] startup
[4.981s] [ext: omni.warp.core-1.5.0] startup
[4.983s] [ext: omni.isaac.dynamic_control-1.3.15] startup
2026-05-12 16:14:35 [4,978ms] [Warning] [omni.isaac.dynamic_control] omni.isaac.dynamic_control is deprecated as of Isaac Sim 4.5. No action is needed from end-users.
[4.990s] [ext: omni.no_code_ui.bundle-1.0.27] startup
[4.991s] [ext: omni.kit.xr.scene_view.core-106.5.13] startup
[5.006s] [ext: isaacsim.core.utils-2.2.8] startup
[5.010s] [ext: omni.kit.xr.scene_view.utils-106.5.13] startup
[5.741s] [ext: omni.kit.xr.system.steamvr-106.5.13] startup
[5.744s] [ext: isaacsim.asset.browser-1.3.4] startup
[5.747s] [ext: omni.kit.xr.ui.stage-106.5.13] startup
[5.759s] [ext: omni.kit.xr.system.openxr-106.5.13] startup
[5.770s] [ext: omni.isaac.asset_browser-1.0.2] startup
2026-05-12 16:14:36 [5,759ms] [Warning] [omni.isaac.asset_browser] omni.isaac.asset_browser has been deprecated in favor of isaacsim.asset.browser. Please update your code accordingly.
[5.771s] [ext: omni.kit.xr.profile.vr-106.5.13] startup
[5.775s] [ext: omni.physics.tensors-106.5.7] startup
[5.787s] [ext: omni.graph.ui_nodes-1.40.1] startup
[5.794s] [ext: omni.physx.tensors-106.5.7] startup
[5.804s] [ext: omni.kit.primitive.mesh-1.0.17] startup
[5.809s] [ext: isaacsim.core.simulation_manager-0.3.3] startup
[5.984s] [ext: omni.kit.stage_templates-1.2.6] startup
[5.989s] [ext: isaacsim.core.prims-0.3.7] startup
[6.011s] [ext: omni.kit.widget.graph-1.12.17] startup
[6.016s] [ext: isaacsim.core.api-4.2.16] startup
[6.028s] [ext: omni.kit.graph.delegate.default-1.2.2] startup
[6.031s] [ext: omni.graph.scriptnode-1.40.1] startup
[6.032s] [ext: omni.kit.graph.editor.core-1.5.3] startup
[6.036s] [ext: isaacsim.core.cloner-1.3.4] startup
[6.039s] [ext: omni.kit.graph.usd.commands-1.3.1] startup
[6.042s] [ext: omni.isaac.assets_check-0.3.9] startup
2026-05-12 16:14:36 [6,032ms] [Warning] [omni.isaac.assets_check] omni.isaac.assets_check has been deprecated in favor of isaacsim.asset.browser. Please update your code accordingly.
[6.043s] [ext: omni.kit.widget.material_preview-1.0.16] startup
[6.048s] [ext: omni.kit.viewport.menubar.core-107.1.2] startup
[6.063s] [ext: omni.isaac.cloner-1.0.2] startup
2026-05-12 16:14:36 [6,053ms] [Warning] [omni.isaac.cloner] omni.isaac.cloner has been deprecated in favor of isaacsim.core.cloner. Please update your code accordingly.
[6.064s] [ext: isaacsim.core.throttling-2.0.2] startup
[6.066s] [ext: omni.flowusd-106.5.2] startup
2026-05-12 16:14:36 [6,063ms] [Warning] [omni.stageupdate.plugin] Deprecated: direct use of IStageUpdate callbacks is deprecated. Use IStageUpdate::getStageUpdate instead.
[6.076s] [ext: omni.kit.window.material_graph-1.8.19] startup
[6.085s] [ext: omni.syntheticdata-0.6.10] startup
[6.100s] [ext: omni.warp-1.5.0] startup
[6.108s] [ext: isaacsim.simulation_app-2.4.2] startup
[6.111s] [ext: isaacsim.robot_motion.lula-4.0.4] startup
[6.120s] [ext: omni.replicator.core-1.11.35] startup
2026-05-12 16:14:36 [6,281ms] [Warning] [omni.replicator.core.scripts.extension] No material configuration file, adding configuration to material settings directly.
[6.295s] [ext: omni.isaac.kit-2.0.3] startup
2026-05-12 16:14:36 [6,286ms] [Warning] [omni.isaac.kit] omni.isaac.kit has been deprecated in favor of isaacsim.simulation_app. Please update your code accordingly.
[6.297s] [ext: omni.isaac.lula-4.0.2] startup
2026-05-12 16:14:36 [6,288ms] [Warning] [omni.isaac.lula] omni.isaac.lula has been deprecated in favor of isaacsim.robot_motion.lula. Please update your code accordingly.
[6.299s] [ext: isaacsim.core.nodes-2.1.4] startup
[6.311s] [ext: isaacsim.robot_motion.motion_generation-8.0.6] startup
[6.335s] [ext: isaacsim.robot.surface_gripper-2.0.6] startup
[6.349s] [ext: omni.kit.selection-0.1.5] startup
[6.357s] [ext: isaacsim.robot_motion.lula_test_widget-1.0.5] startup
[6.363s] [ext: isaacsim.robot.manipulators-3.0.4] startup
[6.386s] [ext: isaacsim.gui.menu-2.0.9] startup
[6.423s] [ext: omni.isaac.lula_test_widget-1.0.2] startup
2026-05-12 16:14:36 [6,416ms] [Warning] [omni.isaac.lula_test_widget] omni.isaac.lula_test_widget has been deprecated in favor of isaacsim.robot_motion.lula_test_widget. Please update your code accordingly.
[6.427s] [ext: omni.isaac.manipulators-3.0.3] startup
2026-05-12 16:14:36 [6,418ms] [Warning] [omni.isaac.manipulators] omni.isaac.manipulators has been deprecated in favor of isaacsim.robot.manipulators. Please update your code accordingly.
2026-05-12 16:14:36 [6,419ms] [Warning] [omni.isaac.manipulators.controllers] omni.isaac.manipulators has been deprecated in favor of isaacsim.robot.manipulators. Please update your code accordingly.
2026-05-12 16:14:36 [6,420ms] [Warning] [omni.isaac.manipulators.controllers.pick_place_controller] omni.isaac.manipulators has been deprecated in favor of isaacsim.robot.manipulators. Please update your code accordingly.
2026-05-12 16:14:36 [6,422ms] [Warning] [omni.isaac.manipulators.controllers.stacking_controller] omni.isaac.manipulators has been deprecated in favor of isaacsim.robot.manipulators. Please update your code accordingly.
2026-05-12 16:14:36 [6,423ms] [Warning] [omni.isaac.manipulators.grippers] omni.isaac.manipulators has been deprecated in favor of isaacsim.robot.manipulators. Please update your code accordingly.
2026-05-12 16:14:36 [6,423ms] [Warning] [omni.isaac.manipulators.grippers.gripper] omni.isaac.manipulators has been deprecated in favor of isaacsim.robot.manipulators. Please update your code accordingly.
2026-05-12 16:14:36 [6,424ms] [Warning] [omni.isaac.manipulators.grippers.parallel_gripper] omni.isaac.manipulators has been deprecated in favor of isaacsim.robot.manipulators. Please update your code accordingly.
2026-05-12 16:14:36 [6,424ms] [Warning] [omni.isaac.manipulators.grippers.surface_gripper] omni.isaac.manipulators has been deprecated in favor of isaacsim.robot.manipulators. Please update your code accordingly.
2026-05-12 16:14:36 [6,425ms] [Warning] [omni.isaac.manipulators.manipulators] omni.isaac.manipulators has been deprecated in favor of isaacsim.robot.manipulators. Please update your code accordingly.
2026-05-12 16:14:36 [6,425ms] [Warning] [omni.isaac.manipulators.manipulators.single_manipulator] omni.isaac.manipulators has been deprecated in favor of isaacsim.robot.manipulators. Please update your code accordingly.
[6.436s] [ext: omni.isaac.menu-1.0.2] startup
2026-05-12 16:14:36 [6,427ms] [Warning] [omni.isaac.menu] omni.isaac.menu has been deprecated in favor of isaacsim.gui.menu. Please update your code accordingly.
[6.438s] [ext: isaacsim.util.debug_draw-2.0.2] startup
[6.449s] [ext: omni.isaac.motion_generation-8.0.2] startup
2026-05-12 16:14:36 [6,440ms] [Warning] [omni.isaac.motion_generation] omni.isaac.motion_generation has been deprecated in favor of isaacsim.robot_motion.motion_generation. Please update your code accordingly.
2026-05-12 16:14:36 [6,440ms] [Warning] [omni.isaac.motion_generation.articulation_kinematics_solver] omni.isaac.motion_generation has been deprecated in favor of isaacsim.robot_motion.motion_generation. Please update your code accordingly.
2026-05-12 16:14:36 [6,441ms] [Warning] [omni.isaac.motion_generation.articulation_motion_policy] omni.isaac.motion_generation has been deprecated in favor of isaacsim.robot_motion.motion_generation. Please update your code accordingly.
2026-05-12 16:14:36 [6,441ms] [Warning] [omni.isaac.motion_generation.articulation_trajectory] omni.isaac.motion_generation has been deprecated in favor of isaacsim.robot_motion.motion_generation. Please update your code accordingly.
2026-05-12 16:14:36 [6,441ms] [Warning] [omni.isaac.motion_generation.kinematics_interface] omni.isaac.motion_generation has been deprecated in favor of isaacsim.robot_motion.motion_generation. Please update your code accordingly.
2026-05-12 16:14:36 [6,443ms] [Warning] [omni.isaac.motion_generation.lula] omni.isaac.motion_generation has been deprecated in favor of isaacsim.robot_motion.motion_generation. Please update your code accordingly.
2026-05-12 16:14:36 [6,443ms] [Warning] [omni.isaac.motion_generation.lula.kinematics] omni.isaac.motion_generation has been deprecated in favor of isaacsim.robot_motion.motion_generation. Please update your code accordingly.
2026-05-12 16:14:36 [6,445ms] [Warning] [omni.isaac.motion_generation.lula.motion_policies] omni.isaac.motion_generation has been deprecated in favor of isaacsim.robot_motion.motion_generation. Please update your code accordingly.
2026-05-12 16:14:36 [6,447ms] [Warning] [omni.isaac.motion_generation.lula.path_planners] omni.isaac.motion_generation has been deprecated in favor of isaacsim.robot_motion.motion_generation. Please update your code accordingly.
2026-05-12 16:14:36 [6,447ms] [Warning] [omni.isaac.motion_generation.lula.trajectory_generator] omni.isaac.motion_generation has been deprecated in favor of isaacsim.robot_motion.motion_generation. Please update your code accordingly.
2026-05-12 16:14:36 [6,448ms] [Warning] [omni.isaac.motion_generation.motion_policy_controller] omni.isaac.motion_generation has been deprecated in favor of isaacsim.robot_motion.motion_generation. Please update your code accordingly.
2026-05-12 16:14:36 [6,448ms] [Warning] [omni.isaac.motion_generation.motion_policy_interface] omni.isaac.motion_generation has been deprecated in favor of isaacsim.robot_motion.motion_generation. Please update your code accordingly.
2026-05-12 16:14:36 [6,448ms] [Warning] [omni.isaac.motion_generation.path_planner_visualizer] omni.isaac.motion_generation has been deprecated in favor of isaacsim.robot_motion.motion_generation. Please update your code accordingly.
2026-05-12 16:14:36 [6,449ms] [Warning] [omni.isaac.motion_generation.path_planning_interface] omni.isaac.motion_generation has been deprecated in favor of isaacsim.robot_motion.motion_generation. Please update your code accordingly.
2026-05-12 16:14:36 [6,449ms] [Warning] [omni.isaac.motion_generation.trajectory] omni.isaac.motion_generation has been deprecated in favor of isaacsim.robot_motion.motion_generation. Please update your code accordingly.
2026-05-12 16:14:36 [6,449ms] [Warning] [omni.isaac.motion_generation.world_interface] omni.isaac.motion_generation has been deprecated in favor of isaacsim.robot_motion.motion_generation. Please update your code accordingly.
[6.460s] [ext: isaacsim.sensors.physics-0.3.5] startup
[6.472s] [ext: omni.sensors.nv.common-2.5.0-coreapi] startup
[6.497s] [ext: isaacsim.sensors.physx-2.2.4] startup
[6.513s] [ext: omni.isaac.nucleus-1.0.3] startup
2026-05-12 16:14:37 [6,504ms] [Warning] [omni.isaac.nucleus] omni.isaac.nucleus has been deprecated in favor of isaacsim.storage.native. Please update your code accordingly.
2026-05-12 16:14:37 [6,505ms] [Warning] [omni.isaac.nucleus.nucleus] omni.isaac.nucleus.nucleus has been deprecated in favor of isaacsim.storage.native. Please update your code accordingly.
[6.516s] [ext: isaacsim.robot.policy.examples-4.0.3] startup
[6.525s] [ext: omni.sensors.nv.materials-1.4.0-coreapi] startup
[6.530s] [ext: omni.isaac.range_sensor-4.0.2] startup
[6.546s] [ext: isaacsim.sensors.camera-0.2.9] startup
[6.555s] [ext: omni.isaac.quadruped-3.0.2] startup
2026-05-12 16:14:37 [6,545ms] [Warning] [omni.isaac.quadruped] omni.isaac.quadruped has been deprecated in favor of isaacsim.robot.policy.examples. Please update your code accordingly.
[6.557s] [ext: omni.sensors.nv.ids-1.4.0-coreapi] startup
[6.566s] [ext: omni.kit.menu.create-1.0.17] startup
[6.568s] [ext: omni.sensors.nv.wpm-2.4.0-coreapi] startup
[6.571s] [ext: omni.kit.manipulator.transform-106.0.1] startup
[6.574s] [ext: omni.kit.widget.toolbar-1.7.3] startup
[6.581s] [ext: omni.sensors.nv.radar-2.6.1-coreapi] startup
[6.593s] [ext: omni.sensors.tiled-0.0.6] startup
[6.598s] [ext: omni.sensors.nv.lidar-2.6.3-coreapi] startup
[6.607s] [ext: omni.kit.manipulator.tool.snap-1.5.12] startup
[6.612s] [ext: omni.kit.manipulator.selector-1.1.1] startup
[6.614s] [ext: isaacsim.sensors.rtx-13.6.3] startup
[6.623s] [ext: omni.isaac.core-4.0.3] startup
2026-05-12 16:14:37 [6,615ms] [Warning] [omni.isaac.core.physics_context.physics_context] omni.isaac.core.physics_context.physics_context has been deprecated in favor of isaacsim.core.api.physics_context.physics_context. Please update your code accordingly.
2026-05-12 16:14:37 [6,615ms] [Warning] [omni.isaac.core.simulation_context.simulation_context] omni.isaac.core.simulation_context.simulation_context has been deprecated in favor of isaacsim.core.api.simulation_context.simulation_context. Please update your code accordingly.
2026-05-12 16:14:37 [6,615ms] [Warning] [omni.isaac.core.world.world] omni.isaac.core.world.world has been deprecated in favor of isaacsim.core.api.world.world. Please update your code accordingly.
2026-05-12 16:14:37 [6,615ms] [Warning] [omni.isaac.core] omni.isaac.core has been deprecated in favor of isaacsim.core.api. Please update your code accordingly.
[6.627s] [ext: omni.kit.scripting-106.5.2] startup
[6.640s] [ext: omni.kit.viewport.manipulator.transform-107.0.4] startup
[6.643s] [ext: omni.isaac.sensor-13.0.3] startup
2026-05-12 16:14:37 [6,633ms] [Warning] [omni.isaac.sensor] omni.isaac.sensor has been deprecated in favor of isaacsim.sensors.camera, isaacsim.sensors.physics, isaacsim.sensors.physx, and isaacsim.sensors.rtx. Please update your code accordingly.
2026-05-12 16:14:37 [6,633ms] [Warning] [omni.isaac.sensor.camera] omni.isaac.sensor.camera has been deprecated in favor of isaacsim.sensors.camera.camera. Please update your code accordingly.
2026-05-12 16:14:37 [6,633ms] [Warning] [omni.isaac.sensor.camera_view] omni.isaac.sensor.camera_view has been deprecated in favor of isaacsim.sensors.camera.camera_view. Please update your code accordingly.
2026-05-12 16:14:37 [6,633ms] [Warning] [omni.isaac.sensor.commands] omni.isaac.sensor.commands has been deprecated in favor of isaacsim.sensors.physics.commands, isaacsim.sensors.physx.commands, and isaacsim.sensors.rtx.commands. Please update your code accordingly.
2026-05-12 16:14:37 [6,634ms] [Warning] [omni.isaac.sensor.contact_sensor] omni.isaac.sensor.contact_sensor has been deprecated in favor of isaacsim.sensors.physics.contact_sensor. Please update your code accordingly.
2026-05-12 16:14:37 [6,634ms] [Warning] [omni.isaac.sensor.imu_sensor] omni.isaac.sensor.imu_sensor has been deprecated in favor of isaacsim.sensors.physics.imu_sensor. Please update your code accordingly.
2026-05-12 16:14:37 [6,634ms] [Warning] [omni.isaac.sensor.lidar_rtx] omni.isaac.sensor.lidar_rtx has been deprecated in favor of isaacsim.sensors.rtx.lidar_rtx. Please update your code accordingly.
2026-05-12 16:14:37 [6,634ms] [Warning] [omni.isaac.sensor.rotating_lidar_physX] omni.isaac.sensor.imu_sensor has been deprecated in favor of isaacsim.sensors.physix.rotating_lidar_physX. Please update your code accordingly.
2026-05-12 16:14:37 [6,634ms] [Warning] [omni.isaac.sensor.scripts.samples.contact_sensor] omni.isaac.sensor.scripts.samples.contact_sensor has been deprecated in favor of isaacsim.sensors.physics.scripts.samples.contact_sensor. Please update your code accordingly.
2026-05-12 16:14:37 [6,635ms] [Warning] [omni.isaac.sensor.scripts.samples.imu_sensor] omni.isaac.sensor.scripts.samples.imu_sensor has been deprecated in favor of isaacsim.sensors.physics.scripts.samples.imu_sensor. Please update your code accordingly.
2026-05-12 16:14:37 [6,635ms] [Warning] [omni.isaac.sensor.scripts.samples.lightbeam_sensor] omni.isaac.sensor.scripts.samples.lightbeam_sensor has been deprecated in favor of isaacsim.sensors.physx.scripts.samples.lightbeam_sensor. Please update your code accordingly.
[6.646s] [ext: omni.isaac.surface_gripper-2.0.2] startup
2026-05-12 16:14:37 [6,637ms] [Warning] [omni.isaac.surface_gripper] omni.isaac.surface_gripper has been deprecated in favor of isaacsim.robot.surface_gripper. Please update your code accordingly.
[6.648s] [ext: omni.isaac.core_nodes-2.0.2] startup
2026-05-12 16:14:37 [6,644ms] [Warning] [omni.isaac.core_nodes] omni.isaac.core_nodes has been deprecated in favor of isaacsim.core.nodes. Please update your code accordingly.
[6.655s] [ext: isaacsim.replicator.behavior-1.0.8] startup
[6.658s] [ext: omni.kit.manipulator.prim.core-107.0.7] startup
[6.664s] [ext: omni.fabric.commands-1.1.5] startup
[6.668s] [ext: omni.kit.viewport.actions-107.0.0] startup
[6.672s] [ext: omni.kit.manipulator.prim.usd-107.0.3] startup
[6.674s] [ext: omni.kit.manipulator.prim.fabric-107.0.4] startup
[6.675s] [ext: isaacsim.app.about-2.0.7] startup
[6.677s] [ext: omni.kit.manipulator.selection-106.0.1] startup
[6.679s] [ext: omni.kit.viewport.menubar.display-107.0.3] startup
[6.681s] [ext: omni.kit.widget.layers-1.8.2] startup
[6.693s] [ext: omni.kit.manipulator.prim-107.0.0] startup
[6.693s] [ext: omni.debugdraw-0.1.3] startup
[6.699s] [ext: omni.isaac.window.about-2.0.2] startup
2026-05-12 16:14:37 [6,689ms] [Warning] [omni.isaac.window.about] omni.isaac.window.about has been deprecated in favor of isaacsim.app.about. Please update your code accordingly.
2026-05-12 16:14:37 [6,689ms] [Warning] [omni.isaac.window.about.about] omni.isaac.window.about.about has been deprecated in favor of isaacsim.app.about.about. Please update your code accordingly.
[6.700s] [ext: omni.kit.property.audio-1.0.16] startup
[6.702s] [ext: omni.physx.commands-106.5.7] startup
[6.705s] [ext: omni.usdphysics.ui-106.5.7] startup
[6.738s] [ext: omni.kit.property.camera-1.0.9] startup
[6.740s] [ext: omni.kit.property.geometry-1.3.3] startup
[6.744s] [ext: omni.kit.property.light-1.0.11] startup
[6.746s] [ext: omni.hydra.scene_api-0.1.2] startup
[6.754s] [ext: omni.physx.ui-106.5.7] startup
[6.786s] [ext: omni.kit.property.material-1.10.17] startup
[6.792s] [ext: omni.kit.property.render-1.1.3] startup
[6.794s] [ext: isaacsim.robot.manipulators.examples-1.0.3] startup
[6.795s] [ext: omni.kit.property.transform-1.5.10] startup
[6.801s] [ext: omni.physx.demos-106.5.7] startup
[6.818s] [ext: omni.kit.property.physx-106.5.7] startup
[6.858s] [ext: isaacsim.gui.property-1.0.4] startup
[6.862s] [ext: omni.isaac.franka-1.0.2] startup
2026-05-12 16:14:37 [6,852ms] [Warning] [omni.isaac.franka] omni.isaac.franka has been deprecated in favor of isaacsim.robot.manipulators.examples.franka. Please update your code accordingly.
2026-05-12 16:14:37 [6,852ms] [Warning] [omni.isaac.franka.franka] omni.isaac.franka has been deprecated in favor of isaacsim.robot.manipulators.examples.franka. Please update your code accordingly.
2026-05-12 16:14:37 [6,852ms] [Warning] [omni.isaac.franka.kinematics_solver] omni.isaac.franka has been deprecated in favor of isaacsim.robot.manipulators.examples.franka. Please update your code accordingly.
[6.863s] [ext: omni.kit.property.bundle-1.3.2] startup
[6.867s] [ext: omni.physx.vehicle-106.5.7] startup
[6.887s] [ext: omni.kit.property.isaac-1.0.2] startup
2026-05-12 16:14:37 [6,878ms] [Warning] [omni.kit.property.isaac] omni.kit.property.isaac has been deprecated in favor of isaacsim.gui.property. Please update your code accordingly.
2026-05-12 16:14:37 [6,878ms] [Warning] [omni.kit.property.isaac.widgets] omni.kit.property.isaac.widgets has been deprecated in favor of isaacsim.gui.property.widgets. Please update your code accordingly.
[6.889s] [ext: omni.kit.viewport.menubar.camera-107.0.2] startup
[6.895s] [ext: omni.kit.viewport.menubar.lighting-106.0.2] startup
[6.897s] [ext: omni.kit.viewport.menubar.render-107.0.8] startup
[6.900s] [ext: isaacsim.replicator.domain_randomization-1.0.2] startup
[6.902s] [ext: omni.physx.camera-106.5.7] startup
[6.919s] [ext: omni.kit.window.toolbar-1.6.2] startup
[6.925s] [ext: omni.physx.cct-106.5.7] startup
[6.939s] [ext: isaacsim.cortex.framework-1.0.2] startup
[6.941s] [ext: omni.isaac.universal_robots-1.0.2] startup
2026-05-12 16:14:37 [6,932ms] [Warning] [omni.isaac.universal_robots] omni.isaac.universal_robots has been deprecated in favor of isaacsim.robot.manipulators.examples.universal_robots. Please update your code accordingly.
2026-05-12 16:14:37 [6,933ms] [Warning] [omni.isaac.universal_robots.kinematics_solver] omni.isaac.franka has been deprecated in favor of isaacsim.robot.manipulators.examples.universal_robots. Please update your code accordingly.
2026-05-12 16:14:37 [6,935ms] [Warning] [omni.isaac.universal_robots.ur10] omni.isaac.franka has been deprecated in favor of isaacsim.robot.manipulators.examples.universal_robots. Please update your code accordingly.
[6.946s] [ext: isaacsim.replicator.writers-1.0.1] startup
[6.968s] [ext: omni.physx.graph-106.5.7] startup
[6.996s] [ext: omni.physx.supportui-106.5.7] startup
[7.021s] [ext: omni.isaac.utils-2.0.2] startup
[7.024s] [ext: omni.isaac.cortex-1.0.2] startup
2026-05-12 16:14:37 [7,014ms] [Warning] [omni.isaac.cortex] omni.isaac.cortex has been deprecated in favor of isaacsim.cortex.framework. Please update your code accordingly.
[7.025s] [ext: omni.physx.telemetry-106.5.7] startup
[7.029s] [ext: isaacsim.replicator.examples-1.1.2] startup
[7.030s] [ext: omni.kit.viewport.menubar.settings-107.0.3] startup
[7.044s] [ext: omni.kit.window.console-0.2.14] startup
[7.059s] [ext: omni.usd.metrics.assembler-106.5.0] startup
[7.072s] [ext: omni.kit.window.status_bar-0.1.7] startup
[7.077s] [ext: omni.physx.bundle-106.5.7] startup
[7.078s] [ext: omni.replicator.isaac-2.0.3] startup
2026-05-12 16:14:37 [7,067ms] [Warning] [omni.replicator.isaac] omni.replicator.isaac has been deprecated in favor of isaacsim.replicator.domain_randomization, isaacsim.replicator.examples, isaacsim.replicator.writers. Please update your code accordingly.
[7.079s] [ext: omni.replicator.replicator_yaml-2.0.10] startup
[7.084s] [ext: omni.rtx.settings.core-0.6.3] startup
[7.088s] [ext: omni.usd.metrics.assembler.ui-106.5.0] startup
[7.095s] [ext: isaacsim.robot.wheeled_robots-4.0.3] startup
[7.101s] [ext: isaacsim.cortex.behaviors-2.0.3] startup
[7.103s] [ext: omni.isaac.version-2.0.2] startup
2026-05-12 16:14:37 [7,094ms] [Warning] [omni.isaac.version] omni.isaac.version has been deprecated in favor of isaacsim.core.version. Please update your code accordingly.
[7.106s] [ext: semantics.schema.editor-0.3.10] startup
[7.111s] [ext: omni.kit.ui.actions-1.0.2] startup
[7.114s] [ext: semantics.schema.property-1.0.5] startup
[7.117s] [ext: omni.isaac.wheeled_robots-3.0.3] startup
2026-05-12 16:14:37 [7,107ms] [Warning] [omni.isaac.wheeled_robots] omni.isaac.wheeled_robots has been deprecated in favor of isaacsim.robot.wheeled_robots. Please update your code accordingly.
2026-05-12 16:14:37 [7,107ms] [Warning] [omni.isaac.wheeled_robots.controllers] omni.isaac.wheeled_robots has been deprecated in favor of isaacsim.robot.wheeled_robots. Please update your code accordingly.
2026-05-12 16:14:37 [7,107ms] [Warning] [omni.isaac.wheeled_robots.controllers.ackermann_controller] omni.isaac.wheeled_robots has been deprecated in favor of isaacsim.robot.wheeled_robots. Please update your code accordingly.
2026-05-12 16:14:37 [7,108ms] [Warning] [omni.isaac.wheeled_robots.controllers.differential_controller] omni.isaac.wheeled_robots has been deprecated in favor of isaacsim.robot.wheeled_robots. Please update your code accordingly.
2026-05-12 16:14:37 [7,108ms] [Warning] [omni.isaac.wheeled_robots.controllers.holonomic_controller] omni.isaac.wheeled_robots has been deprecated in favor of isaacsim.robot.wheeled_robots. Please update your code accordingly.
2026-05-12 16:14:37 [7,109ms] [Warning] [omni.isaac.wheeled_robots.controllers.quintic_path_planner] omni.isaac.wheeled_robots has been deprecated in favor of isaacsim.robot.wheeled_robots. Please update your code accordingly.
2026-05-12 16:14:37 [7,109ms] [Warning] [omni.isaac.wheeled_robots.controllers.stanley_control] omni.isaac.wheeled_robots has been deprecated in favor of isaacsim.robot.wheeled_robots. Please update your code accordingly.
2026-05-12 16:14:37 [7,109ms] [Warning] [omni.isaac.wheeled_robots.controllers.wheel_base_pose_controller] omni.isaac.wheeled_robots has been deprecated in favor of isaacsim.robot.wheeled_robots. Please update your code accordingly.
2026-05-12 16:14:37 [7,110ms] [Warning] [omni.isaac.wheeled_robots.impl] omni.isaac.wheeled_robots has been deprecated in favor of isaacsim.robot.wheeled_robots. Please update your code accordingly.
2026-05-12 16:14:37 [7,111ms] [Warning] [omni.isaac.wheeled_robots.robots] omni.isaac.wheeled_robots has been deprecated in favor of isaacsim.robot.wheeled_robots. Please update your code accordingly.
2026-05-12 16:14:37 [7,111ms] [Warning] [omni.isaac.wheeled_robots.robots.holonomic_robot_usd_setup] omni.isaac.wheeled_robots has been deprecated in favor of isaacsim.robot.wheeled_robots. Please update your code accordingly.
2026-05-12 16:14:37 [7,113ms] [Warning] [omni.isaac.wheeled_robots.robots.wheeled_robot] omni.isaac.wheeled_robots has been deprecated in favor of isaacsim.robot.wheeled_robots. Please update your code accordingly.
[7.124s] [ext: omni.isaac.cortex.sample_behaviors-2.0.2] startup
2026-05-12 16:14:37 [7,116ms] [Warning] [omni.isaac.cortex.sample_behaviors] omni.isaac.cortex.sample_behaviors has been deprecated in favor of isaacsim.cortex.behaviors. Please update your code accordingly.
[7.127s] [ext: omni.anim.curve.core-1.2.0] startup
[7.149s] [ext: isaacsim.asset.importer.mjcf-2.3.3] startup
[7.158s] [ext: omni.kit.menu.common-1.1.9] startup
[7.161s] [ext: isaacsim.exp.base-4.5.0] startup
[7.162s] [ext: omnigibson_4_5_0-1.5.0] startup
[7.163s] Simulation App Starting
[7.566s] app ready
2026-05-12 16:14:38 [7,577ms] [Warning] [rtx.scenedb.plugin] SceneDbContext : TLAS limit buffer size 7508933632
2026-05-12 16:14:38 [7,577ms] [Warning] [rtx.scenedb.plugin] SceneDbContext : TLAS limit : valid false, within: false
2026-05-12 16:14:38 [7,577ms] [Warning] [rtx.scenedb.plugin] SceneDbContext : TLAS limit : decrement: 167690, decrement size: 7433845248
2026-05-12 16:14:38 [7,577ms] [Warning] [rtx.scenedb.plugin] SceneDbContext : New limit 9574251 (slope: 447, intercept: 13179904)
2026-05-12 16:14:38 [7,577ms] [Warning] [rtx.scenedb.plugin] SceneDbContext : TLAS limit buffer size 4287216384
2026-05-12 16:14:38 [7,577ms] [Warning] [rtx.scenedb.plugin] SceneDbContext : TLAS limit : valid true, within: true
[0m[00:00:18.877] [INFO] [omnigibson.simulator] ---------- Welcome to OmniGibson! ----------[0m
[0m[00:00:38.696] [INFO] [omnigibson.simulator] Imported scene 0.[0m
Starting kit application with the following args:  ['/home/yininghong/miniconda3/envs/behavior/lib/python3.10/site-packages/isaacsim/exts/isaacsim.simulation_app/isaacsim/simulation_app/simulation_app.py', '/home/yininghong/miniconda3/envs/behavior/lib/python3.10/site-packages/isaacsim/apps/omnigibson_4_5_0.kit', '--/app/tokens/exe-path=/home/yininghong/miniconda3/envs/behavior/lib/python3.10/site-packages/omni', '--/persistent/app/viewport/displayOptions=3094', '--/rtx/materialDb/syncLoads=True', '--/rtx/hydra/materialSyncLoads=True', '--/omni.kit.plugin/syncUsdLoads=True', '--/app/renderer/resolution/width=1280', '--/app/renderer/resolution/height=720', '--/app/window/width=1440', '--/app/window/height=900', '--/renderer/multiGpu/enabled=False', '--/app/fastShutdown=True', '--/app/installSignalHandlers=0', '--ext-folder', '/home/yininghong/miniconda3/envs/behavior/lib/python3.10/site-packages/isaacsim/exts', '--ext-folder', '/home/yininghong/miniconda3/envs/behavior/lib/python3.10/site-packages/isaacsim/apps', '--/physics/cudaDevice=0', '--portable']
Passing the following args to the base kit application:  ['--task', 'deformable', '--metadata', 'json-tmp/deformable/cover_small_item_cloth/Ihlen_1_int/bedroom_1/q_001.json', '--output', 'outputs/qualitative_task_demo/smoke2/deformable_bottle_view2_smoke.mp4', '--motion', 'task-demo', '--frames', '48', '--fps', '12']
Warp 1.5.0 initialized:
   CUDA Toolkit 11.8, Driver 13.0
   Devices:
     "cpu"      : "x86_64"
     "cuda:0"   : "NVIDIA GeForce RTX 3080 Ti" (12 GiB, sm_86, mempool enabled)
   Kernel cache:
     /home/yininghong/.cache/warp/1.5.0

                   ____________
                  /          / \
                 /          / /__
                /          / /  /\
               /__________/ /__/  \
               \   _____  \ \__\  /
                \  \  / \  \ \_/ /
                 \  \/___\  \   /
                  \__________\_/  
       ___                  _  ____ _ _                     
      / _ \ _ __ ___  _ __ (_)/ ___(_) |__  ___  ___  _ __  
     | | | | '_ ` _ \| '_ \| | |  _| | '_ \/ __|/ _ \| '_ \ 
     | |_| | | | | | | | | | | |_| | | |_) \__ \ (_) | | | |
      \___/|_| |_| |_|_| |_|_|\____|_|_.__/|___/\___/|_| |_|

[record_scene_video] environment loaded
[record_scene_video] opened doors=13
[record_scene_video] settled 30 steps
[record_scene_video] running task setup for task=deformable
[33m[00:00:52.532] [WARNING] [omnigibson.objects.object_base] An object's articulation root API was changed while simulation is playing. This may cause issues.[0m
2026-05-12 16:14:38 [7,698ms] [Warning] [omni.usd-abi.plugin] No setting was found for '/rtx-defaults-transient/meshlights/forceDisable'
2026-05-12 16:14:38 [7,746ms] [Warning] [omni.usd-abi.plugin] No setting was found for '/rtx-defaults/post/dlss/execMode'
[11.212s] Simulation App Startup Complete
2026-05-12 16:14:45 [15,195ms] [Warning] [omni.syntheticdata.plugin] OgnSdPostRenderVarToHost : rendervar copy from texture directly to host buffer is counter-performant. Please use copy from texture to device buffer first.
2026-05-12 16:14:45 [15,238ms] [Warning] [omni.fabric.plugin] removePath called on non-existent path /Render/OmniverseKit/HydraTextures/Replicator/PostRender/SDGPipeline/Replicator_GpuInteropEntry 

2026-05-12 16:14:51 [21,224ms] [Warning] [carb.imaging.plugin] Could not find suitable channels to load in EXR File. The first four channels will be loaded.
2026-05-12 16:15:05 [34,966ms] [Warning] [omni.syntheticdata.plugin] SdRenderVarPtr missing valid input renderVar LdrColorSDhost
2026-05-12 16:15:10 [40,156ms] [Warning] [rtx.postprocessing.plugin] DLSS increasing input dimensions: Render resolution of (64, 64) is below minimal input resolution of 300.
2026-05-12 16:15:11 [40,922ms] [Warning] [carb] Client omni.hydratexture.plugin has acquired [carb::settings::ISettings v1.0] 100 times. Consider accessing this interface with carb::getCachedInterface() (Performance warning)
2026-05-12 16:15:11 [40,939ms] [Warning] [carb] Client omni.hydratexture.plugin has acquired [carb::dictionary::IDictionary v1.1] 100 times. Consider accessing this interface with carb::getCachedInterface() (Performance warning)
2026-05-12 16:15:11 [41,101ms] [Warning] [carb] Plugin interface for a client: omni.hydratexture.plugin was already released.
2026-05-12 16:15:11 [41,152ms] [Warning] [carb] Client omni.kit.viewport.legacy_gizmos has acquired [carb::settings::ISettings v1.0] 100 times. Consider accessing this interface with carb::getCachedInterface() (Performance warning)
2026-05-12 16:15:17 [46,686ms] [Warning] [omni.syntheticdata.plugin] SdPostRenderVarToHost missing valid input renderVar 
2026-05-12 16:15:19 [49,016ms] [Warning] [omnigibson.objects.object_base] An object's articulation root API was changed while simulation is playing. This may cause issues.
2026-05-12 16:15:21 [51,377ms] [Warning] [omni.physx.plugin] Invalid PhysX transform detected for /World/scene_0/cover_small_item_render_item_4175346132/glass.
2026-05-12 16:15:21 [51,377ms] [Warning] [omni.physx.plugin] Invalid PhysX transform detected for /World/scene_0/controllable__r1__robot_xjwlog/base_footprint_y.
2026-05-12 16:15:21 [51,377ms] [Warning] [omni.physx.plugin] Invalid PhysX transform detected for /World/scene_0/controllable__r1__robot_xjwlog/base_footprint_z.
2026-05-12 16:15:21 [51,377ms] [Warning] [omni.physx.plugin] Invalid PhysX transform detected for /World/scene_0/controllable__r1__robot_xjwlog/base_footprint_rx.
2026-05-12 16:15:21 [51,377ms] [Warning] [omni.physx.plugin] Invalid PhysX transform detected for /World/scene_0/controllable__r1__robot_xjwlog/base_footprint_ry.
2026-05-12 16:15:21 [51,377ms] [Warning] [omni.physx.plugin] Invalid PhysX transform detected for /World/scene_0/controllable__r1__robot_xjwlog/base_footprint_rz.
2026-05-12 16:15:21 [51,377ms] [Warning] [omni.physx.plugin] Invalid PhysX transform detected for /World/scene_0/controllable__r1__robot_xjwlog/base_link.
2026-05-12 16:15:21 [51,377ms] [Warning] [omni.physx.plugin] Invalid PhysX transform detected for /World/scene_0/controllable__r1__robot_xjwlog/servo_link1.
2026-05-12 16:15:21 [51,377ms] [Warning] [omni.physx.plugin] Invalid PhysX transform detected for /World/scene_0/controllable__r1__robot_xjwlog/servo_link2.
2026-05-12 16:15:21 [51,377ms] [Warning] [omni.physx.plugin] Invalid PhysX transform detected for /World/scene_0/controllable__r1__robot_xjwlog/servo_link3.
2026-05-12 16:15:21 [51,377ms] [Warning] [omni.physx.plugin] Invalid PhysX transform detected for /World/scene_0/controllable__r1__robot_xjwlog/torso_link1.
2026-05-12 16:15:21 [51,377ms] [Warning] [omni.physx.plugin] Invalid PhysX transform detected for /World/scene_0/controllable__r1__robot_xjwlog/wheel_link1.
2026-05-12 16:15:21 [51,377ms] [Warning] [omni.physx.plugin] Invalid PhysX transform detected for /World/scene_0/controllable__r1__robot_xjwlog/wheel_link2.
2026-05-12 16:15:21 [51,377ms] [Warning] [omni.physx.plugin] Invalid PhysX transform detected for /World/scene_0/controllable__r1__robot_xjwlog/wheel_link3.
2026-05-12 16:15:21 [51,377ms] [Warning] [omni.physx.plugin] Invalid PhysX transform detected for /World/scene_0/controllable__r1__robot_xjwlog/torso_link2.
2026-05-12 16:15:21 [51,377ms] [Warning] [omni.physx.plugin] Invalid PhysX transform detected for /World/scene_0/controllable__r1__robot_xjwlog/torso_link3.
2026-05-12 16:15:21 [51,377ms] [Warning] [omni.physx.plugin] Invalid PhysX transform detected for /World/scene_0/controllable__r1__robot_xjwlog/torso_link4.
2026-05-12 16:15:21 [51,377ms] [Warning] [omni.physx.plugin] Invalid PhysX transform detected for /World/scene_0/controllable__r1__robot_xjwlog/left_arm_link1.
2026-05-12 16:15:21 [51,377ms] [Warning] [omni.physx.plugin] Invalid PhysX transform detected for /World/scene_0/controllable__r1__robot_xjwlog/right_arm_link1.
2026-05-12 16:15:21 [51,377ms] [Warning] [omni.physx.plugin] Invalid PhysX transform detected for /World/scene_0/controllable__r1__robot_xjwlog/eyes.
2026-05-12 16:15:21 [51,377ms] [Warning] [omni.physx.plugin] Invalid PhysX transform detected for /World/scene_0/controllable__r1__robot_xjwlog/left_arm_link2.
2026-05-12 16:15:21 [51,377ms] [Warning] [omni.physx.plugin] Invalid PhysX transform detected for /World/scene_0/controllable__r1__robot_xjwlog/right_arm_link2.
2026-05-12 16:15:21 [51,377ms] [Warning] [omni.physx.plugin] Invalid PhysX transform detected for /World/scene_0/controllable__r1__robot_xjwlog/left_arm_link3.
2026-05-12 16:15:21 [51,377ms] [Warning] [omni.physx.plugin] Invalid PhysX transform detected for /World/scene_0/controllable__r1__robot_xjwlog/right_arm_link3.
2026-05-12 16:15:21 [51,377ms] [Warning] [omni.physx.plugin] Invalid PhysX transform detected for /World/scene_0/controllable__r1__robot_xjwlog/left_arm_link4.
2026-05-12 16:15:21 [51,377ms] [Warning] [omni.physx.plugin] Invalid PhysX transform detected for /World/scene_0/controllable__r1__robot_xjwlog/right_arm_link4.
2026-05-12 16:15:21 [51,377ms] [Warning] [omni.physx.plugin] Invalid PhysX transform detected for /World/scene_0/controllable__r1__robot_xjwlog/left_arm_link5.
2026-05-12 16:15:21 [51,377ms] [Warning] [omni.physx.plugin] Invalid PhysX transform detected for /World/scene_0/controllable__r1__robot_xjwlog/right_arm_link5.
2026-05-12 16:15:21 [51,377ms] [Warning] [omni.physx.plugin] Invalid PhysX transform detected for /World/scene_0/controllable__r1__robot_xjwlog/left_arm_link6.
2026-05-12 16:15:21 [51,377ms] [Warning] [omni.physx.plugin] Invalid PhysX transform detected for /World/scene_0/controllable__r1__robot_xjwlog/right_arm_link6.
2026-05-12 16:15:21 [51,377ms] [Warning] [omni.physx.plugin] Invalid PhysX transform detected for /World/scene_0/controllable__r1__robot_xjwlog/left_gripper_link1.
2026-05-12 16:15:21 [51,377ms] [Warning] [omni.physx.plugin] Invalid PhysX transform detected for /World/scene_0/controllable__r1__robot_xjwlog/left_gripper_link2.
2026-05-12 16:15:21 [51,377ms] [Warning] [omni.physx.plugin] Invalid PhysX transform detected for /World/scene_0/controllable__r1__robot_xjwlog/left_eef_link.
2026-05-12 16:15:21 [51,377ms] [Warning] [omni.physx.plugin] Invalid PhysX transform detected for /World/scene_0/controllable__r1__robot_xjwlog/right_gripper_link1.
2026-05-12 16:15:21 [51,377ms] [Warning] [omni.physx.plugin] Invalid PhysX transform detected for /World/scene_0/controllable__r1__robot_xjwlog/right_gripper_link2.
2026-05-12 16:15:21 [51,377ms] [Warning] [omni.physx.plugin] Invalid PhysX transform detected for /World/scene_0/controllable__r1__robot_xjwlog/right_eef_link.
2026-05-12 16:15:21 [51,377ms] [Warning] [omni.physx.plugin] Invalid PhysX transform detected for /World/scene_0/cover_small_item_render_item_4175346132/base_link.
2026-05-12 16:15:22 [51,534ms] [Warning] [omni.physx.plugin] Invalid PhysX transform detected for /World/scene_0/cover_small_item_render_item_4175346132/glass.
2026-05-12 16:15:22 [51,534ms] [Warning] [omni.physx.plugin] Invalid PhysX transform detected for /World/scene_0/controllable__r1__robot_xjwlog/base_footprint_y.
2026-05-12 16:15:22 [51,534ms] [Warning] [omni.physx.plugin] Invalid PhysX transform detected for /World/scene_0/controllable__r1__robot_xjwlog/base_footprint_z.
2026-05-12 16:15:22 [51,534ms] [Warning] [omni.physx.plugin] Invalid PhysX transform detected for /World/scene_0/controllable__r1__robot_xjwlog/base_footprint_rx.
2026-05-12 16:15:22 [51,534ms] [Warning] [omni.physx.plugin] Invalid PhysX transform detected for /World/scene_0/controllable__r1__robot_xjwlog/base_footprint_ry.
2026-05-12 16:15:22 [51,534ms] [Warning] [omni.physx.plugin] Invalid PhysX transform detected for /World/scene_0/controllable__r1__robot_xjwlog/base_footprint_rz.
2026-05-12 16:15:22 [51,534ms] [Warning] [omni.physx.plugin] Invalid PhysX transform detected for /World/scene_0/controllable__r1__robot_xjwlog/base_link.
2026-05-12 16:15:22 [51,534ms] [Warning] [omni.physx.plugin] Invalid PhysX transform detected for /World/scene_0/controllable__r1__robot_xjwlog/servo_link1.
2026-05-12 16:15:22 [51,534ms] [Warning] [omni.physx.plugin] Invalid PhysX transform detected for /World/scene_0/controllable__r1__robot_xjwlog/servo_link2.
2026-05-12 16:15:22 [51,534ms] [Warning] [omni.physx.plugin] Invalid PhysX transform detected for /World/scene_0/controllable__r1__robot_xjwlog/servo_link3.
2026-05-12 16:15:22 [51,534ms] [Warning] [omni.physx.plugin] Invalid PhysX transform detected for /World/scene_0/controllable__r1__robot_xjwlog/torso_link1.
2026-05-12 16:15:22 [51,534ms] [Warning] [omni.physx.plugin] Invalid PhysX transform detected for /World/scene_0/controllable__r1__robot_xjwlog/wheel_link1.
2026-05-12 16:15:22 [51,534ms] [Warning] [omni.physx.plugin] Invalid PhysX transform detected for /World/scene_0/controllable__r1__robot_xjwlog/wheel_link2.
2026-05-12 16:15:22 [51,534ms] [Warning] [omni.physx.plugin] Invalid PhysX transform detected for /World/scene_0/controllable__r1__robot_xjwlog/wheel_link3.
2026-05-12 16:15:22 [51,534ms] [Warning] [omni.physx.plugin] Invalid PhysX transform detected for /World/scene_0/controllable__r1__robot_xjwlog/torso_link2.
2026-05-12 16:15:22 [51,534ms] [Warning] [omni.physx.plugin] Invalid PhysX transform detected for /World/scene_0/controllable__r1__robot_xjwlog/torso_link3.
2026-05-12 16:15:22 [51,534ms] [Warning] [omni.physx.plugin] Invalid PhysX transform detected for /World/scene_0/controllable__r1__robot_xjwlog/torso_link4.
2026-05-12 16:15:22 [51,534ms] [Warning] [omni.physx.plugin] Invalid PhysX transform detected for /World/scene_0/controllable__r1__robot_xjwlog/left_arm_link1.
2026-05-12 16:15:22 [51,534ms] [Warning] [omni.physx.plugin] Invalid PhysX transform detected for /World/scene_0/controllable__r1__robot_xjwlog/right_arm_link1.
2026-05-12 16:15:22 [51,534ms] [Warning] [omni.physx.plugin] Invalid PhysX transform detected for /World/scene_0/controllable__r1__robot_xjwlog/eyes.
2026-05-12 16:15:22 [51,534ms] [Warning] [omni.physx.plugin] Invalid PhysX transform detected for /World/scene_0/controllable__r1__robot_xjwlog/left_arm_link2.
2026-05-12 16:15:22 [51,534ms] [Warning] [omni.physx.plugin] Invalid PhysX transform detected for /World/scene_0/controllable__r1__robot_xjwlog/right_arm_link2.
2026-05-12 16:15:22 [51,534ms] [Warning] [omni.physx.plugin] Invalid PhysX transform detected for /World/scene_0/controllable__r1__robot_xjwlog/left_arm_link3.
2026-05-12 16:15:22 [51,534ms] [Warning] [omni.physx.plugin] Invalid PhysX transform detected for /World/scene_0/controllable__r1__robot_xjwlog/right_arm_link3.
2026-05-12 16:15:22 [51,534ms] [Warning] [omni.physx.plugin] Invalid PhysX transform detected for /World/scene_0/controllable__r1__robot_xjwlog/left_arm_link4.
2026-05-12 16:15:22 [51,534ms] [Warning] [omni.physx.plugin] Invalid PhysX transform detected for /World/scene_0/controllable__r1__robot_xjwlog/right_arm_link4.
2026-05-12 16:15:22 [51,534ms] [Warning] [omni.physx.plugin] Invalid PhysX transform detected for /World/scene_0/controllable__r1__robot_xjwlog/left_arm_link5.
2026-05-12 16:15:22 [51,534ms] [Warning] [omni.physx.plugin] Invalid PhysX transform detected for /World/scene_0/controllable__r1__robot_xjwlog/right_arm_link5.
2026-05-12 16:15:22 [51,534ms] [Warning] [omni.physx.plugin] Invalid PhysX transform detected for /World/scene_0/controllable__r1__robot_xjwlog/left_arm_link6.
2026-05-12 16:15:22 [51,534ms] [Warning] [omni.physx.plugin] Invalid PhysX transform detected for /World/scene_0/controllable__r1__robot_xjwlog/right_arm_link6.
2026-05-12 16:15:22 [51,534ms] [Warning] [omni.physx.plugin] Invalid PhysX transform detected for /World/scene_0/controllable__r1__robot_xjwlog/left_gripper_link1.
2026-05-12 16:15:22 [51,534ms] [Warning] [omni.physx.plugin] Invalid PhysX transform detected for /World/scene_0/controllable__r1__robot_xjwlog/left_gripper_link2.
2026-05-12 16:15:22 [51,534ms] [Warning] [omni.physx.plugin] Invalid PhysX transform detected for /World/scene_0/controllable__r1__robot_xjwlog/left_eef_link.
2026-05-12 16:15:22 [51,534ms] [Warning] [omni.physx.plugin] Invalid PhysX transform detected for /World/scene_0/controllable__r1__robot_xjwlog/right_gripper_link1.
2026-05-12 16:15:22 [51,534ms] [Warning] [omni.physx.plugin] Invalid PhysX transform detected for /World/scene_0/controllable__r1__robot_xjwlog/right_gripper_link2.
2026-05-12 16:15:22 [51,534ms] [Warning] [omni.physx.plugin] Invalid PhysX transform detected for /World/scene_0/controllable__r1__robot_xjwlog/right_eef_link.
2026-05-12 16:15:22 [51,534ms] [Warning] [omni.physx.plugin] Invalid PhysX transform detected for /World/scene_0/cover_small_item_render_item_4175346132/base_link.
2026-05-12 16:15:22 [51,612ms] [Warning] [omni.physx.plugin] Invalid PhysX transform detected for /World/scene_0/cover_small_item_render_item_4175346132/glass.
2026-05-12 16:15:22 [51,612ms] [Warning] [omni.physx.plugin] Invalid PhysX transform detected for /World/scene_0/controllable__r1__robot_xjwlog/base_footprint_y.
2026-05-12 16:15:22 [51,612ms] [Warning] [omni.physx.plugin] Invalid PhysX transform detected for /World/scene_0/controllable__r1__robot_xjwlog/base_footprint_z.
2026-05-12 16:15:22 [51,612ms] [Warning] [omni.physx.plugin] Invalid PhysX transform detected for /World/scene_0/controllable__r1__robot_xjwlog/base_footprint_rx.
2026-05-12 16:15:22 [51,612ms] [Warning] [omni.physx.plugin] Invalid PhysX transform detected for /World/scene_0/controllable__r1__robot_xjwlog/base_footprint_ry.
2026-05-12 16:15:22 [51,612ms] [Warning] [omni.physx.plugin] Invalid PhysX transform detected for /World/scene_0/controllable__r1__robot_xjwlog/base_footprint_rz.
2026-05-12 16:15:22 [51,612ms] [Warning] [omni.physx.plugin] Invalid PhysX transform detected for /World/scene_0/controllable__r1__robot_xjwlog/base_link.
2026-05-12 16:15:22 [51,613ms] [Warning] [omni.physx.plugin] Invalid PhysX transform detected for /World/scene_0/controllable__r1__robot_xjwlog/servo_link1.
2026-05-12 16:15:22 [51,613ms] [Warning] [omni.physx.plugin] Invalid PhysX transform detected for /World/scene_0/controllable__r1__robot_xjwlog/servo_link2.
2026-05-12 16:15:22 [51,613ms] [Warning] [omni.physx.plugin] Invalid PhysX transform detected for /World/scene_0/controllable__r1__robot_xjwlog/servo_link3.
2026-05-12 16:15:22 [51,613ms] [Warning] [omni.physx.plugin] Invalid PhysX transform detected for /World/scene_0/controllable__r1__robot_xjwlog/torso_link1.
2026-05-12 16:15:22 [51,613ms] [Warning] [omni.physx.plugin] Invalid PhysX transform detected for /World/scene_0/controllable__r1__robot_xjwlog/wheel_link1.
2026-05-12 16:15:22 [51,613ms] [Warning] [omni.physx.plugin] Invalid PhysX transform detected for /World/scene_0/controllable__r1__robot_xjwlog/wheel_link2.
2026-05-12 16:15:22 [51,613ms] [Warning] [omni.physx.plugin] Invalid PhysX transform detected for /World/scene_0/controllable__r1__robot_xjwlog/wheel_link3.
2026-05-12 16:15:22 [51,613ms] [Warning] [omni.physx.plugin] Invalid PhysX transform detected for /World/scene_0/controllable__r1__robot_xjwlog/torso_link2.
2026-05-12 16:15:22 [51,613ms] [Warning] [omni.physx.plugin] Invalid PhysX transform detected for /World/scene_0/controllable__r1__robot_xjwlog/torso_link3.
2026-05-12 16:15:22 [51,613ms] [Warning] [omni.physx.plugin] Invalid PhysX transform detected for /World/scene_0/controllable__r1__robot_xjwlog/torso_link4.
2026-05-12 16:15:22 [51,613ms] [Warning] [omni.physx.plugin] Invalid PhysX transform detected for /World/scene_0/controllable__r1__robot_xjwlog/left_arm_link1.
2026-05-12 16:15:22 [51,613ms] [Warning] [omni.physx.plugin] Invalid PhysX transform detected for /World/scene_0/controllable__r1__robot_xjwlog/right_arm_link1.
2026-05-12 16:15:22 [51,613ms] [Warning] [omni.physx.plugin] Invalid PhysX transform detected for /World/scene_0/controllable__r1__robot_xjwlog/eyes.
2026-05-12 16:15:22 [51,613ms] [Warning] [omni.physx.plugin] Invalid PhysX transform detected for /World/scene_0/controllable__r1__robot_xjwlog/left_arm_link2.
2026-05-12 16:15:22 [51,613ms] [Warning] [omni.physx.plugin] Invalid PhysX transform detected for /World/scene_0/controllable__r1__robot_xjwlog/right_arm_link2.
2026-05-12 16:15:22 [51,613ms] [Warning] [omni.physx.plugin] Invalid PhysX transform detected for /World/scene_0/controllable__r1__robot_xjwlog/left_arm_link3.
2026-05-12 16:15:22 [51,613ms] [Warning] [omni.physx.plugin] Invalid PhysX transform detected for /World/scene_0/controllable__r1__robot_xjwlog/right_arm_link3.
2026-05-12 16:15:22 [51,613ms] [Warning] [omni.physx.plugin] Invalid PhysX transform detected for /World/scene_0/controllable__r1__robot_xjwlog/left_arm_link4.
2026-05-12 16:15:22 [51,613ms] [Warning] [omni.physx.plugin] Invalid PhysX transform detected for /World/scene_0/controllable__r1__robot_xjwlog/right_arm_link4.
2026-05-12 16:15:22 [51,613ms] [Warning] [omni.physx.plugin] Invalid PhysX transform detected for /World/scene_0/controllable__r1__robot_xjwlog/left_arm_link5.
2026-05-12 16:15:22 [51,613ms] [Warning] [omni.physx.plugin] Invalid PhysX transform detected for /World/scene_0/controllable__r1__robot_xjwlog/right_arm_link5.
2026-05-12 16:15:22 [51,613ms] [Warning] [omni.physx.plugin] Invalid PhysX transform detected for /World/scene_0/controllable__r1__robot_xjwlog/left_arm_link6.
2026-05-12 16:15:22 [51,613ms] [Warning] [omni.physx.plugin] Invalid PhysX transform detected for /World/scene_0/controllable__r1__robot_xjwlog/right_arm_link6.
2026-05-12 16:15:22 [51,613ms] [Warning] [omni.physx.plugin] Invalid PhysX transform detected for /World/scene_0/controllable__r1__robot_xjwlog/left_gripper_link1.
2026-05-12 16:15:22 [51,613ms] [Warning] [omni.physx.plugin] Invalid PhysX transform detected for /World/scene_0/controllable__r1__robot_xjwlog/left_gripper_link2.
2026-05-12 16:15:22 [51,613ms] [Warning] [omni.physx.plugin] Invalid PhysX transform detected for /World/scene_0/controllable__r1__robot_xjwlog/left_eef_link.
2026-05-12 16:15:22 [51,613ms] [Warning] [omni.physx.plugin] Invalid PhysX transform detected for /World/scene_0/controllable__r1__robot_xjwlog/right_gripper_link1.
2026-05-12 16:15:22 [51,613ms] [Warning] [omni.physx.plugin] Invalid PhysX transform detected for /World/scene_0/controllable__r1__robot_xjwlog/right_gripper_link2.
2026-05-12 16:15:22 [51,613ms] [Warning] [omni.physx.plugin] Invalid PhysX transform detected for /World/scene_0/controllable__r1__robot_xjwlog/right_eef_link.
2026-05-12 16:15:22 [51,613ms] [Warning] [omni.physx.plugin] Invalid PhysX transform detected for /World/scene_0/cover_small_item_render_item_4175346132/base_link.
2026-05-12 16:15:22 [51,695ms] [Warning] [omni.physx.plugin] Invalid PhysX transform detected for /World/scene_0/cover_small_item_render_item_4175346132/glass.
2026-05-12 16:15:22 [51,695ms] [Warning] [omni.physx.plugin] Invalid PhysX transform detected for /World/scene_0/controllable__r1__robot_xjwlog/base_footprint_y.
2026-05-12 16:15:22 [51,695ms] [Warning] [omni.physx.plugin] Invalid PhysX transform detected for /World/scene_0/controllable__r1__robot_xjwlog/base_footprint_z.
2026-05-12 16:15:22 [51,695ms] [Warning] [omni.physx.plugin] Invalid PhysX transform detected for /World/scene_0/controllable__r1__robot_xjwlog/base_footprint_rx.
2026-05-12 16:15:22 [51,695ms] [Warning] [omni.physx.plugin] Invalid PhysX transform detected for /World/scene_0/controllable__r1__robot_xjwlog/base_footprint_ry.
2026-05-12 16:15:22 [51,695ms] [Warning] [omni.physx.plugin] Invalid PhysX transform detected for /World/scene_0/controllable__r1__robot_xjwlog/base_footprint_rz.
2026-05-12 16:15:22 [51,695ms] [Warning] [omni.physx.plugin] Invalid PhysX transform detected for /World/scene_0/controllable__r1__robot_xjwlog/base_link.
2026-05-12 16:15:22 [51,695ms] [Warning] [omni.physx.plugin] Invalid PhysX transform detected for /World/scene_0/controllable__r1__robot_xjwlog/servo_link1.
2026-05-12 16:15:22 [51,695ms] [Warning] [omni.physx.plugin] Invalid PhysX transform detected for /World/scene_0/controllable__r1__robot_xjwlog/servo_link2.
2026-05-12 16:15:22 [51,695ms] [Warning] [omni.physx.plugin] Invalid PhysX transform detected for /World/scene_0/controllable__r1__robot_xjwlog/servo_link3.
2026-05-12 16:15:22 [51,695ms] [Warning] [omni.physx.plugin] Invalid PhysX transform detected for /World/scene_0/controllable__r1__robot_xjwlog/torso_link1.
2026-05-12 16:15:22 [51,695ms] [Warning] [omni.physx.plugin] Invalid PhysX transform detected for /World/scene_0/controllable__r1__robot_xjwlog/wheel_link1.
2026-05-12 16:15:22 [51,696ms] [Warning] [omni.physx.plugin] Invalid PhysX transform detected for /World/scene_0/controllable__r1__robot_xjwlog/wheel_link2.
2026-05-12 16:15:22 [51,696ms] [Warning] [omni.physx.plugin] Invalid PhysX transform detected for /World/scene_0/controllable__r1__robot_xjwlog/wheel_link3.
2026-05-12 16:15:22 [51,696ms] [Warning] [omni.physx.plugin] Invalid PhysX transform detected for /World/scene_0/controllable__r1__robot_xjwlog/torso_link2.
2026-05-12 16:15:22 [51,696ms] [Warning] [omni.physx.plugin] Invalid PhysX transform detected for /World/scene_0/controllable__r1__robot_xjwlog/torso_link3.
2026-05-12 16:15:22 [51,696ms] [Warning] [omni.physx.plugin] Invalid PhysX transform detected for /World/scene_0/controllable__r1__robot_xjwlog/torso_link4.
2026-05-12 16:15:22 [51,696ms] [Warning] [omni.physx.plugin] Invalid PhysX transform detected for /World/scene_0/controllable__r1__robot_xjwlog/left_arm_link1.
2026-05-12 16:15:22 [51,696ms] [Warning] [omni.physx.plugin] Invalid PhysX transform detected for /World/scene_0/controllable__r1__robot_xjwlog/right_arm_link1.
2026-05-12 16:15:22 [51,696ms] [Warning] [omni.physx.plugin] Invalid PhysX transform detected for /World/scene_0/controllable__r1__robot_xjwlog/eyes.
2026-05-12 16:15:22 [51,696ms] [Warning] [omni.physx.plugin] Invalid PhysX transform detected for /World/scene_0/controllable__r1__robot_xjwlog/left_arm_link2.
2026-05-12 16:15:22 [51,696ms] [Warning] [omni.physx.plugin] Invalid PhysX transform detected for /World/scene_0/controllable__r1__robot_xjwlog/right_arm_link2.
2026-05-12 16:15:22 [51,696ms] [Warning] [omni.physx.plugin] Invalid PhysX transform detected for /World/scene_0/controllable__r1__robot_xjwlog/left_arm_link3.
2026-05-12 16:15:22 [51,696ms] [Warning] [omni.physx.plugin] Invalid PhysX transform detected for /World/scene_0/controllable__r1__robot_xjwlog/right_arm_link3.
2026-05-12 16:15:22 [51,696ms] [Warning] [omni.physx.plugin] Invalid PhysX transform detected for /World/scene_0/controllable__r1__robot_xjwlog/left_arm_link4.
2026-05-12 16:15:22 [51,696ms] [Warning] [omni.physx.plugin] Invalid PhysX transform detected for /World/scene_0/controllable__r1__robot_xjwlog/right_arm_link4.
2026-05-12 16:15:22 [51,696ms] [Warning] [omni.physx.plugin] Invalid PhysX transform detected for /World/scene_0/controllable__r1__robot_xjwlog/left_arm_link5.
2026-05-12 16:15:22 [51,696ms] [Warning] [omni.physx.plugin] Invalid PhysX transform detected for /World/scene_0/controllable__r1__robot_xjwlog/right_arm_link5.
2026-05-12 16:15:22 [51,696ms] [Warning] [omni.physx.plugin] Invalid PhysX transform detected for /World/scene_0/controllable__r1__robot_xjwlog/left_arm_link6.
2026-05-12 16:15:22 [51,696ms] [Warning] [omni.physx.plugin] Invalid PhysX transform detected for /World/scene_0/controllable__r1__robot_xjwlog/right_arm_link6.
2026-05-12 16:15:22 [51,696ms] [Warning] [omni.physx.plugin] Invalid PhysX transform detected for /World/scene_0/controllable__r1__robot_xjwlog/left_gripper_link1.
2026-05-12 16:15:22 [51,696ms] [Warning] [omni.physx.plugin] Invalid PhysX transform detected for /World/scene_0/controllable__r1__robot_xjwlog/left_gripper_link2.
2026-05-12 16:15:22 [51,696ms] [Warning] [omni.physx.plugin] Invalid PhysX transform detected for /World/scene_0/controllable__r1__robot_xjwlog/left_eef_link.
2026-05-12 16:15:22 [51,696ms] [Warning] [omni.physx.plugin] Invalid PhysX transform detected for /World/scene_0/controllable__r1__robot_xjwlog/right_gripper_link1.
2026-05-12 16:15:22 [51,696ms] [Warning] [omni.physx.plugin] Invalid PhysX transform detected for /World/scene_0/controllable__r1__robot_xjwlog/right_gripper_link2.
2026-05-12 16:15:22 [51,696ms] [Warning] [omni.physx.plugin] Invalid PhysX transform detected for /World/scene_0/controllable__r1__robot_xjwlog/right_eef_link.
2026-05-12 16:15:22 [51,696ms] [Warning] [omni.physx.plugin] Invalid PhysX transform detected for /World/scene_0/cover_small_item_render_item_4175346132/base_link.
2026-05-12 16:15:22 [51,771ms] [Warning] [omni.physx.plugin] Invalid PhysX transform detected for /World/scene_0/cover_small_item_render_item_4175346132/glass.
2026-05-12 16:15:22 [51,771ms] [Warning] [omni.physx.plugin] Invalid PhysX transform detected for /World/scene_0/controllable__r1__robot_xjwlog/base_footprint_y.
2026-05-12 16:15:22 [51,771ms] [Warning] [omni.physx.plugin] Invalid PhysX transform detected for /World/scene_0/controllable__r1__robot_xjwlog/base_footprint_z.
2026-05-12 16:15:22 [51,771ms] [Warning] [omni.physx.plugin] Invalid PhysX transform detected for /World/scene_0/controllable__r1__robot_xjwlog/base_footprint_rx.
2026-05-12 16:15:22 [51,771ms] [Warning] [omni.physx.plugin] Invalid PhysX transform detected for /World/scene_0/controllable__r1__robot_xjwlog/base_footprint_ry.
2026-05-12 16:15:22 [51,771ms] [Warning] [omni.physx.plugin] Invalid PhysX transform detected for /World/scene_0/controllable__r1__robot_xjwlog/base_footprint_rz.
2026-05-12 16:15:22 [51,771ms] [Warning] [omni.physx.plugin] Invalid PhysX transform detected for /World/scene_0/controllable__r1__robot_xjwlog/base_link.
2026-05-12 16:15:22 [51,771ms] [Warning] [omni.physx.plugin] Invalid PhysX transform detected for /World/scene_0/controllable__r1__robot_xjwlog/servo_link1.
2026-05-12 16:15:22 [51,771ms] [Warning] [omni.physx.plugin] Invalid PhysX transform detected for /World/scene_0/controllable__r1__robot_xjwlog/servo_link2.
2026-05-12 16:15:22 [51,771ms] [Warning] [omni.physx.plugin] Invalid PhysX transform detected for /World/scene_0/controllable__r1__robot_xjwlog/servo_link3.
2026-05-12 16:15:22 [51,771ms] [Warning] [omni.physx.plugin] Invalid PhysX transform detected for /World/scene_0/controllable__r1__robot_xjwlog/torso_link1.
2026-05-12 16:15:22 [51,771ms] [Warning] [omni.physx.plugin] Invalid PhysX transform detected for /World/scene_0/controllable__r1__robot_xjwlog/wheel_link1.
2026-05-12 16:15:22 [51,772ms] [Warning] [omni.physx.plugin] Invalid PhysX transform detected for /World/scene_0/controllable__r1__robot_xjwlog/wheel_link2.
2026-05-12 16:15:22 [51,772ms] [Warning] [omni.physx.plugin] Invalid PhysX transform detected for /World/scene_0/controllable__r1__robot_xjwlog/wheel_link3.
2026-05-12 16:15:22 [51,772ms] [Warning] [omni.physx.plugin] Invalid PhysX transform detected for /World/scene_0/controllable__r1__robot_xjwlog/torso_link2.
2026-05-12 16:15:22 [51,772ms] [Warning] [omni.physx.plugin] Invalid PhysX transform detected for /World/scene_0/controllable__r1__robot_xjwlog/torso_link3.
2026-05-12 16:15:22 [51,772ms] [Warning] [omni.physx.plugin] Invalid PhysX transform detected for /World/scene_0/controllable__r1__robot_xjwlog/torso_link4.
2026-05-12 16:15:22 [51,772ms] [Warning] [omni.physx.plugin] Invalid PhysX transform detected for /World/scene_0/controllable__r1__robot_xjwlog/left_arm_link1.
2026-05-12 16:15:22 [51,772ms] [Warning] [omni.physx.plugin] Invalid PhysX transform detected for /World/scene_0/controllable__r1__robot_xjwlog/right_arm_link1.
2026-05-12 16:15:22 [51,772ms] [Warning] [omni.physx.plugin] Invalid PhysX transform detected for /World/scene_0/controllable__r1__robot_xjwlog/eyes.
2026-05-12 16:15:22 [51,772ms] [Warning] [omni.physx.plugin] Invalid PhysX transform detected for /World/scene_0/controllable__r1__robot_xjwlog/left_arm_link2.
2026-05-12 16:15:22 [51,772ms] [Warning] [omni.physx.plugin] Invalid PhysX transform detected for /World/scene_0/controllable__r1__robot_xjwlog/right_arm_link2.
2026-05-12 16:15:22 [51,772ms] [Warning] [omni.physx.plugin] Invalid PhysX transform detected for /World/scene_0/controllable__r1__robot_xjwlog/left_arm_link3.
2026-05-12 16:15:22 [51,772ms] [Warning] [omni.physx.plugin] Invalid PhysX transform detected for /World/scene_0/controllable__r1__robot_xjwlog/right_arm_link3.
2026-05-12 16:15:22 [51,772ms] [Warning] [omni.physx.plugin] Invalid PhysX transform detected for /World/scene_0/controllable__r1__robot_xjwlog/left_arm_link4.
2026-05-12 16:15:22 [51,772ms] [Warning] [omni.physx.plugin] Invalid PhysX transform detected for /World/scene_0/controllable__r1__robot_xjwlog/right_arm_link4.
2026-05-12 16:15:22 [51,772ms] [Warning] [omni.physx.plugin] Invalid PhysX transform detected for /World/scene_0/controllable__r1__robot_xjwlog/left_arm_link5.
2026-05-12 16:15:22 [51,772ms] [Warning] [omni.physx.plugin] Invalid PhysX transform detected for /World/scene_0/controllable__r1__robot_xjwlog/right_arm_link5.
2026-05-12 16:15:22 [51,772ms] [Warning] [omni.physx.plugin] Invalid PhysX transform detected for /World/scene_0/controllable__r1__robot_xjwlog/left_arm_link6.
2026-05-12 16:15:22 [51,772ms] [Warning] [omni.physx.plugin] Invalid PhysX transform detected for /World/scene_0/controllable__r1__robot_xjwlog/right_arm_link6.
2026-05-12 16:15:22 [51,772ms] [Warning] [omni.physx.plugin] Invalid PhysX transform detected for /World/scene_0/controllable__r1__robot_xjwlog/left_gripper_link1.
2026-05-12 16:15:22 [51,772ms] [Warning] [omni.physx.plugin] Invalid PhysX transform detected for /World/scene_0/controllable__r1__robot_xjwlog/left_gripper_link2.
2026-05-12 16:15:22 [51,772ms] [Warning] [omni.physx.plugin] Invalid PhysX transform detected for /World/scene_0/controllable__r1__robot_xjwlog/left_eef_link.
2026-05-12 16:15:22 [51,772ms] [Warning] [omni.physx.plugin] Invalid PhysX transform detected for /World/scene_0/controllable__r1__robot_xjwlog/right_gripper_link1.
2026-05-12 16:15:22 [51,772ms] [Warning] [omni.physx.plugin] Invalid PhysX transform detected for /World/scene_0/controllable__r1__robot_xjwlog/right_gripper_link2.
2026-05-12 16:15:22 [51,772ms] [Warning] [omni.physx.plugin] Invalid PhysX transform detected for /World/scene_0/controllable__r1__robot_xjwlog/right_eef_link.
2026-05-12 16:15:22 [51,772ms] [Warning] [omni.physx.plugin] Invalid PhysX transform detected for /World/scene_0/cover_small_item_render_item_4175346132/base_link.
2026-05-12 16:15:22 [51,847ms] [Warning] [omni.physx.plugin] Invalid PhysX transform detected for /World/scene_0/cover_small_item_render_item_4175346132/glass.
2026-05-12 16:15:22 [51,848ms] [Warning] [omni.physx.plugin] Invalid PhysX transform detected for /World/scene_0/controllable__r1__robot_xjwlog/base_footprint_y.
2026-05-12 16:15:22 [51,848ms] [Warning] [omni.physx.plugin] Invalid PhysX transform detected for /World/scene_0/controllable__r1__robot_xjwlog/base_footprint_z.
2026-05-12 16:15:22 [51,848ms] [Warning] [omni.physx.plugin] Invalid PhysX transform detected for /World/scene_0/controllable__r1__robot_xjwlog/base_footprint_rx.
2026-05-12 16:15:22 [51,848ms] [Warning] [omni.physx.plugin] Invalid PhysX transform detected for /World/scene_0/controllable__r1__robot_xjwlog/base_footprint_ry.
2026-05-12 16:15:22 [51,848ms] [Warning] [omni.physx.plugin] Invalid PhysX transform detected for /World/scene_0/controllable__r1__robot_xjwlog/base_footprint_rz.
2026-05-12 16:15:22 [51,848ms] [Warning] [omni.physx.plugin] Invalid PhysX transform detected for /World/scene_0/controllable__r1__robot_xjwlog/base_link.
2026-05-12 16:15:22 [51,848ms] [Warning] [omni.physx.plugin] Invalid PhysX transform detected for /World/scene_0/controllable__r1__robot_xjwlog/servo_link1.
2026-05-12 16:15:22 [51,848ms] [Warning] [omni.physx.plugin] Invalid PhysX transform detected for /World/scene_0/controllable__r1__robot_xjwlog/servo_link2.
2026-05-12 16:15:22 [51,848ms] [Warning] [omni.physx.plugin] Invalid PhysX transform detected for /World/scene_0/controllable__r1__robot_xjwlog/servo_link3.
2026-05-12 16:15:22 [51,848ms] [Warning] [omni.physx.plugin] Invalid PhysX transform detected for /World/scene_0/controllable__r1__robot_xjwlog/torso_link1.
2026-05-12 16:15:22 [51,848ms] [Warning] [omni.physx.plugin] Invalid PhysX transform detected for /World/scene_0/controllable__r1__robot_xjwlog/wheel_link1.
2026-05-12 16:15:22 [51,848ms] [Warning] [omni.physx.plugin] Invalid PhysX transform detected for /World/scene_0/controllable__r1__robot_xjwlog/wheel_link2.
2026-05-12 16:15:22 [51,848ms] [Warning] [omni.physx.plugin] Invalid PhysX transform detected for /World/scene_0/controllable__r1__robot_xjwlog/wheel_link3.
2026-05-12 16:15:22 [51,848ms] [Warning] [omni.physx.plugin] Invalid PhysX transform detected for /World/scene_0/controllable__r1__robot_xjwlog/torso_link2.
2026-05-12 16:15:22 [51,848ms] [Warning] [omni.physx.plugin] Invalid PhysX transform detected for /World/scene_0/controllable__r1__robot_xjwlog/torso_link3.
2026-05-12 16:15:22 [51,848ms] [Warning] [omni.physx.plugin] Invalid PhysX transform detected for /World/scene_0/controllable__r1__robot_xjwlog/torso_link4.
2026-05-12 16:15:22 [51,848ms] [Warning] [omni.physx.plugin] Invalid PhysX transform detected for /World/scene_0/controllable__r1__robot_xjwlog/left_arm_link1.
2026-05-12 16:15:22 [51,848ms] [Warning] [omni.physx.plugin] Invalid PhysX transform detected for /World/scene_0/controllable__r1__robot_xjwlog/right_arm_link1.
2026-05-12 16:15:22 [51,848ms] [Warning] [omni.physx.plugin] Invalid PhysX transform detected for /World/scene_0/controllable__r1__robot_xjwlog/eyes.
2026-05-12 16:15:22 [51,848ms] [Warning] [omni.physx.plugin] Invalid PhysX transform detected for /World/scene_0/controllable__r1__robot_xjwlog/left_arm_link2.
2026-05-12 16:15:22 [51,848ms] [Warning] [omni.physx.plugin] Invalid PhysX transform detected for /World/scene_0/controllable__r1__robot_xjwlog/right_arm_link2.
2026-05-12 16:15:22 [51,848ms] [Warning] [omni.physx.plugin] Invalid PhysX transform detected for /World/scene_0/controllable__r1__robot_xjwlog/left_arm_link3.
2026-05-12 16:15:22 [51,848ms] [Warning] [omni.physx.plugin] Invalid PhysX transform detected for /World/scene_0/controllable__r1__robot_xjwlog/right_arm_link3.
2026-05-12 16:15:22 [51,848ms] [Warning] [omni.physx.plugin] Invalid PhysX transform detected for /World/scene_0/controllable__r1__robot_xjwlog/left_arm_link4.
2026-05-12 16:15:22 [51,848ms] [Warning] [omni.physx.plugin] Invalid PhysX transform detected for /World/scene_0/controllable__r1__robot_xjwlog/right_arm_link4.
2026-05-12 16:15:22 [51,848ms] [Warning] [omni.physx.plugin] Invalid PhysX transform detected for /World/scene_0/controllable__r1__robot_xjwlog/left_arm_link5.
2026-05-12 16:15:22 [51,848ms] [Warning] [omni.physx.plugin] Invalid PhysX transform detected for /World/scene_0/controllable__r1__robot_xjwlog/right_arm_link5.
2026-05-12 16:15:22 [51,848ms] [Warning] [omni.physx.plugin] Invalid PhysX transform detected for /World/scene_0/controllable__r1__robot_xjwlog/left_arm_link6.
2026-05-12 16:15:22 [51,848ms] [Warning] [omni.physx.plugin] Invalid PhysX transform detected for /World/scene_0/controllable__r1__robot_xjwlog/right_arm_link6.
2026-05-12 16:15:22 [51,848ms] [Warning] [omni.physx.plugin] Invalid PhysX transform detected for /World/scene_0/controllable__r1__robot_xjwlog/left_gripper_link1.
2026-05-12 16:15:22 [51,848ms] [Warning] [omni.physx.plugin] Invalid PhysX transform detected for /World/scene_0/controllable__r1__robot_xjwlog/left_gripper_link2.
2026-05-12 16:15:22 [51,848ms] [Warning] [omni.physx.plugin] Invalid PhysX transform detected for /World/scene_0/controllable__r1__robot_xjwlog/left_eef_link.
2026-05-12 16:15:22 [51,848ms] [Warning] [omni.physx.plugin] Invalid PhysX transform detected for /World/scene_0/controllable__r1__robot_xjwlog/right_gripper_link1.
2026-05-12 16:15:22 [51,848ms] [Warning] [omni.physx.plugin] Invalid PhysX transform detected for /World/scene_0/controllable__r1__robot_xjwlog/right_gripper_link2.
2026-05-12 16:15:22 [51,848ms] [Warning] [omni.physx.plugin] Invalid PhysX transform detected for /World/scene_0/controllable__r1__robot_xjwlog/right_eef_link.
2026-05-12 16:15:22 [51,848ms] [Warning] [omni.physx.plugin] Invalid PhysX transform detected for /World/scene_0/cover_small_item_render_item_4175346132/base_link.
2026-05-12 16:15:22 [51,923ms] [Warning] [omni.physx.plugin] Invalid PhysX transform detected for /World/scene_0/cover_small_item_render_item_4175346132/glass.
2026-05-12 16:15:22 [51,923ms] [Warning] [omni.physx.plugin] Invalid PhysX transform detected for /World/scene_0/controllable__r1__robot_xjwlog/base_footprint_y.
2026-05-12 16:15:22 [51,923ms] [Warning] [omni.physx.plugin] Invalid PhysX transform detected for /World/scene_0/controllable__r1__robot_xjwlog/base_footprint_z.
2026-05-12 16:15:22 [51,923ms] [Warning] [omni.physx.plugin] Invalid PhysX transform detected for /World/scene_0/controllable__r1__robot_xjwlog/base_footprint_rx.
2026-05-12 16:15:22 [51,923ms] [Warning] [omni.physx.plugin] Invalid PhysX transform detected for /World/scene_0/controllable__r1__robot_xjwlog/base_footprint_ry.
2026-05-12 16:15:22 [51,923ms] [Warning] [omni.physx.plugin] Invalid PhysX transform detected for /World/scene_0/controllable__r1__robot_xjwlog/base_footprint_rz.
2026-05-12 16:15:22 [51,923ms] [Warning] [omni.physx.plugin] Invalid PhysX transform detected for /World/scene_0/controllable__r1__robot_xjwlog/base_link.
2026-05-12 16:15:22 [51,923ms] [Warning] [omni.physx.plugin] Invalid PhysX transform detected for /World/scene_0/controllable__r1__robot_xjwlog/servo_link1.
2026-05-12 16:15:22 [51,923ms] [Warning] [omni.physx.plugin] Invalid PhysX transform detected for /World/scene_0/controllable__r1__robot_xjwlog/servo_link2.
2026-05-12 16:15:22 [51,924ms] [Warning] [omni.physx.plugin] Invalid PhysX transform detected for /World/scene_0/controllable__r1__robot_xjwlog/servo_link3.
2026-05-12 16:15:22 [51,924ms] [Warning] [omni.physx.plugin] Invalid PhysX transform detected for /World/scene_0/controllable__r1__robot_xjwlog/torso_link1.
2026-05-12 16:15:22 [51,924ms] [Warning] [omni.physx.plugin] Invalid PhysX transform detected for /World/scene_0/controllable__r1__robot_xjwlog/wheel_link1.
2026-05-12 16:15:22 [51,924ms] [Warning] [omni.physx.plugin] Invalid PhysX transform detected for /World/scene_0/controllable__r1__robot_xjwlog/wheel_link2.
2026-05-12 16:15:22 [51,924ms] [Warning] [omni.physx.plugin] Invalid PhysX transform detected for /World/scene_0/controllable__r1__robot_xjwlog/wheel_link3.
2026-05-12 16:15:22 [51,924ms] [Warning] [omni.physx.plugin] Invalid PhysX transform detected for /World/scene_0/controllable__r1__robot_xjwlog/torso_link2.
2026-05-12 16:15:22 [51,924ms] [Warning] [omni.physx.plugin] Invalid PhysX transform detected for /World/scene_0/controllable__r1__robot_xjwlog/torso_link3.
2026-05-12 16:15:22 [51,924ms] [Warning] [omni.physx.plugin] Invalid PhysX transform detected for /World/scene_0/controllable__r1__robot_xjwlog/torso_link4.
2026-05-12 16:15:22 [51,924ms] [Warning] [omni.physx.plugin] Invalid PhysX transform detected for /World/scene_0/controllable__r1__robot_xjwlog/left_arm_link1.
2026-05-12 16:15:22 [51,924ms] [Warning] [omni.physx.plugin] Invalid PhysX transform detected for /World/scene_0/controllable__r1__robot_xjwlog/right_arm_link1.
2026-05-12 16:15:22 [51,924ms] [Warning] [omni.physx.plugin] Invalid PhysX transform detected for /World/scene_0/controllable__r1__robot_xjwlog/eyes.
2026-05-12 16:15:22 [51,924ms] [Warning] [omni.physx.plugin] Invalid PhysX transform detected for /World/scene_0/controllable__r1__robot_xjwlog/left_arm_link2.
2026-05-12 16:15:22 [51,924ms] [Warning] [omni.physx.plugin] Invalid PhysX transform detected for /World/scene_0/controllable__r1__robot_xjwlog/right_arm_link2.
2026-05-12 16:15:22 [51,924ms] [Warning] [omni.physx.plugin] Invalid PhysX transform detected for /World/scene_0/controllable__r1__robot_xjwlog/left_arm_link3.
2026-05-12 16:15:22 [51,924ms] [Warning] [omni.physx.plugin] Invalid PhysX transform detected for /World/scene_0/controllable__r1__robot_xjwlog/right_arm_link3.
2026-05-12 16:15:22 [51,924ms] [Warning] [omni.physx.plugin] Invalid PhysX transform detected for /World/scene_0/controllable__r1__robot_xjwlog/left_arm_link4.
2026-05-12 16:15:22 [51,924ms] [Warning] [omni.physx.plugin] Invalid PhysX transform detected for /World/scene_0/controllable__r1__robot_xjwlog/right_arm_link4.
2026-05-12 16:15:22 [51,924ms] [Warning] [omni.physx.plugin] Invalid PhysX transform detected for /World/scene_0/controllable__r1__robot_xjwlog/left_arm_link5.
2026-05-12 16:15:22 [51,924ms] [Warning] [omni.physx.plugin] Invalid PhysX transform detected for /World/scene_0/controllable__r1__robot_xjwlog/right_arm_link5.
2026-05-12 16:15:22 [51,924ms] [Warning] [omni.physx.plugin] Invalid PhysX transform detected for /World/scene_0/controllable__r1__robot_xjwlog/left_arm_link6.
2026-05-12 16:15:22 [51,924ms] [Warning] [omni.physx.plugin] Invalid PhysX transform detected for /World/scene_0/controllable__r1__robot_xjwlog/right_arm_link6.
2026-05-12 16:15:22 [51,924ms] [Warning] [omni.physx.plugin] Invalid PhysX transform detected for /World/scene_0/controllable__r1__robot_xjwlog/left_gripper_link1.
2026-05-12 16:15:22 [51,924ms] [Warning] [omni.physx.plugin] Invalid PhysX transform detected for /World/scene_0/controllable__r1__robot_xjwlog/left_gripper_link2.
2026-05-12 16:15:22 [51,924ms] [Warning] [omni.physx.plugin] Invalid PhysX transform detected for /World/scene_0/controllable__r1__robot_xjwlog/left_eef_link.
2026-05-12 16:15:22 [51,924ms] [Warning] [omni.physx.plugin] Invalid PhysX transform detected for /World/scene_0/controllable__r1__robot_xjwlog/right_gripper_link1.
2026-05-12 16:15:22 [51,924ms] [Warning] [omni.physx.plugin] Invalid PhysX transform detected for /World/scene_0/controllable__r1__robot_xjwlog/right_gripper_link2.
2026-05-12 16:15:22 [51,924ms] [Warning] [omni.physx.plugin] Invalid PhysX transform detected for /World/scene_0/controllable__r1__robot_xjwlog/right_eef_link.
2026-05-12 16:15:22 [51,924ms] [Warning] [omni.physx.plugin] Invalid PhysX transform detected for /World/scene_0/cover_small_item_render_item_4175346132/base_link.
2026-05-12 16:15:22 [51,997ms] [Warning] [omni.physx.plugin] Invalid PhysX transform detected for /World/scene_0/cover_small_item_render_item_4175346132/glass.
2026-05-12 16:15:22 [51,997ms] [Warning] [omni.physx.plugin] Invalid PhysX transform detected for /World/scene_0/controllable__r1__robot_xjwlog/base_footprint_y.
2026-05-12 16:15:22 [51,997ms] [Warning] [omni.physx.plugin] Invalid PhysX transform detected for /World/scene_0/controllable__r1__robot_xjwlog/base_footprint_z.
2026-05-12 16:15:22 [51,997ms] [Warning] [omni.physx.plugin] Invalid PhysX transform detected for /World/scene_0/controllable__r1__robot_xjwlog/base_footprint_rx.
2026-05-12 16:15:22 [51,997ms] [Warning] [omni.physx.plugin] Invalid PhysX transform detected for /World/scene_0/controllable__r1__robot_xjwlog/base_footprint_ry.
2026-05-12 16:15:22 [51,997ms] [Warning] [omni.physx.plugin] Invalid PhysX transform detected for /World/scene_0/controllable__r1__robot_xjwlog/base_footprint_rz.
2026-05-12 16:15:22 [51,997ms] [Warning] [omni.physx.plugin] Invalid PhysX transform detected for /World/scene_0/controllable__r1__robot_xjwlog/base_link.
2026-05-12 16:15:22 [51,997ms] [Warning] [omni.physx.plugin] Invalid PhysX transform detected for /World/scene_0/controllable__r1__robot_xjwlog/servo_link1.
2026-05-12 16:15:22 [51,997ms] [Warning] [omni.physx.plugin] Invalid PhysX transform detected for /World/scene_0/controllable__r1__robot_xjwlog/servo_link2.
2026-05-12 16:15:22 [51,997ms] [Warning] [omni.physx.plugin] Invalid PhysX transform detected for /World/scene_0/controllable__r1__robot_xjwlog/servo_link3.
2026-05-12 16:15:22 [51,997ms] [Warning] [omni.physx.plugin] Invalid PhysX transform detected for /World/scene_0/controllable__r1__robot_xjwlog/torso_link1.
2026-05-12 16:15:22 [51,997ms] [Warning] [omni.physx.plugin] Invalid PhysX transform detected for /World/scene_0/controllable__r1__robot_xjwlog/wheel_link1.
2026-05-12 16:15:22 [51,997ms] [Warning] [omni.physx.plugin] Invalid PhysX transform detected for /World/scene_0/controllable__r1__robot_xjwlog/wheel_link2.
2026-05-12 16:15:22 [51,997ms] [Warning] [omni.physx.plugin] Invalid PhysX transform detected for /World/scene_0/controllable__r1__robot_xjwlog/wheel_link3.
2026-05-12 16:15:22 [51,997ms] [Warning] [omni.physx.plugin] Invalid PhysX transform detected for /World/scene_0/controllable__r1__robot_xjwlog/torso_link2.
2026-05-12 16:15:22 [51,997ms] [Warning] [omni.physx.plugin] Invalid PhysX transform detected for /World/scene_0/controllable__r1__robot_xjwlog/torso_link3.
2026-05-12 16:15:22 [51,997ms] [Warning] [omni.physx.plugin] Invalid PhysX transform detected for /World/scene_0/controllable__r1__robot_xjwlog/torso_link4.
2026-05-12 16:15:22 [51,997ms] [Warning] [omni.physx.plugin] Invalid PhysX transform detected for /World/scene_0/controllable__r1__robot_xjwlog/left_arm_link1.
2026-05-12 16:15:22 [51,997ms] [Warning] [omni.physx.plugin] Invalid PhysX transform detected for /World/scene_0/controllable__r1__robot_xjwlog/right_arm_link1.
2026-05-12 16:15:22 [51,997ms] [Warning] [omni.physx.plugin] Invalid PhysX transform detected for /World/scene_0/controllable__r1__robot_xjwlog/eyes.
2026-05-12 16:15:22 [51,997ms] [Warning] [omni.physx.plugin] Invalid PhysX transform detected for /World/scene_0/controllable__r1__robot_xjwlog/left_arm_link2.
2026-05-12 16:15:22 [51,997ms] [Warning] [omni.physx.plugin] Invalid PhysX transform detected for /World/scene_0/controllable__r1__robot_xjwlog/right_arm_link2.
2026-05-12 16:15:22 [51,997ms] [Warning] [omni.physx.plugin] Invalid PhysX transform detected for /World/scene_0/controllable__r1__robot_xjwlog/left_arm_link3.
2026-05-12 16:15:22 [51,997ms] [Warning] [omni.physx.plugin] Invalid PhysX transform detected for /World/scene_0/controllable__r1__robot_xjwlog/right_arm_link3.
2026-05-12 16:15:22 [51,997ms] [Warning] [omni.physx.plugin] Invalid PhysX transform detected for /World/scene_0/controllable__r1__robot_xjwlog/left_arm_link4.
2026-05-12 16:15:22 [51,997ms] [Warning] [omni.physx.plugin] Invalid PhysX transform detected for /World/scene_0/controllable__r1__robot_xjwlog/right_arm_link4.
2026-05-12 16:15:22 [51,997ms] [Warning] [omni.physx.plugin] Invalid PhysX transform detected for /World/scene_0/controllable__r1__robot_xjwlog/left_arm_link5.
2026-05-12 16:15:22 [51,997ms] [Warning] [omni.physx.plugin] Invalid PhysX transform detected for /World/scene_0/controllable__r1__robot_xjwlog/right_arm_link5.
2026-05-12 16:15:22 [51,997ms] [Warning] [omni.physx.plugin] Invalid PhysX transform detected for /World/scene_0/controllable__r1__robot_xjwlog/left_arm_link6.
2026-05-12 16:15:22 [51,997ms] [Warning] [omni.physx.plugin] Invalid PhysX transform detected for /World/scene_0/controllable__r1__robot_xjwlog/right_arm_link6.
2026-05-12 16:15:22 [51,997ms] [Warning] [omni.physx.plugin] Invalid PhysX transform detected for /World/scene_0/controllable__r1__robot_xjwlog/left_gripper_link1.
2026-05-12 16:15:22 [51,997ms] [Warning] [omni.physx.plugin] Invalid PhysX transform detected for /World/scene_0/controllable__r1__robot_xjwlog/left_gripper_link2.
2026-05-12 16:15:22 [51,997ms] [Warning] [omni.physx.plugin] Invalid PhysX transform detected for /World/scene_0/controllable__r1__robot_xjwlog/left_eef_link.
2026-05-12 16:15:22 [51,997ms] [Warning] [omni.physx.plugin] Invalid PhysX transform detected for /World/scene_0/controllable__r1__robot_xjwlog/right_gripper_link1.
2026-05-12 16:15:22 [51,997ms] [Warning] [omni.physx.plugin] Invalid PhysX transform detected for /World/scene_0/controllable__r1__robot_xjwlog/right_gripper_link2.
2026-05-12 16:15:22 [51,997ms] [Warning] [omni.physx.plugin] Invalid PhysX transform detected for /World/scene_0/controllable__r1__robot_xjwlog/right_eef_link.
2026-05-12 16:15:22 [51,997ms] [Warning] [omni.physx.plugin] Invalid PhysX transform detected for /World/scene_0/cover_small_item_render_item_4175346132/base_link.
2026-05-12 16:15:22 [52,070ms] [Warning] [omni.physx.plugin] Invalid PhysX transform detected for /World/scene_0/cover_small_item_render_item_4175346132/glass.
2026-05-12 16:15:22 [52,070ms] [Warning] [omni.physx.plugin] Invalid PhysX transform detected for /World/scene_0/controllable__r1__robot_xjwlog/base_footprint_y.
2026-05-12 16:15:22 [52,070ms] [Warning] [omni.physx.plugin] Invalid PhysX transform detected for /World/scene_0/controllable__r1__robot_xjwlog/base_footprint_z.
2026-05-12 16:15:22 [52,070ms] [Warning] [omni.physx.plugin] Invalid PhysX transform detected for /World/scene_0/controllable__r1__robot_xjwlog/base_footprint_rx.
2026-05-12 16:15:22 [52,070ms] [Warning] [omni.physx.plugin] Invalid PhysX transform detected for /World/scene_0/controllable__r1__robot_xjwlog/base_footprint_ry.
2026-05-12 16:15:22 [52,070ms] [Warning] [omni.physx.plugin] Invalid PhysX transform detected for /World/scene_0/controllable__r1__robot_xjwlog/base_footprint_rz.
2026-05-12 16:15:22 [52,070ms] [Warning] [omni.physx.plugin] Invalid PhysX transform detected for /World/scene_0/controllable__r1__robot_xjwlog/base_link.
2026-05-12 16:15:22 [52,070ms] [Warning] [omni.physx.plugin] Invalid PhysX transform detected for /World/scene_0/controllable__r1__robot_xjwlog/servo_link1.
2026-05-12 16:15:22 [52,070ms] [Warning] [omni.physx.plugin] Invalid PhysX transform detected for /World/scene_0/controllable__r1__robot_xjwlog/servo_link2.
2026-05-12 16:15:22 [52,070ms] [Warning] [omni.physx.plugin] Invalid PhysX transform detected for /World/scene_0/controllable__r1__robot_xjwlog/servo_link3.
2026-05-12 16:15:22 [52,070ms] [Warning] [omni.physx.plugin] Invalid PhysX transform detected for /World/scene_0/controllable__r1__robot_xjwlog/torso_link1.
2026-05-12 16:15:22 [52,070ms] [Warning] [omni.physx.plugin] Invalid PhysX transform detected for /World/scene_0/controllable__r1__robot_xjwlog/wheel_link1.
2026-05-12 16:15:22 [52,070ms] [Warning] [omni.physx.plugin] Invalid PhysX transform detected for /World/scene_0/controllable__r1__robot_xjwlog/wheel_link2.
2026-05-12 16:15:22 [52,070ms] [Warning] [omni.physx.plugin] Invalid PhysX transform detected for /World/scene_0/controllable__r1__robot_xjwlog/wheel_link3.
2026-05-12 16:15:22 [52,070ms] [Warning] [omni.physx.plugin] Invalid PhysX transform detected for /World/scene_0/controllable__r1__robot_xjwlog/torso_link2.
2026-05-12 16:15:22 [52,070ms] [Warning] [omni.physx.plugin] Invalid PhysX transform detected for /World/scene_0/controllable__r1__robot_xjwlog/torso_link3.
2026-05-12 16:15:22 [52,070ms] [Warning] [omni.physx.plugin] Invalid PhysX transform detected for /World/scene_0/controllable__r1__robot_xjwlog/torso_link4.
2026-05-12 16:15:22 [52,070ms] [Warning] [omni.physx.plugin] Invalid PhysX transform detected for /World/scene_0/controllable__r1__robot_xjwlog/left_arm_link1.
2026-05-12 16:15:22 [52,070ms] [Warning] [omni.physx.plugin] Invalid PhysX transform detected for /World/scene_0/controllable__r1__robot_xjwlog/right_arm_link1.
2026-05-12 16:15:22 [52,070ms] [Warning] [omni.physx.plugin] Invalid PhysX transform detected for /World/scene_0/controllable__r1__robot_xjwlog/eyes.
2026-05-12 16:15:22 [52,070ms] [Warning] [omni.physx.plugin] Invalid PhysX transform detected for /World/scene_0/controllable__r1__robot_xjwlog/left_arm_link2.
2026-05-12 16:15:22 [52,070ms] [Warning] [omni.physx.plugin] Invalid PhysX transform detected for /World/scene_0/controllable__r1__robot_xjwlog/right_arm_link2.
2026-05-12 16:15:22 [52,070ms] [Warning] [omni.physx.plugin] Invalid PhysX transform detected for /World/scene_0/controllable__r1__robot_xjwlog/left_arm_link3.
2026-05-12 16:15:22 [52,070ms] [Warning] [omni.physx.plugin] Invalid PhysX transform detected for /World/scene_0/controllable__r1__robot_xjwlog/right_arm_link3.
2026-05-12 16:15:22 [52,070ms] [Warning] [omni.physx.plugin] Invalid PhysX transform detected for /World/scene_0/controllable__r1__robot_xjwlog/left_arm_link4.
2026-05-12 16:15:22 [52,070ms] [Warning] [omni.physx.plugin] Invalid PhysX transform detected for /World/scene_0/controllable__r1__robot_xjwlog/right_arm_link4.
2026-05-12 16:15:22 [52,070ms] [Warning] [omni.physx.plugin] Invalid PhysX transform detected for /World/scene_0/controllable__r1__robot_xjwlog/left_arm_link5.
2026-05-12 16:15:22 [52,070ms] [Warning] [omni.physx.plugin] Invalid PhysX transform detected for /World/scene_0/controllable__r1__robot_xjwlog/right_arm_link5.
2026-05-12 16:15:22 [52,070ms] [Warning] [omni.physx.plugin] Invalid PhysX transform detected for /World/scene_0/controllable__r1__robot_xjwlog/left_arm_link6.
2026-05-12 16:15:22 [52,070ms] [Warning] [omni.physx.plugin] Invalid PhysX transform detected for /World/scene_0/controllable__r1__robot_xjwlog/right_arm_link6.
2026-05-12 16:15:22 [52,070ms] [Warning] [omni.physx.plugin] Invalid PhysX transform detected for /World/scene_0/controllable__r1__robot_xjwlog/left_gripper_link1.
2026-05-12 16:15:22 [52,070ms] [Warning] [omni.physx.plugin] Invalid PhysX transform detected for /World/scene_0/controllable__r1__robot_xjwlog/left_gripper_link2.
2026-05-12 16:15:22 [52,070ms] [Warning] [omni.physx.plugin] Invalid PhysX transform detected for /World/scene_0/controllable__r1__robot_xjwlog/left_eef_link.
2026-05-12 16:15:22 [52,070ms] [Warning] [omni.physx.plugin] Invalid PhysX transform detected for /World/scene_0/controllable__r1__robot_xjwlog/right_gripper_link1.
2026-05-12 16:15:22 [52,070ms] [Warning] [omni.physx.plugin] Invalid PhysX transform detected for /World/scene_0/controllable__r1__robot_xjwlog/right_gripper_link2.
2026-05-12 16:15:22 [52,070ms] [Warning] [omni.physx.plugin] Invalid PhysX transform detected for /World/scene_0/controllable__r1__robot_xjwlog/right_eef_link.
2026-05-12 16:15:22 [52,070ms] [Warning] [omni.physx.plugin] Invalid PhysX transform detected for /World/scene_0/cover_small_item_render_item_4175346132/base_link.
2026-05-12 16:15:22 [52,143ms] [Warning] [omni.physx.plugin] Invalid PhysX transform detected for /World/scene_0/cover_small_item_render_item_4175346132/glass.
2026-05-12 16:15:22 [52,143ms] [Warning] [omni.physx.plugin] Invalid PhysX transform detected for /World/scene_0/controllable__r1__robot_xjwlog/base_footprint_y.
2026-05-12 16:15:22 [52,143ms] [Warning] [omni.physx.plugin] Invalid PhysX transform detected for /World/scene_0/controllable__r1__robot_xjwlog/base_footprint_z.
2026-05-12 16:15:22 [52,143ms] [Warning] [omni.physx.plugin] Invalid PhysX transform detected for /World/scene_0/controllable__r1__robot_xjwlog/base_footprint_rx.
2026-05-12 16:15:22 [52,143ms] [Warning] [omni.physx.plugin] Invalid PhysX transform detected for /World/scene_0/controllable__r1__robot_xjwlog/base_footprint_ry.
2026-05-12 16:15:22 [52,143ms] [Warning] [omni.physx.plugin] Invalid PhysX transform detected for /World/scene_0/controllable__r1__robot_xjwlog/base_footprint_rz.
2026-05-12 16:15:22 [52,143ms] [Warning] [omni.physx.plugin] Invalid PhysX transform detected for /World/scene_0/controllable__r1__robot_xjwlog/base_link.
2026-05-12 16:15:22 [52,143ms] [Warning] [omni.physx.plugin] Invalid PhysX transform detected for /World/scene_0/controllable__r1__robot_xjwlog/servo_link1.
2026-05-12 16:15:22 [52,143ms] [Warning] [omni.physx.plugin] Invalid PhysX transform detected for /World/scene_0/controllable__r1__robot_xjwlog/servo_link2.
2026-05-12 16:15:22 [52,143ms] [Warning] [omni.physx.plugin] Invalid PhysX transform detected for /World/scene_0/controllable__r1__robot_xjwlog/servo_link3.
2026-05-12 16:15:22 [52,143ms] [Warning] [omni.physx.plugin] Invalid PhysX transform detected for /World/scene_0/controllable__r1__robot_xjwlog/torso_link1.
2026-05-12 16:15:22 [52,143ms] [Warning] [omni.physx.plugin] Invalid PhysX transform detected for /World/scene_0/controllable__r1__robot_xjwlog/wheel_link1.
2026-05-12 16:15:22 [52,143ms] [Warning] [omni.physx.plugin] Invalid PhysX transform detected for /World/scene_0/controllable__r1__robot_xjwlog/wheel_link2.
2026-05-12 16:15:22 [52,143ms] [Warning] [omni.physx.plugin] Invalid PhysX transform detected for /World/scene_0/controllable__r1__robot_xjwlog/wheel_link3.
2026-05-12 16:15:22 [52,143ms] [Warning] [omni.physx.plugin] Invalid PhysX transform detected for /World/scene_0/controllable__r1__robot_xjwlog/torso_link2.
2026-05-12 16:15:22 [52,143ms] [Warning] [omni.physx.plugin] Invalid PhysX transform detected for /World/scene_0/controllable__r1__robot_xjwlog/torso_link3.
2026-05-12 16:15:22 [52,143ms] [Warning] [omni.physx.plugin] Invalid PhysX transform detected for /World/scene_0/controllable__r1__robot_xjwlog/torso_link4.
2026-05-12 16:15:22 [52,143ms] [Warning] [omni.physx.plugin] Invalid PhysX transform detected for /World/scene_0/controllable__r1__robot_xjwlog/left_arm_link1.
2026-05-12 16:15:22 [52,143ms] [Warning] [omni.physx.plugin] Invalid PhysX transform detected for /World/scene_0/controllable__r1__robot_xjwlog/right_arm_link1.
2026-05-12 16:15:22 [52,143ms] [Warning] [omni.physx.plugin] Invalid PhysX transform detected for /World/scene_0/controllable__r1__robot_xjwlog/eyes.
2026-05-12 16:15:22 [52,143ms] [Warning] [omni.physx.plugin] Invalid PhysX transform detected for /World/scene_0/controllable__r1__robot_xjwlog/left_arm_link2.
2026-05-12 16:15:22 [52,143ms] [Warning] [omni.physx.plugin] Invalid PhysX transform detected for /World/scene_0/controllable__r1__robot_xjwlog/right_arm_link2.
2026-05-12 16:15:22 [52,143ms] [Warning] [omni.physx.plugin] Invalid PhysX transform detected for /World/scene_0/controllable__r1__robot_xjwlog/left_arm_link3.
2026-05-12 16:15:22 [52,143ms] [Warning] [omni.physx.plugin] Invalid PhysX transform detected for /World/scene_0/controllable__r1__robot_xjwlog/right_arm_link3.
2026-05-12 16:15:22 [52,143ms] [Warning] [omni.physx.plugin] Invalid PhysX transform detected for /World/scene_0/controllable__r1__robot_xjwlog/left_arm_link4.
2026-05-12 16:15:22 [52,143ms] [Warning] [omni.physx.plugin] Invalid PhysX transform detected for /World/scene_0/controllable__r1__robot_xjwlog/right_arm_link4.
2026-05-12 16:15:22 [52,143ms] [Warning] [omni.physx.plugin] Invalid PhysX transform detected for /World/scene_0/controllable__r1__robot_xjwlog/left_arm_link5.
2026-05-12 16:15:22 [52,143ms] [Warning] [omni.physx.plugin] Invalid PhysX transform detected for /World/scene_0/controllable__r1__robot_xjwlog/right_arm_link5.
2026-05-12 16:15:22 [52,143ms] [Warning] [omni.physx.plugin] Invalid PhysX transform detected for /World/scene_0/controllable__r1__robot_xjwlog/left_arm_link6.
2026-05-12 16:15:22 [52,143ms] [Warning] [omni.physx.plugin] Invalid PhysX transform detected for /World/scene_0/controllable__r1__robot_xjwlog/right_arm_link6.
2026-05-12 16:15:22 [52,143ms] [Warning] [omni.physx.plugin] Invalid PhysX transform detected for /World/scene_0/controllable__r1__robot_xjwlog/left_gripper_link1.
2026-05-12 16:15:22 [52,143ms] [Warning] [omni.physx.plugin] Invalid PhysX transform detected for /World/scene_0/controllable__r1__robot_xjwlog/left_gripper_link2.
2026-05-12 16:15:22 [52,143ms] [Warning] [omni.physx.plugin] Invalid PhysX transform detected for /World/scene_0/controllable__r1__robot_xjwlog/left_eef_link.
2026-05-12 16:15:22 [52,143ms] [Warning] [omni.physx.plugin] Invalid PhysX transform detected for /World/scene_0/controllable__r1__robot_xjwlog/right_gripper_link1.
2026-05-12 16:15:22 [52,143ms] [Warning] [omni.physx.plugin] Invalid PhysX transform detected for /World/scene_0/controllable__r1__robot_xjwlog/right_gripper_link2.
2026-05-12 16:15:22 [52,143ms] [Warning] [omni.physx.plugin] Invalid PhysX transform detected for /World/scene_0/controllable__r1__robot_xjwlog/right_eef_link.
2026-05-12 16:15:22 [52,143ms] [Warning] [omni.physx.plugin] Invalid PhysX transform detected for /World/scene_0/cover_small_item_render_item_4175346132/base_link.
2026-05-12 16:15:22 [52,215ms] [Warning] [omni.physx.plugin] Invalid PhysX transform detected for /World/scene_0/cover_small_item_render_item_4175346132/glass.
2026-05-12 16:15:22 [52,215ms] [Warning] [omni.physx.plugin] Invalid PhysX transform detected for /World/scene_0/controllable__r1__robot_xjwlog/base_footprint_y.
2026-05-12 16:15:22 [52,215ms] [Warning] [omni.physx.plugin] Invalid PhysX transform detected for /World/scene_0/controllable__r1__robot_xjwlog/base_footprint_z.
2026-05-12 16:15:22 [52,215ms] [Warning] [omni.physx.plugin] Invalid PhysX transform detected for /World/scene_0/controllable__r1__robot_xjwlog/base_footprint_rx.
2026-05-12 16:15:22 [52,215ms] [Warning] [omni.physx.plugin] Invalid PhysX transform detected for /World/scene_0/controllable__r1__robot_xjwlog/base_footprint_ry.
2026-05-12 16:15:22 [52,215ms] [Warning] [omni.physx.plugin] Invalid PhysX transform detected for /World/scene_0/controllable__r1__robot_xjwlog/base_footprint_rz.
2026-05-12 16:15:22 [52,215ms] [Warning] [omni.physx.plugin] Invalid PhysX transform detected for /World/scene_0/controllable__r1__robot_xjwlog/base_link.
2026-05-12 16:15:22 [52,215ms] [Warning] [omni.physx.plugin] Invalid PhysX transform detected for /World/scene_0/controllable__r1__robot_xjwlog/servo_link1.
2026-05-12 16:15:22 [52,215ms] [Warning] [omni.physx.plugin] Invalid PhysX transform detected for /World/scene_0/controllable__r1__robot_xjwlog/servo_link2.
2026-05-12 16:15:22 [52,215ms] [Warning] [omni.physx.plugin] Invalid PhysX transform detected for /World/scene_0/controllable__r1__robot_xjwlog/servo_link3.
2026-05-12 16:15:22 [52,216ms] [Warning] [omni.physx.plugin] Invalid PhysX transform detected for /World/scene_0/controllable__r1__robot_xjwlog/torso_link1.
2026-05-12 16:15:22 [52,216ms] [Warning] [omni.physx.plugin] Invalid PhysX transform detected for /World/scene_0/controllable__r1__robot_xjwlog/wheel_link1.
2026-05-12 16:15:22 [52,216ms] [Warning] [omni.physx.plugin] Invalid PhysX transform detected for /World/scene_0/controllable__r1__robot_xjwlog/wheel_link2.
2026-05-12 16:15:22 [52,216ms] [Warning] [omni.physx.plugin] Invalid PhysX transform detected for /World/scene_0/controllable__r1__robot_xjwlog/wheel_link3.
2026-05-12 16:15:22 [52,216ms] [Warning] [omni.physx.plugin] Invalid PhysX transform detected for /World/scene_0/controllable__r1__robot_xjwlog/torso_link2.
2026-05-12 16:15:22 [52,216ms] [Warning] [omni.physx.plugin] Invalid PhysX transform detected for /World/scene_0/controllable__r1__robot_xjwlog/torso_link3.
2026-05-12 16:15:22 [52,216ms] [Warning] [omni.physx.plugin] Invalid PhysX transform detected for /World/scene_0/controllable__r1__robot_xjwlog/torso_link4.
2026-05-12 16:15:22 [52,216ms] [Warning] [omni.physx.plugin] Invalid PhysX transform detected for /World/scene_0/controllable__r1__robot_xjwlog/left_arm_link1.
2026-05-12 16:15:22 [52,216ms] [Warning] [omni.physx.plugin] Invalid PhysX transform detected for /World/scene_0/controllable__r1__robot_xjwlog/right_arm_link1.
2026-05-12 16:15:22 [52,216ms] [Warning] [omni.physx.plugin] Invalid PhysX transform detected for /World/scene_0/controllable__r1__robot_xjwlog/eyes.
2026-05-12 16:15:22 [52,216ms] [Warning] [omni.physx.plugin] Invalid PhysX transform detected for /World/scene_0/controllable__r1__robot_xjwlog/left_arm_link2.
2026-05-12 16:15:22 [52,216ms] [Warning] [omni.physx.plugin] Invalid PhysX transform detected for /World/scene_0/controllable__r1__robot_xjwlog/right_arm_link2.
2026-05-12 16:15:22 [52,216ms] [Warning] [omni.physx.plugin] Invalid PhysX transform detected for /World/scene_0/controllable__r1__robot_xjwlog/left_arm_link3.
2026-05-12 16:15:22 [52,216ms] [Warning] [omni.physx.plugin] Invalid PhysX transform detected for /World/scene_0/controllable__r1__robot_xjwlog/right_arm_link3.
2026-05-12 16:15:22 [52,216ms] [Warning] [omni.physx.plugin] Invalid PhysX transform detected for /World/scene_0/controllable__r1__robot_xjwlog/left_arm_link4.
2026-05-12 16:15:22 [52,216ms] [Warning] [omni.physx.plugin] Invalid PhysX transform detected for /World/scene_0/controllable__r1__robot_xjwlog/right_arm_link4.
2026-05-12 16:15:22 [52,216ms] [Warning] [omni.physx.plugin] Invalid PhysX transform detected for /World/scene_0/controllable__r1__robot_xjwlog/left_arm_link5.
2026-05-12 16:15:22 [52,216ms] [Warning] [omni.physx.plugin] Invalid PhysX transform detected for /World/scene_0/controllable__r1__robot_xjwlog/right_arm_link5.
2026-05-12 16:15:22 [52,216ms] [Warning] [omni.physx.plugin] Invalid PhysX transform detected for /World/scene_0/controllable__r1__robot_xjwlog/left_arm_link6.
2026-05-12 16:15:22 [52,216ms] [Warning] [omni.physx.plugin] Invalid PhysX transform detected for /World/scene_0/controllable__r1__robot_xjwlog/right_arm_link6.
2026-05-12 16:15:22 [52,216ms] [Warning] [omni.physx.plugin] Invalid PhysX transform detected for /World/scene_0/controllable__r1__robot_xjwlog/left_gripper_link1.
2026-05-12 16:15:22 [52,216ms] [Warning] [omni.physx.plugin] Invalid PhysX transform detected for /World/scene_0/controllable__r1__robot_xjwlog/left_gripper_link2.
2026-05-12 16:15:22 [52,216ms] [Warning] [omni.physx.plugin] Invalid PhysX transform detected for /World/scene_0/controllable__r1__robot_xjwlog/left_eef_link.
2026-05-12 16:15:22 [52,216ms] [Warning] [omni.physx.plugin] Invalid PhysX transform detected for /World/scene_0/controllable__r1__robot_xjwlog/right_gripper_link1.
2026-05-12 16:15:22 [52,216ms] [Warning] [omni.physx.plugin] Invalid PhysX transform detected for /World/scene_0/controllable__r1__robot_xjwlog/right_gripper_link2.
2026-05-12 16:15:22 [52,216ms] [Warning] [omni.physx.plugin] Invalid PhysX transform detected for /World/scene_0/controllable__r1__robot_xjwlog/right_eef_link.
2026-05-12 16:15:22 [52,216ms] [Warning] [omni.physx.plugin] Invalid PhysX transform detected for /World/scene_0/cover_small_item_render_item_4175346132/base_link.
2026-05-12 16:15:22 [52,288ms] [Warning] [omni.physx.plugin] Invalid PhysX transform detected for /World/scene_0/cover_small_item_render_item_4175346132/glass.
2026-05-12 16:15:22 [52,288ms] [Warning] [omni.physx.plugin] Invalid PhysX transform detected for /World/scene_0/controllable__r1__robot_xjwlog/base_footprint_y.
2026-05-12 16:15:22 [52,288ms] [Warning] [omni.physx.plugin] Invalid PhysX transform detected for /World/scene_0/controllable__r1__robot_xjwlog/base_footprint_z.
2026-05-12 16:15:22 [52,288ms] [Warning] [omni.physx.plugin] Invalid PhysX transform detected for /World/scene_0/controllable__r1__robot_xjwlog/base_footprint_rx.
2026-05-12 16:15:22 [52,288ms] [Warning] [omni.physx.plugin] Invalid PhysX transform detected for /World/scene_0/controllable__r1__robot_xjwlog/base_footprint_ry.
2026-05-12 16:15:22 [52,288ms] [Warning] [omni.physx.plugin] Invalid PhysX transform detected for /World/scene_0/controllable__r1__robot_xjwlog/base_footprint_rz.
2026-05-12 16:15:22 [52,288ms] [Warning] [omni.physx.plugin] Invalid PhysX transform detected for /World/scene_0/controllable__r1__robot_xjwlog/base_link.
2026-05-12 16:15:22 [52,288ms] [Warning] [omni.physx.plugin] Invalid PhysX transform detected for /World/scene_0/controllable__r1__robot_xjwlog/servo_link1.
2026-05-12 16:15:22 [52,288ms] [Warning] [omni.physx.plugin] Invalid PhysX transform detected for /World/scene_0/controllable__r1__robot_xjwlog/servo_link2.
2026-05-12 16:15:22 [52,288ms] [Warning] [omni.physx.plugin] Invalid PhysX transform detected for /World/scene_0/controllable__r1__robot_xjwlog/servo_link3.
2026-05-12 16:15:22 [52,288ms] [Warning] [omni.physx.plugin] Invalid PhysX transform detected for /World/scene_0/controllable__r1__robot_xjwlog/torso_link1.
2026-05-12 16:15:22 [52,288ms] [Warning] [omni.physx.plugin] Invalid PhysX transform detected for /World/scene_0/controllable__r1__robot_xjwlog/wheel_link1.
2026-05-12 16:15:22 [52,288ms] [Warning] [omni.physx.plugin] Invalid PhysX transform detected for /World/scene_0/controllable__r1__robot_xjwlog/wheel_link2.
2026-05-12 16:15:22 [52,288ms] [Warning] [omni.physx.plugin] Invalid PhysX transform detected for /World/scene_0/controllable__r1__robot_xjwlog/wheel_link3.
2026-05-12 16:15:22 [52,288ms] [Warning] [omni.physx.plugin] Invalid PhysX transform detected for /World/scene_0/controllable__r1__robot_xjwlog/torso_link2.
2026-05-12 16:15:22 [52,288ms] [Warning] [omni.physx.plugin] Invalid PhysX transform detected for /World/scene_0/controllable__r1__robot_xjwlog/torso_link3.
2026-05-12 16:15:22 [52,288ms] [Warning] [omni.physx.plugin] Invalid PhysX transform detected for /World/scene_0/controllable__r1__robot_xjwlog/torso_link4.
2026-05-12 16:15:22 [52,288ms] [Warning] [omni.physx.plugin] Invalid PhysX transform detected for /World/scene_0/controllable__r1__robot_xjwlog/left_arm_link1.
2026-05-12 16:15:22 [52,288ms] [Warning] [omni.physx.plugin] Invalid PhysX transform detected for /World/scene_0/controllable__r1__robot_xjwlog/right_arm_link1.
2026-05-12 16:15:22 [52,288ms] [Warning] [omni.physx.plugin] Invalid PhysX transform detected for /World/scene_0/controllable__r1__robot_xjwlog/eyes.
2026-05-12 16:15:22 [52,288ms] [Warning] [omni.physx.plugin] Invalid PhysX transform detected for /World/scene_0/controllable__r1__robot_xjwlog/left_arm_link2.
2026-05-12 16:15:22 [52,288ms] [Warning] [omni.physx.plugin] Invalid PhysX transform detected for /World/scene_0/controllable__r1__robot_xjwlog/right_arm_link2.
2026-05-12 16:15:22 [52,288ms] [Warning] [omni.physx.plugin] Invalid PhysX transform detected for /World/scene_0/controllable__r1__robot_xjwlog/left_arm_link3.
2026-05-12 16:15:22 [52,288ms] [Warning] [omni.physx.plugin] Invalid PhysX transform detected for /World/scene_0/controllable__r1__robot_xjwlog/right_arm_link3.
2026-05-12 16:15:22 [52,288ms] [Warning] [omni.physx.plugin] Invalid PhysX transform detected for /World/scene_0/controllable__r1__robot_xjwlog/left_arm_link4.
2026-05-12 16:15:22 [52,288ms] [Warning] [omni.physx.plugin] Invalid PhysX transform detected for /World/scene_0/controllable__r1__robot_xjwlog/right_arm_link4.
2026-05-12 16:15:22 [52,288ms] [Warning] [omni.physx.plugin] Invalid PhysX transform detected for /World/scene_0/controllable__r1__robot_xjwlog/left_arm_link5.
2026-05-12 16:15:22 [52,288ms] [Warning] [omni.physx.plugin] Invalid PhysX transform detected for /World/scene_0/controllable__r1__robot_xjwlog/right_arm_link5.
2026-05-12 16:15:22 [52,288ms] [Warning] [omni.physx.plugin] Invalid PhysX transform detected for /World/scene_0/controllable__r1__robot_xjwlog/left_arm_link6.
2026-05-12 16:15:22 [52,288ms] [Warning] [omni.physx.plugin] Invalid PhysX transform detected for /World/scene_0/controllable__r1__robot_xjwlog/right_arm_link6.
2026-05-12 16:15:22 [52,288ms] [Warning] [omni.physx.plugin] Invalid PhysX transform detected for /World/scene_0/controllable__r1__robot_xjwlog/left_gripper_link1.
2026-05-12 16:15:22 [52,288ms] [Warning] [omni.physx.plugin] Invalid PhysX transform detected for /World/scene_0/controllable__r1__robot_xjwlog/left_gripper_link2.
2026-05-12 16:15:22 [52,288ms] [Warning] [omni.physx.plugin] Invalid PhysX transform detected for /World/scene_0/controllable__r1__robot_xjwlog/left_eef_link.
2026-05-12 16:15:22 [52,289ms] [Warning] [omni.physx.plugin] Invalid PhysX transform detected for /World/scene_0/controllable__r1__robot_xjwlog/right_gripper_link1.
2026-05-12 16:15:22 [52,289ms] [Warning] [omni.physx.plugin] Invalid PhysX transform detected for /World/scene_0/controllable__r1__robot_xjwlog/right_gripper_link2.
2026-05-12 16:15:22 [52,289ms] [Warning] [omni.physx.plugin] Invalid PhysX transform detected for /World/scene_0/controllable__r1__robot_xjwlog/right_eef_link.
2026-05-12 16:15:22 [52,289ms] [Warning] [omni.physx.plugin] Invalid PhysX transform detected for /World/scene_0/cover_small_item_render_item_4175346132/base_link.
2026-05-12 16:15:22 [52,361ms] [Warning] [omni.physx.plugin] Invalid PhysX transform detected for /World/scene_0/cover_small_item_render_item_4175346132/glass.
2026-05-12 16:15:22 [52,361ms] [Warning] [omni.physx.plugin] Invalid PhysX transform detected for /World/scene_0/controllable__r1__robot_xjwlog/base_footprint_y.
2026-05-12 16:15:22 [52,361ms] [Warning] [omni.physx.plugin] Invalid PhysX transform detected for /World/scene_0/controllable__r1__robot_xjwlog/base_footprint_z.
2026-05-12 16:15:22 [52,361ms] [Warning] [omni.physx.plugin] Invalid PhysX transform detected for /World/scene_0/controllable__r1__robot_xjwlog/base_footprint_rx.
2026-05-12 16:15:22 [52,361ms] [Warning] [omni.physx.plugin] Invalid PhysX transform detected for /World/scene_0/controllable__r1__robot_xjwlog/base_footprint_ry.
2026-05-12 16:15:22 [52,361ms] [Warning] [omni.physx.plugin] Invalid PhysX transform detected for /World/scene_0/controllable__r1__robot_xjwlog/base_footprint_rz.
2026-05-12 16:15:22 [52,361ms] [Warning] [omni.physx.plugin] Invalid PhysX transform detected for /World/scene_0/controllable__r1__robot_xjwlog/base_link.
2026-05-12 16:15:22 [52,361ms] [Warning] [omni.physx.plugin] Invalid PhysX transform detected for /World/scene_0/controllable__r1__robot_xjwlog/servo_link1.
2026-05-12 16:15:22 [52,361ms] [Warning] [omni.physx.plugin] Invalid PhysX transform detected for /World/scene_0/controllable__r1__robot_xjwlog/servo_link2.
2026-05-12 16:15:22 [52,361ms] [Warning] [omni.physx.plugin] Invalid PhysX transform detected for /World/scene_0/controllable__r1__robot_xjwlog/servo_link3.
2026-05-12 16:15:22 [52,361ms] [Warning] [omni.physx.plugin] Invalid PhysX transform detected for /World/scene_0/controllable__r1__robot_xjwlog/torso_link1.
2026-05-12 16:15:22 [52,361ms] [Warning] [omni.physx.plugin] Invalid PhysX transform detected for /World/scene_0/controllable__r1__robot_xjwlog/wheel_link1.
2026-05-12 16:15:22 [52,361ms] [Warning] [omni.physx.plugin] Invalid PhysX transform detected for /World/scene_0/controllable__r1__robot_xjwlog/wheel_link2.
2026-05-12 16:15:22 [52,361ms] [Warning] [omni.physx.plugin] Invalid PhysX transform detected for /World/scene_0/controllable__r1__robot_xjwlog/wheel_link3.
2026-05-12 16:15:22 [52,361ms] [Warning] [omni.physx.plugin] Invalid PhysX transform detected for /World/scene_0/controllable__r1__robot_xjwlog/torso_link2.
2026-05-12 16:15:22 [52,361ms] [Warning] [omni.physx.plugin] Invalid PhysX transform detected for /World/scene_0/controllable__r1__robot_xjwlog/torso_link3.
2026-05-12 16:15:22 [52,361ms] [Warning] [omni.physx.plugin] Invalid PhysX transform detected for /World/scene_0/controllable__r1__robot_xjwlog/torso_link4.
2026-05-12 16:15:22 [52,361ms] [Warning] [omni.physx.plugin] Invalid PhysX transform detected for /World/scene_0/controllable__r1__robot_xjwlog/left_arm_link1.
2026-05-12 16:15:22 [52,361ms] [Warning] [omni.physx.plugin] Invalid PhysX transform detected for /World/scene_0/controllable__r1__robot_xjwlog/right_arm_link1.
2026-05-12 16:15:22 [52,361ms] [Warning] [omni.physx.plugin] Invalid PhysX transform detected for /World/scene_0/controllable__r1__robot_xjwlog/eyes.
2026-05-12 16:15:22 [52,361ms] [Warning] [omni.physx.plugin] Invalid PhysX transform detected for /World/scene_0/controllable__r1__robot_xjwlog/left_arm_link2.
2026-05-12 16:15:22 [52,361ms] [Warning] [omni.physx.plugin] Invalid PhysX transform detected for /World/scene_0/controllable__r1__robot_xjwlog/right_arm_link2.
2026-05-12 16:15:22 [52,361ms] [Warning] [omni.physx.plugin] Invalid PhysX transform detected for /World/scene_0/controllable__r1__robot_xjwlog/left_arm_link3.
2026-05-12 16:15:22 [52,361ms] [Warning] [omni.physx.plugin] Invalid PhysX transform detected for /World/scene_0/controllable__r1__robot_xjwlog/right_arm_link3.
2026-05-12 16:15:22 [52,361ms] [Warning] [omni.physx.plugin] Invalid PhysX transform detected for /World/scene_0/controllable__r1__robot_xjwlog/left_arm_link4.
2026-05-12 16:15:22 [52,361ms] [Warning] [omni.physx.plugin] Invalid PhysX transform detected for /World/scene_0/controllable__r1__robot_xjwlog/right_arm_link4.
2026-05-12 16:15:22 [52,361ms] [Warning] [omni.physx.plugin] Invalid PhysX transform detected for /World/scene_0/controllable__r1__robot_xjwlog/left_arm_link5.
2026-05-12 16:15:22 [52,361ms] [Warning] [omni.physx.plugin] Invalid PhysX transform detected for /World/scene_0/controllable__r1__robot_xjwlog/right_arm_link5.
2026-05-12 16:15:22 [52,361ms] [Warning] [omni.physx.plugin] Invalid PhysX transform detected for /World/scene_0/controllable__r1__robot_xjwlog/left_arm_link6.
2026-05-12 16:15:22 [52,361ms] [Warning] [omni.physx.plugin] Invalid PhysX transform detected for /World/scene_0/controllable__r1__robot_xjwlog/right_arm_link6.
2026-05-12 16:15:22 [52,361ms] [Warning] [omni.physx.plugin] Invalid PhysX transform detected for /World/scene_0/controllable__r1__robot_xjwlog/left_gripper_link1.
2026-05-12 16:15:22 [52,361ms] [Warning] [omni.physx.plugin] Invalid PhysX transform detected for /World/scene_0/controllable__r1__robot_xjwlog/left_gripper_link2.
2026-05-12 16:15:22 [52,361ms] [Warning] [omni.physx.plugin] Invalid PhysX transform detected for /World/scene_0/controllable__r1__robot_xjwlog/left_eef_link.
2026-05-12 16:15:22 [52,361ms] [Warning] [omni.physx.plugin] Invalid PhysX transform detected for /World/scene_0/controllable__r1__robot_xjwlog/right_gripper_link1.
2026-05-12 16:15:22 [52,361ms] [Warning] [omni.physx.plugin] Invalid PhysX transform detected for /World/scene_0/controllable__r1__robot_xjwlog/right_gripper_link2.
2026-05-12 16:15:22 [52,361ms] [Warning] [omni.physx.plugin] Invalid PhysX transform detected for /World/scene_0/controllable__r1__robot_xjwlog/right_eef_link.
2026-05-12 16:15:22 [52,361ms] [Warning] [omni.physx.plugin] Invalid PhysX transform detected for /World/scene_0/cover_small_item_render_item_4175346132/base_link.
2026-05-12 16:15:22 [52,433ms] [Warning] [omni.physx.plugin] Invalid PhysX transform detected for /World/scene_0/cover_small_item_render_item_4175346132/glass.
2026-05-12 16:15:22 [52,433ms] [Warning] [omni.physx.plugin] Invalid PhysX transform detected for /World/scene_0/controllable__r1__robot_xjwlog/base_footprint_y.
2026-05-12 16:15:22 [52,433ms] [Warning] [omni.physx.plugin] Invalid PhysX transform detected for /World/scene_0/controllable__r1__robot_xjwlog/base_footprint_z.
2026-05-12 16:15:22 [52,433ms] [Warning] [omni.physx.plugin] Invalid PhysX transform detected for /World/scene_0/controllable__r1__robot_xjwlog/base_footprint_rx.
2026-05-12 16:15:22 [52,433ms] [Warning] [omni.physx.plugin] Invalid PhysX transform detected for /World/scene_0/controllable__r1__robot_xjwlog/base_footprint_ry.
2026-05-12 16:15:22 [52,433ms] [Warning] [omni.physx.plugin] Invalid PhysX transform detected for /World/scene_0/controllable__r1__robot_xjwlog/base_footprint_rz.
2026-05-12 16:15:22 [52,433ms] [Warning] [omni.physx.plugin] Invalid PhysX transform detected for /World/scene_0/controllable__r1__robot_xjwlog/base_link.
2026-05-12 16:15:22 [52,433ms] [Warning] [omni.physx.plugin] Invalid PhysX transform detected for /World/scene_0/controllable__r1__robot_xjwlog/servo_link1.
2026-05-12 16:15:22 [52,433ms] [Warning] [omni.physx.plugin] Invalid PhysX transform detected for /World/scene_0/controllable__r1__robot_xjwlog/servo_link2.
2026-05-12 16:15:22 [52,433ms] [Warning] [omni.physx.plugin] Invalid PhysX transform detected for /World/scene_0/controllable__r1__robot_xjwlog/servo_link3.
2026-05-12 16:15:22 [52,433ms] [Warning] [omni.physx.plugin] Invalid PhysX transform detected for /World/scene_0/controllable__r1__robot_xjwlog/torso_link1.
2026-05-12 16:15:22 [52,433ms] [Warning] [omni.physx.plugin] Invalid PhysX transform detected for /World/scene_0/controllable__r1__robot_xjwlog/wheel_link1.
2026-05-12 16:15:22 [52,433ms] [Warning] [omni.physx.plugin] Invalid PhysX transform detected for /World/scene_0/controllable__r1__robot_xjwlog/wheel_link2.
2026-05-12 16:15:22 [52,433ms] [Warning] [omni.physx.plugin] Invalid PhysX transform detected for /World/scene_0/controllable__r1__robot_xjwlog/wheel_link3.
2026-05-12 16:15:22 [52,433ms] [Warning] [omni.physx.plugin] Invalid PhysX transform detected for /World/scene_0/controllable__r1__robot_xjwlog/torso_link2.
2026-05-12 16:15:22 [52,433ms] [Warning] [omni.physx.plugin] Invalid PhysX transform detected for /World/scene_0/controllable__r1__robot_xjwlog/torso_link3.
2026-05-12 16:15:22 [52,433ms] [Warning] [omni.physx.plugin] Invalid PhysX transform detected for /World/scene_0/controllable__r1__robot_xjwlog/torso_link4.
2026-05-12 16:15:22 [52,433ms] [Warning] [omni.physx.plugin] Invalid PhysX transform detected for /World/scene_0/controllable__r1__robot_xjwlog/left_arm_link1.
2026-05-12 16:15:22 [52,433ms] [Warning] [omni.physx.plugin] Invalid PhysX transform detected for /World/scene_0/controllable__r1__robot_xjwlog/right_arm_link1.
2026-05-12 16:15:22 [52,433ms] [Warning] [omni.physx.plugin] Invalid PhysX transform detected for /World/scene_0/controllable__r1__robot_xjwlog/eyes.
2026-05-12 16:15:22 [52,433ms] [Warning] [omni.physx.plugin] Invalid PhysX transform detected for /World/scene_0/controllable__r1__robot_xjwlog/left_arm_link2.
2026-05-12 16:15:22 [52,433ms] [Warning] [omni.physx.plugin] Invalid PhysX transform detected for /World/scene_0/controllable__r1__robot_xjwlog/right_arm_link2.
2026-05-12 16:15:22 [52,433ms] [Warning] [omni.physx.plugin] Invalid PhysX transform detected for /World/scene_0/controllable__r1__robot_xjwlog/left_arm_link3.
2026-05-12 16:15:22 [52,433ms] [Warning] [omni.physx.plugin] Invalid PhysX transform detected for /World/scene_0/controllable__r1__robot_xjwlog/right_arm_link3.
2026-05-12 16:15:22 [52,433ms] [Warning] [omni.physx.plugin] Invalid PhysX transform detected for /World/scene_0/controllable__r1__robot_xjwlog/left_arm_link4.
2026-05-12 16:15:22 [52,433ms] [Warning] [omni.physx.plugin] Invalid PhysX transform detected for /World/scene_0/controllable__r1__robot_xjwlog/right_arm_link4.
2026-05-12 16:15:22 [52,433ms] [Warning] [omni.physx.plugin] Invalid PhysX transform detected for /World/scene_0/controllable__r1__robot_xjwlog/left_arm_link5.
2026-05-12 16:15:22 [52,433ms] [Warning] [omni.physx.plugin] Invalid PhysX transform detected for /World/scene_0/controllable__r1__robot_xjwlog/right_arm_link5.
2026-05-12 16:15:22 [52,433ms] [Warning] [omni.physx.plugin] Invalid PhysX transform detected for /World/scene_0/controllable__r1__robot_xjwlog/left_arm_link6.
2026-05-12 16:15:22 [52,433ms] [Warning] [omni.physx.plugin] Invalid PhysX transform detected for /World/scene_0/controllable__r1__robot_xjwlog/right_arm_link6.
2026-05-12 16:15:22 [52,433ms] [Warning] [omni.physx.plugin] Invalid PhysX transform detected for /World/scene_0/controllable__r1__robot_xjwlog/left_gripper_link1.
2026-05-12 16:15:22 [52,433ms] [Warning] [omni.physx.plugin] Invalid PhysX transform detected for /World/scene_0/controllable__r1__robot_xjwlog/left_gripper_link2.
2026-05-12 16:15:22 [52,433ms] [Warning] [omni.physx.plugin] Invalid PhysX transform detected for /World/scene_0/controllable__r1__robot_xjwlog/left_eef_link.
2026-05-12 16:15:22 [52,433ms] [Warning] [omni.physx.plugin] Invalid PhysX transform detected for /World/scene_0/controllable__r1__robot_xjwlog/right_gripper_link1.
2026-05-12 16:15:22 [52,433ms] [Warning] [omni.physx.plugin] Invalid PhysX transform detected for /World/scene_0/controllable__r1__robot_xjwlog/right_gripper_link2.
2026-05-12 16:15:22 [52,433ms] [Warning] [omni.physx.plugin] Invalid PhysX transform detected for /World/scene_0/controllable__r1__robot_xjwlog/right_eef_link.
2026-05-12 16:15:22 [52,433ms] [Warning] [omni.physx.plugin] Invalid PhysX transform detected for /World/scene_0/cover_small_item_render_item_4175346132/base_link.
2026-05-12 16:15:23 [52,506ms] [Warning] [omni.physx.plugin] Invalid PhysX transform detected for /World/scene_0/cover_small_item_render_item_4175346132/glass.
2026-05-12 16:15:23 [52,506ms] [Warning] [omni.physx.plugin] Invalid PhysX transform detected for /World/scene_0/controllable__r1__robot_xjwlog/base_footprint_y.
2026-05-12 16:15:23 [52,506ms] [Warning] [omni.physx.plugin] Invalid PhysX transform detected for /World/scene_0/controllable__r1__robot_xjwlog/base_footprint_z.
2026-05-12 16:15:23 [52,506ms] [Warning] [omni.physx.plugin] Invalid PhysX transform detected for /World/scene_0/controllable__r1__robot_xjwlog/base_footprint_rx.
2026-05-12 16:15:23 [52,506ms] [Warning] [omni.physx.plugin] Invalid PhysX transform detected for /World/scene_0/controllable__r1__robot_xjwlog/base_footprint_ry.
2026-05-12 16:15:23 [52,506ms] [Warning] [omni.physx.plugin] Invalid PhysX transform detected for /World/scene_0/controllable__r1__robot_xjwlog/base_footprint_rz.
2026-05-12 16:15:23 [52,506ms] [Warning] [omni.physx.plugin] Invalid PhysX transform detected for /World/scene_0/controllable__r1__robot_xjwlog/base_link.
2026-05-12 16:15:23 [52,506ms] [Warning] [omni.physx.plugin] Invalid PhysX transform detected for /World/scene_0/controllable__r1__robot_xjwlog/servo_link1.
2026-05-12 16:15:23 [52,506ms] [Warning] [omni.physx.plugin] Invalid PhysX transform detected for /World/scene_0/controllable__r1__robot_xjwlog/servo_link2.
2026-05-12 16:15:23 [52,506ms] [Warning] [omni.physx.plugin] Invalid PhysX transform detected for /World/scene_0/controllable__r1__robot_xjwlog/servo_link3.
2026-05-12 16:15:23 [52,506ms] [Warning] [omni.physx.plugin] Invalid PhysX transform detected for /World/scene_0/controllable__r1__robot_xjwlog/torso_link1.
2026-05-12 16:15:23 [52,506ms] [Warning] [omni.physx.plugin] Invalid PhysX transform detected for /World/scene_0/controllable__r1__robot_xjwlog/wheel_link1.
2026-05-12 16:15:23 [52,506ms] [Warning] [omni.physx.plugin] Invalid PhysX transform detected for /World/scene_0/controllable__r1__robot_xjwlog/wheel_link2.
2026-05-12 16:15:23 [52,506ms] [Warning] [omni.physx.plugin] Invalid PhysX transform detected for /World/scene_0/controllable__r1__robot_xjwlog/wheel_link3.
2026-05-12 16:15:23 [52,506ms] [Warning] [omni.physx.plugin] Invalid PhysX transform detected for /World/scene_0/controllable__r1__robot_xjwlog/torso_link2.
2026-05-12 16:15:23 [52,506ms] [Warning] [omni.physx.plugin] Invalid PhysX transform detected for /World/scene_0/controllable__r1__robot_xjwlog/torso_link3.
2026-05-12 16:15:23 [52,506ms] [Warning] [omni.physx.plugin] Invalid PhysX transform detected for /World/scene_0/controllable__r1__robot_xjwlog/torso_link4.
2026-05-12 16:15:23 [52,506ms] [Warning] [omni.physx.plugin] Invalid PhysX transform detected for /World/scene_0/controllable__r1__robot_xjwlog/left_arm_link1.
2026-05-12 16:15:23 [52,506ms] [Warning] [omni.physx.plugin] Invalid PhysX transform detected for /World/scene_0/controllable__r1__robot_xjwlog/right_arm_link1.
2026-05-12 16:15:23 [52,506ms] [Warning] [omni.physx.plugin] Invalid PhysX transform detected for /World/scene_0/controllable__r1__robot_xjwlog/eyes.
2026-05-12 16:15:23 [52,506ms] [Warning] [omni.physx.plugin] Invalid PhysX transform detected for /World/scene_0/controllable__r1__robot_xjwlog/left_arm_link2.
2026-05-12 16:15:23 [52,506ms] [Warning] [omni.physx.plugin] Invalid PhysX transform detected for /World/scene_0/controllable__r1__robot_xjwlog/right_arm_link2.
2026-05-12 16:15:23 [52,506ms] [Warning] [omni.physx.plugin] Invalid PhysX transform detected for /World/scene_0/controllable__r1__robot_xjwlog/left_arm_link3.
2026-05-12 16:15:23 [52,506ms] [Warning] [omni.physx.plugin] Invalid PhysX transform detected for /World/scene_0/controllable__r1__robot_xjwlog/right_arm_link3.
2026-05-12 16:15:23 [52,506ms] [Warning] [omni.physx.plugin] Invalid PhysX transform detected for /World/scene_0/controllable__r1__robot_xjwlog/left_arm_link4.
2026-05-12 16:15:23 [52,506ms] [Warning] [omni.physx.plugin] Invalid PhysX transform detected for /World/scene_0/controllable__r1__robot_xjwlog/right_arm_link4.
2026-05-12 16:15:23 [52,506ms] [Warning] [omni.physx.plugin] Invalid PhysX transform detected for /World/scene_0/controllable__r1__robot_xjwlog/left_arm_link5.
2026-05-12 16:15:23 [52,506ms] [Warning] [omni.physx.plugin] Invalid PhysX transform detected for /World/scene_0/controllable__r1__robot_xjwlog/right_arm_link5.
2026-05-12 16:15:23 [52,506ms] [Warning] [omni.physx.plugin] Invalid PhysX transform detected for /World/scene_0/controllable__r1__robot_xjwlog/left_arm_link6.
2026-05-12 16:15:23 [52,506ms] [Warning] [omni.physx.plugin] Invalid PhysX transform detected for /World/scene_0/controllable__r1__robot_xjwlog/right_arm_link6.
2026-05-12 16:15:23 [52,506ms] [Warning] [omni.physx.plugin] Invalid PhysX transform detected for /World/scene_0/controllable__r1__robot_xjwlog/left_gripper_link1.
2026-05-12 16:15:23 [52,506ms] [Warning] [omni.physx.plugin] Invalid PhysX transform detected for /World/scene_0/controllable__r1__robot_xjwlog/left_gripper_link2.
2026-05-12 16:15:23 [52,506ms] [Warning] [omni.physx.plugin] Invalid PhysX transform detected for /World/scene_0/controllable__r1__robot_xjwlog/left_eef_link.
2026-05-12 16:15:23 [52,506ms] [Warning] [omni.physx.plugin] Invalid PhysX transform detected for /World/scene_0/controllable__r1__robot_xjwlog/right_gripper_link1.
2026-05-12 16:15:23 [52,506ms] [Warning] [omni.physx.plugin] Invalid PhysX transform detected for /World/scene_0/controllable__r1__robot_xjwlog/right_gripper_link2.
2026-05-12 16:15:23 [52,506ms] [Warning] [omni.physx.plugin] Invalid PhysX transform detected for /World/scene_0/controllable__r1__robot_xjwlog/right_eef_link.
2026-05-12 16:15:23 [52,506ms] [Warning] [omni.physx.plugin] Invalid PhysX transform detected for /World/scene_0/cover_small_item_render_item_4175346132/base_link.
2026-05-12 16:15:23 [52,579ms] [Warning] [omni.physx.plugin] Invalid PhysX transform detected for /World/scene_0/cover_small_item_render_item_4175346132/glass.
2026-05-12 16:15:23 [52,580ms] [Warning] [omni.physx.plugin] Invalid PhysX transform detected for /World/scene_0/controllable__r1__robot_xjwlog/base_footprint_y.
2026-05-12 16:15:23 [52,580ms] [Warning] [omni.physx.plugin] Invalid PhysX transform detected for /World/scene_0/controllable__r1__robot_xjwlog/base_footprint_z.
2026-05-12 16:15:23 [52,580ms] [Warning] [omni.physx.plugin] Invalid PhysX transform detected for /World/scene_0/controllable__r1__robot_xjwlog/base_footprint_rx.
2026-05-12 16:15:23 [52,580ms] [Warning] [omni.physx.plugin] Invalid PhysX transform detected for /World/scene_0/controllable__r1__robot_xjwlog/base_footprint_ry.
2026-05-12 16:15:23 [52,580ms] [Warning] [omni.physx.plugin] Invalid PhysX transform detected for /World/scene_0/controllable__r1__robot_xjwlog/base_footprint_rz.
2026-05-12 16:15:23 [52,580ms] [Warning] [omni.physx.plugin] Invalid PhysX transform detected for /World/scene_0/controllable__r1__robot_xjwlog/base_link.
2026-05-12 16:15:23 [52,580ms] [Warning] [omni.physx.plugin] Invalid PhysX transform detected for /World/scene_0/controllable__r1__robot_xjwlog/servo_link1.
2026-05-12 16:15:23 [52,580ms] [Warning] [omni.physx.plugin] Invalid PhysX transform detected for /World/scene_0/controllable__r1__robot_xjwlog/servo_link2.
2026-05-12 16:15:23 [52,580ms] [Warning] [omni.physx.plugin] Invalid PhysX transform detected for /World/scene_0/controllable__r1__robot_xjwlog/servo_link3.
2026-05-12 16:15:23 [52,580ms] [Warning] [omni.physx.plugin] Invalid PhysX transform detected for /World/scene_0/controllable__r1__robot_xjwlog/torso_link1.
2026-05-12 16:15:23 [52,580ms] [Warning] [omni.physx.plugin] Invalid PhysX transform detected for /World/scene_0/controllable__r1__robot_xjwlog/wheel_link1.
2026-05-12 16:15:23 [52,580ms] [Warning] [omni.physx.plugin] Invalid PhysX transform detected for /World/scene_0/controllable__r1__robot_xjwlog/wheel_link2.
2026-05-12 16:15:23 [52,580ms] [Warning] [omni.physx.plugin] Invalid PhysX transform detected for /World/scene_0/controllable__r1__robot_xjwlog/wheel_link3.
2026-05-12 16:15:23 [52,580ms] [Warning] [omni.physx.plugin] Invalid PhysX transform detected for /World/scene_0/controllable__r1__robot_xjwlog/torso_link2.
2026-05-12 16:15:23 [52,580ms] [Warning] [omni.physx.plugin] Invalid PhysX transform detected for /World/scene_0/controllable__r1__robot_xjwlog/torso_link3.
2026-05-12 16:15:23 [52,580ms] [Warning] [omni.physx.plugin] Invalid PhysX transform detected for /World/scene_0/controllable__r1__robot_xjwlog/torso_link4.
2026-05-12 16:15:23 [52,580ms] [Warning] [omni.physx.plugin] Invalid PhysX transform detected for /World/scene_0/controllable__r1__robot_xjwlog/left_arm_link1.
2026-05-12 16:15:23 [52,580ms] [Warning] [omni.physx.plugin] Invalid PhysX transform detected for /World/scene_0/controllable__r1__robot_xjwlog/right_arm_link1.
2026-05-12 16:15:23 [52,580ms] [Warning] [omni.physx.plugin] Invalid PhysX transform detected for /World/scene_0/controllable__r1__robot_xjwlog/eyes.
2026-05-12 16:15:23 [52,580ms] [Warning] [omni.physx.plugin] Invalid PhysX transform detected for /World/scene_0/controllable__r1__robot_xjwlog/left_arm_link2.
2026-05-12 16:15:23 [52,580ms] [Warning] [omni.physx.plugin] Invalid PhysX transform detected for /World/scene_0/controllable__r1__robot_xjwlog/right_arm_link2.
2026-05-12 16:15:23 [52,580ms] [Warning] [omni.physx.plugin] Invalid PhysX transform detected for /World/scene_0/controllable__r1__robot_xjwlog/left_arm_link3.
2026-05-12 16:15:23 [52,580ms] [Warning] [omni.physx.plugin] Invalid PhysX transform detected for /World/scene_0/controllable__r1__robot_xjwlog/right_arm_link3.
2026-05-12 16:15:23 [52,580ms] [Warning] [omni.physx.plugin] Invalid PhysX transform detected for /World/scene_0/controllable__r1__robot_xjwlog/left_arm_link4.
2026-05-12 16:15:23 [52,580ms] [Warning] [omni.physx.plugin] Invalid PhysX transform detected for /World/scene_0/controllable__r1__robot_xjwlog/right_arm_link4.
2026-05-12 16:15:23 [52,580ms] [Warning] [omni.physx.plugin] Invalid PhysX transform detected for /World/scene_0/controllable__r1__robot_xjwlog/left_arm_link5.
2026-05-12 16:15:23 [52,580ms] [Warning] [omni.physx.plugin] Invalid PhysX transform detected for /World/scene_0/controllable__r1__robot_xjwlog/right_arm_link5.
2026-05-12 16:15:23 [52,580ms] [Warning] [omni.physx.plugin] Invalid PhysX transform detected for /World/scene_0/controllable__r1__robot_xjwlog/left_arm_link6.
2026-05-12 16:15:23 [52,580ms] [Warning] [omni.physx.plugin] Invalid PhysX transform detected for /World/scene_0/controllable__r1__robot_xjwlog/right_arm_link6.
2026-05-12 16:15:23 [52,580ms] [Warning] [omni.physx.plugin] Invalid PhysX transform detected for /World/scene_0/controllable__r1__robot_xjwlog/left_gripper_link1.
2026-05-12 16:15:23 [52,580ms] [Warning] [omni.physx.plugin] Invalid PhysX transform detected for /World/scene_0/controllable__r1__robot_xjwlog/left_gripper_link2.
2026-05-12 16:15:23 [52,580ms] [Warning] [omni.physx.plugin] Invalid PhysX transform detected for /World/scene_0/controllable__r1__robot_xjwlog/left_eef_link.
2026-05-12 16:15:23 [52,580ms] [Warning] [omni.physx.plugin] Invalid PhysX transform detected for /World/scene_0/controllable__r1__robot_xjwlog/right_gripper_link1.
2026-05-12 16:15:23 [52,580ms] [Warning] [omni.physx.plugin] Invalid PhysX transform detected for /World/scene_0/controllable__r1__robot_xjwlog/right_gripper_link2.
2026-05-12 16:15:23 [52,580ms] [Warning] [omni.physx.plugin] Invalid PhysX transform detected for /World/scene_0/controllable__r1__robot_xjwlog/right_eef_link.
2026-05-12 16:15:23 [52,580ms] [Warning] [omni.physx.plugin] Invalid PhysX transform detected for /World/scene_0/cover_small_item_render_item_4175346132/base_link.
2026-05-12 16:15:23 [52,655ms] [Warning] [omni.physx.plugin] Invalid PhysX transform detected for /World/scene_0/cover_small_item_render_item_4175346132/glass.
2026-05-12 16:15:23 [52,655ms] [Warning] [omni.physx.plugin] Invalid PhysX transform detected for /World/scene_0/controllable__r1__robot_xjwlog/base_footprint_y.
2026-05-12 16:15:23 [52,655ms] [Warning] [omni.physx.plugin] Invalid PhysX transform detected for /World/scene_0/controllable__r1__robot_xjwlog/base_footprint_z.
2026-05-12 16:15:23 [52,655ms] [Warning] [omni.physx.plugin] Invalid PhysX transform detected for /World/scene_0/controllable__r1__robot_xjwlog/base_footprint_rx.
2026-05-12 16:15:23 [52,655ms] [Warning] [omni.physx.plugin] Invalid PhysX transform detected for /World/scene_0/controllable__r1__robot_xjwlog/base_footprint_ry.
2026-05-12 16:15:23 [52,655ms] [Warning] [omni.physx.plugin] Invalid PhysX transform detected for /World/scene_0/controllable__r1__robot_xjwlog/base_footprint_rz.
2026-05-12 16:15:23 [52,655ms] [Warning] [omni.physx.plugin] Invalid PhysX transform detected for /World/scene_0/controllable__r1__robot_xjwlog/base_link.
2026-05-12 16:15:23 [52,655ms] [Warning] [omni.physx.plugin] Invalid PhysX transform detected for /World/scene_0/controllable__r1__robot_xjwlog/servo_link1.
2026-05-12 16:15:23 [52,655ms] [Warning] [omni.physx.plugin] Invalid PhysX transform detected for /World/scene_0/controllable__r1__robot_xjwlog/servo_link2.
2026-05-12 16:15:23 [52,655ms] [Warning] [omni.physx.plugin] Invalid PhysX transform detected for /World/scene_0/controllable__r1__robot_xjwlog/servo_link3.
2026-05-12 16:15:23 [52,655ms] [Warning] [omni.physx.plugin] Invalid PhysX transform detected for /World/scene_0/controllable__r1__robot_xjwlog/torso_link1.
2026-05-12 16:15:23 [52,655ms] [Warning] [omni.physx.plugin] Invalid PhysX transform detected for /World/scene_0/controllable__r1__robot_xjwlog/wheel_link1.
2026-05-12 16:15:23 [52,655ms] [Warning] [omni.physx.plugin] Invalid PhysX transform detected for /World/scene_0/controllable__r1__robot_xjwlog/wheel_link2.
2026-05-12 16:15:23 [52,655ms] [Warning] [omni.physx.plugin] Invalid PhysX transform detected for /World/scene_0/controllable__r1__robot_xjwlog/wheel_link3.
2026-05-12 16:15:23 [52,655ms] [Warning] [omni.physx.plugin] Invalid PhysX transform detected for /World/scene_0/controllable__r1__robot_xjwlog/torso_link2.
2026-05-12 16:15:23 [52,655ms] [Warning] [omni.physx.plugin] Invalid PhysX transform detected for /World/scene_0/controllable__r1__robot_xjwlog/torso_link3.
2026-05-12 16:15:23 [52,655ms] [Warning] [omni.physx.plugin] Invalid PhysX transform detected for /World/scene_0/controllable__r1__robot_xjwlog/torso_link4.
2026-05-12 16:15:23 [52,655ms] [Warning] [omni.physx.plugin] Invalid PhysX transform detected for /World/scene_0/controllable__r1__robot_xjwlog/left_arm_link1.
2026-05-12 16:15:23 [52,655ms] [Warning] [omni.physx.plugin] Invalid PhysX transform detected for /World/scene_0/controllable__r1__robot_xjwlog/right_arm_link1.
2026-05-12 16:15:23 [52,655ms] [Warning] [omni.physx.plugin] Invalid PhysX transform detected for /World/scene_0/controllable__r1__robot_xjwlog/eyes.
2026-05-12 16:15:23 [52,655ms] [Warning] [omni.physx.plugin] Invalid PhysX transform detected for /World/scene_0/controllable__r1__robot_xjwlog/left_arm_link2.
2026-05-12 16:15:23 [52,655ms] [Warning] [omni.physx.plugin] Invalid PhysX transform detected for /World/scene_0/controllable__r1__robot_xjwlog/right_arm_link2.
2026-05-12 16:15:23 [52,655ms] [Warning] [omni.physx.plugin] Invalid PhysX transform detected for /World/scene_0/controllable__r1__robot_xjwlog/left_arm_link3.
2026-05-12 16:15:23 [52,655ms] [Warning] [omni.physx.plugin] Invalid PhysX transform detected for /World/scene_0/controllable__r1__robot_xjwlog/right_arm_link3.
2026-05-12 16:15:23 [52,655ms] [Warning] [omni.physx.plugin] Invalid PhysX transform detected for /World/scene_0/controllable__r1__robot_xjwlog/left_arm_link4.
2026-05-12 16:15:23 [52,655ms] [Warning] [omni.physx.plugin] Invalid PhysX transform detected for /World/scene_0/controllable__r1__robot_xjwlog/right_arm_link4.
2026-05-12 16:15:23 [52,655ms] [Warning] [omni.physx.plugin] Invalid PhysX transform detected for /World/scene_0/controllable__r1__robot_xjwlog/left_arm_link5.
2026-05-12 16:15:23 [52,655ms] [Warning] [omni.physx.plugin] Invalid PhysX transform detected for /World/scene_0/controllable__r1__robot_xjwlog/right_arm_link5.
2026-05-12 16:15:23 [52,655ms] [Warning] [omni.physx.plugin] Invalid PhysX transform detected for /World/scene_0/controllable__r1__robot_xjwlog/left_arm_link6.
2026-05-12 16:15:23 [52,655ms] [Warning] [omni.physx.plugin] Invalid PhysX transform detected for /World/scene_0/controllable__r1__robot_xjwlog/right_arm_link6.
2026-05-12 16:15:23 [52,655ms] [Warning] [omni.physx.plugin] Invalid PhysX transform detected for /World/scene_0/controllable__r1__robot_xjwlog/left_gripper_link1.
2026-05-12 16:15:23 [52,655ms] [Warning] [omni.physx.plugin] Invalid PhysX transform detected for /World/scene_0/controllable__r1__robot_xjwlog/left_gripper_link2.
2026-05-12 16:15:23 [52,655ms] [Warning] [omni.physx.plugin] Invalid PhysX transform detected for /World/scene_0/controllable__r1__robot_xjwlog/left_eef_link.
2026-05-12 16:15:23 [52,655ms] [Warning] [omni.physx.plugin] Invalid PhysX transform detected for /World/scene_0/controllable__r1__robot_xjwlog/right_gripper_link1.
2026-05-12 16:15:23 [52,655ms] [Warning] [omni.physx.plugin] Invalid PhysX transform detected for /World/scene_0/controllable__r1__robot_xjwlog/right_gripper_link2.
2026-05-12 16:15:23 [52,655ms] [Warning] [omni.physx.plugin] Invalid PhysX transform detected for /World/scene_0/controllable__r1__robot_xjwlog/right_eef_link.
2026-05-12 16:15:23 [52,656ms] [Warning] [omni.physx.plugin] Invalid PhysX transform detected for /World/scene_0/cover_small_item_render_item_4175346132/base_link.
2026-05-12 16:15:23 [52,752ms] [Warning] [omni.physx.plugin] Invalid PhysX transform detected for /World/scene_0/cover_small_item_render_item_4175346132/glass.
2026-05-12 16:15:23 [52,752ms] [Warning] [omni.physx.plugin] Invalid PhysX transform detected for /World/scene_0/controllable__r1__robot_xjwlog/base_footprint_y.
2026-05-12 16:15:23 [52,752ms] [Warning] [omni.physx.plugin] Invalid PhysX transform detected for /World/scene_0/controllable__r1__robot_xjwlog/base_footprint_z.
2026-05-12 16:15:23 [52,752ms] [Warning] [omni.physx.plugin] Invalid PhysX transform detected for /World/scene_0/controllable__r1__robot_xjwlog/base_footprint_rx.
2026-05-12 16:15:23 [52,752ms] [Warning] [omni.physx.plugin] Invalid PhysX transform detected for /World/scene_0/controllable__r1__robot_xjwlog/base_footprint_ry.
2026-05-12 16:15:23 [52,752ms] [Warning] [omni.physx.plugin] Invalid PhysX transform detected for /World/scene_0/controllable__r1__robot_xjwlog/base_footprint_rz.
2026-05-12 16:15:23 [52,752ms] [Warning] [omni.physx.plugin] Invalid PhysX transform detected for /World/scene_0/controllable__r1__robot_xjwlog/base_link.
2026-05-12 16:15:23 [52,752ms] [Warning] [omni.physx.plugin] Invalid PhysX transform detected for /World/scene_0/controllable__r1__robot_xjwlog/servo_link1.
2026-05-12 16:15:23 [52,752ms] [Warning] [omni.physx.plugin] Invalid PhysX transform detected for /World/scene_0/controllable__r1__robot_xjwlog/servo_link2.
2026-05-12 16:15:23 [52,752ms] [Warning] [omni.physx.plugin] Invalid PhysX transform detected for /World/scene_0/controllable__r1__robot_xjwlog/servo_link3.
2026-05-12 16:15:23 [52,752ms] [Warning] [omni.physx.plugin] Invalid PhysX transform detected for /World/scene_0/controllable__r1__robot_xjwlog/torso_link1.
2026-05-12 16:15:23 [52,752ms] [Warning] [omni.physx.plugin] Invalid PhysX transform detected for /World/scene_0/controllable__r1__robot_xjwlog/wheel_link1.
2026-05-12 16:15:23 [52,752ms] [Warning] [omni.physx.plugin] Invalid PhysX transform detected for /World/scene_0/controllable__r1__robot_xjwlog/wheel_link2.
2026-05-12 16:15:23 [52,752ms] [Warning] [omni.physx.plugin] Invalid PhysX transform detected for /World/scene_0/controllable__r1__robot_xjwlog/wheel_link3.
2026-05-12 16:15:23 [52,752ms] [Warning] [omni.physx.plugin] Invalid PhysX transform detected for /World/scene_0/controllable__r1__robot_xjwlog/torso_link2.
2026-05-12 16:15:23 [52,752ms] [Warning] [omni.physx.plugin] Invalid PhysX transform detected for /World/scene_0/controllable__r1__robot_xjwlog/torso_link3.
2026-05-12 16:15:23 [52,752ms] [Warning] [omni.physx.plugin] Invalid PhysX transform detected for /World/scene_0/controllable__r1__robot_xjwlog/torso_link4.
2026-05-12 16:15:23 [52,752ms] [Warning] [omni.physx.plugin] Invalid PhysX transform detected for /World/scene_0/controllable__r1__robot_xjwlog/left_arm_link1.
2026-05-12 16:15:23 [52,752ms] [Warning] [omni.physx.plugin] Invalid PhysX transform detected for /World/scene_0/controllable__r1__robot_xjwlog/right_arm_link1.
2026-05-12 16:15:23 [52,752ms] [Warning] [omni.physx.plugin] Invalid PhysX transform detected for /World/scene_0/controllable__r1__robot_xjwlog/eyes.
2026-05-12 16:15:23 [52,752ms] [Warning] [omni.physx.plugin] Invalid PhysX transform detected for /World/scene_0/controllable__r1__robot_xjwlog/left_arm_link2.
2026-05-12 16:15:23 [52,752ms] [Warning] [omni.physx.plugin] Invalid PhysX transform detected for /World/scene_0/controllable__r1__robot_xjwlog/right_arm_link2.
2026-05-12 16:15:23 [52,752ms] [Warning] [omni.physx.plugin] Invalid PhysX transform detected for /World/scene_0/controllable__r1__robot_xjwlog/left_arm_link3.
2026-05-12 16:15:23 [52,752ms] [Warning] [omni.physx.plugin] Invalid PhysX transform detected for /World/scene_0/controllable__r1__robot_xjwlog/right_arm_link3.
2026-05-12 16:15:23 [52,752ms] [Warning] [omni.physx.plugin] Invalid PhysX transform detected for /World/scene_0/controllable__r1__robot_xjwlog/left_arm_link4.
2026-05-12 16:15:23 [52,752ms] [Warning] [omni.physx.plugin] Invalid PhysX transform detected for /World/scene_0/controllable__r1__robot_xjwlog/right_arm_link4.
2026-05-12 16:15:23 [52,752ms] [Warning] [omni.physx.plugin] Invalid PhysX transform detected for /World/scene_0/controllable__r1__robot_xjwlog/left_arm_link5.
2026-05-12 16:15:23 [52,752ms] [Warning] [omni.physx.plugin] Invalid PhysX transform detected for /World/scene_0/controllable__r1__robot_xjwlog/right_arm_link5.
2026-05-12 16:15:23 [52,752ms] [Warning] [omni.physx.plugin] Invalid PhysX transform detected for /World/scene_0/controllable__r1__robot_xjwlog/left_arm_link6.
2026-05-12 16:15:23 [52,752ms] [Warning] [omni.physx.plugin] Invalid PhysX transform detected for /World/scene_0/controllable__r1__robot_xjwlog/right_arm_link6.
2026-05-12 16:15:23 [52,752ms] [Warning] [omni.physx.plugin] Invalid PhysX transform detected for /World/scene_0/controllable__r1__robot_xjwlog/left_gripper_link1.
2026-05-12 16:15:23 [52,752ms] [Warning] [omni.physx.plugin] Invalid PhysX transform detected for /World/scene_0/controllable__r1__robot_xjwlog/left_gripper_link2.
2026-05-12 16:15:23 [52,752ms] [Warning] [omni.physx.plugin] Invalid PhysX transform detected for /World/scene_0/controllable__r1__robot_xjwlog/left_eef_link.
2026-05-12 16:15:23 [52,752ms] [Warning] [omni.physx.plugin] Invalid PhysX transform detected for /World/scene_0/controllable__r1__robot_xjwlog/right_gripper_link1.
2026-05-12 16:15:23 [52,752ms] [Warning] [omni.physx.plugin] Invalid PhysX transform detected for /World/scene_0/controllable__r1__robot_xjwlog/right_gripper_link2.
2026-05-12 16:15:23 [52,752ms] [Warning] [omni.physx.plugin] Invalid PhysX transform detected for /World/scene_0/controllable__r1__robot_xjwlog/right_eef_link.
2026-05-12 16:15:23 [52,752ms] [Warning] [omni.physx.plugin] Invalid PhysX transform detected for /World/scene_0/cover_small_item_render_item_4175346132/base_link.
2026-05-12 16:15:23 [52,825ms] [Warning] [omni.physx.plugin] Invalid PhysX transform detected for /World/scene_0/cover_small_item_render_item_4175346132/glass.
2026-05-12 16:15:23 [52,825ms] [Warning] [omni.physx.plugin] Invalid PhysX transform detected for /World/scene_0/controllable__r1__robot_xjwlog/base_footprint_y.
2026-05-12 16:15:23 [52,825ms] [Warning] [omni.physx.plugin] Invalid PhysX transform detected for /World/scene_0/controllable__r1__robot_xjwlog/base_footprint_z.
2026-05-12 16:15:23 [52,825ms] [Warning] [omni.physx.plugin] Invalid PhysX transform detected for /World/scene_0/controllable__r1__robot_xjwlog/base_footprint_rx.
2026-05-12 16:15:23 [52,825ms] [Warning] [omni.physx.plugin] Invalid PhysX transform detected for /World/scene_0/controllable__r1__robot_xjwlog/base_footprint_ry.
2026-05-12 16:15:23 [52,825ms] [Warning] [omni.physx.plugin] Invalid PhysX transform detected for /World/scene_0/controllable__r1__robot_xjwlog/base_footprint_rz.
2026-05-12 16:15:23 [52,825ms] [Warning] [omni.physx.plugin] Invalid PhysX transform detected for /World/scene_0/controllable__r1__robot_xjwlog/base_link.
2026-05-12 16:15:23 [52,825ms] [Warning] [omni.physx.plugin] Invalid PhysX transform detected for /World/scene_0/controllable__r1__robot_xjwlog/servo_link1.
2026-05-12 16:15:23 [52,825ms] [Warning] [omni.physx.plugin] Invalid PhysX transform detected for /World/scene_0/controllable__r1__robot_xjwlog/servo_link2.
2026-05-12 16:15:23 [52,825ms] [Warning] [omni.physx.plugin] Invalid PhysX transform detected for /World/scene_0/controllable__r1__robot_xjwlog/servo_link3.
2026-05-12 16:15:23 [52,825ms] [Warning] [omni.physx.plugin] Invalid PhysX transform detected for /World/scene_0/controllable__r1__robot_xjwlog/torso_link1.
2026-05-12 16:15:23 [52,825ms] [Warning] [omni.physx.plugin] Invalid PhysX transform detected for /World/scene_0/controllable__r1__robot_xjwlog/wheel_link1.
2026-05-12 16:15:23 [52,825ms] [Warning] [omni.physx.plugin] Invalid PhysX transform detected for /World/scene_0/controllable__r1__robot_xjwlog/wheel_link2.
2026-05-12 16:15:23 [52,825ms] [Warning] [omni.physx.plugin] Invalid PhysX transform detected for /World/scene_0/controllable__r1__robot_xjwlog/wheel_link3.
2026-05-12 16:15:23 [52,825ms] [Warning] [omni.physx.plugin] Invalid PhysX transform detected for /World/scene_0/controllable__r1__robot_xjwlog/torso_link2.
2026-05-12 16:15:23 [52,825ms] [Warning] [omni.physx.plugin] Invalid PhysX transform detected for /World/scene_0/controllable__r1__robot_xjwlog/torso_link3.
2026-05-12 16:15:23 [52,826ms] [Warning] [omni.physx.plugin] Invalid PhysX transform detected for /World/scene_0/controllable__r1__robot_xjwlog/torso_link4.
2026-05-12 16:15:23 [52,826ms] [Warning] [omni.physx.plugin] Invalid PhysX transform detected for /World/scene_0/controllable__r1__robot_xjwlog/left_arm_link1.
2026-05-12 16:15:23 [52,826ms] [Warning] [omni.physx.plugin] Invalid PhysX transform detected for /World/scene_0/controllable__r1__robot_xjwlog/right_arm_link1.
2026-05-12 16:15:23 [52,826ms] [Warning] [omni.physx.plugin] Invalid PhysX transform detected for /World/scene_0/controllable__r1__robot_xjwlog/eyes.
2026-05-12 16:15:23 [52,826ms] [Warning] [omni.physx.plugin] Invalid PhysX transform detected for /World/scene_0/controllable__r1__robot_xjwlog/left_arm_link2.
2026-05-12 16:15:23 [52,826ms] [Warning] [omni.physx.plugin] Invalid PhysX transform detected for /World/scene_0/controllable__r1__robot_xjwlog/right_arm_link2.
2026-05-12 16:15:23 [52,826ms] [Warning] [omni.physx.plugin] Invalid PhysX transform detected for /World/scene_0/controllable__r1__robot_xjwlog/left_arm_link3.
2026-05-12 16:15:23 [52,826ms] [Warning] [omni.physx.plugin] Invalid PhysX transform detected for /World/scene_0/controllable__r1__robot_xjwlog/right_arm_link3.
2026-05-12 16:15:23 [52,826ms] [Warning] [omni.physx.plugin] Invalid PhysX transform detected for /World/scene_0/controllable__r1__robot_xjwlog/left_arm_link4.
2026-05-12 16:15:23 [52,826ms] [Warning] [omni.physx.plugin] Invalid PhysX transform detected for /World/scene_0/controllable__r1__robot_xjwlog/right_arm_link4.
2026-05-12 16:15:23 [52,826ms] [Warning] [omni.physx.plugin] Invalid PhysX transform detected for /World/scene_0/controllable__r1__robot_xjwlog/left_arm_link5.
2026-05-12 16:15:23 [52,826ms] [Warning] [omni.physx.plugin] Invalid PhysX transform detected for /World/scene_0/controllable__r1__robot_xjwlog/right_arm_link5.
2026-05-12 16:15:23 [52,826ms] [Warning] [omni.physx.plugin] Invalid PhysX transform detected for /World/scene_0/controllable__r1__robot_xjwlog/left_arm_link6.
2026-05-12 16:15:23 [52,826ms] [Warning] [omni.physx.plugin] Invalid PhysX transform detected for /World/scene_0/controllable__r1__robot_xjwlog/right_arm_link6.
2026-05-12 16:15:23 [52,826ms] [Warning] [omni.physx.plugin] Invalid PhysX transform detected for /World/scene_0/controllable__r1__robot_xjwlog/left_gripper_link1.
2026-05-12 16:15:23 [52,826ms] [Warning] [omni.physx.plugin] Invalid PhysX transform detected for /World/scene_0/controllable__r1__robot_xjwlog/left_gripper_link2.
2026-05-12 16:15:23 [52,826ms] [Warning] [omni.physx.plugin] Invalid PhysX transform detected for /World/scene_0/controllable__r1__robot_xjwlog/left_eef_link.
2026-05-12 16:15:23 [52,826ms] [Warning] [omni.physx.plugin] Invalid PhysX transform detected for /World/scene_0/controllable__r1__robot_xjwlog/right_gripper_link1.
2026-05-12 16:15:23 [52,826ms] [Warning] [omni.physx.plugin] Invalid PhysX transform detected for /World/scene_0/controllable__r1__robot_xjwlog/right_gripper_link2.
2026-05-12 16:15:23 [52,826ms] [Warning] [omni.physx.plugin] Invalid PhysX transform detected for /World/scene_0/controllable__r1__robot_xjwlog/right_eef_link.
2026-05-12 16:15:23 [52,826ms] [Warning] [omni.physx.plugin] Invalid PhysX transform detected for /World/scene_0/cover_small_item_render_item_4175346132/base_link.
2026-05-12 16:15:23 [52,898ms] [Warning] [omni.physx.plugin] Invalid PhysX transform detected for /World/scene_0/cover_small_item_render_item_4175346132/glass.
2026-05-12 16:15:23 [52,898ms] [Warning] [omni.physx.plugin] Invalid PhysX transform detected for /World/scene_0/controllable__r1__robot_xjwlog/base_footprint_y.
2026-05-12 16:15:23 [52,898ms] [Warning] [omni.physx.plugin] Invalid PhysX transform detected for /World/scene_0/controllable__r1__robot_xjwlog/base_footprint_z.
2026-05-12 16:15:23 [52,898ms] [Warning] [omni.physx.plugin] Invalid PhysX transform detected for /World/scene_0/controllable__r1__robot_xjwlog/base_footprint_rx.
2026-05-12 16:15:23 [52,898ms] [Warning] [omni.physx.plugin] Invalid PhysX transform detected for /World/scene_0/controllable__r1__robot_xjwlog/base_footprint_ry.
2026-05-12 16:15:23 [52,898ms] [Warning] [omni.physx.plugin] Invalid PhysX transform detected for /World/scene_0/controllable__r1__robot_xjwlog/base_footprint_rz.
2026-05-12 16:15:23 [52,898ms] [Warning] [omni.physx.plugin] Invalid PhysX transform detected for /World/scene_0/controllable__r1__robot_xjwlog/base_link.
2026-05-12 16:15:23 [52,898ms] [Warning] [omni.physx.plugin] Invalid PhysX transform detected for /World/scene_0/controllable__r1__robot_xjwlog/servo_link1.
2026-05-12 16:15:23 [52,898ms] [Warning] [omni.physx.plugin] Invalid PhysX transform detected for /World/scene_0/controllable__r1__robot_xjwlog/servo_link2.
2026-05-12 16:15:23 [52,898ms] [Warning] [omni.physx.plugin] Invalid PhysX transform detected for /World/scene_0/controllable__r1__robot_xjwlog/servo_link3.
2026-05-12 16:15:23 [52,898ms] [Warning] [omni.physx.plugin] Invalid PhysX transform detected for /World/scene_0/controllable__r1__robot_xjwlog/torso_link1.
2026-05-12 16:15:23 [52,898ms] [Warning] [omni.physx.plugin] Invalid PhysX transform detected for /World/scene_0/controllable__r1__robot_xjwlog/wheel_link1.
2026-05-12 16:15:23 [52,898ms] [Warning] [omni.physx.plugin] Invalid PhysX transform detected for /World/scene_0/controllable__r1__robot_xjwlog/wheel_link2.
2026-05-12 16:15:23 [52,898ms] [Warning] [omni.physx.plugin] Invalid PhysX transform detected for /World/scene_0/controllable__r1__robot_xjwlog/wheel_link3.
2026-05-12 16:15:23 [52,898ms] [Warning] [omni.physx.plugin] Invalid PhysX transform detected for /World/scene_0/controllable__r1__robot_xjwlog/torso_link2.
2026-05-12 16:15:23 [52,898ms] [Warning] [omni.physx.plugin] Invalid PhysX transform detected for /World/scene_0/controllable__r1__robot_xjwlog/torso_link3.
2026-05-12 16:15:23 [52,898ms] [Warning] [omni.physx.plugin] Invalid PhysX transform detected for /World/scene_0/controllable__r1__robot_xjwlog/torso_link4.
2026-05-12 16:15:23 [52,898ms] [Warning] [omni.physx.plugin] Invalid PhysX transform detected for /World/scene_0/controllable__r1__robot_xjwlog/left_arm_link1.
2026-05-12 16:15:23 [52,898ms] [Warning] [omni.physx.plugin] Invalid PhysX transform detected for /World/scene_0/controllable__r1__robot_xjwlog/right_arm_link1.
2026-05-12 16:15:23 [52,898ms] [Warning] [omni.physx.plugin] Invalid PhysX transform detected for /World/scene_0/controllable__r1__robot_xjwlog/eyes.
2026-05-12 16:15:23 [52,898ms] [Warning] [omni.physx.plugin] Invalid PhysX transform detected for /World/scene_0/controllable__r1__robot_xjwlog/left_arm_link2.
2026-05-12 16:15:23 [52,898ms] [Warning] [omni.physx.plugin] Invalid PhysX transform detected for /World/scene_0/controllable__r1__robot_xjwlog/right_arm_link2.
2026-05-12 16:15:23 [52,898ms] [Warning] [omni.physx.plugin] Invalid PhysX transform detected for /World/scene_0/controllable__r1__robot_xjwlog/left_arm_link3.
2026-05-12 16:15:23 [52,898ms] [Warning] [omni.physx.plugin] Invalid PhysX transform detected for /World/scene_0/controllable__r1__robot_xjwlog/right_arm_link3.
2026-05-12 16:15:23 [52,898ms] [Warning] [omni.physx.plugin] Invalid PhysX transform detected for /World/scene_0/controllable__r1__robot_xjwlog/left_arm_link4.
2026-05-12 16:15:23 [52,898ms] [Warning] [omni.physx.plugin] Invalid PhysX transform detected for /World/scene_0/controllable__r1__robot_xjwlog/right_arm_link4.
2026-05-12 16:15:23 [52,898ms] [Warning] [omni.physx.plugin] Invalid PhysX transform detected for /World/scene_0/controllable__r1__robot_xjwlog/left_arm_link5.
2026-05-12 16:15:23 [52,898ms] [Warning] [omni.physx.plugin] Invalid PhysX transform detected for /World/scene_0/controllable__r1__robot_xjwlog/right_arm_link5.
2026-05-12 16:15:23 [52,898ms] [Warning] [omni.physx.plugin] Invalid PhysX transform detected for /World/scene_0/controllable__r1__robot_xjwlog/left_arm_link6.
2026-05-12 16:15:23 [52,898ms] [Warning] [omni.physx.plugin] Invalid PhysX transform detected for /World/scene_0/controllable__r1__robot_xjwlog/right_arm_link6.
2026-05-12 16:15:23 [52,898ms] [Warning] [omni.physx.plugin] Invalid PhysX transform detected for /World/scene_0/controllable__r1__robot_xjwlog/left_gripper_link1.
2026-05-12 16:15:23 [52,899ms] [Warning] [omni.physx.plugin] Invalid PhysX transform detected for /World/scene_0/controllable__r1__robot_xjwlog/left_gripper_link2.
2026-05-12 16:15:23 [52,899ms] [Warning] [omni.physx.plugin] Invalid PhysX transform detected for /World/scene_0/controllable__r1__robot_xjwlog/left_eef_link.
2026-05-12 16:15:23 [52,899ms] [Warning] [omni.physx.plugin] Invalid PhysX transform detected for /World/scene_0/controllable__r1__robot_xjwlog/right_gripper_link1.
2026-05-12 16:15:23 [52,899ms] [Warning] [omni.physx.plugin] Invalid PhysX transform detected for /World/scene_0/controllable__r1__robot_xjwlog/right_gripper_link2.
2026-05-12 16:15:23 [52,899ms] [Warning] [omni.physx.plugin] Invalid PhysX transform detected for /World/scene_0/controllable__r1__robot_xjwlog/right_eef_link.
2026-05-12 16:15:23 [52,899ms] [Warning] [omni.physx.plugin] Invalid PhysX transform detected for /World/scene_0/cover_small_item_render_item_4175346132/base_link.
2026-05-12 16:15:23 [52,972ms] [Warning] [omni.physx.plugin] Invalid PhysX transform detected for /World/scene_0/cover_small_item_render_item_4175346132/glass.
2026-05-12 16:15:23 [52,972ms] [Warning] [omni.physx.plugin] Invalid PhysX transform detected for /World/scene_0/controllable__r1__robot_xjwlog/base_footprint_y.
2026-05-12 16:15:23 [52,972ms] [Warning] [omni.physx.plugin] Invalid PhysX transform detected for /World/scene_0/controllable__r1__robot_xjwlog/base_footprint_z.
2026-05-12 16:15:23 [52,972ms] [Warning] [omni.physx.plugin] Invalid PhysX transform detected for /World/scene_0/controllable__r1__robot_xjwlog/base_footprint_rx.
2026-05-12 16:15:23 [52,972ms] [Warning] [omni.physx.plugin] Invalid PhysX transform detected for /World/scene_0/controllable__r1__robot_xjwlog/base_footprint_ry.
2026-05-12 16:15:23 [52,972ms] [Warning] [omni.physx.plugin] Invalid PhysX transform detected for /World/scene_0/controllable__r1__robot_xjwlog/base_footprint_rz.
2026-05-12 16:15:23 [52,972ms] [Warning] [omni.physx.plugin] Invalid PhysX transform detected for /World/scene_0/controllable__r1__robot_xjwlog/base_link.
2026-05-12 16:15:23 [52,972ms] [Warning] [omni.physx.plugin] Invalid PhysX transform detected for /World/scene_0/controllable__r1__robot_xjwlog/servo_link1.
2026-05-12 16:15:23 [52,972ms] [Warning] [omni.physx.plugin] Invalid PhysX transform detected for /World/scene_0/controllable__r1__robot_xjwlog/servo_link2.
2026-05-12 16:15:23 [52,972ms] [Warning] [omni.physx.plugin] Invalid PhysX transform detected for /World/scene_0/controllable__r1__robot_xjwlog/servo_link3.
2026-05-12 16:15:23 [52,972ms] [Warning] [omni.physx.plugin] Invalid PhysX transform detected for /World/scene_0/controllable__r1__robot_xjwlog/torso_link1.
2026-05-12 16:15:23 [52,972ms] [Warning] [omni.physx.plugin] Invalid PhysX transform detected for /World/scene_0/controllable__r1__robot_xjwlog/wheel_link1.
2026-05-12 16:15:23 [52,972ms] [Warning] [omni.physx.plugin] Invalid PhysX transform detected for /World/scene_0/controllable__r1__robot_xjwlog/wheel_link2.
2026-05-12 16:15:23 [52,972ms] [Warning] [omni.physx.plugin] Invalid PhysX transform detected for /World/scene_0/controllable__r1__robot_xjwlog/wheel_link3.
2026-05-12 16:15:23 [52,972ms] [Warning] [omni.physx.plugin] Invalid PhysX transform detected for /World/scene_0/controllable__r1__robot_xjwlog/torso_link2.
2026-05-12 16:15:23 [52,972ms] [Warning] [omni.physx.plugin] Invalid PhysX transform detected for /World/scene_0/controllable__r1__robot_xjwlog/torso_link3.
2026-05-12 16:15:23 [52,972ms] [Warning] [omni.physx.plugin] Invalid PhysX transform detected for /World/scene_0/controllable__r1__robot_xjwlog/torso_link4.
2026-05-12 16:15:23 [52,972ms] [Warning] [omni.physx.plugin] Invalid PhysX transform detected for /World/scene_0/controllable__r1__robot_xjwlog/left_arm_link1.
2026-05-12 16:15:23 [52,972ms] [Warning] [omni.physx.plugin] Invalid PhysX transform detected for /World/scene_0/controllable__r1__robot_xjwlog/right_arm_link1.
2026-05-12 16:15:23 [52,972ms] [Warning] [omni.physx.plugin] Invalid PhysX transform detected for /World/scene_0/controllable__r1__robot_xjwlog/eyes.
2026-05-12 16:15:23 [52,972ms] [Warning] [omni.physx.plugin] Invalid PhysX transform detected for /World/scene_0/controllable__r1__robot_xjwlog/left_arm_link2.
2026-05-12 16:15:23 [52,972ms] [Warning] [omni.physx.plugin] Invalid PhysX transform detected for /World/scene_0/controllable__r1__robot_xjwlog/right_arm_link2.
2026-05-12 16:15:23 [52,972ms] [Warning] [omni.physx.plugin] Invalid PhysX transform detected for /World/scene_0/controllable__r1__robot_xjwlog/left_arm_link3.
2026-05-12 16:15:23 [52,972ms] [Warning] [omni.physx.plugin] Invalid PhysX transform detected for /World/scene_0/controllable__r1__robot_xjwlog/right_arm_link3.
2026-05-12 16:15:23 [52,972ms] [Warning] [omni.physx.plugin] Invalid PhysX transform detected for /World/scene_0/controllable__r1__robot_xjwlog/left_arm_link4.
2026-05-12 16:15:23 [52,972ms] [Warning] [omni.physx.plugin] Invalid PhysX transform detected for /World/scene_0/controllable__r1__robot_xjwlog/right_arm_link4.
2026-05-12 16:15:23 [52,972ms] [Warning] [omni.physx.plugin] Invalid PhysX transform detected for /World/scene_0/controllable__r1__robot_xjwlog/left_arm_link5.
2026-05-12 16:15:23 [52,972ms] [Warning] [omni.physx.plugin] Invalid PhysX transform detected for /World/scene_0/controllable__r1__robot_xjwlog/right_arm_link5.
2026-05-12 16:15:23 [52,972ms] [Warning] [omni.physx.plugin] Invalid PhysX transform detected for /World/scene_0/controllable__r1__robot_xjwlog/left_arm_link6.
2026-05-12 16:15:23 [52,972ms] [Warning] [omni.physx.plugin] Invalid PhysX transform detected for /World/scene_0/controllable__r1__robot_xjwlog/right_arm_link6.
2026-05-12 16:15:23 [52,972ms] [Warning] [omni.physx.plugin] Invalid PhysX transform detected for /World/scene_0/controllable__r1__robot_xjwlog/left_gripper_link1.
2026-05-12 16:15:23 [52,972ms] [Warning] [omni.physx.plugin] Invalid PhysX transform detected for /World/scene_0/controllable__r1__robot_xjwlog/left_gripper_link2.
2026-05-12 16:15:23 [52,972ms] [Warning] [omni.physx.plugin] Invalid PhysX transform detected for /World/scene_0/controllable__r1__robot_xjwlog/left_eef_link.
2026-05-12 16:15:23 [52,972ms] [Warning] [omni.physx.plugin] Invalid PhysX transform detected for /World/scene_0/controllable__r1__robot_xjwlog/right_gripper_link1.
2026-05-12 16:15:23 [52,972ms] [Warning] [omni.physx.plugin] Invalid PhysX transform detected for /World/scene_0/controllable__r1__robot_xjwlog/right_gripper_link2.
2026-05-12 16:15:23 [52,972ms] [Warning] [omni.physx.plugin] Invalid PhysX transform detected for /World/scene_0/controllable__r1__robot_xjwlog/right_eef_link.
2026-05-12 16:15:23 [52,972ms] [Warning] [omni.physx.plugin] Invalid PhysX transform detected for /World/scene_0/cover_small_item_render_item_4175346132/base_link.
2026-05-12 16:15:23 [53,045ms] [Warning] [omni.physx.plugin] Invalid PhysX transform detected for /World/scene_0/cover_small_item_render_item_4175346132/glass.
2026-05-12 16:15:23 [53,045ms] [Warning] [omni.physx.plugin] Invalid PhysX transform detected for /World/scene_0/controllable__r1__robot_xjwlog/base_footprint_y.
2026-05-12 16:15:23 [53,045ms] [Warning] [omni.physx.plugin] Invalid PhysX transform detected for /World/scene_0/controllable__r1__robot_xjwlog/base_footprint_z.
2026-05-12 16:15:23 [53,045ms] [Warning] [omni.physx.plugin] Invalid PhysX transform detected for /World/scene_0/controllable__r1__robot_xjwlog/base_footprint_rx.
2026-05-12 16:15:23 [53,045ms] [Warning] [omni.physx.plugin] Invalid PhysX transform detected for /World/scene_0/controllable__r1__robot_xjwlog/base_footprint_ry.
2026-05-12 16:15:23 [53,045ms] [Warning] [omni.physx.plugin] Invalid PhysX transform detected for /World/scene_0/controllable__r1__robot_xjwlog/base_footprint_rz.
2026-05-12 16:15:23 [53,045ms] [Warning] [omni.physx.plugin] Invalid PhysX transform detected for /World/scene_0/controllable__r1__robot_xjwlog/base_link.
2026-05-12 16:15:23 [53,045ms] [Warning] [omni.physx.plugin] Invalid PhysX transform detected for /World/scene_0/controllable__r1__robot_xjwlog/servo_link1.
2026-05-12 16:15:23 [53,045ms] [Warning] [omni.physx.plugin] Invalid PhysX transform detected for /World/scene_0/controllable__r1__robot_xjwlog/servo_link2.
2026-05-12 16:15:23 [53,045ms] [Warning] [omni.physx.plugin] Invalid PhysX transform detected for /World/scene_0/controllable__r1__robot_xjwlog/servo_link3.
2026-05-12 16:15:23 [53,045ms] [Warning] [omni.physx.plugin] Invalid PhysX transform detected for /World/scene_0/controllable__r1__robot_xjwlog/torso_link1.
2026-05-12 16:15:23 [53,045ms] [Warning] [omni.physx.plugin] Invalid PhysX transform detected for /World/scene_0/controllable__r1__robot_xjwlog/wheel_link1.
2026-05-12 16:15:23 [53,045ms] [Warning] [omni.physx.plugin] Invalid PhysX transform detected for /World/scene_0/controllable__r1__robot_xjwlog/wheel_link2.
2026-05-12 16:15:23 [53,045ms] [Warning] [omni.physx.plugin] Invalid PhysX transform detected for /World/scene_0/controllable__r1__robot_xjwlog/wheel_link3.
2026-05-12 16:15:23 [53,045ms] [Warning] [omni.physx.plugin] Invalid PhysX transform detected for /World/scene_0/controllable__r1__robot_xjwlog/torso_link2.
2026-05-12 16:15:23 [53,045ms] [Warning] [omni.physx.plugin] Invalid PhysX transform detected for /World/scene_0/controllable__r1__robot_xjwlog/torso_link3.
2026-05-12 16:15:23 [53,045ms] [Warning] [omni.physx.plugin] Invalid PhysX transform detected for /World/scene_0/controllable__r1__robot_xjwlog/torso_link4.
2026-05-12 16:15:23 [53,045ms] [Warning] [omni.physx.plugin] Invalid PhysX transform detected for /World/scene_0/controllable__r1__robot_xjwlog/left_arm_link1.
2026-05-12 16:15:23 [53,045ms] [Warning] [omni.physx.plugin] Invalid PhysX transform detected for /World/scene_0/controllable__r1__robot_xjwlog/right_arm_link1.
2026-05-12 16:15:23 [53,045ms] [Warning] [omni.physx.plugin] Invalid PhysX transform detected for /World/scene_0/controllable__r1__robot_xjwlog/eyes.
2026-05-12 16:15:23 [53,045ms] [Warning] [omni.physx.plugin] Invalid PhysX transform detected for /World/scene_0/controllable__r1__robot_xjwlog/left_arm_link2.
2026-05-12 16:15:23 [53,045ms] [Warning] [omni.physx.plugin] Invalid PhysX transform detected for /World/scene_0/controllable__r1__robot_xjwlog/right_arm_link2.
2026-05-12 16:15:23 [53,045ms] [Warning] [omni.physx.plugin] Invalid PhysX transform detected for /World/scene_0/controllable__r1__robot_xjwlog/left_arm_link3.
2026-05-12 16:15:23 [53,045ms] [Warning] [omni.physx.plugin] Invalid PhysX transform detected for /World/scene_0/controllable__r1__robot_xjwlog/right_arm_link3.
2026-05-12 16:15:23 [53,045ms] [Warning] [omni.physx.plugin] Invalid PhysX transform detected for /World/scene_0/controllable__r1__robot_xjwlog/left_arm_link4.
2026-05-12 16:15:23 [53,045ms] [Warning] [omni.physx.plugin] Invalid PhysX transform detected for /World/scene_0/controllable__r1__robot_xjwlog/right_arm_link4.
2026-05-12 16:15:23 [53,045ms] [Warning] [omni.physx.plugin] Invalid PhysX transform detected for /World/scene_0/controllable__r1__robot_xjwlog/left_arm_link5.
2026-05-12 16:15:23 [53,045ms] [Warning] [omni.physx.plugin] Invalid PhysX transform detected for /World/scene_0/controllable__r1__robot_xjwlog/right_arm_link5.
2026-05-12 16:15:23 [53,045ms] [Warning] [omni.physx.plugin] Invalid PhysX transform detected for /World/scene_0/controllable__r1__robot_xjwlog/left_arm_link6.
2026-05-12 16:15:23 [53,045ms] [Warning] [omni.physx.plugin] Invalid PhysX transform detected for /World/scene_0/controllable__r1__robot_xjwlog/right_arm_link6.
2026-05-12 16:15:23 [53,045ms] [Warning] [omni.physx.plugin] Invalid PhysX transform detected for /World/scene_0/controllable__r1__robot_xjwlog/left_gripper_link1.
2026-05-12 16:15:23 [53,045ms] [Warning] [omni.physx.plugin] Invalid PhysX transform detected for /World/scene_0/controllable__r1__robot_xjwlog/left_gripper_link2.
2026-05-12 16:15:23 [53,045ms] [Warning] [omni.physx.plugin] Invalid PhysX transform detected for /World/scene_0/controllable__r1__robot_xjwlog/left_eef_link.
2026-05-12 16:15:23 [53,045ms] [Warning] [omni.physx.plugin] Invalid PhysX transform detected for /World/scene_0/controllable__r1__robot_xjwlog/right_gripper_link1.
2026-05-12 16:15:23 [53,045ms] [Warning] [omni.physx.plugin] Invalid PhysX transform detected for /World/scene_0/controllable__r1__robot_xjwlog/right_gripper_link2.
2026-05-12 16:15:23 [53,045ms] [Warning] [omni.physx.plugin] Invalid PhysX transform detected for /World/scene_0/controllable__r1__robot_xjwlog/right_eef_link.
2026-05-12 16:15:23 [53,045ms] [Warning] [omni.physx.plugin] Invalid PhysX transform detected for /World/scene_0/cover_small_item_render_item_4175346132/base_link.
2026-05-12 16:15:23 [53,118ms] [Warning] [omni.physx.plugin] Invalid PhysX transform detected for /World/scene_0/cover_small_item_render_item_4175346132/glass.
2026-05-12 16:15:23 [53,118ms] [Warning] [omni.physx.plugin] Invalid PhysX transform detected for /World/scene_0/controllable__r1__robot_xjwlog/base_footprint_y.
2026-05-12 16:15:23 [53,118ms] [Warning] [omni.physx.plugin] Invalid PhysX transform detected for /World/scene_0/controllable__r1__robot_xjwlog/base_footprint_z.
2026-05-12 16:15:23 [53,118ms] [Warning] [omni.physx.plugin] Invalid PhysX transform detected for /World/scene_0/controllable__r1__robot_xjwlog/base_footprint_rx.
2026-05-12 16:15:23 [53,118ms] [Warning] [omni.physx.plugin] Invalid PhysX transform detected for /World/scene_0/controllable__r1__robot_xjwlog/base_footprint_ry.
2026-05-12 16:15:23 [53,118ms] [Warning] [omni.physx.plugin] Invalid PhysX transform detected for /World/scene_0/controllable__r1__robot_xjwlog/base_footprint_rz.
2026-05-12 16:15:23 [53,118ms] [Warning] [omni.physx.plugin] Invalid PhysX transform detected for /World/scene_0/controllable__r1__robot_xjwlog/base_link.
2026-05-12 16:15:23 [53,118ms] [Warning] [omni.physx.plugin] Invalid PhysX transform detected for /World/scene_0/controllable__r1__robot_xjwlog/servo_link1.
2026-05-12 16:15:23 [53,118ms] [Warning] [omni.physx.plugin] Invalid PhysX transform detected for /World/scene_0/controllable__r1__robot_xjwlog/servo_link2.
2026-05-12 16:15:23 [53,118ms] [Warning] [omni.physx.plugin] Invalid PhysX transform detected for /World/scene_0/controllable__r1__robot_xjwlog/servo_link3.
2026-05-12 16:15:23 [53,118ms] [Warning] [omni.physx.plugin] Invalid PhysX transform detected for /World/scene_0/controllable__r1__robot_xjwlog/torso_link1.
2026-05-12 16:15:23 [53,118ms] [Warning] [omni.physx.plugin] Invalid PhysX transform detected for /World/scene_0/controllable__r1__robot_xjwlog/wheel_link1.
2026-05-12 16:15:23 [53,118ms] [Warning] [omni.physx.plugin] Invalid PhysX transform detected for /World/scene_0/controllable__r1__robot_xjwlog/wheel_link2.
2026-05-12 16:15:23 [53,118ms] [Warning] [omni.physx.plugin] Invalid PhysX transform detected for /World/scene_0/controllable__r1__robot_xjwlog/wheel_link3.
2026-05-12 16:15:23 [53,118ms] [Warning] [omni.physx.plugin] Invalid PhysX transform detected for /World/scene_0/controllable__r1__robot_xjwlog/torso_link2.
2026-05-12 16:15:23 [53,118ms] [Warning] [omni.physx.plugin] Invalid PhysX transform detected for /World/scene_0/controllable__r1__robot_xjwlog/torso_link3.
2026-05-12 16:15:23 [53,118ms] [Warning] [omni.physx.plugin] Invalid PhysX transform detected for /World/scene_0/controllable__r1__robot_xjwlog/torso_link4.
2026-05-12 16:15:23 [53,118ms] [Warning] [omni.physx.plugin] Invalid PhysX transform detected for /World/scene_0/controllable__r1__robot_xjwlog/left_arm_link1.
2026-05-12 16:15:23 [53,118ms] [Warning] [omni.physx.plugin] Invalid PhysX transform detected for /World/scene_0/controllable__r1__robot_xjwlog/right_arm_link1.
2026-05-12 16:15:23 [53,118ms] [Warning] [omni.physx.plugin] Invalid PhysX transform detected for /World/scene_0/controllable__r1__robot_xjwlog/eyes.
2026-05-12 16:15:23 [53,118ms] [Warning] [omni.physx.plugin] Invalid PhysX transform detected for /World/scene_0/controllable__r1__robot_xjwlog/left_arm_link2.
2026-05-12 16:15:23 [53,118ms] [Warning] [omni.physx.plugin] Invalid PhysX transform detected for /World/scene_0/controllable__r1__robot_xjwlog/right_arm_link2.
2026-05-12 16:15:23 [53,118ms] [Warning] [omni.physx.plugin] Invalid PhysX transform detected for /World/scene_0/controllable__r1__robot_xjwlog/left_arm_link3.
2026-05-12 16:15:23 [53,118ms] [Warning] [omni.physx.plugin] Invalid PhysX transform detected for /World/scene_0/controllable__r1__robot_xjwlog/right_arm_link3.
2026-05-12 16:15:23 [53,118ms] [Warning] [omni.physx.plugin] Invalid PhysX transform detected for /World/scene_0/controllable__r1__robot_xjwlog/left_arm_link4.
2026-05-12 16:15:23 [53,118ms] [Warning] [omni.physx.plugin] Invalid PhysX transform detected for /World/scene_0/controllable__r1__robot_xjwlog/right_arm_link4.
2026-05-12 16:15:23 [53,118ms] [Warning] [omni.physx.plugin] Invalid PhysX transform detected for /World/scene_0/controllable__r1__robot_xjwlog/left_arm_link5.
2026-05-12 16:15:23 [53,118ms] [Warning] [omni.physx.plugin] Invalid PhysX transform detected for /World/scene_0/controllable__r1__robot_xjwlog/right_arm_link5.
2026-05-12 16:15:23 [53,118ms] [Warning] [omni.physx.plugin] Invalid PhysX transform detected for /World/scene_0/controllable__r1__robot_xjwlog/left_arm_link6.
2026-05-12 16:15:23 [53,118ms] [Warning] [omni.physx.plugin] Invalid PhysX transform detected for /World/scene_0/controllable__r1__robot_xjwlog/right_arm_link6.
2026-05-12 16:15:23 [53,118ms] [Warning] [omni.physx.plugin] Invalid PhysX transform detected for /World/scene_0/controllable__r1__robot_xjwlog/left_gripper_link1.
2026-05-12 16:15:23 [53,118ms] [Warning] [omni.physx.plugin] Invalid PhysX transform detected for /World/scene_0/controllable__r1__robot_xjwlog/left_gripper_link2.
2026-05-12 16:15:23 [53,118ms] [Warning] [omni.physx.plugin] Invalid PhysX transform detected for /World/scene_0/controllable__r1__robot_xjwlog/left_eef_link.
2026-05-12 16:15:23 [53,118ms] [Warning] [omni.physx.plugin] Invalid PhysX transform detected for /World/scene_0/controllable__r1__robot_xjwlog/right_gripper_link1.
2026-05-12 16:15:23 [53,118ms] [Warning] [omni.physx.plugin] Invalid PhysX transform detected for /World/scene_0/controllable__r1__robot_xjwlog/right_gripper_link2.
2026-05-12 16:15:23 [53,118ms] [Warning] [omni.physx.plugin] Invalid PhysX transform detected for /World/scene_0/controllable__r1__robot_xjwlog/right_eef_link.
2026-05-12 16:15:23 [53,118ms] [Warning] [omni.physx.plugin] Invalid PhysX transform detected for /World/scene_0/cover_small_item_render_item_4175346132/base_link.
2026-05-12 16:15:23 [53,193ms] [Warning] [omni.physx.plugin] Invalid PhysX transform detected for /World/scene_0/cover_small_item_render_item_4175346132/glass.
2026-05-12 16:15:23 [53,193ms] [Warning] [omni.physx.plugin] Invalid PhysX transform detected for /World/scene_0/controllable__r1__robot_xjwlog/base_footprint_y.
2026-05-12 16:15:23 [53,193ms] [Warning] [omni.physx.plugin] Invalid PhysX transform detected for /World/scene_0/controllable__r1__robot_xjwlog/base_footprint_z.
2026-05-12 16:15:23 [53,193ms] [Warning] [omni.physx.plugin] Invalid PhysX transform detected for /World/scene_0/controllable__r1__robot_xjwlog/base_footprint_rx.
2026-05-12 16:15:23 [53,193ms] [Warning] [omni.physx.plugin] Invalid PhysX transform detected for /World/scene_0/controllable__r1__robot_xjwlog/base_footprint_ry.
2026-05-12 16:15:23 [53,193ms] [Warning] [omni.physx.plugin] Invalid PhysX transform detected for /World/scene_0/controllable__r1__robot_xjwlog/base_footprint_rz.
2026-05-12 16:15:23 [53,193ms] [Warning] [omni.physx.plugin] Invalid PhysX transform detected for /World/scene_0/controllable__r1__robot_xjwlog/base_link.
2026-05-12 16:15:23 [53,193ms] [Warning] [omni.physx.plugin] Invalid PhysX transform detected for /World/scene_0/controllable__r1__robot_xjwlog/servo_link1.
2026-05-12 16:15:23 [53,193ms] [Warning] [omni.physx.plugin] Invalid PhysX transform detected for /World/scene_0/controllable__r1__robot_xjwlog/servo_link2.
2026-05-12 16:15:23 [53,193ms] [Warning] [omni.physx.plugin] Invalid PhysX transform detected for /World/scene_0/controllable__r1__robot_xjwlog/servo_link3.
2026-05-12 16:15:23 [53,193ms] [Warning] [omni.physx.plugin] Invalid PhysX transform detected for /World/scene_0/controllable__r1__robot_xjwlog/torso_link1.
2026-05-12 16:15:23 [53,193ms] [Warning] [omni.physx.plugin] Invalid PhysX transform detected for /World/scene_0/controllable__r1__robot_xjwlog/wheel_link1.
2026-05-12 16:15:23 [53,193ms] [Warning] [omni.physx.plugin] Invalid PhysX transform detected for /World/scene_0/controllable__r1__robot_xjwlog/wheel_link2.
2026-05-12 16:15:23 [53,193ms] [Warning] [omni.physx.plugin] Invalid PhysX transform detected for /World/scene_0/controllable__r1__robot_xjwlog/wheel_link3.
2026-05-12 16:15:23 [53,193ms] [Warning] [omni.physx.plugin] Invalid PhysX transform detected for /World/scene_0/controllable__r1__robot_xjwlog/torso_link2.
2026-05-12 16:15:23 [53,193ms] [Warning] [omni.physx.plugin] Invalid PhysX transform detected for /World/scene_0/controllable__r1__robot_xjwlog/torso_link3.
2026-05-12 16:15:23 [53,193ms] [Warning] [omni.physx.plugin] Invalid PhysX transform detected for /World/scene_0/controllable__r1__robot_xjwlog/torso_link4.
2026-05-12 16:15:23 [53,193ms] [Warning] [omni.physx.plugin] Invalid PhysX transform detected for /World/scene_0/controllable__r1__robot_xjwlog/left_arm_link1.
2026-05-12 16:15:23 [53,193ms] [Warning] [omni.physx.plugin] Invalid PhysX transform detected for /World/scene_0/controllable__r1__robot_xjwlog/right_arm_link1.
2026-05-12 16:15:23 [53,193ms] [Warning] [omni.physx.plugin] Invalid PhysX transform detected for /World/scene_0/controllable__r1__robot_xjwlog/eyes.
2026-05-12 16:15:23 [53,193ms] [Warning] [omni.physx.plugin] Invalid PhysX transform detected for /World/scene_0/controllable__r1__robot_xjwlog/left_arm_link2.
2026-05-12 16:15:23 [53,193ms] [Warning] [omni.physx.plugin] Invalid PhysX transform detected for /World/scene_0/controllable__r1__robot_xjwlog/right_arm_link2.
2026-05-12 16:15:23 [53,193ms] [Warning] [omni.physx.plugin] Invalid PhysX transform detected for /World/scene_0/controllable__r1__robot_xjwlog/left_arm_link3.
2026-05-12 16:15:23 [53,193ms] [Warning] [omni.physx.plugin] Invalid PhysX transform detected for /World/scene_0/controllable__r1__robot_xjwlog/right_arm_link3.
2026-05-12 16:15:23 [53,193ms] [Warning] [omni.physx.plugin] Invalid PhysX transform detected for /World/scene_0/controllable__r1__robot_xjwlog/left_arm_link4.
2026-05-12 16:15:23 [53,193ms] [Warning] [omni.physx.plugin] Invalid PhysX transform detected for /World/scene_0/controllable__r1__robot_xjwlog/right_arm_link4.
2026-05-12 16:15:23 [53,193ms] [Warning] [omni.physx.plugin] Invalid PhysX transform detected for /World/scene_0/controllable__r1__robot_xjwlog/left_arm_link5.
2026-05-12 16:15:23 [53,193ms] [Warning] [omni.physx.plugin] Invalid PhysX transform detected for /World/scene_0/controllable__r1__robot_xjwlog/right_arm_link5.
2026-05-12 16:15:23 [53,193ms] [Warning] [omni.physx.plugin] Invalid PhysX transform detected for /World/scene_0/controllable__r1__robot_xjwlog/left_arm_link6.
2026-05-12 16:15:23 [53,193ms] [Warning] [omni.physx.plugin] Invalid PhysX transform detected for /World/scene_0/controllable__r1__robot_xjwlog/right_arm_link6.
2026-05-12 16:15:23 [53,193ms] [Warning] [omni.physx.plugin] Invalid PhysX transform detected for /World/scene_0/controllable__r1__robot_xjwlog/left_gripper_link1.
2026-05-12 16:15:23 [53,193ms] [Warning] [omni.physx.plugin] Invalid PhysX transform detected for /World/scene_0/controllable__r1__robot_xjwlog/left_gripper_link2.
2026-05-12 16:15:23 [53,193ms] [Warning] [omni.physx.plugin] Invalid PhysX transform detected for /World/scene_0/controllable__r1__robot_xjwlog/left_eef_link.
2026-05-12 16:15:23 [53,193ms] [Warning] [omni.physx.plugin] Invalid PhysX transform detected for /World/scene_0/controllable__r1__robot_xjwlog/right_gripper_link1.
2026-05-12 16:15:23 [53,193ms] [Warning] [omni.physx.plugin] Invalid PhysX transform detected for /World/scene_0/controllable__r1__robot_xjwlog/right_gripper_link2.
2026-05-12 16:15:23 [53,193ms] [Warning] [omni.physx.plugin] Invalid PhysX transform detected for /World/scene_0/controllable__r1__robot_xjwlog/right_eef_link.
2026-05-12 16:15:23 [53,193ms] [Warning] [omni.physx.plugin] Invalid PhysX transform detected for /World/scene_0/cover_small_item_render_item_4175346132/base_link.
2026-05-12 16:15:23 [53,266ms] [Warning] [omni.physx.plugin] Invalid PhysX transform detected for /World/scene_0/cover_small_item_render_item_4175346132/glass.
2026-05-12 16:15:23 [53,266ms] [Warning] [omni.physx.plugin] Invalid PhysX transform detected for /World/scene_0/controllable__r1__robot_xjwlog/base_footprint_y.
2026-05-12 16:15:23 [53,266ms] [Warning] [omni.physx.plugin] Invalid PhysX transform detected for /World/scene_0/controllable__r1__robot_xjwlog/base_footprint_z.
2026-05-12 16:15:23 [53,266ms] [Warning] [omni.physx.plugin] Invalid PhysX transform detected for /World/scene_0/controllable__r1__robot_xjwlog/base_footprint_rx.
2026-05-12 16:15:23 [53,266ms] [Warning] [omni.physx.plugin] Invalid PhysX transform detected for /World/scene_0/controllable__r1__robot_xjwlog/base_footprint_ry.
2026-05-12 16:15:23 [53,266ms] [Warning] [omni.physx.plugin] Invalid PhysX transform detected for /World/scene_0/controllable__r1__robot_xjwlog/base_footprint_rz.
2026-05-12 16:15:23 [53,266ms] [Warning] [omni.physx.plugin] Invalid PhysX transform detected for /World/scene_0/controllable__r1__robot_xjwlog/base_link.
2026-05-12 16:15:23 [53,266ms] [Warning] [omni.physx.plugin] Invalid PhysX transform detected for /World/scene_0/controllable__r1__robot_xjwlog/servo_link1.
2026-05-12 16:15:23 [53,266ms] [Warning] [omni.physx.plugin] Invalid PhysX transform detected for /World/scene_0/controllable__r1__robot_xjwlog/servo_link2.
2026-05-12 16:15:23 [53,266ms] [Warning] [omni.physx.plugin] Invalid PhysX transform detected for /World/scene_0/controllable__r1__robot_xjwlog/servo_link3.
2026-05-12 16:15:23 [53,266ms] [Warning] [omni.physx.plugin] Invalid PhysX transform detected for /World/scene_0/controllable__r1__robot_xjwlog/torso_link1.
2026-05-12 16:15:23 [53,266ms] [Warning] [omni.physx.plugin] Invalid PhysX transform detected for /World/scene_0/controllable__r1__robot_xjwlog/wheel_link1.
2026-05-12 16:15:23 [53,266ms] [Warning] [omni.physx.plugin] Invalid PhysX transform detected for /World/scene_0/controllable__r1__robot_xjwlog/wheel_link2.
2026-05-12 16:15:23 [53,266ms] [Warning] [omni.physx.plugin] Invalid PhysX transform detected for /World/scene_0/controllable__r1__robot_xjwlog/wheel_link3.
2026-05-12 16:15:23 [53,266ms] [Warning] [omni.physx.plugin] Invalid PhysX transform detected for /World/scene_0/controllable__r1__robot_xjwlog/torso_link2.
2026-05-12 16:15:23 [53,266ms] [Warning] [omni.physx.plugin] Invalid PhysX transform detected for /World/scene_0/controllable__r1__robot_xjwlog/torso_link3.
2026-05-12 16:15:23 [53,266ms] [Warning] [omni.physx.plugin] Invalid PhysX transform detected for /World/scene_0/controllable__r1__robot_xjwlog/torso_link4.
2026-05-12 16:15:23 [53,266ms] [Warning] [omni.physx.plugin] Invalid PhysX transform detected for /World/scene_0/controllable__r1__robot_xjwlog/left_arm_link1.
2026-05-12 16:15:23 [53,266ms] [Warning] [omni.physx.plugin] Invalid PhysX transform detected for /World/scene_0/controllable__r1__robot_xjwlog/right_arm_link1.
2026-05-12 16:15:23 [53,266ms] [Warning] [omni.physx.plugin] Invalid PhysX transform detected for /World/scene_0/controllable__r1__robot_xjwlog/eyes.
2026-05-12 16:15:23 [53,266ms] [Warning] [omni.physx.plugin] Invalid PhysX transform detected for /World/scene_0/controllable__r1__robot_xjwlog/left_arm_link2.
2026-05-12 16:15:23 [53,266ms] [Warning] [omni.physx.plugin] Invalid PhysX transform detected for /World/scene_0/controllable__r1__robot_xjwlog/right_arm_link2.
2026-05-12 16:15:23 [53,266ms] [Warning] [omni.physx.plugin] Invalid PhysX transform detected for /World/scene_0/controllable__r1__robot_xjwlog/left_arm_link3.
2026-05-12 16:15:23 [53,267ms] [Warning] [omni.physx.plugin] Invalid PhysX transform detected for /World/scene_0/controllable__r1__robot_xjwlog/right_arm_link3.
2026-05-12 16:15:23 [53,267ms] [Warning] [omni.physx.plugin] Invalid PhysX transform detected for /World/scene_0/controllable__r1__robot_xjwlog/left_arm_link4.
2026-05-12 16:15:23 [53,267ms] [Warning] [omni.physx.plugin] Invalid PhysX transform detected for /World/scene_0/controllable__r1__robot_xjwlog/right_arm_link4.
2026-05-12 16:15:23 [53,267ms] [Warning] [omni.physx.plugin] Invalid PhysX transform detected for /World/scene_0/controllable__r1__robot_xjwlog/left_arm_link5.
2026-05-12 16:15:23 [53,267ms] [Warning] [omni.physx.plugin] Invalid PhysX transform detected for /World/scene_0/controllable__r1__robot_xjwlog/right_arm_link5.
2026-05-12 16:15:23 [53,267ms] [Warning] [omni.physx.plugin] Invalid PhysX transform detected for /World/scene_0/controllable__r1__robot_xjwlog/left_arm_link6.
2026-05-12 16:15:23 [53,267ms] [Warning] [omni.physx.plugin] Invalid PhysX transform detected for /World/scene_0/controllable__r1__robot_xjwlog/right_arm_link6.
2026-05-12 16:15:23 [53,267ms] [Warning] [omni.physx.plugin] Invalid PhysX transform detected for /World/scene_0/controllable__r1__robot_xjwlog/left_gripper_link1.
2026-05-12 16:15:23 [53,267ms] [Warning] [omni.physx.plugin] Invalid PhysX transform detected for /World/scene_0/controllable__r1__robot_xjwlog/left_gripper_link2.
2026-05-12 16:15:23 [53,267ms] [Warning] [omni.physx.plugin] Invalid PhysX transform detected for /World/scene_0/controllable__r1__robot_xjwlog/left_eef_link.
2026-05-12 16:15:23 [53,267ms] [Warning] [omni.physx.plugin] Invalid PhysX transform detected for /World/scene_0/controllable__r1__robot_xjwlog/right_gripper_link1.
2026-05-12 16:15:23 [53,267ms] [Warning] [omni.physx.plugin] Invalid PhysX transform detected for /World/scene_0/controllable__r1__robot_xjwlog/right_gripper_link2.
2026-05-12 16:15:23 [53,267ms] [Warning] [omni.physx.plugin] Invalid PhysX transform detected for /World/scene_0/controllable__r1__robot_xjwlog/right_eef_link.
2026-05-12 16:15:23 [53,267ms] [Warning] [omni.physx.plugin] Invalid PhysX transform detected for /World/scene_0/cover_small_item_render_item_4175346132/base_link.
2026-05-12 16:15:23 [53,339ms] [Warning] [omni.physx.plugin] Invalid PhysX transform detected for /World/scene_0/cover_small_item_render_item_4175346132/glass.
2026-05-12 16:15:23 [53,339ms] [Warning] [omni.physx.plugin] Invalid PhysX transform detected for /World/scene_0/controllable__r1__robot_xjwlog/base_footprint_y.
2026-05-12 16:15:23 [53,339ms] [Warning] [omni.physx.plugin] Invalid PhysX transform detected for /World/scene_0/controllable__r1__robot_xjwlog/base_footprint_z.
2026-05-12 16:15:23 [53,339ms] [Warning] [omni.physx.plugin] Invalid PhysX transform detected for /World/scene_0/controllable__r1__robot_xjwlog/base_footprint_rx.
2026-05-12 16:15:23 [53,339ms] [Warning] [omni.physx.plugin] Invalid PhysX transform detected for /World/scene_0/controllable__r1__robot_xjwlog/base_footprint_ry.
2026-05-12 16:15:23 [53,339ms] [Warning] [omni.physx.plugin] Invalid PhysX transform detected for /World/scene_0/controllable__r1__robot_xjwlog/base_footprint_rz.
2026-05-12 16:15:23 [53,339ms] [Warning] [omni.physx.plugin] Invalid PhysX transform detected for /World/scene_0/controllable__r1__robot_xjwlog/base_link.
2026-05-12 16:15:23 [53,339ms] [Warning] [omni.physx.plugin] Invalid PhysX transform detected for /World/scene_0/controllable__r1__robot_xjwlog/servo_link1.
2026-05-12 16:15:23 [53,339ms] [Warning] [omni.physx.plugin] Invalid PhysX transform detected for /World/scene_0/controllable__r1__robot_xjwlog/servo_link2.
2026-05-12 16:15:23 [53,339ms] [Warning] [omni.physx.plugin] Invalid PhysX transform detected for /World/scene_0/controllable__r1__robot_xjwlog/servo_link3.
2026-05-12 16:15:23 [53,339ms] [Warning] [omni.physx.plugin] Invalid PhysX transform detected for /World/scene_0/controllable__r1__robot_xjwlog/torso_link1.
2026-05-12 16:15:23 [53,339ms] [Warning] [omni.physx.plugin] Invalid PhysX transform detected for /World/scene_0/controllable__r1__robot_xjwlog/wheel_link1.
2026-05-12 16:15:23 [53,339ms] [Warning] [omni.physx.plugin] Invalid PhysX transform detected for /World/scene_0/controllable__r1__robot_xjwlog/wheel_link2.
2026-05-12 16:15:23 [53,339ms] [Warning] [omni.physx.plugin] Invalid PhysX transform detected for /World/scene_0/controllable__r1__robot_xjwlog/wheel_link3.
2026-05-12 16:15:23 [53,339ms] [Warning] [omni.physx.plugin] Invalid PhysX transform detected for /World/scene_0/controllable__r1__robot_xjwlog/torso_link2.
2026-05-12 16:15:23 [53,339ms] [Warning] [omni.physx.plugin] Invalid PhysX transform detected for /World/scene_0/controllable__r1__robot_xjwlog/torso_link3.
2026-05-12 16:15:23 [53,339ms] [Warning] [omni.physx.plugin] Invalid PhysX transform detected for /World/scene_0/controllable__r1__robot_xjwlog/torso_link4.
2026-05-12 16:15:23 [53,339ms] [Warning] [omni.physx.plugin] Invalid PhysX transform detected for /World/scene_0/controllable__r1__robot_xjwlog/left_arm_link1.
2026-05-12 16:15:23 [53,339ms] [Warning] [omni.physx.plugin] Invalid PhysX transform detected for /World/scene_0/controllable__r1__robot_xjwlog/right_arm_link1.
2026-05-12 16:15:23 [53,339ms] [Warning] [omni.physx.plugin] Invalid PhysX transform detected for /World/scene_0/controllable__r1__robot_xjwlog/eyes.
2026-05-12 16:15:23 [53,339ms] [Warning] [omni.physx.plugin] Invalid PhysX transform detected for /World/scene_0/controllable__r1__robot_xjwlog/left_arm_link2.
2026-05-12 16:15:23 [53,339ms] [Warning] [omni.physx.plugin] Invalid PhysX transform detected for /World/scene_0/controllable__r1__robot_xjwlog/right_arm_link2.
2026-05-12 16:15:23 [53,339ms] [Warning] [omni.physx.plugin] Invalid PhysX transform detected for /World/scene_0/controllable__r1__robot_xjwlog/left_arm_link3.
2026-05-12 16:15:23 [53,339ms] [Warning] [omni.physx.plugin] Invalid PhysX transform detected for /World/scene_0/controllable__r1__robot_xjwlog/right_arm_link3.
2026-05-12 16:15:23 [53,339ms] [Warning] [omni.physx.plugin] Invalid PhysX transform detected for /World/scene_0/controllable__r1__robot_xjwlog/left_arm_link4.
2026-05-12 16:15:23 [53,339ms] [Warning] [omni.physx.plugin] Invalid PhysX transform detected for /World/scene_0/controllable__r1__robot_xjwlog/right_arm_link4.
2026-05-12 16:15:23 [53,339ms] [Warning] [omni.physx.plugin] Invalid PhysX transform detected for /World/scene_0/controllable__r1__robot_xjwlog/left_arm_link5.
2026-05-12 16:15:23 [53,339ms] [Warning] [omni.physx.plugin] Invalid PhysX transform detected for /World/scene_0/controllable__r1__robot_xjwlog/right_arm_link5.
2026-05-12 16:15:23 [53,339ms] [Warning] [omni.physx.plugin] Invalid PhysX transform detected for /World/scene_0/controllable__r1__robot_xjwlog/left_arm_link6.
2026-05-12 16:15:23 [53,339ms] [Warning] [omni.physx.plugin] Invalid PhysX transform detected for /World/scene_0/controllable__r1__robot_xjwlog/right_arm_link6.
2026-05-12 16:15:23 [53,339ms] [Warning] [omni.physx.plugin] Invalid PhysX transform detected for /World/scene_0/controllable__r1__robot_xjwlog/left_gripper_link1.
2026-05-12 16:15:23 [53,339ms] [Warning] [omni.physx.plugin] Invalid PhysX transform detected for /World/scene_0/controllable__r1__robot_xjwlog/left_gripper_link2.
2026-05-12 16:15:23 [53,339ms] [Warning] [omni.physx.plugin] Invalid PhysX transform detected for /World/scene_0/controllable__r1__robot_xjwlog/left_eef_link.
2026-05-12 16:15:23 [53,339ms] [Warning] [omni.physx.plugin] Invalid PhysX transform detected for /World/scene_0/controllable__r1__robot_xjwlog/right_gripper_link1.
2026-05-12 16:15:23 [53,339ms] [Warning] [omni.physx.plugin] Invalid PhysX transform detected for /World/scene_0/controllable__r1__robot_xjwlog/right_gripper_link2.
2026-05-12 16:15:23 [53,339ms] [Warning] [omni.physx.plugin] Invalid PhysX transform detected for /World/scene_0/controllable__r1__robot_xjwlog/right_eef_link.
2026-05-12 16:15:23 [53,339ms] [Warning] [omni.physx.plugin] Invalid PhysX transform detected for /World/scene_0/cover_small_item_render_item_4175346132/base_link.
2026-05-12 16:15:23 [53,410ms] [Warning] [omni.physx.plugin] Invalid PhysX transform detected for /World/scene_0/cover_small_item_render_item_4175346132/glass.
2026-05-12 16:15:23 [53,410ms] [Warning] [omni.physx.plugin] Invalid PhysX transform detected for /World/scene_0/controllable__r1__robot_xjwlog/base_footprint_y.
2026-05-12 16:15:23 [53,410ms] [Warning] [omni.physx.plugin] Invalid PhysX transform detected for /World/scene_0/controllable__r1__robot_xjwlog/base_footprint_z.
2026-05-12 16:15:23 [53,410ms] [Warning] [omni.physx.plugin] Invalid PhysX transform detected for /World/scene_0/controllable__r1__robot_xjwlog/base_footprint_rx.
2026-05-12 16:15:23 [53,410ms] [Warning] [omni.physx.plugin] Invalid PhysX transform detected for /World/scene_0/controllable__r1__robot_xjwlog/base_footprint_ry.
2026-05-12 16:15:23 [53,410ms] [Warning] [omni.physx.plugin] Invalid PhysX transform detected for /World/scene_0/controllable__r1__robot_xjwlog/base_footprint_rz.
2026-05-12 16:15:23 [53,410ms] [Warning] [omni.physx.plugin] Invalid PhysX transform detected for /World/scene_0/controllable__r1__robot_xjwlog/base_link.
2026-05-12 16:15:23 [53,410ms] [Warning] [omni.physx.plugin] Invalid PhysX transform detected for /World/scene_0/controllable__r1__robot_xjwlog/servo_link1.
2026-05-12 16:15:23 [53,410ms] [Warning] [omni.physx.plugin] Invalid PhysX transform detected for /World/scene_0/controllable__r1__robot_xjwlog/servo_link2.
2026-05-12 16:15:23 [53,410ms] [Warning] [omni.physx.plugin] Invalid PhysX transform detected for /World/scene_0/controllable__r1__robot_xjwlog/servo_link3.
2026-05-12 16:15:23 [53,410ms] [Warning] [omni.physx.plugin] Invalid PhysX transform detected for /World/scene_0/controllable__r1__robot_xjwlog/torso_link1.
2026-05-12 16:15:23 [53,410ms] [Warning] [omni.physx.plugin] Invalid PhysX transform detected for /World/scene_0/controllable__r1__robot_xjwlog/wheel_link1.
2026-05-12 16:15:23 [53,410ms] [Warning] [omni.physx.plugin] Invalid PhysX transform detected for /World/scene_0/controllable__r1__robot_xjwlog/wheel_link2.
2026-05-12 16:15:23 [53,410ms] [Warning] [omni.physx.plugin] Invalid PhysX transform detected for /World/scene_0/controllable__r1__robot_xjwlog/wheel_link3.
2026-05-12 16:15:23 [53,410ms] [Warning] [omni.physx.plugin] Invalid PhysX transform detected for /World/scene_0/controllable__r1__robot_xjwlog/torso_link2.
2026-05-12 16:15:23 [53,410ms] [Warning] [omni.physx.plugin] Invalid PhysX transform detected for /World/scene_0/controllable__r1__robot_xjwlog/torso_link3.
2026-05-12 16:15:23 [53,410ms] [Warning] [omni.physx.plugin] Invalid PhysX transform detected for /World/scene_0/controllable__r1__robot_xjwlog/torso_link4.
2026-05-12 16:15:23 [53,410ms] [Warning] [omni.physx.plugin] Invalid PhysX transform detected for /World/scene_0/controllable__r1__robot_xjwlog/left_arm_link1.
2026-05-12 16:15:23 [53,410ms] [Warning] [omni.physx.plugin] Invalid PhysX transform detected for /World/scene_0/controllable__r1__robot_xjwlog/right_arm_link1.
2026-05-12 16:15:23 [53,411ms] [Warning] [omni.physx.plugin] Invalid PhysX transform detected for /World/scene_0/controllable__r1__robot_xjwlog/eyes.
2026-05-12 16:15:23 [53,411ms] [Warning] [omni.physx.plugin] Invalid PhysX transform detected for /World/scene_0/controllable__r1__robot_xjwlog/left_arm_link2.
2026-05-12 16:15:23 [53,411ms] [Warning] [omni.physx.plugin] Invalid PhysX transform detected for /World/scene_0/controllable__r1__robot_xjwlog/right_arm_link2.
2026-05-12 16:15:23 [53,411ms] [Warning] [omni.physx.plugin] Invalid PhysX transform detected for /World/scene_0/controllable__r1__robot_xjwlog/left_arm_link3.
2026-05-12 16:15:23 [53,411ms] [Warning] [omni.physx.plugin] Invalid PhysX transform detected for /World/scene_0/controllable__r1__robot_xjwlog/right_arm_link3.
2026-05-12 16:15:23 [53,411ms] [Warning] [omni.physx.plugin] Invalid PhysX transform detected for /World/scene_0/controllable__r1__robot_xjwlog/left_arm_link4.
2026-05-12 16:15:23 [53,411ms] [Warning] [omni.physx.plugin] Invalid PhysX transform detected for /World/scene_0/controllable__r1__robot_xjwlog/right_arm_link4.
2026-05-12 16:15:23 [53,411ms] [Warning] [omni.physx.plugin] Invalid PhysX transform detected for /World/scene_0/controllable__r1__robot_xjwlog/left_arm_link5.
2026-05-12 16:15:23 [53,411ms] [Warning] [omni.physx.plugin] Invalid PhysX transform detected for /World/scene_0/controllable__r1__robot_xjwlog/right_arm_link5.
2026-05-12 16:15:23 [53,411ms] [Warning] [omni.physx.plugin] Invalid PhysX transform detected for /World/scene_0/controllable__r1__robot_xjwlog/left_arm_link6.
2026-05-12 16:15:23 [53,411ms] [Warning] [omni.physx.plugin] Invalid PhysX transform detected for /World/scene_0/controllable__r1__robot_xjwlog/right_arm_link6.
2026-05-12 16:15:23 [53,411ms] [Warning] [omni.physx.plugin] Invalid PhysX transform detected for /World/scene_0/controllable__r1__robot_xjwlog/left_gripper_link1.
2026-05-12 16:15:23 [53,411ms] [Warning] [omni.physx.plugin] Invalid PhysX transform detected for /World/scene_0/controllable__r1__robot_xjwlog/left_gripper_link2.
2026-05-12 16:15:23 [53,411ms] [Warning] [omni.physx.plugin] Invalid PhysX transform detected for /World/scene_0/controllable__r1__robot_xjwlog/left_eef_link.
2026-05-12 16:15:23 [53,411ms] [Warning] [omni.physx.plugin] Invalid PhysX transform detected for /World/scene_0/controllable__r1__robot_xjwlog/right_gripper_link1.
2026-05-12 16:15:23 [53,411ms] [Warning] [omni.physx.plugin] Invalid PhysX transform detected for /World/scene_0/controllable__r1__robot_xjwlog/right_gripper_link2.
2026-05-12 16:15:23 [53,411ms] [Warning] [omni.physx.plugin] Invalid PhysX transform detected for /World/scene_0/controllable__r1__robot_xjwlog/right_eef_link.
2026-05-12 16:15:23 [53,411ms] [Warning] [omni.physx.plugin] Invalid PhysX transform detected for /World/scene_0/cover_small_item_render_item_4175346132/base_link.
2026-05-12 16:15:24 [53,482ms] [Warning] [omni.physx.plugin] Invalid PhysX transform detected for /World/scene_0/cover_small_item_render_item_4175346132/glass.
2026-05-12 16:15:24 [53,482ms] [Warning] [omni.physx.plugin] Invalid PhysX transform detected for /World/scene_0/controllable__r1__robot_xjwlog/base_footprint_y.
2026-05-12 16:15:24 [53,482ms] [Warning] [omni.physx.plugin] Invalid PhysX transform detected for /World/scene_0/controllable__r1__robot_xjwlog/base_footprint_z.
2026-05-12 16:15:24 [53,482ms] [Warning] [omni.physx.plugin] Invalid PhysX transform detected for /World/scene_0/controllable__r1__robot_xjwlog/base_footprint_rx.
2026-05-12 16:15:24 [53,482ms] [Warning] [omni.physx.plugin] Invalid PhysX transform detected for /World/scene_0/controllable__r1__robot_xjwlog/base_footprint_ry.
2026-05-12 16:15:24 [53,482ms] [Warning] [omni.physx.plugin] Invalid PhysX transform detected for /World/scene_0/controllable__r1__robot_xjwlog/base_footprint_rz.
2026-05-12 16:15:24 [53,482ms] [Warning] [omni.physx.plugin] Invalid PhysX transform detected for /World/scene_0/controllable__r1__robot_xjwlog/base_link.
2026-05-12 16:15:24 [53,482ms] [Warning] [omni.physx.plugin] Invalid PhysX transform detected for /World/scene_0/controllable__r1__robot_xjwlog/servo_link1.
2026-05-12 16:15:24 [53,482ms] [Warning] [omni.physx.plugin] Invalid PhysX transform detected for /World/scene_0/controllable__r1__robot_xjwlog/servo_link2.
2026-05-12 16:15:24 [53,482ms] [Warning] [omni.physx.plugin] Invalid PhysX transform detected for /World/scene_0/controllable__r1__robot_xjwlog/servo_link3.
2026-05-12 16:15:24 [53,483ms] [Warning] [omni.physx.plugin] Invalid PhysX transform detected for /World/scene_0/controllable__r1__robot_xjwlog/torso_link1.
2026-05-12 16:15:24 [53,483ms] [Warning] [omni.physx.plugin] Invalid PhysX transform detected for /World/scene_0/controllable__r1__robot_xjwlog/wheel_link1.
2026-05-12 16:15:24 [53,483ms] [Warning] [omni.physx.plugin] Invalid PhysX transform detected for /World/scene_0/controllable__r1__robot_xjwlog/wheel_link2.
2026-05-12 16:15:24 [53,483ms] [Warning] [omni.physx.plugin] Invalid PhysX transform detected for /World/scene_0/controllable__r1__robot_xjwlog/wheel_link3.
2026-05-12 16:15:24 [53,483ms] [Warning] [omni.physx.plugin] Invalid PhysX transform detected for /World/scene_0/controllable__r1__robot_xjwlog/torso_link2.
2026-05-12 16:15:24 [53,483ms] [Warning] [omni.physx.plugin] Invalid PhysX transform detected for /World/scene_0/controllable__r1__robot_xjwlog/torso_link3.
2026-05-12 16:15:24 [53,483ms] [Warning] [omni.physx.plugin] Invalid PhysX transform detected for /World/scene_0/controllable__r1__robot_xjwlog/torso_link4.
2026-05-12 16:15:24 [53,483ms] [Warning] [omni.physx.plugin] Invalid PhysX transform detected for /World/scene_0/controllable__r1__robot_xjwlog/left_arm_link1.
2026-05-12 16:15:24 [53,483ms] [Warning] [omni.physx.plugin] Invalid PhysX transform detected for /World/scene_0/controllable__r1__robot_xjwlog/right_arm_link1.
2026-05-12 16:15:24 [53,483ms] [Warning] [omni.physx.plugin] Invalid PhysX transform detected for /World/scene_0/controllable__r1__robot_xjwlog/eyes.
2026-05-12 16:15:24 [53,483ms] [Warning] [omni.physx.plugin] Invalid PhysX transform detected for /World/scene_0/controllable__r1__robot_xjwlog/left_arm_link2.
2026-05-12 16:15:24 [53,483ms] [Warning] [omni.physx.plugin] Invalid PhysX transform detected for /World/scene_0/controllable__r1__robot_xjwlog/right_arm_link2.
2026-05-12 16:15:24 [53,483ms] [Warning] [omni.physx.plugin] Invalid PhysX transform detected for /World/scene_0/controllable__r1__robot_xjwlog/left_arm_link3.
2026-05-12 16:15:24 [53,483ms] [Warning] [omni.physx.plugin] Invalid PhysX transform detected for /World/scene_0/controllable__r1__robot_xjwlog/right_arm_link3.
2026-05-12 16:15:24 [53,483ms] [Warning] [omni.physx.plugin] Invalid PhysX transform detected for /World/scene_0/controllable__r1__robot_xjwlog/left_arm_link4.
2026-05-12 16:15:24 [53,483ms] [Warning] [omni.physx.plugin] Invalid PhysX transform detected for /World/scene_0/controllable__r1__robot_xjwlog/right_arm_link4.
2026-05-12 16:15:24 [53,483ms] [Warning] [omni.physx.plugin] Invalid PhysX transform detected for /World/scene_0/controllable__r1__robot_xjwlog/left_arm_link5.
2026-05-12 16:15:24 [53,483ms] [Warning] [omni.physx.plugin] Invalid PhysX transform detected for /World/scene_0/controllable__r1__robot_xjwlog/right_arm_link5.
2026-05-12 16:15:24 [53,483ms] [Warning] [omni.physx.plugin] Invalid PhysX transform detected for /World/scene_0/controllable__r1__robot_xjwlog/left_arm_link6.
2026-05-12 16:15:24 [53,483ms] [Warning] [omni.physx.plugin] Invalid PhysX transform detected for /World/scene_0/controllable__r1__robot_xjwlog/right_arm_link6.
2026-05-12 16:15:24 [53,483ms] [Warning] [omni.physx.plugin] Invalid PhysX transform detected for /World/scene_0/controllable__r1__robot_xjwlog/left_gripper_link1.
2026-05-12 16:15:24 [53,483ms] [Warning] [omni.physx.plugin] Invalid PhysX transform detected for /World/scene_0/controllable__r1__robot_xjwlog/left_gripper_link2.
2026-05-12 16:15:24 [53,483ms] [Warning] [omni.physx.plugin] Invalid PhysX transform detected for /World/scene_0/controllable__r1__robot_xjwlog/left_eef_link.
2026-05-12 16:15:24 [53,483ms] [Warning] [omni.physx.plugin] Invalid PhysX transform detected for /World/scene_0/controllable__r1__robot_xjwlog/right_gripper_link1.
2026-05-12 16:15:24 [53,483ms] [Warning] [omni.physx.plugin] Invalid PhysX transform detected for /World/scene_0/controllable__r1__robot_xjwlog/right_gripper_link2.
2026-05-12 16:15:24 [53,483ms] [Warning] [omni.physx.plugin] Invalid PhysX transform detected for /World/scene_0/controllable__r1__robot_xjwlog/right_eef_link.
2026-05-12 16:15:24 [53,483ms] [Warning] [omni.physx.plugin] Invalid PhysX transform detected for /World/scene_0/cover_small_item_render_item_4175346132/base_link.
2026-05-12 16:15:24 [53,555ms] [Warning] [omni.physx.plugin] Invalid PhysX transform detected for /World/scene_0/cover_small_item_render_item_4175346132/glass.
2026-05-12 16:15:24 [53,555ms] [Warning] [omni.physx.plugin] Invalid PhysX transform detected for /World/scene_0/controllable__r1__robot_xjwlog/base_footprint_y.
2026-05-12 16:15:24 [53,555ms] [Warning] [omni.physx.plugin] Invalid PhysX transform detected for /World/scene_0/controllable__r1__robot_xjwlog/base_footprint_z.
2026-05-12 16:15:24 [53,555ms] [Warning] [omni.physx.plugin] Invalid PhysX transform detected for /World/scene_0/controllable__r1__robot_xjwlog/base_footprint_rx.
2026-05-12 16:15:24 [53,555ms] [Warning] [omni.physx.plugin] Invalid PhysX transform detected for /World/scene_0/controllable__r1__robot_xjwlog/base_footprint_ry.
2026-05-12 16:15:24 [53,555ms] [Warning] [omni.physx.plugin] Invalid PhysX transform detected for /World/scene_0/controllable__r1__robot_xjwlog/base_footprint_rz.
2026-05-12 16:15:24 [53,555ms] [Warning] [omni.physx.plugin] Invalid PhysX transform detected for /World/scene_0/controllable__r1__robot_xjwlog/base_link.
2026-05-12 16:15:24 [53,555ms] [Warning] [omni.physx.plugin] Invalid PhysX transform detected for /World/scene_0/controllable__r1__robot_xjwlog/servo_link1.
2026-05-12 16:15:24 [53,555ms] [Warning] [omni.physx.plugin] Invalid PhysX transform detected for /World/scene_0/controllable__r1__robot_xjwlog/servo_link2.
2026-05-12 16:15:24 [53,555ms] [Warning] [omni.physx.plugin] Invalid PhysX transform detected for /World/scene_0/controllable__r1__robot_xjwlog/servo_link3.
2026-05-12 16:15:24 [53,555ms] [Warning] [omni.physx.plugin] Invalid PhysX transform detected for /World/scene_0/controllable__r1__robot_xjwlog/torso_link1.
2026-05-12 16:15:24 [53,555ms] [Warning] [omni.physx.plugin] Invalid PhysX transform detected for /World/scene_0/controllable__r1__robot_xjwlog/wheel_link1.
2026-05-12 16:15:24 [53,555ms] [Warning] [omni.physx.plugin] Invalid PhysX transform detected for /World/scene_0/controllable__r1__robot_xjwlog/wheel_link2.
2026-05-12 16:15:24 [53,555ms] [Warning] [omni.physx.plugin] Invalid PhysX transform detected for /World/scene_0/controllable__r1__robot_xjwlog/wheel_link3.
2026-05-12 16:15:24 [53,555ms] [Warning] [omni.physx.plugin] Invalid PhysX transform detected for /World/scene_0/controllable__r1__robot_xjwlog/torso_link2.
2026-05-12 16:15:24 [53,555ms] [Warning] [omni.physx.plugin] Invalid PhysX transform detected for /World/scene_0/controllable__r1__robot_xjwlog/torso_link3.
2026-05-12 16:15:24 [53,555ms] [Warning] [omni.physx.plugin] Invalid PhysX transform detected for /World/scene_0/controllable__r1__robot_xjwlog/torso_link4.
2026-05-12 16:15:24 [53,555ms] [Warning] [omni.physx.plugin] Invalid PhysX transform detected for /World/scene_0/controllable__r1__robot_xjwlog/left_arm_link1.
2026-05-12 16:15:24 [53,555ms] [Warning] [omni.physx.plugin] Invalid PhysX transform detected for /World/scene_0/controllable__r1__robot_xjwlog/right_arm_link1.
2026-05-12 16:15:24 [53,555ms] [Warning] [omni.physx.plugin] Invalid PhysX transform detected for /World/scene_0/controllable__r1__robot_xjwlog/eyes.
2026-05-12 16:15:24 [53,555ms] [Warning] [omni.physx.plugin] Invalid PhysX transform detected for /World/scene_0/controllable__r1__robot_xjwlog/left_arm_link2.
2026-05-12 16:15:24 [53,555ms] [Warning] [omni.physx.plugin] Invalid PhysX transform detected for /World/scene_0/controllable__r1__robot_xjwlog/right_arm_link2.
2026-05-12 16:15:24 [53,555ms] [Warning] [omni.physx.plugin] Invalid PhysX transform detected for /World/scene_0/controllable__r1__robot_xjwlog/left_arm_link3.
2026-05-12 16:15:24 [53,555ms] [Warning] [omni.physx.plugin] Invalid PhysX transform detected for /World/scene_0/controllable__r1__robot_xjwlog/right_arm_link3.
2026-05-12 16:15:24 [53,555ms] [Warning] [omni.physx.plugin] Invalid PhysX transform detected for /World/scene_0/controllable__r1__robot_xjwlog/left_arm_link4.
2026-05-12 16:15:24 [53,555ms] [Warning] [omni.physx.plugin] Invalid PhysX transform detected for /World/scene_0/controllable__r1__robot_xjwlog/right_arm_link4.
2026-05-12 16:15:24 [53,555ms] [Warning] [omni.physx.plugin] Invalid PhysX transform detected for /World/scene_0/controllable__r1__robot_xjwlog/left_arm_link5.
2026-05-12 16:15:24 [53,555ms] [Warning] [omni.physx.plugin] Invalid PhysX transform detected for /World/scene_0/controllable__r1__robot_xjwlog/right_arm_link5.
2026-05-12 16:15:24 [53,555ms] [Warning] [omni.physx.plugin] Invalid PhysX transform detected for /World/scene_0/controllable__r1__robot_xjwlog/left_arm_link6.
2026-05-12 16:15:24 [53,555ms] [Warning] [omni.physx.plugin] Invalid PhysX transform detected for /World/scene_0/controllable__r1__robot_xjwlog/right_arm_link6.
2026-05-12 16:15:24 [53,555ms] [Warning] [omni.physx.plugin] Invalid PhysX transform detected for /World/scene_0/controllable__r1__robot_xjwlog/left_gripper_link1.
2026-05-12 16:15:24 [53,555ms] [Warning] [omni.physx.plugin] Invalid PhysX transform detected for /World/scene_0/controllable__r1__robot_xjwlog/left_gripper_link2.
2026-05-12 16:15:24 [53,555ms] [Warning] [omni.physx.plugin] Invalid PhysX transform detected for /World/scene_0/controllable__r1__robot_xjwlog/left_eef_link.
2026-05-12 16:15:24 [53,555ms] [Warning] [omni.physx.plugin] Invalid PhysX transform detected for /World/scene_0/controllable__r1__robot_xjwlog/right_gripper_link1.
2026-05-12 16:15:24 [53,555ms] [Warning] [omni.physx.plugin] Invalid PhysX transform detected for /World/scene_0/controllable__r1__robot_xjwlog/right_gripper_link2.
2026-05-12 16:15:24 [53,555ms] [Warning] [omni.physx.plugin] Invalid PhysX transform detected for /World/scene_0/controllable__r1__robot_xjwlog/right_eef_link.
2026-05-12 16:15:24 [53,555ms] [Warning] [omni.physx.plugin] Invalid PhysX transform detected for /World/scene_0/cover_small_item_render_item_4175346132/base_link.
2026-05-12 16:15:24 [53,628ms] [Warning] [omni.physx.plugin] Invalid PhysX transform detected for /World/scene_0/cover_small_item_render_item_4175346132/glass.
2026-05-12 16:15:24 [53,628ms] [Warning] [omni.physx.plugin] Invalid PhysX transform detected for /World/scene_0/controllable__r1__robot_xjwlog/base_footprint_y.
2026-05-12 16:15:24 [53,628ms] [Warning] [omni.physx.plugin] Invalid PhysX transform detected for /World/scene_0/controllable__r1__robot_xjwlog/base_footprint_z.
2026-05-12 16:15:24 [53,628ms] [Warning] [omni.physx.plugin] Invalid PhysX transform detected for /World/scene_0/controllable__r1__robot_xjwlog/base_footprint_rx.
2026-05-12 16:15:24 [53,628ms] [Warning] [omni.physx.plugin] Invalid PhysX transform detected for /World/scene_0/controllable__r1__robot_xjwlog/base_footprint_ry.
2026-05-12 16:15:24 [53,628ms] [Warning] [omni.physx.plugin] Invalid PhysX transform detected for /World/scene_0/controllable__r1__robot_xjwlog/base_footprint_rz.
2026-05-12 16:15:24 [53,628ms] [Warning] [omni.physx.plugin] Invalid PhysX transform detected for /World/scene_0/controllable__r1__robot_xjwlog/base_link.
2026-05-12 16:15:24 [53,628ms] [Warning] [omni.physx.plugin] Invalid PhysX transform detected for /World/scene_0/controllable__r1__robot_xjwlog/servo_link1.
2026-05-12 16:15:24 [53,628ms] [Warning] [omni.physx.plugin] Invalid PhysX transform detected for /World/scene_0/controllable__r1__robot_xjwlog/servo_link2.
2026-05-12 16:15:24 [53,628ms] [Warning] [omni.physx.plugin] Invalid PhysX transform detected for /World/scene_0/controllable__r1__robot_xjwlog/servo_link3.
2026-05-12 16:15:24 [53,628ms] [Warning] [omni.physx.plugin] Invalid PhysX transform detected for /World/scene_0/controllable__r1__robot_xjwlog/torso_link1.
2026-05-12 16:15:24 [53,628ms] [Warning] [omni.physx.plugin] Invalid PhysX transform detected for /World/scene_0/controllable__r1__robot_xjwlog/wheel_link1.
2026-05-12 16:15:24 [53,628ms] [Warning] [omni.physx.plugin] Invalid PhysX transform detected for /World/scene_0/controllable__r1__robot_xjwlog/wheel_link2.
2026-05-12 16:15:24 [53,628ms] [Warning] [omni.physx.plugin] Invalid PhysX transform detected for /World/scene_0/controllable__r1__robot_xjwlog/wheel_link3.
2026-05-12 16:15:24 [53,628ms] [Warning] [omni.physx.plugin] Invalid PhysX transform detected for /World/scene_0/controllable__r1__robot_xjwlog/torso_link2.
2026-05-12 16:15:24 [53,628ms] [Warning] [omni.physx.plugin] Invalid PhysX transform detected for /World/scene_0/controllable__r1__robot_xjwlog/torso_link3.
2026-05-12 16:15:24 [53,628ms] [Warning] [omni.physx.plugin] Invalid PhysX transform detected for /World/scene_0/controllable__r1__robot_xjwlog/torso_link4.
2026-05-12 16:15:24 [53,628ms] [Warning] [omni.physx.plugin] Invalid PhysX transform detected for /World/scene_0/controllable__r1__robot_xjwlog/left_arm_link1.
2026-05-12 16:15:24 [53,628ms] [Warning] [omni.physx.plugin] Invalid PhysX transform detected for /World/scene_0/controllable__r1__robot_xjwlog/right_arm_link1.
2026-05-12 16:15:24 [53,628ms] [Warning] [omni.physx.plugin] Invalid PhysX transform detected for /World/scene_0/controllable__r1__robot_xjwlog/eyes.
2026-05-12 16:15:24 [53,628ms] [Warning] [omni.physx.plugin] Invalid PhysX transform detected for /World/scene_0/controllable__r1__robot_xjwlog/left_arm_link2.
2026-05-12 16:15:24 [53,628ms] [Warning] [omni.physx.plugin] Invalid PhysX transform detected for /World/scene_0/controllable__r1__robot_xjwlog/right_arm_link2.
2026-05-12 16:15:24 [53,628ms] [Warning] [omni.physx.plugin] Invalid PhysX transform detected for /World/scene_0/controllable__r1__robot_xjwlog/left_arm_link3.
2026-05-12 16:15:24 [53,628ms] [Warning] [omni.physx.plugin] Invalid PhysX transform detected for /World/scene_0/controllable__r1__robot_xjwlog/right_arm_link3.
2026-05-12 16:15:24 [53,628ms] [Warning] [omni.physx.plugin] Invalid PhysX transform detected for /World/scene_0/controllable__r1__robot_xjwlog/left_arm_link4.
2026-05-12 16:15:24 [53,628ms] [Warning] [omni.physx.plugin] Invalid PhysX transform detected for /World/scene_0/controllable__r1__robot_xjwlog/right_arm_link4.
2026-05-12 16:15:24 [53,628ms] [Warning] [omni.physx.plugin] Invalid PhysX transform detected for /World/scene_0/controllable__r1__robot_xjwlog/left_arm_link5.
2026-05-12 16:15:24 [53,628ms] [Warning] [omni.physx.plugin] Invalid PhysX transform detected for /World/scene_0/controllable__r1__robot_xjwlog/right_arm_link5.
2026-05-12 16:15:24 [53,628ms] [Warning] [omni.physx.plugin] Invalid PhysX transform detected for /World/scene_0/controllable__r1__robot_xjwlog/left_arm_link6.
2026-05-12 16:15:24 [53,628ms] [Warning] [omni.physx.plugin] Invalid PhysX transform detected for /World/scene_0/controllable__r1__robot_xjwlog/right_arm_link6.
2026-05-12 16:15:24 [53,628ms] [Warning] [omni.physx.plugin] Invalid PhysX transform detected for /World/scene_0/controllable__r1__robot_xjwlog/left_gripper_link1.
2026-05-12 16:15:24 [53,628ms] [Warning] [omni.physx.plugin] Invalid PhysX transform detected for /World/scene_0/controllable__r1__robot_xjwlog/left_gripper_link2.
2026-05-12 16:15:24 [53,628ms] [Warning] [omni.physx.plugin] Invalid PhysX transform detected for /World/scene_0/controllable__r1__robot_xjwlog/left_eef_link.
2026-05-12 16:15:24 [53,628ms] [Warning] [omni.physx.plugin] Invalid PhysX transform detected for /World/scene_0/controllable__r1__robot_xjwlog/right_gripper_link1.
2026-05-12 16:15:24 [53,628ms] [Warning] [omni.physx.plugin] Invalid PhysX transform detected for /World/scene_0/controllable__r1__robot_xjwlog/right_gripper_link2.
2026-05-12 16:15:24 [53,629ms] [Warning] [omni.physx.plugin] Invalid PhysX transform detected for /World/scene_0/controllable__r1__robot_xjwlog/right_eef_link.
2026-05-12 16:15:24 [53,629ms] [Warning] [omni.physx.plugin] Invalid PhysX transform detected for /World/scene_0/cover_small_item_render_item_4175346132/base_link.
2026-05-12 16:15:24 [53,703ms] [Warning] [omni.physx.plugin] Invalid PhysX transform detected for /World/scene_0/cover_small_item_render_item_4175346132/glass.
2026-05-12 16:15:24 [53,703ms] [Warning] [omni.physx.plugin] Invalid PhysX transform detected for /World/scene_0/controllable__r1__robot_xjwlog/base_footprint_y.
2026-05-12 16:15:24 [53,703ms] [Warning] [omni.physx.plugin] Invalid PhysX transform detected for /World/scene_0/controllable__r1__robot_xjwlog/base_footprint_z.
2026-05-12 16:15:24 [53,703ms] [Warning] [omni.physx.plugin] Invalid PhysX transform detected for /World/scene_0/controllable__r1__robot_xjwlog/base_footprint_rx.
2026-05-12 16:15:24 [53,703ms] [Warning] [omni.physx.plugin] Invalid PhysX transform detected for /World/scene_0/controllable__r1__robot_xjwlog/base_footprint_ry.
2026-05-12 16:15:24 [53,703ms] [Warning] [omni.physx.plugin] Invalid PhysX transform detected for /World/scene_0/controllable__r1__robot_xjwlog/base_footprint_rz.
2026-05-12 16:15:24 [53,703ms] [Warning] [omni.physx.plugin] Invalid PhysX transform detected for /World/scene_0/controllable__r1__robot_xjwlog/base_link.
2026-05-12 16:15:24 [53,703ms] [Warning] [omni.physx.plugin] Invalid PhysX transform detected for /World/scene_0/controllable__r1__robot_xjwlog/servo_link1.
2026-05-12 16:15:24 [53,703ms] [Warning] [omni.physx.plugin] Invalid PhysX transform detected for /World/scene_0/controllable__r1__robot_xjwlog/servo_link2.
2026-05-12 16:15:24 [53,703ms] [Warning] [omni.physx.plugin] Invalid PhysX transform detected for /World/scene_0/controllable__r1__robot_xjwlog/servo_link3.
2026-05-12 16:15:24 [53,703ms] [Warning] [omni.physx.plugin] Invalid PhysX transform detected for /World/scene_0/controllable__r1__robot_xjwlog/torso_link1.
2026-05-12 16:15:24 [53,703ms] [Warning] [omni.physx.plugin] Invalid PhysX transform detected for /World/scene_0/controllable__r1__robot_xjwlog/wheel_link1.
2026-05-12 16:15:24 [53,703ms] [Warning] [omni.physx.plugin] Invalid PhysX transform detected for /World/scene_0/controllable__r1__robot_xjwlog/wheel_link2.
2026-05-12 16:15:24 [53,703ms] [Warning] [omni.physx.plugin] Invalid PhysX transform detected for /World/scene_0/controllable__r1__robot_xjwlog/wheel_link3.
2026-05-12 16:15:24 [53,703ms] [Warning] [omni.physx.plugin] Invalid PhysX transform detected for /World/scene_0/controllable__r1__robot_xjwlog/torso_link2.
2026-05-12 16:15:24 [53,703ms] [Warning] [omni.physx.plugin] Invalid PhysX transform detected for /World/scene_0/controllable__r1__robot_xjwlog/torso_link3.
2026-05-12 16:15:24 [53,703ms] [Warning] [omni.physx.plugin] Invalid PhysX transform detected for /World/scene_0/controllable__r1__robot_xjwlog/torso_link4.
2026-05-12 16:15:24 [53,703ms] [Warning] [omni.physx.plugin] Invalid PhysX transform detected for /World/scene_0/controllable__r1__robot_xjwlog/left_arm_link1.
2026-05-12 16:15:24 [53,703ms] [Warning] [omni.physx.plugin] Invalid PhysX transform detected for /World/scene_0/controllable__r1__robot_xjwlog/right_arm_link1.
2026-05-12 16:15:24 [53,703ms] [Warning] [omni.physx.plugin] Invalid PhysX transform detected for /World/scene_0/controllable__r1__robot_xjwlog/eyes.
2026-05-12 16:15:24 [53,703ms] [Warning] [omni.physx.plugin] Invalid PhysX transform detected for /World/scene_0/controllable__r1__robot_xjwlog/left_arm_link2.
2026-05-12 16:15:24 [53,703ms] [Warning] [omni.physx.plugin] Invalid PhysX transform detected for /World/scene_0/controllable__r1__robot_xjwlog/right_arm_link2.
2026-05-12 16:15:24 [53,703ms] [Warning] [omni.physx.plugin] Invalid PhysX transform detected for /World/scene_0/controllable__r1__robot_xjwlog/left_arm_link3.
2026-05-12 16:15:24 [53,703ms] [Warning] [omni.physx.plugin] Invalid PhysX transform detected for /World/scene_0/controllable__r1__robot_xjwlog/right_arm_link3.
2026-05-12 16:15:24 [53,703ms] [Warning] [omni.physx.plugin] Invalid PhysX transform detected for /World/scene_0/controllable__r1__robot_xjwlog/left_arm_link4.
2026-05-12 16:15:24 [53,703ms] [Warning] [omni.physx.plugin] Invalid PhysX transform detected for /World/scene_0/controllable__r1__robot_xjwlog/right_arm_link4.
2026-05-12 16:15:24 [53,703ms] [Warning] [omni.physx.plugin] Invalid PhysX transform detected for /World/scene_0/controllable__r1__robot_xjwlog/left_arm_link5.
2026-05-12 16:15:24 [53,703ms] [Warning] [omni.physx.plugin] Invalid PhysX transform detected for /World/scene_0/controllable__r1__robot_xjwlog/right_arm_link5.
2026-05-12 16:15:24 [53,703ms] [Warning] [omni.physx.plugin] Invalid PhysX transform detected for /World/scene_0/controllable__r1__robot_xjwlog/left_arm_link6.
2026-05-12 16:15:24 [53,703ms] [Warning] [omni.physx.plugin] Invalid PhysX transform detected for /World/scene_0/controllable__r1__robot_xjwlog/right_arm_link6.
2026-05-12 16:15:24 [53,703ms] [Warning] [omni.physx.plugin] Invalid PhysX transform detected for /World/scene_0/controllable__r1__robot_xjwlog/left_gripper_link1.
2026-05-12 16:15:24 [53,703ms] [Warning] [omni.physx.plugin] Invalid PhysX transform detected for /World/scene_0/controllable__r1__robot_xjwlog/left_gripper_link2.
2026-05-12 16:15:24 [53,703ms] [Warning] [omni.physx.plugin] Invalid PhysX transform detected for /World/scene_0/controllable__r1__robot_xjwlog/left_eef_link.
2026-05-12 16:15:24 [53,703ms] [Warning] [omni.physx.plugin] Invalid PhysX transform detected for /World/scene_0/controllable__r1__robot_xjwlog/right_gripper_link1.
2026-05-12 16:15:24 [53,703ms] [Warning] [omni.physx.plugin] Invalid PhysX transform detected for /World/scene_0/controllable__r1__robot_xjwlog/right_gripper_link2.
2026-05-12 16:15:24 [53,703ms] [Warning] [omni.physx.plugin] Invalid PhysX transform detected for /World/scene_0/controllable__r1__robot_xjwlog/right_eef_link.
2026-05-12 16:15:24 [53,703ms] [Warning] [omni.physx.plugin] Invalid PhysX transform detected for /World/scene_0/cover_small_item_render_item_4175346132/base_link.
2026-05-12 16:15:24 [53,775ms] [Warning] [omni.physx.plugin] Invalid PhysX transform detected for /World/scene_0/cover_small_item_render_item_4175346132/glass.
2026-05-12 16:15:24 [53,775ms] [Warning] [omni.physx.plugin] Invalid PhysX transform detected for /World/scene_0/controllable__r1__robot_xjwlog/base_footprint_y.
2026-05-12 16:15:24 [53,775ms] [Warning] [omni.physx.plugin] Invalid PhysX transform detected for /World/scene_0/controllable__r1__robot_xjwlog/base_footprint_z.
2026-05-12 16:15:24 [53,775ms] [Warning] [omni.physx.plugin] Invalid PhysX transform detected for /World/scene_0/controllable__r1__robot_xjwlog/base_footprint_rx.
2026-05-12 16:15:24 [53,775ms] [Warning] [omni.physx.plugin] Invalid PhysX transform detected for /World/scene_0/controllable__r1__robot_xjwlog/base_footprint_ry.
2026-05-12 16:15:24 [53,775ms] [Warning] [omni.physx.plugin] Invalid PhysX transform detected for /World/scene_0/controllable__r1__robot_xjwlog/base_footprint_rz.
2026-05-12 16:15:24 [53,775ms] [Warning] [omni.physx.plugin] Invalid PhysX transform detected for /World/scene_0/controllable__r1__robot_xjwlog/base_link.
2026-05-12 16:15:24 [53,775ms] [Warning] [omni.physx.plugin] Invalid PhysX transform detected for /World/scene_0/controllable__r1__robot_xjwlog/servo_link1.
2026-05-12 16:15:24 [53,775ms] [Warning] [omni.physx.plugin] Invalid PhysX transform detected for /World/scene_0/controllable__r1__robot_xjwlog/servo_link2.
2026-05-12 16:15:24 [53,775ms] [Warning] [omni.physx.plugin] Invalid PhysX transform detected for /World/scene_0/controllable__r1__robot_xjwlog/servo_link3.
2026-05-12 16:15:24 [53,775ms] [Warning] [omni.physx.plugin] Invalid PhysX transform detected for /World/scene_0/controllable__r1__robot_xjwlog/torso_link1.
2026-05-12 16:15:24 [53,775ms] [Warning] [omni.physx.plugin] Invalid PhysX transform detected for /World/scene_0/controllable__r1__robot_xjwlog/wheel_link1.
2026-05-12 16:15:24 [53,775ms] [Warning] [omni.physx.plugin] Invalid PhysX transform detected for /World/scene_0/controllable__r1__robot_xjwlog/wheel_link2.
2026-05-12 16:15:24 [53,775ms] [Warning] [omni.physx.plugin] Invalid PhysX transform detected for /World/scene_0/controllable__r1__robot_xjwlog/wheel_link3.
2026-05-12 16:15:24 [53,775ms] [Warning] [omni.physx.plugin] Invalid PhysX transform detected for /World/scene_0/controllable__r1__robot_xjwlog/torso_link2.
2026-05-12 16:15:24 [53,775ms] [Warning] [omni.physx.plugin] Invalid PhysX transform detected for /World/scene_0/controllable__r1__robot_xjwlog/torso_link3.
2026-05-12 16:15:24 [53,775ms] [Warning] [omni.physx.plugin] Invalid PhysX transform detected for /World/scene_0/controllable__r1__robot_xjwlog/torso_link4.
2026-05-12 16:15:24 [53,775ms] [Warning] [omni.physx.plugin] Invalid PhysX transform detected for /World/scene_0/controllable__r1__robot_xjwlog/left_arm_link1.
2026-05-12 16:15:24 [53,775ms] [Warning] [omni.physx.plugin] Invalid PhysX transform detected for /World/scene_0/controllable__r1__robot_xjwlog/right_arm_link1.
2026-05-12 16:15:24 [53,775ms] [Warning] [omni.physx.plugin] Invalid PhysX transform detected for /World/scene_0/controllable__r1__robot_xjwlog/eyes.
2026-05-12 16:15:24 [53,775ms] [Warning] [omni.physx.plugin] Invalid PhysX transform detected for /World/scene_0/controllable__r1__robot_xjwlog/left_arm_link2.
2026-05-12 16:15:24 [53,775ms] [Warning] [omni.physx.plugin] Invalid PhysX transform detected for /World/scene_0/controllable__r1__robot_xjwlog/right_arm_link2.
2026-05-12 16:15:24 [53,775ms] [Warning] [omni.physx.plugin] Invalid PhysX transform detected for /World/scene_0/controllable__r1__robot_xjwlog/left_arm_link3.
2026-05-12 16:15:24 [53,775ms] [Warning] [omni.physx.plugin] Invalid PhysX transform detected for /World/scene_0/controllable__r1__robot_xjwlog/right_arm_link3.
2026-05-12 16:15:24 [53,775ms] [Warning] [omni.physx.plugin] Invalid PhysX transform detected for /World/scene_0/controllable__r1__robot_xjwlog/left_arm_link4.
2026-05-12 16:15:24 [53,775ms] [Warning] [omni.physx.plugin] Invalid PhysX transform detected for /World/scene_0/controllable__r1__robot_xjwlog/right_arm_link4.
2026-05-12 16:15:24 [53,775ms] [Warning] [omni.physx.plugin] Invalid PhysX transform detected for /World/scene_0/controllable__r1__robot_xjwlog/left_arm_link5.
2026-05-12 16:15:24 [53,775ms] [Warning] [omni.physx.plugin] Invalid PhysX transform detected for /World/scene_0/controllable__r1__robot_xjwlog/right_arm_link5.
2026-05-12 16:15:24 [53,775ms] [Warning] [omni.physx.plugin] Invalid PhysX transform detected for /World/scene_0/controllable__r1__robot_xjwlog/left_arm_link6.
2026-05-12 16:15:24 [53,776ms] [Warning] [omni.physx.plugin] Invalid PhysX transform detected for /World/scene_0/controllable__r1__robot_xjwlog/right_arm_link6.
2026-05-12 16:15:24 [53,776ms] [Warning] [omni.physx.plugin] Invalid PhysX transform detected for /World/scene_0/controllable__r1__robot_xjwlog/left_gripper_link1.
2026-05-12 16:15:24 [53,776ms] [Warning] [omni.physx.plugin] Invalid PhysX transform detected for /World/scene_0/controllable__r1__robot_xjwlog/left_gripper_link2.
2026-05-12 16:15:24 [53,776ms] [Warning] [omni.physx.plugin] Invalid PhysX transform detected for /World/scene_0/controllable__r1__robot_xjwlog/left_eef_link.
2026-05-12 16:15:24 [53,776ms] [Warning] [omni.physx.plugin] Invalid PhysX transform detected for /World/scene_0/controllable__r1__robot_xjwlog/right_gripper_link1.
2026-05-12 16:15:24 [53,776ms] [Warning] [omni.physx.plugin] Invalid PhysX transform detected for /World/scene_0/controllable__r1__robot_xjwlog/right_gripper_link2.
2026-05-12 16:15:24 [53,776ms] [Warning] [omni.physx.plugin] Invalid PhysX transform detected for /World/scene_0/controllable__r1__robot_xjwlog/right_eef_link.
2026-05-12 16:15:24 [53,776ms] [Warning] [omni.physx.plugin] Invalid PhysX transform detected for /World/scene_0/cover_small_item_render_item_4175346132/base_link.
2026-05-12 16:15:24 [53,847ms] [Warning] [omni.physx.plugin] Invalid PhysX transform detected for /World/scene_0/controllable__r1__robot_xjwlog/base_footprint_y.
2026-05-12 16:15:24 [53,847ms] [Warning] [omni.physx.plugin] Invalid PhysX transform detected for /World/scene_0/controllable__r1__robot_xjwlog/base_footprint_z.
2026-05-12 16:15:24 [53,847ms] [Warning] [omni.physx.plugin] Invalid PhysX transform detected for /World/scene_0/controllable__r1__robot_xjwlog/base_footprint_rx.
2026-05-12 16:15:24 [53,847ms] [Warning] [omni.physx.plugin] Invalid PhysX transform detected for /World/scene_0/controllable__r1__robot_xjwlog/base_footprint_ry.
2026-05-12 16:15:24 [53,847ms] [Warning] [omni.physx.plugin] Invalid PhysX transform detected for /World/scene_0/controllable__r1__robot_xjwlog/base_footprint_rz.
2026-05-12 16:15:24 [53,847ms] [Warning] [omni.physx.plugin] Invalid PhysX transform detected for /World/scene_0/controllable__r1__robot_xjwlog/base_link.
2026-05-12 16:15:24 [53,847ms] [Warning] [omni.physx.plugin] Invalid PhysX transform detected for /World/scene_0/controllable__r1__robot_xjwlog/servo_link1.
2026-05-12 16:15:24 [53,847ms] [Warning] [omni.physx.plugin] Invalid PhysX transform detected for /World/scene_0/controllable__r1__robot_xjwlog/servo_link2.
2026-05-12 16:15:24 [53,847ms] [Warning] [omni.physx.plugin] Invalid PhysX transform detected for /World/scene_0/controllable__r1__robot_xjwlog/servo_link3.
2026-05-12 16:15:24 [53,847ms] [Warning] [omni.physx.plugin] Invalid PhysX transform detected for /World/scene_0/controllable__r1__robot_xjwlog/torso_link1.
2026-05-12 16:15:24 [53,847ms] [Warning] [omni.physx.plugin] Invalid PhysX transform detected for /World/scene_0/controllable__r1__robot_xjwlog/wheel_link1.
2026-05-12 16:15:24 [53,847ms] [Warning] [omni.physx.plugin] Invalid PhysX transform detected for /World/scene_0/controllable__r1__robot_xjwlog/wheel_link2.
2026-05-12 16:15:24 [53,847ms] [Warning] [omni.physx.plugin] Invalid PhysX transform detected for /World/scene_0/controllable__r1__robot_xjwlog/wheel_link3.
2026-05-12 16:15:24 [53,847ms] [Warning] [omni.physx.plugin] Invalid PhysX transform detected for /World/scene_0/controllable__r1__robot_xjwlog/torso_link2.
2026-05-12 16:15:24 [53,847ms] [Warning] [omni.physx.plugin] Invalid PhysX transform detected for /World/scene_0/controllable__r1__robot_xjwlog/torso_link3.
2026-05-12 16:15:24 [53,847ms] [Warning] [omni.physx.plugin] Invalid PhysX transform detected for /World/scene_0/controllable__r1__robot_xjwlog/torso_link4.
2026-05-12 16:15:24 [53,847ms] [Warning] [omni.physx.plugin] Invalid PhysX transform detected for /World/scene_0/controllable__r1__robot_xjwlog/left_arm_link1.
2026-05-12 16:15:24 [53,847ms] [Warning] [omni.physx.plugin] Invalid PhysX transform detected for /World/scene_0/controllable__r1__robot_xjwlog/right_arm_link1.
2026-05-12 16:15:24 [53,847ms] [Warning] [omni.physx.plugin] Invalid PhysX transform detected for /World/scene_0/controllable__r1__robot_xjwlog/eyes.
2026-05-12 16:15:24 [53,847ms] [Warning] [omni.physx.plugin] Invalid PhysX transform detected for /World/scene_0/controllable__r1__robot_xjwlog/left_arm_link2.
2026-05-12 16:15:24 [53,847ms] [Warning] [omni.physx.plugin] Invalid PhysX transform detected for /World/scene_0/controllable__r1__robot_xjwlog/right_arm_link2.
2026-05-12 16:15:24 [53,847ms] [Warning] [omni.physx.plugin] Invalid PhysX transform detected for /World/scene_0/controllable__r1__robot_xjwlog/left_arm_link3.
2026-05-12 16:15:24 [53,847ms] [Warning] [omni.physx.plugin] Invalid PhysX transform detected for /World/scene_0/controllable__r1__robot_xjwlog/right_arm_link3.
2026-05-12 16:15:24 [53,847ms] [Warning] [omni.physx.plugin] Invalid PhysX transform detected for /World/scene_0/controllable__r1__robot_xjwlog/left_arm_link4.
2026-05-12 16:15:24 [53,847ms] [Warning] [omni.physx.plugin] Invalid PhysX transform detected for /World/scene_0/controllable__r1__robot_xjwlog/right_arm_link4.
2026-05-12 16:15:24 [53,847ms] [Warning] [omni.physx.plugin] Invalid PhysX transform detected for /World/scene_0/controllable__r1__robot_xjwlog/left_arm_link5.
2026-05-12 16:15:24 [53,847ms] [Warning] [omni.physx.plugin] Invalid PhysX transform detected for /World/scene_0/controllable__r1__robot_xjwlog/right_arm_link5.
2026-05-12 16:15:24 [53,847ms] [Warning] [omni.physx.plugin] Invalid PhysX transform detected for /World/scene_0/controllable__r1__robot_xjwlog/left_arm_link6.
2026-05-12 16:15:24 [53,847ms] [Warning] [omni.physx.plugin] Invalid PhysX transform detected for /World/scene_0/controllable__r1__robot_xjwlog/right_arm_link6.
2026-05-12 16:15:24 [53,847ms] [Warning] [omni.physx.plugin] Invalid PhysX transform detected for /World/scene_0/controllable__r1__robot_xjwlog/left_gripper_link1.
2026-05-12 16:15:24 [53,847ms] [Warning] [omni.physx.plugin] Invalid PhysX transform detected for /World/scene_0/controllable__r1__robot_xjwlog/left_gripper_link2.
2026-05-12 16:15:24 [53,847ms] [Warning] [omni.physx.plugin] Invalid PhysX transform detected for /World/scene_0/controllable__r1__robot_xjwlog/left_eef_link.
2026-05-12 16:15:24 [53,847ms] [Warning] [omni.physx.plugin] Invalid PhysX transform detected for /World/scene_0/controllable__r1__robot_xjwlog/right_gripper_link1.
2026-05-12 16:15:24 [53,847ms] [Warning] [omni.physx.plugin] Invalid PhysX transform detected for /World/scene_0/controllable__r1__robot_xjwlog/right_gripper_link2.
2026-05-12 16:15:24 [53,847ms] [Warning] [omni.physx.plugin] Invalid PhysX transform detected for /World/scene_0/controllable__r1__robot_xjwlog/right_eef_link.
2026-05-12 16:15:24 [53,919ms] [Warning] [omni.physx.plugin] Invalid PhysX transform detected for /World/scene_0/controllable__r1__robot_xjwlog/base_footprint_y.
2026-05-12 16:15:24 [53,920ms] [Warning] [omni.physx.plugin] Invalid PhysX transform detected for /World/scene_0/controllable__r1__robot_xjwlog/base_footprint_z.
2026-05-12 16:15:24 [53,920ms] [Warning] [omni.physx.plugin] Invalid PhysX transform detected for /World/scene_0/controllable__r1__robot_xjwlog/base_footprint_rx.
2026-05-12 16:15:24 [53,920ms] [Warning] [omni.physx.plugin] Invalid PhysX transform detected for /World/scene_0/controllable__r1__robot_xjwlog/base_footprint_ry.
2026-05-12 16:15:24 [53,920ms] [Warning] [omni.physx.plugin] Invalid PhysX transform detected for /World/scene_0/controllable__r1__robot_xjwlog/base_footprint_rz.
2026-05-12 16:15:24 [53,920ms] [Warning] [omni.physx.plugin] Invalid PhysX transform detected for /World/scene_0/controllable__r1__robot_xjwlog/base_link.
2026-05-12 16:15:24 [53,920ms] [Warning] [omni.physx.plugin] Invalid PhysX transform detected for /World/scene_0/controllable__r1__robot_xjwlog/servo_link1.
2026-05-12 16:15:24 [53,920ms] [Warning] [omni.physx.plugin] Invalid PhysX transform detected for /World/scene_0/controllable__r1__robot_xjwlog/servo_link2.
2026-05-12 16:15:24 [53,920ms] [Warning] [omni.physx.plugin] Invalid PhysX transform detected for /World/scene_0/controllable__r1__robot_xjwlog/servo_link3.
2026-05-12 16:15:24 [53,920ms] [Warning] [omni.physx.plugin] Invalid PhysX transform detected for /World/scene_0/controllable__r1__robot_xjwlog/torso_link1.
2026-05-12 16:15:24 [53,920ms] [Warning] [omni.physx.plugin] Invalid PhysX transform detected for /World/scene_0/controllable__r1__robot_xjwlog/wheel_link1.
2026-05-12 16:15:24 [53,920ms] [Warning] [omni.physx.plugin] Invalid PhysX transform detected for /World/scene_0/controllable__r1__robot_xjwlog/wheel_link2.
2026-05-12 16:15:24 [53,920ms] [Warning] [omni.physx.plugin] Invalid PhysX transform detected for /World/scene_0/controllable__r1__robot_xjwlog/wheel_link3.
2026-05-12 16:15:24 [53,920ms] [Warning] [omni.physx.plugin] Invalid PhysX transform detected for /World/scene_0/controllable__r1__robot_xjwlog/torso_link2.
2026-05-12 16:15:24 [53,920ms] [Warning] [omni.physx.plugin] Invalid PhysX transform detected for /World/scene_0/controllable__r1__robot_xjwlog/torso_link3.
2026-05-12 16:15:24 [53,920ms] [Warning] [omni.physx.plugin] Invalid PhysX transform detected for /World/scene_0/controllable__r1__robot_xjwlog/torso_link4.
2026-05-12 16:15:24 [53,920ms] [Warning] [omni.physx.plugin] Invalid PhysX transform detected for /World/scene_0/controllable__r1__robot_xjwlog/left_arm_link1.
2026-05-12 16:15:24 [53,920ms] [Warning] [omni.physx.plugin] Invalid PhysX transform detected for /World/scene_0/controllable__r1__robot_xjwlog/right_arm_link1.
2026-05-12 16:15:24 [53,920ms] [Warning] [omni.physx.plugin] Invalid PhysX transform detected for /World/scene_0/controllable__r1__robot_xjwlog/eyes.
2026-05-12 16:15:24 [53,920ms] [Warning] [omni.physx.plugin] Invalid PhysX transform detected for /World/scene_0/controllable__r1__robot_xjwlog/left_arm_link2.
2026-05-12 16:15:24 [53,920ms] [Warning] [omni.physx.plugin] Invalid PhysX transform detected for /World/scene_0/controllable__r1__robot_xjwlog/right_arm_link2.
2026-05-12 16:15:24 [53,920ms] [Warning] [omni.physx.plugin] Invalid PhysX transform detected for /World/scene_0/controllable__r1__robot_xjwlog/left_arm_link3.
2026-05-12 16:15:24 [53,920ms] [Warning] [omni.physx.plugin] Invalid PhysX transform detected for /World/scene_0/controllable__r1__robot_xjwlog/right_arm_link3.
2026-05-12 16:15:24 [53,920ms] [Warning] [omni.physx.plugin] Invalid PhysX transform detected for /World/scene_0/controllable__r1__robot_xjwlog/left_arm_link4.
2026-05-12 16:15:24 [53,920ms] [Warning] [omni.physx.plugin] Invalid PhysX transform detected for /World/scene_0/controllable__r1__robot_xjwlog/right_arm_link4.
2026-05-12 16:15:24 [53,920ms] [Warning] [omni.physx.plugin] Invalid PhysX transform detected for /World/scene_0/controllable__r1__robot_xjwlog/left_arm_link5.
2026-05-12 16:15:24 [53,920ms] [Warning] [omni.physx.plugin] Invalid PhysX transform detected for /World/scene_0/controllable__r1__robot_xjwlog/right_arm_link5.
2026-05-12 16:15:24 [53,920ms] [Warning] [omni.physx.plugin] Invalid PhysX transform detected for /World/scene_0/controllable__r1__robot_xjwlog/left_arm_link6.
2026-05-12 16:15:24 [53,920ms] [Warning] [omni.physx.plugin] Invalid PhysX transform detected for /World/scene_0/controllable__r1__robot_xjwlog/right_arm_link6.
2026-05-12 16:15:24 [53,920ms] [Warning] [omni.physx.plugin] Invalid PhysX transform detected for /World/scene_0/controllable__r1__robot_xjwlog/left_gripper_link1.
2026-05-12 16:15:24 [53,920ms] [Warning] [omni.physx.plugin] Invalid PhysX transform detected for /World/scene_0/controllable__r1__robot_xjwlog/left_gripper_link2.
2026-05-12 16:15:24 [53,920ms] [Warning] [omni.physx.plugin] Invalid PhysX transform detected for /World/scene_0/controllable__r1__robot_xjwlog/left_eef_link.
2026-05-12 16:15:24 [53,920ms] [Warning] [omni.physx.plugin] Invalid PhysX transform detected for /World/scene_0/controllable__r1__robot_xjwlog/right_gripper_link1.
2026-05-12 16:15:24 [53,920ms] [Warning] [omni.physx.plugin] Invalid PhysX transform detected for /World/scene_0/controllable__r1__robot_xjwlog/right_gripper_link2.
2026-05-12 16:15:24 [53,920ms] [Warning] [omni.physx.plugin] Invalid PhysX transform detected for /World/scene_0/controllable__r1__robot_xjwlog/right_eef_link.
2026-05-12 16:15:24 [53,994ms] [Warning] [omni.physx.plugin] Invalid PhysX transform detected for /World/scene_0/controllable__r1__robot_xjwlog/base_footprint_y.
2026-05-12 16:15:24 [53,994ms] [Warning] [omni.physx.plugin] Invalid PhysX transform detected for /World/scene_0/controllable__r1__robot_xjwlog/base_footprint_z.
2026-05-12 16:15:24 [53,994ms] [Warning] [omni.physx.plugin] Invalid PhysX transform detected for /World/scene_0/controllable__r1__robot_xjwlog/base_footprint_rx.
2026-05-12 16:15:24 [53,994ms] [Warning] [omni.physx.plugin] Invalid PhysX transform detected for /World/scene_0/controllable__r1__robot_xjwlog/base_footprint_ry.
2026-05-12 16:15:24 [53,994ms] [Warning] [omni.physx.plugin] Invalid PhysX transform detected for /World/scene_0/controllable__r1__robot_xjwlog/base_footprint_rz.
2026-05-12 16:15:24 [53,994ms] [Warning] [omni.physx.plugin] Invalid PhysX transform detected for /World/scene_0/controllable__r1__robot_xjwlog/base_link.
2026-05-12 16:15:24 [53,994ms] [Warning] [omni.physx.plugin] Invalid PhysX transform detected for /World/scene_0/controllable__r1__robot_xjwlog/servo_link1.
2026-05-12 16:15:24 [53,994ms] [Warning] [omni.physx.plugin] Invalid PhysX transform detected for /World/scene_0/controllable__r1__robot_xjwlog/servo_link2.
2026-05-12 16:15:24 [53,994ms] [Warning] [omni.physx.plugin] Invalid PhysX transform detected for /World/scene_0/controllable__r1__robot_xjwlog/servo_link3.
2026-05-12 16:15:24 [53,994ms] [Warning] [omni.physx.plugin] Invalid PhysX transform detected for /World/scene_0/controllable__r1__robot_xjwlog/torso_link1.
2026-05-12 16:15:24 [53,994ms] [Warning] [omni.physx.plugin] Invalid PhysX transform detected for /World/scene_0/controllable__r1__robot_xjwlog/wheel_link1.
2026-05-12 16:15:24 [53,994ms] [Warning] [omni.physx.plugin] Invalid PhysX transform detected for /World/scene_0/controllable__r1__robot_xjwlog/wheel_link2.
2026-05-12 16:15:24 [53,994ms] [Warning] [omni.physx.plugin] Invalid PhysX transform detected for /World/scene_0/controllable__r1__robot_xjwlog/wheel_link3.
2026-05-12 16:15:24 [53,994ms] [Warning] [omni.physx.plugin] Invalid PhysX transform detected for /World/scene_0/controllable__r1__robot_xjwlog/torso_link2.
2026-05-12 16:15:24 [53,994ms] [Warning] [omni.physx.plugin] Invalid PhysX transform detected for /World/scene_0/controllable__r1__robot_xjwlog/torso_link3.
2026-05-12 16:15:24 [53,994ms] [Warning] [omni.physx.plugin] Invalid PhysX transform detected for /World/scene_0/controllable__r1__robot_xjwlog/torso_link4.
2026-05-12 16:15:24 [53,994ms] [Warning] [omni.physx.plugin] Invalid PhysX transform detected for /World/scene_0/controllable__r1__robot_xjwlog/left_arm_link1.
2026-05-12 16:15:24 [53,994ms] [Warning] [omni.physx.plugin] Invalid PhysX transform detected for /World/scene_0/controllable__r1__robot_xjwlog/right_arm_link1.
2026-05-12 16:15:24 [53,994ms] [Warning] [omni.physx.plugin] Invalid PhysX transform detected for /World/scene_0/controllable__r1__robot_xjwlog/eyes.
2026-05-12 16:15:24 [53,994ms] [Warning] [omni.physx.plugin] Invalid PhysX transform detected for /World/scene_0/controllable__r1__robot_xjwlog/left_arm_link2.
2026-05-12 16:15:24 [53,994ms] [Warning] [omni.physx.plugin] Invalid PhysX transform detected for /World/scene_0/controllable__r1__robot_xjwlog/right_arm_link2.
2026-05-12 16:15:24 [53,994ms] [Warning] [omni.physx.plugin] Invalid PhysX transform detected for /World/scene_0/controllable__r1__robot_xjwlog/left_arm_link3.
2026-05-12 16:15:24 [53,994ms] [Warning] [omni.physx.plugin] Invalid PhysX transform detected for /World/scene_0/controllable__r1__robot_xjwlog/right_arm_link3.
2026-05-12 16:15:24 [53,994ms] [Warning] [omni.physx.plugin] Invalid PhysX transform detected for /World/scene_0/controllable__r1__robot_xjwlog/left_arm_link4.
2026-05-12 16:15:24 [53,994ms] [Warning] [omni.physx.plugin] Invalid PhysX transform detected for /World/scene_0/controllable__r1__robot_xjwlog/right_arm_link4.
2026-05-12 16:15:24 [53,994ms] [Warning] [omni.physx.plugin] Invalid PhysX transform detected for /World/scene_0/controllable__r1__robot_xjwlog/left_arm_link5.
2026-05-12 16:15:24 [53,994ms] [Warning] [omni.physx.plugin] Invalid PhysX transform detected for /World/scene_0/controllable__r1__robot_xjwlog/right_arm_link5.
2026-05-12 16:15:24 [53,994ms] [Warning] [omni.physx.plugin] Invalid PhysX transform detected for /World/scene_0/controllable__r1__robot_xjwlog/left_arm_link6.
2026-05-12 16:15:24 [53,994ms] [Warning] [omni.physx.plugin] Invalid PhysX transform detected for /World/scene_0/controllable__r1__robot_xjwlog/right_arm_link6.
2026-05-12 16:15:24 [53,994ms] [Warning] [omni.physx.plugin] Invalid PhysX transform detected for /World/scene_0/controllable__r1__robot_xjwlog/left_gripper_link1.
2026-05-12 16:15:24 [53,994ms] [Warning] [omni.physx.plugin] Invalid PhysX transform detected for /World/scene_0/controllable__r1__robot_xjwlog/left_gripper_link2.
2026-05-12 16:15:24 [53,994ms] [Warning] [omni.physx.plugin] Invalid PhysX transform detected for /World/scene_0/controllable__r1__robot_xjwlog/left_eef_link.
2026-05-12 16:15:24 [53,994ms] [Warning] [omni.physx.plugin] Invalid PhysX transform detected for /World/scene_0/controllable__r1__robot_xjwlog/right_gripper_link1.
2026-05-12 16:15:24 [53,994ms] [Warning] [omni.physx.plugin] Invalid PhysX transform detected for /World/scene_0/controllable__r1__robot_xjwlog/right_gripper_link2.
2026-05-12 16:15:24 [53,994ms] [Warning] [omni.physx.plugin] Invalid PhysX transform detected for /World/scene_0/controllable__r1__robot_xjwlog/right_eef_link.
2026-05-12 16:15:24 [54,068ms] [Warning] [omni.physx.plugin] Invalid PhysX transform detected for /World/scene_0/controllable__r1__robot_xjwlog/base_footprint_y.
2026-05-12 16:15:24 [54,068ms] [Warning] [omni.physx.plugin] Invalid PhysX transform detected for /World/scene_0/controllable__r1__robot_xjwlog/base_footprint_z.
2026-05-12 16:15:24 [54,068ms] [Warning] [omni.physx.plugin] Invalid PhysX transform detected for /World/scene_0/controllable__r1__robot_xjwlog/base_footprint_rx.
2026-05-12 16:15:24 [54,068ms] [Warning] [omni.physx.plugin] Invalid PhysX transform detected for /World/scene_0/controllable__r1__robot_xjwlog/base_footprint_ry.
2026-05-12 16:15:24 [54,068ms] [Warning] [omni.physx.plugin] Invalid PhysX transform detected for /World/scene_0/controllable__r1__robot_xjwlog/base_footprint_rz.
2026-05-12 16:15:24 [54,068ms] [Warning] [omni.physx.plugin] Invalid PhysX transform detected for /World/scene_0/controllable__r1__robot_xjwlog/base_link.
2026-05-12 16:15:24 [54,068ms] [Warning] [omni.physx.plugin] Invalid PhysX transform detected for /World/scene_0/controllable__r1__robot_xjwlog/servo_link1.
2026-05-12 16:15:24 [54,068ms] [Warning] [omni.physx.plugin] Invalid PhysX transform detected for /World/scene_0/controllable__r1__robot_xjwlog/servo_link2.
2026-05-12 16:15:24 [54,068ms] [Warning] [omni.physx.plugin] Invalid PhysX transform detected for /World/scene_0/controllable__r1__robot_xjwlog/servo_link3.
2026-05-12 16:15:24 [54,068ms] [Warning] [omni.physx.plugin] Invalid PhysX transform detected for /World/scene_0/controllable__r1__robot_xjwlog/torso_link1.
2026-05-12 16:15:24 [54,068ms] [Warning] [omni.physx.plugin] Invalid PhysX transform detected for /World/scene_0/controllable__r1__robot_xjwlog/wheel_link1.
2026-05-12 16:15:24 [54,068ms] [Warning] [omni.physx.plugin] Invalid PhysX transform detected for /World/scene_0/controllable__r1__robot_xjwlog/wheel_link2.
2026-05-12 16:15:24 [54,068ms] [Warning] [omni.physx.plugin] Invalid PhysX transform detected for /World/scene_0/controllable__r1__robot_xjwlog/wheel_link3.
2026-05-12 16:15:24 [54,068ms] [Warning] [omni.physx.plugin] Invalid PhysX transform detected for /World/scene_0/controllable__r1__robot_xjwlog/torso_link2.
2026-05-12 16:15:24 [54,068ms] [Warning] [omni.physx.plugin] Invalid PhysX transform detected for /World/scene_0/controllable__r1__robot_xjwlog/torso_link3.
2026-05-12 16:15:24 [54,068ms] [Warning] [omni.physx.plugin] Invalid PhysX transform detected for /World/scene_0/controllable__r1__robot_xjwlog/torso_link4.
2026-05-12 16:15:24 [54,068ms] [Warning] [omni.physx.plugin] Invalid PhysX transform detected for /World/scene_0/controllable__r1__robot_xjwlog/left_arm_link1.
2026-05-12 16:15:24 [54,068ms] [Warning] [omni.physx.plugin] Invalid PhysX transform detected for /World/scene_0/controllable__r1__robot_xjwlog/right_arm_link1.
2026-05-12 16:15:24 [54,068ms] [Warning] [omni.physx.plugin] Invalid PhysX transform detected for /World/scene_0/controllable__r1__robot_xjwlog/eyes.
2026-05-12 16:15:24 [54,068ms] [Warning] [omni.physx.plugin] Invalid PhysX transform detected for /World/scene_0/controllable__r1__robot_xjwlog/left_arm_link2.
2026-05-12 16:15:24 [54,068ms] [Warning] [omni.physx.plugin] Invalid PhysX transform detected for /World/scene_0/controllable__r1__robot_xjwlog/right_arm_link2.
2026-05-12 16:15:24 [54,068ms] [Warning] [omni.physx.plugin] Invalid PhysX transform detected for /World/scene_0/controllable__r1__robot_xjwlog/left_arm_link3.
2026-05-12 16:15:24 [54,068ms] [Warning] [omni.physx.plugin] Invalid PhysX transform detected for /World/scene_0/controllable__r1__robot_xjwlog/right_arm_link3.
2026-05-12 16:15:24 [54,068ms] [Warning] [omni.physx.plugin] Invalid PhysX transform detected for /World/scene_0/controllable__r1__robot_xjwlog/left_arm_link4.
2026-05-12 16:15:24 [54,068ms] [Warning] [omni.physx.plugin] Invalid PhysX transform detected for /World/scene_0/controllable__r1__robot_xjwlog/right_arm_link4.
2026-05-12 16:15:24 [54,068ms] [Warning] [omni.physx.plugin] Invalid PhysX transform detected for /World/scene_0/controllable__r1__robot_xjwlog/left_arm_link5.
2026-05-12 16:15:24 [54,068ms] [Warning] [omni.physx.plugin] Invalid PhysX transform detected for /World/scene_0/controllable__r1__robot_xjwlog/right_arm_link5.
2026-05-12 16:15:24 [54,068ms] [Warning] [omni.physx.plugin] Invalid PhysX transform detected for /World/scene_0/controllable__r1__robot_xjwlog/left_arm_link6.
2026-05-12 16:15:24 [54,068ms] [Warning] [omni.physx.plugin] Invalid PhysX transform detected for /World/scene_0/controllable__r1__robot_xjwlog/right_arm_link6.
2026-05-12 16:15:24 [54,068ms] [Warning] [omni.physx.plugin] Invalid PhysX transform detected for /World/scene_0/controllable__r1__robot_xjwlog/left_gripper_link1.
2026-05-12 16:15:24 [54,068ms] [Warning] [omni.physx.plugin] Invalid PhysX transform detected for /World/scene_0/controllable__r1__robot_xjwlog/left_gripper_link2.
2026-05-12 16:15:24 [54,068ms] [Warning] [omni.physx.plugin] Invalid PhysX transform detected for /World/scene_0/controllable__r1__robot_xjwlog/left_eef_link.
2026-05-12 16:15:24 [54,068ms] [Warning] [omni.physx.plugin] Invalid PhysX transform detected for /World/scene_0/controllable__r1__robot_xjwlog/right_gripper_link1.
2026-05-12 16:15:24 [54,068ms] [Warning] [omni.physx.plugin] Invalid PhysX transform detected for /World/scene_0/controllable__r1__robot_xjwlog/right_gripper_link2.
2026-05-12 16:15:24 [54,068ms] [Warning] [omni.physx.plugin] Invalid PhysX transform detected for /World/scene_0/controllable__r1__robot_xjwlog/right_eef_link.
2026-05-12 16:15:24 [54,149ms] [Warning] [omni.physx.plugin] Invalid PhysX transform detected for /World/scene_0/controllable__r1__robot_xjwlog/base_footprint_y.
2026-05-12 16:15:24 [54,149ms] [Warning] [omni.physx.plugin] Invalid PhysX transform detected for /World/scene_0/controllable__r1__robot_xjwlog/base_footprint_z.
2026-05-12 16:15:24 [54,149ms] [Warning] [omni.physx.plugin] Invalid PhysX transform detected for /World/scene_0/controllable__r1__robot_xjwlog/base_footprint_rx.
2026-05-12 16:15:24 [54,149ms] [Warning] [omni.physx.plugin] Invalid PhysX transform detected for /World/scene_0/controllable__r1__robot_xjwlog/base_footprint_ry.
2026-05-12 16:15:24 [54,149ms] [Warning] [omni.physx.plugin] Invalid PhysX transform detected for /World/scene_0/controllable__r1__robot_xjwlog/base_footprint_rz.
2026-05-12 16:15:24 [54,149ms] [Warning] [omni.physx.plugin] Invalid PhysX transform detected for /World/scene_0/controllable__r1__robot_xjwlog/base_link.
2026-05-12 16:15:24 [54,149ms] [Warning] [omni.physx.plugin] Invalid PhysX transform detected for /World/scene_0/controllable__r1__robot_xjwlog/servo_link1.
2026-05-12 16:15:24 [54,149ms] [Warning] [omni.physx.plugin] Invalid PhysX transform detected for /World/scene_0/controllable__r1__robot_xjwlog/servo_link2.
2026-05-12 16:15:24 [54,149ms] [Warning] [omni.physx.plugin] Invalid PhysX transform detected for /World/scene_0/controllable__r1__robot_xjwlog/servo_link3.
2026-05-12 16:15:24 [54,149ms] [Warning] [omni.physx.plugin] Invalid PhysX transform detected for /World/scene_0/controllable__r1__robot_xjwlog/torso_link1.
2026-05-12 16:15:24 [54,149ms] [Warning] [omni.physx.plugin] Invalid PhysX transform detected for /World/scene_0/controllable__r1__robot_xjwlog/wheel_link1.
2026-05-12 16:15:24 [54,149ms] [Warning] [omni.physx.plugin] Invalid PhysX transform detected for /World/scene_0/controllable__r1__robot_xjwlog/wheel_link2.
2026-05-12 16:15:24 [54,149ms] [Warning] [omni.physx.plugin] Invalid PhysX transform detected for /World/scene_0/controllable__r1__robot_xjwlog/wheel_link3.
2026-05-12 16:15:24 [54,149ms] [Warning] [omni.physx.plugin] Invalid PhysX transform detected for /World/scene_0/controllable__r1__robot_xjwlog/torso_link2.
2026-05-12 16:15:24 [54,149ms] [Warning] [omni.physx.plugin] Invalid PhysX transform detected for /World/scene_0/controllable__r1__robot_xjwlog/torso_link3.
2026-05-12 16:15:24 [54,149ms] [Warning] [omni.physx.plugin] Invalid PhysX transform detected for /World/scene_0/controllable__r1__robot_xjwlog/torso_link4.
2026-05-12 16:15:24 [54,149ms] [Warning] [omni.physx.plugin] Invalid PhysX transform detected for /World/scene_0/controllable__r1__robot_xjwlog/left_arm_link1.
2026-05-12 16:15:24 [54,149ms] [Warning] [omni.physx.plugin] Invalid PhysX transform detected for /World/scene_0/controllable__r1__robot_xjwlog/right_arm_link1.
2026-05-12 16:15:24 [54,149ms] [Warning] [omni.physx.plugin] Invalid PhysX transform detected for /World/scene_0/controllable__r1__robot_xjwlog/eyes.
2026-05-12 16:15:24 [54,149ms] [Warning] [omni.physx.plugin] Invalid PhysX transform detected for /World/scene_0/controllable__r1__robot_xjwlog/left_arm_link2.
2026-05-12 16:15:24 [54,149ms] [Warning] [omni.physx.plugin] Invalid PhysX transform detected for /World/scene_0/controllable__r1__robot_xjwlog/right_arm_link2.
2026-05-12 16:15:24 [54,149ms] [Warning] [omni.physx.plugin] Invalid PhysX transform detected for /World/scene_0/controllable__r1__robot_xjwlog/left_arm_link3.
2026-05-12 16:15:24 [54,149ms] [Warning] [omni.physx.plugin] Invalid PhysX transform detected for /World/scene_0/controllable__r1__robot_xjwlog/right_arm_link3.
2026-05-12 16:15:24 [54,149ms] [Warning] [omni.physx.plugin] Invalid PhysX transform detected for /World/scene_0/controllable__r1__robot_xjwlog/left_arm_link4.
2026-05-12 16:15:24 [54,149ms] [Warning] [omni.physx.plugin] Invalid PhysX transform detected for /World/scene_0/controllable__r1__robot_xjwlog/right_arm_link4.
2026-05-12 16:15:24 [54,149ms] [Warning] [omni.physx.plugin] Invalid PhysX transform detected for /World/scene_0/controllable__r1__robot_xjwlog/left_arm_link5.
2026-05-12 16:15:24 [54,149ms] [Warning] [omni.physx.plugin] Invalid PhysX transform detected for /World/scene_0/controllable__r1__robot_xjwlog/right_arm_link5.
2026-05-12 16:15:24 [54,149ms] [Warning] [omni.physx.plugin] Invalid PhysX transform detected for /World/scene_0/controllable__r1__robot_xjwlog/left_arm_link6.
2026-05-12 16:15:24 [54,149ms] [Warning] [omni.physx.plugin] Invalid PhysX transform detected for /World/scene_0/controllable__r1__robot_xjwlog/right_arm_link6.
2026-05-12 16:15:24 [54,149ms] [Warning] [omni.physx.plugin] Invalid PhysX transform detected for /World/scene_0/controllable__r1__robot_xjwlog/left_gripper_link1.
2026-05-12 16:15:24 [54,149ms] [Warning] [omni.physx.plugin] Invalid PhysX transform detected for /World/scene_0/controllable__r1__robot_xjwlog/left_gripper_link2.
2026-05-12 16:15:24 [54,149ms] [Warning] [omni.physx.plugin] Invalid PhysX transform detected for /World/scene_0/controllable__r1__robot_xjwlog/left_eef_link.
2026-05-12 16:15:24 [54,149ms] [Warning] [omni.physx.plugin] Invalid PhysX transform detected for /World/scene_0/controllable__r1__robot_xjwlog/right_gripper_link1.
2026-05-12 16:15:24 [54,149ms] [Warning] [omni.physx.plugin] Invalid PhysX transform detected for /World/scene_0/controllable__r1__robot_xjwlog/right_gripper_link2.
2026-05-12 16:15:24 [54,149ms] [Warning] [omni.physx.plugin] Invalid PhysX transform detected for /World/scene_0/controllable__r1__robot_xjwlog/right_eef_link.
2026-05-12 16:15:24 [54,224ms] [Warning] [omni.physx.plugin] Invalid PhysX transform detected for /World/scene_0/controllable__r1__robot_xjwlog/base_footprint_y.
2026-05-12 16:15:24 [54,224ms] [Warning] [omni.physx.plugin] Invalid PhysX transform detected for /World/scene_0/controllable__r1__robot_xjwlog/base_footprint_z.
2026-05-12 16:15:24 [54,224ms] [Warning] [omni.physx.plugin] Invalid PhysX transform detected for /World/scene_0/controllable__r1__robot_xjwlog/base_footprint_rx.
2026-05-12 16:15:24 [54,224ms] [Warning] [omni.physx.plugin] Invalid PhysX transform detected for /World/scene_0/controllable__r1__robot_xjwlog/base_footprint_ry.
2026-05-12 16:15:24 [54,224ms] [Warning] [omni.physx.plugin] Invalid PhysX transform detected for /World/scene_0/controllable__r1__robot_xjwlog/base_footprint_rz.
2026-05-12 16:15:24 [54,224ms] [Warning] [omni.physx.plugin] Invalid PhysX transform detected for /World/scene_0/controllable__r1__robot_xjwlog/base_link.
2026-05-12 16:15:24 [54,224ms] [Warning] [omni.physx.plugin] Invalid PhysX transform detected for /World/scene_0/controllable__r1__robot_xjwlog/servo_link1.
2026-05-12 16:15:24 [54,224ms] [Warning] [omni.physx.plugin] Invalid PhysX transform detected for /World/scene_0/controllable__r1__robot_xjwlog/servo_link2.
2026-05-12 16:15:24 [54,224ms] [Warning] [omni.physx.plugin] Invalid PhysX transform detected for /World/scene_0/controllable__r1__robot_xjwlog/servo_link3.
2026-05-12 16:15:24 [54,224ms] [Warning] [omni.physx.plugin] Invalid PhysX transform detected for /World/scene_0/controllable__r1__robot_xjwlog/torso_link1.
2026-05-12 16:15:24 [54,224ms] [Warning] [omni.physx.plugin] Invalid PhysX transform detected for /World/scene_0/controllable__r1__robot_xjwlog/wheel_link1.
2026-05-12 16:15:24 [54,224ms] [Warning] [omni.physx.plugin] Invalid PhysX transform detected for /World/scene_0/controllable__r1__robot_xjwlog/wheel_link2.
2026-05-12 16:15:24 [54,224ms] [Warning] [omni.physx.plugin] Invalid PhysX transform detected for /World/scene_0/controllable__r1__robot_xjwlog/wheel_link3.
2026-05-12 16:15:24 [54,224ms] [Warning] [omni.physx.plugin] Invalid PhysX transform detected for /World/scene_0/controllable__r1__robot_xjwlog/torso_link2.
2026-05-12 16:15:24 [54,224ms] [Warning] [omni.physx.plugin] Invalid PhysX transform detected for /World/scene_0/controllable__r1__robot_xjwlog/torso_link3.
2026-05-12 16:15:24 [54,224ms] [Warning] [omni.physx.plugin] Invalid PhysX transform detected for /World/scene_0/controllable__r1__robot_xjwlog/torso_link4.
2026-05-12 16:15:24 [54,224ms] [Warning] [omni.physx.plugin] Invalid PhysX transform detected for /World/scene_0/controllable__r1__robot_xjwlog/left_arm_link1.
2026-05-12 16:15:24 [54,224ms] [Warning] [omni.physx.plugin] Invalid PhysX transform detected for /World/scene_0/controllable__r1__robot_xjwlog/right_arm_link1.
2026-05-12 16:15:24 [54,224ms] [Warning] [omni.physx.plugin] Invalid PhysX transform detected for /World/scene_0/controllable__r1__robot_xjwlog/eyes.
2026-05-12 16:15:24 [54,224ms] [Warning] [omni.physx.plugin] Invalid PhysX transform detected for /World/scene_0/controllable__r1__robot_xjwlog/left_arm_link2.
2026-05-12 16:15:24 [54,224ms] [Warning] [omni.physx.plugin] Invalid PhysX transform detected for /World/scene_0/controllable__r1__robot_xjwlog/right_arm_link2.
2026-05-12 16:15:24 [54,224ms] [Warning] [omni.physx.plugin] Invalid PhysX transform detected for /World/scene_0/controllable__r1__robot_xjwlog/left_arm_link3.
2026-05-12 16:15:24 [54,224ms] [Warning] [omni.physx.plugin] Invalid PhysX transform detected for /World/scene_0/controllable__r1__robot_xjwlog/right_arm_link3.
2026-05-12 16:15:24 [54,224ms] [Warning] [omni.physx.plugin] Invalid PhysX transform detected for /World/scene_0/controllable__r1__robot_xjwlog/left_arm_link4.
2026-05-12 16:15:24 [54,224ms] [Warning] [omni.physx.plugin] Invalid PhysX transform detected for /World/scene_0/controllable__r1__robot_xjwlog/right_arm_link4.
2026-05-12 16:15:24 [54,224ms] [Warning] [omni.physx.plugin] Invalid PhysX transform detected for /World/scene_0/controllable__r1__robot_xjwlog/left_arm_link5.
2026-05-12 16:15:24 [54,224ms] [Warning] [omni.physx.plugin] Invalid PhysX transform detected for /World/scene_0/controllable__r1__robot_xjwlog/right_arm_link5.
2026-05-12 16:15:24 [54,224ms] [Warning] [omni.physx.plugin] Invalid PhysX transform detected for /World/scene_0/controllable__r1__robot_xjwlog/left_arm_link6.
2026-05-12 16:15:24 [54,224ms] [Warning] [omni.physx.plugin] Invalid PhysX transform detected for /World/scene_0/controllable__r1__robot_xjwlog/right_arm_link6.
2026-05-12 16:15:24 [54,224ms] [Warning] [omni.physx.plugin] Invalid PhysX transform detected for /World/scene_0/controllable__r1__robot_xjwlog/left_gripper_link1.
2026-05-12 16:15:24 [54,224ms] [Warning] [omni.physx.plugin] Invalid PhysX transform detected for /World/scene_0/controllable__r1__robot_xjwlog/left_gripper_link2.
2026-05-12 16:15:24 [54,224ms] [Warning] [omni.physx.plugin] Invalid PhysX transform detected for /World/scene_0/controllable__r1__robot_xjwlog/left_eef_link.
2026-05-12 16:15:24 [54,224ms] [Warning] [omni.physx.plugin] Invalid PhysX transform detected for /World/scene_0/controllable__r1__robot_xjwlog/right_gripper_link1.
2026-05-12 16:15:24 [54,224ms] [Warning] [omni.physx.plugin] Invalid PhysX transform detected for /World/scene_0/controllable__r1__robot_xjwlog/right_gripper_link2.
2026-05-12 16:15:24 [54,224ms] [Warning] [omni.physx.plugin] Invalid PhysX transform detected for /World/scene_0/controllable__r1__robot_xjwlog/right_eef_link.
2026-05-12 16:15:24 [54,299ms] [Warning] [omni.physx.plugin] Invalid PhysX transform detected for /World/scene_0/controllable__r1__robot_xjwlog/base_footprint_y.
2026-05-12 16:15:24 [54,299ms] [Warning] [omni.physx.plugin] Invalid PhysX transform detected for /World/scene_0/controllable__r1__robot_xjwlog/base_footprint_z.
2026-05-12 16:15:24 [54,299ms] [Warning] [omni.physx.plugin] Invalid PhysX transform detected for /World/scene_0/controllable__r1__robot_xjwlog/base_footprint_rx.
2026-05-12 16:15:24 [54,299ms] [Warning] [omni.physx.plugin] Invalid PhysX transform detected for /World/scene_0/controllable__r1__robot_xjwlog/base_footprint_ry.
2026-05-12 16:15:24 [54,299ms] [Warning] [omni.physx.plugin] Invalid PhysX transform detected for /World/scene_0/controllable__r1__robot_xjwlog/base_footprint_rz.
2026-05-12 16:15:24 [54,299ms] [Warning] [omni.physx.plugin] Invalid PhysX transform detected for /World/scene_0/controllable__r1__robot_xjwlog/base_link.
2026-05-12 16:15:24 [54,299ms] [Warning] [omni.physx.plugin] Invalid PhysX transform detected for /World/scene_0/controllable__r1__robot_xjwlog/servo_link1.
2026-05-12 16:15:24 [54,299ms] [Warning] [omni.physx.plugin] Invalid PhysX transform detected for /World/scene_0/controllable__r1__robot_xjwlog/servo_link2.
2026-05-12 16:15:24 [54,299ms] [Warning] [omni.physx.plugin] Invalid PhysX transform detected for /World/scene_0/controllable__r1__robot_xjwlog/servo_link3.
2026-05-12 16:15:24 [54,299ms] [Warning] [omni.physx.plugin] Invalid PhysX transform detected for /World/scene_0/controllable__r1__robot_xjwlog/torso_link1.
2026-05-12 16:15:24 [54,299ms] [Warning] [omni.physx.plugin] Invalid PhysX transform detected for /World/scene_0/controllable__r1__robot_xjwlog/wheel_link1.
2026-05-12 16:15:24 [54,299ms] [Warning] [omni.physx.plugin] Invalid PhysX transform detected for /World/scene_0/controllable__r1__robot_xjwlog/wheel_link2.
2026-05-12 16:15:24 [54,299ms] [Warning] [omni.physx.plugin] Invalid PhysX transform detected for /World/scene_0/controllable__r1__robot_xjwlog/wheel_link3.
2026-05-12 16:15:24 [54,299ms] [Warning] [omni.physx.plugin] Invalid PhysX transform detected for /World/scene_0/controllable__r1__robot_xjwlog/torso_link2.
2026-05-12 16:15:24 [54,299ms] [Warning] [omni.physx.plugin] Invalid PhysX transform detected for /World/scene_0/controllable__r1__robot_xjwlog/torso_link3.
2026-05-12 16:15:24 [54,299ms] [Warning] [omni.physx.plugin] Invalid PhysX transform detected for /World/scene_0/controllable__r1__robot_xjwlog/torso_link4.
2026-05-12 16:15:24 [54,299ms] [Warning] [omni.physx.plugin] Invalid PhysX transform detected for /World/scene_0/controllable__r1__robot_xjwlog/left_arm_link1.
2026-05-12 16:15:24 [54,299ms] [Warning] [omni.physx.plugin] Invalid PhysX transform detected for /World/scene_0/controllable__r1__robot_xjwlog/right_arm_link1.
2026-05-12 16:15:24 [54,299ms] [Warning] [omni.physx.plugin] Invalid PhysX transform detected for /World/scene_0/controllable__r1__robot_xjwlog/eyes.
2026-05-12 16:15:24 [54,299ms] [Warning] [omni.physx.plugin] Invalid PhysX transform detected for /World/scene_0/controllable__r1__robot_xjwlog/left_arm_link2.
2026-05-12 16:15:24 [54,299ms] [Warning] [omni.physx.plugin] Invalid PhysX transform detected for /World/scene_0/controllable__r1__robot_xjwlog/right_arm_link2.
2026-05-12 16:15:24 [54,299ms] [Warning] [omni.physx.plugin] Invalid PhysX transform detected for /World/scene_0/controllable__r1__robot_xjwlog/left_arm_link3.
2026-05-12 16:15:24 [54,299ms] [Warning] [omni.physx.plugin] Invalid PhysX transform detected for /World/scene_0/controllable__r1__robot_xjwlog/right_arm_link3.
2026-05-12 16:15:24 [54,299ms] [Warning] [omni.physx.plugin] Invalid PhysX transform detected for /World/scene_0/controllable__r1__robot_xjwlog/left_arm_link4.
2026-05-12 16:15:24 [54,299ms] [Warning] [omni.physx.plugin] Invalid PhysX transform detected for /World/scene_0/controllable__r1__robot_xjwlog/right_arm_link4.
2026-05-12 16:15:24 [54,299ms] [Warning] [omni.physx.plugin] Invalid PhysX transform detected for /World/scene_0/controllable__r1__robot_xjwlog/left_arm_link5.
2026-05-12 16:15:24 [54,299ms] [Warning] [omni.physx.plugin] Invalid PhysX transform detected for /World/scene_0/controllable__r1__robot_xjwlog/right_arm_link5.
2026-05-12 16:15:24 [54,299ms] [Warning] [omni.physx.plugin] Invalid PhysX transform detected for /World/scene_0/controllable__r1__robot_xjwlog/left_arm_link6.
2026-05-12 16:15:24 [54,299ms] [Warning] [omni.physx.plugin] Invalid PhysX transform detected for /World/scene_0/controllable__r1__robot_xjwlog/right_arm_link6.
2026-05-12 16:15:24 [54,299ms] [Warning] [omni.physx.plugin] Invalid PhysX transform detected for /World/scene_0/controllable__r1__robot_xjwlog/left_gripper_link1.
2026-05-12 16:15:24 [54,299ms] [Warning] [omni.physx.plugin] Invalid PhysX transform detected for /World/scene_0/controllable__r1__robot_xjwlog/left_gripper_link2.
2026-05-12 16:15:24 [54,299ms] [Warning] [omni.physx.plugin] Invalid PhysX transform detected for /World/scene_0/controllable__r1__robot_xjwlog/left_eef_link.
2026-05-12 16:15:24 [54,299ms] [Warning] [omni.physx.plugin] Invalid PhysX transform detected for /World/scene_0/controllable__r1__robot_xjwlog/right_gripper_link1.
2026-05-12 16:15:24 [54,299ms] [Warning] [omni.physx.plugin] Invalid PhysX transform detected for /World/scene_0/controllable__r1__robot_xjwlog/right_gripper_link2.
2026-05-12 16:15:24 [54,299ms] [Warning] [omni.physx.plugin] Invalid PhysX transform detected for /World/scene_0/controllable__r1__robot_xjwlog/right_eef_link.
2026-05-12 16:15:24 [54,299ms] [Warning] [omni.physx.plugin] Invalid PhysX transform detected for /World/scene_0/cover_small_item_render_item_4175346132/base_link.
2026-05-12 16:15:24 [54,299ms] [Warning] [omni.physx.plugin] Invalid PhysX transform detected for /World/scene_0/cover_small_item_render_item_4175346132/glass.
2026-05-12 16:15:24 [54,376ms] [Warning] [omni.physx.plugin] Invalid PhysX transform detected for /World/scene_0/controllable__r1__robot_xjwlog/base_footprint_y.
2026-05-12 16:15:24 [54,376ms] [Warning] [omni.physx.plugin] Invalid PhysX transform detected for /World/scene_0/controllable__r1__robot_xjwlog/base_footprint_z.
2026-05-12 16:15:24 [54,376ms] [Warning] [omni.physx.plugin] Invalid PhysX transform detected for /World/scene_0/controllable__r1__robot_xjwlog/base_footprint_rx.
2026-05-12 16:15:24 [54,376ms] [Warning] [omni.physx.plugin] Invalid PhysX transform detected for /World/scene_0/controllable__r1__robot_xjwlog/base_footprint_ry.
2026-05-12 16:15:24 [54,376ms] [Warning] [omni.physx.plugin] Invalid PhysX transform detected for /World/scene_0/controllable__r1__robot_xjwlog/base_footprint_rz.
2026-05-12 16:15:24 [54,376ms] [Warning] [omni.physx.plugin] Invalid PhysX transform detected for /World/scene_0/controllable__r1__robot_xjwlog/base_link.
2026-05-12 16:15:24 [54,376ms] [Warning] [omni.physx.plugin] Invalid PhysX transform detected for /World/scene_0/controllable__r1__robot_xjwlog/servo_link1.
2026-05-12 16:15:24 [54,376ms] [Warning] [omni.physx.plugin] Invalid PhysX transform detected for /World/scene_0/controllable__r1__robot_xjwlog/servo_link2.
2026-05-12 16:15:24 [54,376ms] [Warning] [omni.physx.plugin] Invalid PhysX transform detected for /World/scene_0/controllable__r1__robot_xjwlog/servo_link3.
2026-05-12 16:15:24 [54,376ms] [Warning] [omni.physx.plugin] Invalid PhysX transform detected for /World/scene_0/controllable__r1__robot_xjwlog/torso_link1.
2026-05-12 16:15:24 [54,376ms] [Warning] [omni.physx.plugin] Invalid PhysX transform detected for /World/scene_0/controllable__r1__robot_xjwlog/wheel_link1.
2026-05-12 16:15:24 [54,376ms] [Warning] [omni.physx.plugin] Invalid PhysX transform detected for /World/scene_0/controllable__r1__robot_xjwlog/wheel_link2.
2026-05-12 16:15:24 [54,376ms] [Warning] [omni.physx.plugin] Invalid PhysX transform detected for /World/scene_0/controllable__r1__robot_xjwlog/wheel_link3.
2026-05-12 16:15:24 [54,376ms] [Warning] [omni.physx.plugin] Invalid PhysX transform detected for /World/scene_0/controllable__r1__robot_xjwlog/torso_link2.
2026-05-12 16:15:24 [54,376ms] [Warning] [omni.physx.plugin] Invalid PhysX transform detected for /World/scene_0/controllable__r1__robot_xjwlog/torso_link3.
2026-05-12 16:15:24 [54,376ms] [Warning] [omni.physx.plugin] Invalid PhysX transform detected for /World/scene_0/controllable__r1__robot_xjwlog/torso_link4.
2026-05-12 16:15:24 [54,376ms] [Warning] [omni.physx.plugin] Invalid PhysX transform detected for /World/scene_0/controllable__r1__robot_xjwlog/left_arm_link1.
2026-05-12 16:15:24 [54,376ms] [Warning] [omni.physx.plugin] Invalid PhysX transform detected for /World/scene_0/controllable__r1__robot_xjwlog/right_arm_link1.
2026-05-12 16:15:24 [54,376ms] [Warning] [omni.physx.plugin] Invalid PhysX transform detected for /World/scene_0/controllable__r1__robot_xjwlog/eyes.
2026-05-12 16:15:24 [54,376ms] [Warning] [omni.physx.plugin] Invalid PhysX transform detected for /World/scene_0/controllable__r1__robot_xjwlog/left_arm_link2.
2026-05-12 16:15:24 [54,376ms] [Warning] [omni.physx.plugin] Invalid PhysX transform detected for /World/scene_0/controllable__r1__robot_xjwlog/right_arm_link2.
2026-05-12 16:15:24 [54,376ms] [Warning] [omni.physx.plugin] Invalid PhysX transform detected for /World/scene_0/controllable__r1__robot_xjwlog/left_arm_link3.
2026-05-12 16:15:24 [54,376ms] [Warning] [omni.physx.plugin] Invalid PhysX transform detected for /World/scene_0/controllable__r1__robot_xjwlog/right_arm_link3.
2026-05-12 16:15:24 [54,376ms] [Warning] [omni.physx.plugin] Invalid PhysX transform detected for /World/scene_0/controllable__r1__robot_xjwlog/left_arm_link4.
2026-05-12 16:15:24 [54,376ms] [Warning] [omni.physx.plugin] Invalid PhysX transform detected for /World/scene_0/controllable__r1__robot_xjwlog/right_arm_link4.
2026-05-12 16:15:24 [54,376ms] [Warning] [omni.physx.plugin] Invalid PhysX transform detected for /World/scene_0/controllable__r1__robot_xjwlog/left_arm_link5.
2026-05-12 16:15:24 [54,376ms] [Warning] [omni.physx.plugin] Invalid PhysX transform detected for /World/scene_0/controllable__r1__robot_xjwlog/right_arm_link5.
2026-05-12 16:15:24 [54,376ms] [Warning] [omni.physx.plugin] Invalid PhysX transform detected for /World/scene_0/controllable__r1__robot_xjwlog/left_arm_link6.
2026-05-12 16:15:24 [54,376ms] [Warning] [omni.physx.plugin] Invalid PhysX transform detected for /World/scene_0/controllable__r1__robot_xjwlog/right_arm_link6.
2026-05-12 16:15:24 [54,376ms] [Warning] [omni.physx.plugin] Invalid PhysX transform detected for /World/scene_0/controllable__r1__robot_xjwlog/left_gripper_link1.
2026-05-12 16:15:24 [54,376ms] [Warning] [omni.physx.plugin] Invalid PhysX transform detected for /World/scene_0/controllable__r1__robot_xjwlog/left_gripper_link2.
2026-05-12 16:15:24 [54,376ms] [Warning] [omni.physx.plugin] Invalid PhysX transform detected for /World/scene_0/controllable__r1__robot_xjwlog/left_eef_link.
2026-05-12 16:15:24 [54,376ms] [Warning] [omni.physx.plugin] Invalid PhysX transform detected for /World/scene_0/controllable__r1__robot_xjwlog/right_gripper_link1.
2026-05-12 16:15:24 [54,376ms] [Warning] [omni.physx.plugin] Invalid PhysX transform detected for /World/scene_0/controllable__r1__robot_xjwlog/right_gripper_link2.
2026-05-12 16:15:24 [54,376ms] [Warning] [omni.physx.plugin] Invalid PhysX transform detected for /World/scene_0/controllable__r1__robot_xjwlog/right_eef_link.
2026-05-12 16:15:24 [54,377ms] [Warning] [omni.physx.plugin] Invalid PhysX transform detected for /World/scene_0/cover_small_item_render_item_4175346132/base_link.
2026-05-12 16:15:24 [54,377ms] [Warning] [omni.physx.plugin] Invalid PhysX transform detected for /World/scene_0/cover_small_item_render_item_4175346132/glass.
2026-05-12 16:15:24 [54,460ms] [Warning] [omni.physx.plugin] Invalid PhysX transform detected for /World/scene_0/controllable__r1__robot_xjwlog/base_footprint_y.
2026-05-12 16:15:24 [54,460ms] [Warning] [omni.physx.plugin] Invalid PhysX transform detected for /World/scene_0/controllable__r1__robot_xjwlog/base_footprint_z.
2026-05-12 16:15:24 [54,460ms] [Warning] [omni.physx.plugin] Invalid PhysX transform detected for /World/scene_0/controllable__r1__robot_xjwlog/base_footprint_rx.
2026-05-12 16:15:24 [54,460ms] [Warning] [omni.physx.plugin] Invalid PhysX transform detected for /World/scene_0/controllable__r1__robot_xjwlog/base_footprint_ry.
2026-05-12 16:15:24 [54,460ms] [Warning] [omni.physx.plugin] Invalid PhysX transform detected for /World/scene_0/controllable__r1__robot_xjwlog/base_footprint_rz.
2026-05-12 16:15:24 [54,460ms] [Warning] [omni.physx.plugin] Invalid PhysX transform detected for /World/scene_0/controllable__r1__robot_xjwlog/base_link.
2026-05-12 16:15:24 [54,460ms] [Warning] [omni.physx.plugin] Invalid PhysX transform detected for /World/scene_0/controllable__r1__robot_xjwlog/servo_link1.
2026-05-12 16:15:24 [54,460ms] [Warning] [omni.physx.plugin] Invalid PhysX transform detected for /World/scene_0/controllable__r1__robot_xjwlog/servo_link2.
2026-05-12 16:15:24 [54,460ms] [Warning] [omni.physx.plugin] Invalid PhysX transform detected for /World/scene_0/controllable__r1__robot_xjwlog/servo_link3.
2026-05-12 16:15:24 [54,460ms] [Warning] [omni.physx.plugin] Invalid PhysX transform detected for /World/scene_0/controllable__r1__robot_xjwlog/torso_link1.
2026-05-12 16:15:24 [54,460ms] [Warning] [omni.physx.plugin] Invalid PhysX transform detected for /World/scene_0/controllable__r1__robot_xjwlog/wheel_link1.
2026-05-12 16:15:24 [54,460ms] [Warning] [omni.physx.plugin] Invalid PhysX transform detected for /World/scene_0/controllable__r1__robot_xjwlog/wheel_link2.
2026-05-12 16:15:24 [54,460ms] [Warning] [omni.physx.plugin] Invalid PhysX transform detected for /World/scene_0/controllable__r1__robot_xjwlog/wheel_link3.
2026-05-12 16:15:24 [54,460ms] [Warning] [omni.physx.plugin] Invalid PhysX transform detected for /World/scene_0/controllable__r1__robot_xjwlog/torso_link2.
2026-05-12 16:15:24 [54,460ms] [Warning] [omni.physx.plugin] Invalid PhysX transform detected for /World/scene_0/controllable__r1__robot_xjwlog/torso_link3.
2026-05-12 16:15:24 [54,460ms] [Warning] [omni.physx.plugin] Invalid PhysX transform detected for /World/scene_0/controllable__r1__robot_xjwlog/torso_link4.
2026-05-12 16:15:24 [54,460ms] [Warning] [omni.physx.plugin] Invalid PhysX transform detected for /World/scene_0/controllable__r1__robot_xjwlog/left_arm_link1.
2026-05-12 16:15:24 [54,460ms] [Warning] [omni.physx.plugin] Invalid PhysX transform detected for /World/scene_0/controllable__r1__robot_xjwlog/right_arm_link1.
2026-05-12 16:15:24 [54,460ms] [Warning] [omni.physx.plugin] Invalid PhysX transform detected for /World/scene_0/controllable__r1__robot_xjwlog/eyes.
2026-05-12 16:15:24 [54,460ms] [Warning] [omni.physx.plugin] Invalid PhysX transform detected for /World/scene_0/controllable__r1__robot_xjwlog/left_arm_link2.
2026-05-12 16:15:24 [54,460ms] [Warning] [omni.physx.plugin] Invalid PhysX transform detected for /World/scene_0/controllable__r1__robot_xjwlog/right_arm_link2.
2026-05-12 16:15:24 [54,460ms] [Warning] [omni.physx.plugin] Invalid PhysX transform detected for /World/scene_0/controllable__r1__robot_xjwlog/left_arm_link3.
2026-05-12 16:15:24 [54,460ms] [Warning] [omni.physx.plugin] Invalid PhysX transform detected for /World/scene_0/controllable__r1__robot_xjwlog/right_arm_link3.
2026-05-12 16:15:24 [54,460ms] [Warning] [omni.physx.plugin] Invalid PhysX transform detected for /World/scene_0/controllable__r1__robot_xjwlog/left_arm_link4.
2026-05-12 16:15:24 [54,460ms] [Warning] [omni.physx.plugin] Invalid PhysX transform detected for /World/scene_0/controllable__r1__robot_xjwlog/right_arm_link4.
2026-05-12 16:15:24 [54,460ms] [Warning] [omni.physx.plugin] Invalid PhysX transform detected for /World/scene_0/controllable__r1__robot_xjwlog/left_arm_link5.
2026-05-12 16:15:24 [54,460ms] [Warning] [omni.physx.plugin] Invalid PhysX transform detected for /World/scene_0/controllable__r1__robot_xjwlog/right_arm_link5.
2026-05-12 16:15:24 [54,460ms] [Warning] [omni.physx.plugin] Invalid PhysX transform detected for /World/scene_0/controllable__r1__robot_xjwlog/left_arm_link6.
2026-05-12 16:15:24 [54,460ms] [Warning] [omni.physx.plugin] Invalid PhysX transform detected for /World/scene_0/controllable__r1__robot_xjwlog/right_arm_link6.
2026-05-12 16:15:24 [54,460ms] [Warning] [omni.physx.plugin] Invalid PhysX transform detected for /World/scene_0/controllable__r1__robot_xjwlog/left_gripper_link1.
2026-05-12 16:15:24 [54,460ms] [Warning] [omni.physx.plugin] Invalid PhysX transform detected for /World/scene_0/controllable__r1__robot_xjwlog/left_gripper_link2.
2026-05-12 16:15:24 [54,460ms] [Warning] [omni.physx.plugin] Invalid PhysX transform detected for /World/scene_0/controllable__r1__robot_xjwlog/left_eef_link.
2026-05-12 16:15:24 [54,460ms] [Warning] [omni.physx.plugin] Invalid PhysX transform detected for /World/scene_0/controllable__r1__robot_xjwlog/right_gripper_link1.
2026-05-12 16:15:24 [54,460ms] [Warning] [omni.physx.plugin] Invalid PhysX transform detected for /World/scene_0/controllable__r1__robot_xjwlog/right_gripper_link2.
2026-05-12 16:15:24 [54,460ms] [Warning] [omni.physx.plugin] Invalid PhysX transform detected for /World/scene_0/controllable__r1__robot_xjwlog/right_eef_link.
2026-05-12 16:15:24 [54,460ms] [Warning] [omni.physx.plugin] Invalid PhysX transform detected for /World/scene_0/cover_small_item_render_item_4175346132/base_link.
2026-05-12 16:15:24 [54,460ms] [Warning] [omni.physx.plugin] Invalid PhysX transform detected for /World/scene_0/cover_small_item_render_item_4175346132/glass.
2026-05-12 16:15:25 [54,534ms] [Warning] [omni.physx.plugin] Invalid PhysX transform detected for /World/scene_0/controllable__r1__robot_xjwlog/base_footprint_y.
2026-05-12 16:15:25 [54,534ms] [Warning] [omni.physx.plugin] Invalid PhysX transform detected for /World/scene_0/controllable__r1__robot_xjwlog/base_footprint_z.
2026-05-12 16:15:25 [54,534ms] [Warning] [omni.physx.plugin] Invalid PhysX transform detected for /World/scene_0/controllable__r1__robot_xjwlog/base_footprint_rx.
2026-05-12 16:15:25 [54,534ms] [Warning] [omni.physx.plugin] Invalid PhysX transform detected for /World/scene_0/controllable__r1__robot_xjwlog/base_footprint_ry.
2026-05-12 16:15:25 [54,534ms] [Warning] [omni.physx.plugin] Invalid PhysX transform detected for /World/scene_0/controllable__r1__robot_xjwlog/base_footprint_rz.
2026-05-12 16:15:25 [54,534ms] [Warning] [omni.physx.plugin] Invalid PhysX transform detected for /World/scene_0/controllable__r1__robot_xjwlog/base_link.
2026-05-12 16:15:25 [54,534ms] [Warning] [omni.physx.plugin] Invalid PhysX transform detected for /World/scene_0/controllable__r1__robot_xjwlog/servo_link1.
2026-05-12 16:15:25 [54,534ms] [Warning] [omni.physx.plugin] Invalid PhysX transform detected for /World/scene_0/controllable__r1__robot_xjwlog/servo_link2.
2026-05-12 16:15:25 [54,534ms] [Warning] [omni.physx.plugin] Invalid PhysX transform detected for /World/scene_0/controllable__r1__robot_xjwlog/servo_link3.
2026-05-12 16:15:25 [54,534ms] [Warning] [omni.physx.plugin] Invalid PhysX transform detected for /World/scene_0/controllable__r1__robot_xjwlog/torso_link1.
2026-05-12 16:15:25 [54,534ms] [Warning] [omni.physx.plugin] Invalid PhysX transform detected for /World/scene_0/controllable__r1__robot_xjwlog/wheel_link1.
2026-05-12 16:15:25 [54,534ms] [Warning] [omni.physx.plugin] Invalid PhysX transform detected for /World/scene_0/controllable__r1__robot_xjwlog/wheel_link2.
2026-05-12 16:15:25 [54,534ms] [Warning] [omni.physx.plugin] Invalid PhysX transform detected for /World/scene_0/controllable__r1__robot_xjwlog/wheel_link3.
2026-05-12 16:15:25 [54,534ms] [Warning] [omni.physx.plugin] Invalid PhysX transform detected for /World/scene_0/controllable__r1__robot_xjwlog/torso_link2.
2026-05-12 16:15:25 [54,534ms] [Warning] [omni.physx.plugin] Invalid PhysX transform detected for /World/scene_0/controllable__r1__robot_xjwlog/torso_link3.
2026-05-12 16:15:25 [54,534ms] [Warning] [omni.physx.plugin] Invalid PhysX transform detected for /World/scene_0/controllable__r1__robot_xjwlog/torso_link4.
2026-05-12 16:15:25 [54,534ms] [Warning] [omni.physx.plugin] Invalid PhysX transform detected for /World/scene_0/controllable__r1__robot_xjwlog/left_arm_link1.
2026-05-12 16:15:25 [54,534ms] [Warning] [omni.physx.plugin] Invalid PhysX transform detected for /World/scene_0/controllable__r1__robot_xjwlog/right_arm_link1.
2026-05-12 16:15:25 [54,534ms] [Warning] [omni.physx.plugin] Invalid PhysX transform detected for /World/scene_0/controllable__r1__robot_xjwlog/eyes.
2026-05-12 16:15:25 [54,534ms] [Warning] [omni.physx.plugin] Invalid PhysX transform detected for /World/scene_0/controllable__r1__robot_xjwlog/left_arm_link2.
2026-05-12 16:15:25 [54,534ms] [Warning] [omni.physx.plugin] Invalid PhysX transform detected for /World/scene_0/controllable__r1__robot_xjwlog/right_arm_link2.
2026-05-12 16:15:25 [54,534ms] [Warning] [omni.physx.plugin] Invalid PhysX transform detected for /World/scene_0/controllable__r1__robot_xjwlog/left_arm_link3.
2026-05-12 16:15:25 [54,534ms] [Warning] [omni.physx.plugin] Invalid PhysX transform detected for /World/scene_0/controllable__r1__robot_xjwlog/right_arm_link3.
2026-05-12 16:15:25 [54,534ms] [Warning] [omni.physx.plugin] Invalid PhysX transform detected for /World/scene_0/controllable__r1__robot_xjwlog/left_arm_link4.
2026-05-12 16:15:25 [54,534ms] [Warning] [omni.physx.plugin] Invalid PhysX transform detected for /World/scene_0/controllable__r1__robot_xjwlog/right_arm_link4.
2026-05-12 16:15:25 [54,534ms] [Warning] [omni.physx.plugin] Invalid PhysX transform detected for /World/scene_0/controllable__r1__robot_xjwlog/left_arm_link5.
2026-05-12 16:15:25 [54,534ms] [Warning] [omni.physx.plugin] Invalid PhysX transform detected for /World/scene_0/controllable__r1__robot_xjwlog/right_arm_link5.
2026-05-12 16:15:25 [54,534ms] [Warning] [omni.physx.plugin] Invalid PhysX transform detected for /World/scene_0/controllable__r1__robot_xjwlog/left_arm_link6.
2026-05-12 16:15:25 [54,534ms] [Warning] [omni.physx.plugin] Invalid PhysX transform detected for /World/scene_0/controllable__r1__robot_xjwlog/right_arm_link6.
2026-05-12 16:15:25 [54,534ms] [Warning] [omni.physx.plugin] Invalid PhysX transform detected for /World/scene_0/controllable__r1__robot_xjwlog/left_gripper_link1.
2026-05-12 16:15:25 [54,534ms] [Warning] [omni.physx.plugin] Invalid PhysX transform detected for /World/scene_0/controllable__r1__robot_xjwlog/left_gripper_link2.
2026-05-12 16:15:25 [54,534ms] [Warning] [omni.physx.plugin] Invalid PhysX transform detected for /World/scene_0/controllable__r1__robot_xjwlog/left_eef_link.
2026-05-12 16:15:25 [54,534ms] [Warning] [omni.physx.plugin] Invalid PhysX transform detected for /World/scene_0/controllable__r1__robot_xjwlog/right_gripper_link1.
2026-05-12 16:15:25 [54,534ms] [Warning] [omni.physx.plugin] Invalid PhysX transform detected for /World/scene_0/controllable__r1__robot_xjwlog/right_gripper_link2.
2026-05-12 16:15:25 [54,534ms] [Warning] [omni.physx.plugin] Invalid PhysX transform detected for /World/scene_0/controllable__r1__robot_xjwlog/right_eef_link.
2026-05-12 16:15:25 [54,534ms] [Warning] [omni.physx.plugin] Invalid PhysX transform detected for /World/scene_0/cover_small_item_render_item_4175346132/base_link.
2026-05-12 16:15:25 [54,534ms] [Warning] [omni.physx.plugin] Invalid PhysX transform detected for /World/scene_0/cover_small_item_render_item_4175346132/glass.
2026-05-12 16:15:25 [54,557ms] [Warning] [omni.physx.plugin] Invalid PhysX transform detected for /World/scene_0/controllable__r1__robot_xjwlog/base_footprint_y.
2026-05-12 16:15:25 [54,557ms] [Warning] [omni.physx.plugin] Invalid PhysX transform detected for /World/scene_0/controllable__r1__robot_xjwlog/base_footprint_z.
2026-05-12 16:15:25 [54,557ms] [Warning] [omni.physx.plugin] Invalid PhysX transform detected for /World/scene_0/controllable__r1__robot_xjwlog/base_footprint_rx.
2026-05-12 16:15:25 [54,557ms] [Warning] [omni.physx.plugin] Invalid PhysX transform detected for /World/scene_0/controllable__r1__robot_xjwlog/base_footprint_ry.
2026-05-12 16:15:25 [54,557ms] [Warning] [omni.physx.plugin] Invalid PhysX transform detected for /World/scene_0/controllable__r1__robot_xjwlog/base_footprint_rz.
2026-05-12 16:15:25 [54,557ms] [Warning] [omni.physx.plugin] Invalid PhysX transform detected for /World/scene_0/controllable__r1__robot_xjwlog/base_link.
2026-05-12 16:15:25 [54,557ms] [Warning] [omni.physx.plugin] Invalid PhysX transform detected for /World/scene_0/controllable__r1__robot_xjwlog/servo_link1.
2026-05-12 16:15:25 [54,557ms] [Warning] [omni.physx.plugin] Invalid PhysX transform detected for /World/scene_0/controllable__r1__robot_xjwlog/servo_link2.
2026-05-12 16:15:25 [54,557ms] [Warning] [omni.physx.plugin] Invalid PhysX transform detected for /World/scene_0/controllable__r1__robot_xjwlog/servo_link3.
2026-05-12 16:15:25 [54,557ms] [Warning] [omni.physx.plugin] Invalid PhysX transform detected for /World/scene_0/controllable__r1__robot_xjwlog/torso_link1.
2026-05-12 16:15:25 [54,557ms] [Warning] [omni.physx.plugin] Invalid PhysX transform detected for /World/scene_0/controllable__r1__robot_xjwlog/wheel_link1.
2026-05-12 16:15:25 [54,557ms] [Warning] [omni.physx.plugin] Invalid PhysX transform detected for /World/scene_0/controllable__r1__robot_xjwlog/wheel_link2.
2026-05-12 16:15:25 [54,557ms] [Warning] [omni.physx.plugin] Invalid PhysX transform detected for /World/scene_0/controllable__r1__robot_xjwlog/wheel_link3.
2026-05-12 16:15:25 [54,557ms] [Warning] [omni.physx.plugin] Invalid PhysX transform detected for /World/scene_0/controllable__r1__robot_xjwlog/torso_link2.
2026-05-12 16:15:25 [54,557ms] [Warning] [omni.physx.plugin] Invalid PhysX transform detected for /World/scene_0/controllable__r1__robot_xjwlog/torso_link3.
2026-05-12 16:15:25 [54,557ms] [Warning] [omni.physx.plugin] Invalid PhysX transform detected for /World/scene_0/controllable__r1__robot_xjwlog/torso_link4.
2026-05-12 16:15:25 [54,557ms] [Warning] [omni.physx.plugin] Invalid PhysX transform detected for /World/scene_0/controllable__r1__robot_xjwlog/left_arm_link1.
2026-05-12 16:15:25 [54,557ms] [Warning] [omni.physx.plugin] Invalid PhysX transform detected for /World/scene_0/controllable__r1__robot_xjwlog/right_arm_link1.
2026-05-12 16:15:25 [54,557ms] [Warning] [omni.physx.plugin] Invalid PhysX transform detected for /World/scene_0/controllable__r1__robot_xjwlog/eyes.
2026-05-12 16:15:25 [54,557ms] [Warning] [omni.physx.plugin] Invalid PhysX transform detected for /World/scene_0/controllable__r1__robot_xjwlog/left_arm_link2.
2026-05-12 16:15:25 [54,557ms] [Warning] [omni.physx.plugin] Invalid PhysX transform detected for /World/scene_0/controllable__r1__robot_xjwlog/right_arm_link2.
2026-05-12 16:15:25 [54,557ms] [Warning] [omni.physx.plugin] Invalid PhysX transform detected for /World/scene_0/controllable__r1__robot_xjwlog/left_arm_link3.
2026-05-12 16:15:25 [54,557ms] [Warning] [omni.physx.plugin] Invalid PhysX transform detected for /World/scene_0/controllable__r1__robot_xjwlog/right_arm_link3.
2026-05-12 16:15:25 [54,557ms] [Warning] [omni.physx.plugin] Invalid PhysX transform detected for /World/scene_0/controllable__r1__robot_xjwlog/left_arm_link4.
2026-05-12 16:15:25 [54,557ms] [Warning] [omni.physx.plugin] Invalid PhysX transform detected for /World/scene_0/controllable__r1__robot_xjwlog/right_arm_link4.
2026-05-12 16:15:25 [54,557ms] [Warning] [omni.physx.plugin] Invalid PhysX transform detected for /World/scene_0/controllable__r1__robot_xjwlog/left_arm_link5.
2026-05-12 16:15:25 [54,557ms] [Warning] [omni.physx.plugin] Invalid PhysX transform detected for /World/scene_0/controllable__r1__robot_xjwlog/right_arm_link5.
2026-05-12 16:15:25 [54,557ms] [Warning] [omni.physx.plugin] Invalid PhysX transform detected for /World/scene_0/controllable__r1__robot_xjwlog/left_arm_link6.
2026-05-12 16:15:25 [54,557ms] [Warning] [omni.physx.plugin] Invalid PhysX transform detected for /World/scene_0/controllable__r1__robot_xjwlog/right_arm_link6.
2026-05-12 16:15:25 [54,557ms] [Warning] [omni.physx.plugin] Invalid PhysX transform detected for /World/scene_0/controllable__r1__robot_xjwlog/left_gripper_link1.
2026-05-12 16:15:25 [54,557ms] [Warning] [omni.physx.plugin] Invalid PhysX transform detected for /World/scene_0/controllable__r1__robot_xjwlog/left_gripper_link2.
2026-05-12 16:15:25 [54,557ms] [Warning] [omni.physx.plugin] Invalid PhysX transform detected for /World/scene_0/controllable__r1__robot_xjwlog/left_eef_link.
2026-05-12 16:15:25 [54,557ms] [Warning] [omni.physx.plugin] Invalid PhysX transform detected for /World/scene_0/controllable__r1__robot_xjwlog/right_gripper_link1.
2026-05-12 16:15:25 [54,557ms] [Warning] [omni.physx.plugin] Invalid PhysX transform detected for /World/scene_0/controllable__r1__robot_xjwlog/right_gripper_link2.
2026-05-12 16:15:25 [54,557ms] [Warning] [omni.physx.plugin] Invalid PhysX transform detected for /World/scene_0/controllable__r1__robot_xjwlog/right_eef_link.
2026-05-12 16:15:25 [54,557ms] [Warning] [omni.physx.plugin] Invalid PhysX transform detected for /World/scene_0/cover_small_item_render_item_4175346132/base_link.
2026-05-12 16:15:25 [54,557ms] [Warning] [omni.physx.plugin] Invalid PhysX transform detected for /World/scene_0/cover_small_item_render_item_4175346132/glass.
2026-05-12 16:15:25 [54,606ms] [Warning] [omni.physx.plugin] Invalid PhysX transform detected for /World/scene_0/controllable__r1__robot_xjwlog/base_footprint_y.
2026-05-12 16:15:25 [54,606ms] [Warning] [omni.physx.plugin] Invalid PhysX transform detected for /World/scene_0/controllable__r1__robot_xjwlog/base_footprint_z.
2026-05-12 16:15:25 [54,606ms] [Warning] [omni.physx.plugin] Invalid PhysX transform detected for /World/scene_0/controllable__r1__robot_xjwlog/base_footprint_rx.
2026-05-12 16:15:25 [54,606ms] [Warning] [omni.physx.plugin] Invalid PhysX transform detected for /World/scene_0/controllable__r1__robot_xjwlog/base_footprint_ry.
2026-05-12 16:15:25 [54,606ms] [Warning] [omni.physx.plugin] Invalid PhysX transform detected for /World/scene_0/controllable__r1__robot_xjwlog/base_footprint_rz.
2026-05-12 16:15:25 [54,606ms] [Warning] [omni.physx.plugin] Invalid PhysX transform detected for /World/scene_0/controllable__r1__robot_xjwlog/base_link.
2026-05-12 16:15:25 [54,606ms] [Warning] [omni.physx.plugin] Invalid PhysX transform detected for /World/scene_0/controllable__r1__robot_xjwlog/servo_link1.
2026-05-12 16:15:25 [54,606ms] [Warning] [omni.physx.plugin] Invalid PhysX transform detected for /World/scene_0/controllable__r1__robot_xjwlog/servo_link2.
2026-05-12 16:15:25 [54,606ms] [Warning] [omni.physx.plugin] Invalid PhysX transform detected for /World/scene_0/controllable__r1__robot_xjwlog/servo_link3.
2026-05-12 16:15:25 [54,606ms] [Warning] [omni.physx.plugin] Invalid PhysX transform detected for /World/scene_0/controllable__r1__robot_xjwlog/torso_link1.
2026-05-12 16:15:25 [54,606ms] [Warning] [omni.physx.plugin] Invalid PhysX transform detected for /World/scene_0/controllable__r1__robot_xjwlog/wheel_link1.
2026-05-12 16:15:25 [54,606ms] [Warning] [omni.physx.plugin] Invalid PhysX transform detected for /World/scene_0/controllable__r1__robot_xjwlog/wheel_link2.
2026-05-12 16:15:25 [54,606ms] [Warning] [omni.physx.plugin] Invalid PhysX transform detected for /World/scene_0/controllable__r1__robot_xjwlog/wheel_link3.
2026-05-12 16:15:25 [54,606ms] [Warning] [omni.physx.plugin] Invalid PhysX transform detected for /World/scene_0/controllable__r1__robot_xjwlog/torso_link2.
2026-05-12 16:15:25 [54,606ms] [Warning] [omni.physx.plugin] Invalid PhysX transform detected for /World/scene_0/controllable__r1__robot_xjwlog/torso_link3.
2026-05-12 16:15:25 [54,606ms] [Warning] [omni.physx.plugin] Invalid PhysX transform detected for /World/scene_0/controllable__r1__robot_xjwlog/torso_link4.
2026-05-12 16:15:25 [54,606ms] [Warning] [omni.physx.plugin] Invalid PhysX transform detected for /World/scene_0/controllable__r1__robot_xjwlog/left_arm_link1.
2026-05-12 16:15:25 [54,606ms] [Warning] [omni.physx.plugin] Invalid PhysX transform detected for /World/scene_0/controllable__r1__robot_xjwlog/right_arm_link1.
2026-05-12 16:15:25 [54,606ms] [Warning] [omni.physx.plugin] Invalid PhysX transform detected for /World/scene_0/controllable__r1__robot_xjwlog/eyes.
2026-05-12 16:15:25 [54,606ms] [Warning] [omni.physx.plugin] Invalid PhysX transform detected for /World/scene_0/controllable__r1__robot_xjwlog/left_arm_link2.
2026-05-12 16:15:25 [54,606ms] [Warning] [omni.physx.plugin] Invalid PhysX transform detected for /World/scene_0/controllable__r1__robot_xjwlog/right_arm_link2.
2026-05-12 16:15:25 [54,606ms] [Warning] [omni.physx.plugin] Invalid PhysX transform detected for /World/scene_0/controllable__r1__robot_xjwlog/left_arm_link3.
2026-05-12 16:15:25 [54,606ms] [Warning] [omni.physx.plugin] Invalid PhysX transform detected for /World/scene_0/controllable__r1__robot_xjwlog/right_arm_link3.
2026-05-12 16:15:25 [54,606ms] [Warning] [omni.physx.plugin] Invalid PhysX transform detected for /World/scene_0/controllable__r1__robot_xjwlog/left_arm_link4.
2026-05-12 16:15:25 [54,606ms] [Warning] [omni.physx.plugin] Invalid PhysX transform detected for /World/scene_0/controllable__r1__robot_xjwlog/right_arm_link4.
2026-05-12 16:15:25 [54,606ms] [Warning] [omni.physx.plugin] Invalid PhysX transform detected for /World/scene_0/controllable__r1__robot_xjwlog/left_arm_link5.
2026-05-12 16:15:25 [54,606ms] [Warning] [omni.physx.plugin] Invalid PhysX transform detected for /World/scene_0/controllable__r1__robot_xjwlog/right_arm_link5.
2026-05-12 16:15:25 [54,607ms] [Warning] [omni.physx.plugin] Invalid PhysX transform detected for /World/scene_0/controllable__r1__robot_xjwlog/left_arm_link6.
2026-05-12 16:15:25 [54,607ms] [Warning] [omni.physx.plugin] Invalid PhysX transform detected for /World/scene_0/controllable__r1__robot_xjwlog/right_arm_link6.
2026-05-12 16:15:25 [54,607ms] [Warning] [omni.physx.plugin] Invalid PhysX transform detected for /World/scene_0/controllable__r1__robot_xjwlog/left_gripper_link1.
2026-05-12 16:15:25 [54,607ms] [Warning] [omni.physx.plugin] Invalid PhysX transform detected for /World/scene_0/controllable__r1__robot_xjwlog/left_gripper_link2.
2026-05-12 16:15:25 [54,607ms] [Warning] [omni.physx.plugin] Invalid PhysX transform detected for /World/scene_0/controllable__r1__robot_xjwlog/left_eef_link.
2026-05-12 16:15:25 [54,607ms] [Warning] [omni.physx.plugin] Invalid PhysX transform detected for /World/scene_0/controllable__r1__robot_xjwlog/right_gripper_link1.
2026-05-12 16:15:25 [54,607ms] [Warning] [omni.physx.plugin] Invalid PhysX transform detected for /World/scene_0/controllable__r1__robot_xjwlog/right_gripper_link2.
2026-05-12 16:15:25 [54,607ms] [Warning] [omni.physx.plugin] Invalid PhysX transform detected for /World/scene_0/controllable__r1__robot_xjwlog/right_eef_link.
2026-05-12 16:15:25 [54,607ms] [Warning] [omni.physx.plugin] Invalid PhysX transform detected for /World/scene_0/cover_small_item_render_item_4175346132/base_link.
2026-05-12 16:15:25 [54,607ms] [Warning] [omni.physx.plugin] Invalid PhysX transform detected for /World/scene_0/cover_small_item_render_item_4175346132/glass.
2026-05-12 16:15:25 [54,610ms] [Warning] [omni.physx.plugin] Invalid PhysX transform detected for /World/scene_0/controllable__r1__robot_xjwlog/base_footprint_y.
2026-05-12 16:15:25 [54,610ms] [Warning] [omni.physx.plugin] Invalid PhysX transform detected for /World/scene_0/controllable__r1__robot_xjwlog/base_footprint_z.
2026-05-12 16:15:25 [54,610ms] [Warning] [omni.physx.plugin] Invalid PhysX transform detected for /World/scene_0/controllable__r1__robot_xjwlog/base_footprint_rx.
2026-05-12 16:15:25 [54,610ms] [Warning] [omni.physx.plugin] Invalid PhysX transform detected for /World/scene_0/controllable__r1__robot_xjwlog/base_footprint_ry.
2026-05-12 16:15:25 [54,610ms] [Warning] [omni.physx.plugin] Invalid PhysX transform detected for /World/scene_0/controllable__r1__robot_xjwlog/base_footprint_rz.
2026-05-12 16:15:25 [54,610ms] [Warning] [omni.physx.plugin] Invalid PhysX transform detected for /World/scene_0/controllable__r1__robot_xjwlog/base_link.
2026-05-12 16:15:25 [54,610ms] [Warning] [omni.physx.plugin] Invalid PhysX transform detected for /World/scene_0/controllable__r1__robot_xjwlog/servo_link1.
2026-05-12 16:15:25 [54,610ms] [Warning] [omni.physx.plugin] Invalid PhysX transform detected for /World/scene_0/controllable__r1__robot_xjwlog/servo_link2.
2026-05-12 16:15:25 [54,610ms] [Warning] [omni.physx.plugin] Invalid PhysX transform detected for /World/scene_0/controllable__r1__robot_xjwlog/servo_link3.
2026-05-12 16:15:25 [54,610ms] [Warning] [omni.physx.plugin] Invalid PhysX transform detected for /World/scene_0/controllable__r1__robot_xjwlog/torso_link1.
2026-05-12 16:15:25 [54,610ms] [Warning] [omni.physx.plugin] Invalid PhysX transform detected for /World/scene_0/controllable__r1__robot_xjwlog/wheel_link1.
2026-05-12 16:15:25 [54,610ms] [Warning] [omni.physx.plugin] Invalid PhysX transform detected for /World/scene_0/controllable__r1__robot_xjwlog/wheel_link2.
2026-05-12 16:15:25 [54,610ms] [Warning] [omni.physx.plugin] Invalid PhysX transform detected for /World/scene_0/controllable__r1__robot_xjwlog/wheel_link3.
2026-05-12 16:15:25 [54,610ms] [Warning] [omni.physx.plugin] Invalid PhysX transform detected for /World/scene_0/controllable__r1__robot_xjwlog/torso_link2.
2026-05-12 16:15:25 [54,610ms] [Warning] [omni.physx.plugin] Invalid PhysX transform detected for /World/scene_0/controllable__r1__robot_xjwlog/torso_link3.
2026-05-12 16:15:25 [54,610ms] [Warning] [omni.physx.plugin] Invalid PhysX transform detected for /World/scene_0/controllable__r1__robot_xjwlog/torso_link4.
2026-05-12 16:15:25 [54,610ms] [Warning] [omni.physx.plugin] Invalid PhysX transform detected for /World/scene_0/controllable__r1__robot_xjwlog/left_arm_link1.
2026-05-12 16:15:25 [54,610ms] [Warning] [omni.physx.plugin] Invalid PhysX transform detected for /World/scene_0/controllable__r1__robot_xjwlog/right_arm_link1.
2026-05-12 16:15:25 [54,610ms] [Warning] [omni.physx.plugin] Invalid PhysX transform detected for /World/scene_0/controllable__r1__robot_xjwlog/eyes.
2026-05-12 16:15:25 [54,610ms] [Warning] [omni.physx.plugin] Invalid PhysX transform detected for /World/scene_0/controllable__r1__robot_xjwlog/left_arm_link2.
2026-05-12 16:15:25 [54,610ms] [Warning] [omni.physx.plugin] Invalid PhysX transform detected for /World/scene_0/controllable__r1__robot_xjwlog/right_arm_link2.
2026-05-12 16:15:25 [54,610ms] [Warning] [omni.physx.plugin] Invalid PhysX transform detected for /World/scene_0/controllable__r1__robot_xjwlog/left_arm_link3.
2026-05-12 16:15:25 [54,610ms] [Warning] [omni.physx.plugin] Invalid PhysX transform detected for /World/scene_0/controllable__r1__robot_xjwlog/right_arm_link3.
2026-05-12 16:15:25 [54,610ms] [Warning] [omni.physx.plugin] Invalid PhysX transform detected for /World/scene_0/controllable__r1__robot_xjwlog/left_arm_link4.
2026-05-12 16:15:25 [54,610ms] [Warning] [omni.physx.plugin] Invalid PhysX transform detected for /World/scene_0/controllable__r1__robot_xjwlog/right_arm_link4.
2026-05-12 16:15:25 [54,610ms] [Warning] [omni.physx.plugin] Invalid PhysX transform detected for /World/scene_0/controllable__r1__robot_xjwlog/left_arm_link5.
2026-05-12 16:15:25 [54,610ms] [Warning] [omni.physx.plugin] Invalid PhysX transform detected for /World/scene_0/controllable__r1__robot_xjwlog/right_arm_link5.
2026-05-12 16:15:25 [54,610ms] [Warning] [omni.physx.plugin] Invalid PhysX transform detected for /World/scene_0/controllable__r1__robot_xjwlog/left_arm_link6.
2026-05-12 16:15:25 [54,610ms] [Warning] [omni.physx.plugin] Invalid PhysX transform detected for /World/scene_0/controllable__r1__robot_xjwlog/right_arm_link6.
2026-05-12 16:15:25 [54,610ms] [Warning] [omni.physx.plugin] Invalid PhysX transform detected for /World/scene_0/controllable__r1__robot_xjwlog/left_gripper_link1.
2026-05-12 16:15:25 [54,610ms] [Warning] [omni.physx.plugin] Invalid PhysX transform detected for /World/scene_0/controllable__r1__robot_xjwlog/left_gripper_link2.
2026-05-12 16:15:25 [54,610ms] [Warning] [omni.physx.plugin] Invalid PhysX transform detected for /World/scene_0/controllable__r1__robot_xjwlog/left_eef_link.
2026-05-12 16:15:25 [54,610ms] [Warning] [omni.physx.plugin] Invalid PhysX transform detected for /World/scene_0/controllable__r1__robot_xjwlog/right_gripper_link1.
2026-05-12 16:15:25 [54,610ms] [Warning] [omni.physx.plugin] Invalid PhysX transform detected for /World/scene_0/controllable__r1__robot_xjwlog/right_gripper_link2.
2026-05-12 16:15:25 [54,610ms] [Warning] [omni.physx.plugin] Invalid PhysX transform detected for /World/scene_0/controllable__r1__robot_xjwlog/right_eef_link.
2026-05-12 16:15:25 [54,611ms] [Warning] [omni.physx.plugin] Invalid PhysX transform detected for /World/scene_0/cover_small_item_render_item_4175346132/base_link.
2026-05-12 16:15:25 [54,611ms] [Warning] [omni.physx.plugin] Invalid PhysX transform detected for /World/scene_0/cover_small_item_render_item_4175346132/glass.
2026-05-12 16:15:25 [54,785ms] [Warning] [omni.physx.plugin] Invalid PhysX transform detected for /World/scene_0/controllable__r1__robot_xjwlog/base_footprint_y.
2026-05-12 16:15:25 [54,785ms] [Warning] [omni.physx.plugin] Invalid PhysX transform detected for /World/scene_0/controllable__r1__robot_xjwlog/base_footprint_z.
2026-05-12 16:15:25 [54,785ms] [Warning] [omni.physx.plugin] Invalid PhysX transform detected for /World/scene_0/controllable__r1__robot_xjwlog/base_footprint_rx.
2026-05-12 16:15:25 [54,785ms] [Warning] [omni.physx.plugin] Invalid PhysX transform detected for /World/scene_0/controllable__r1__robot_xjwlog/base_footprint_ry.
2026-05-12 16:15:25 [54,785ms] [Warning] [omni.physx.plugin] Invalid PhysX transform detected for /World/scene_0/controllable__r1__robot_xjwlog/base_footprint_rz.
2026-05-12 16:15:25 [54,785ms] [Warning] [omni.physx.plugin] Invalid PhysX transform detected for /World/scene_0/controllable__r1__robot_xjwlog/base_link.
2026-05-12 16:15:25 [54,785ms] [Warning] [omni.physx.plugin] Invalid PhysX transform detected for /World/scene_0/controllable__r1__robot_xjwlog/servo_link1.
2026-05-12 16:15:25 [54,785ms] [Warning] [omni.physx.plugin] Invalid PhysX transform detected for /World/scene_0/controllable__r1__robot_xjwlog/servo_link2.
2026-05-12 16:15:25 [54,785ms] [Warning] [omni.physx.plugin] Invalid PhysX transform detected for /World/scene_0/controllable__r1__robot_xjwlog/servo_link3.
2026-05-12 16:15:25 [54,785ms] [Warning] [omni.physx.plugin] Invalid PhysX transform detected for /World/scene_0/controllable__r1__robot_xjwlog/torso_link1.
2026-05-12 16:15:25 [54,785ms] [Warning] [omni.physx.plugin] Invalid PhysX transform detected for /World/scene_0/controllable__r1__robot_xjwlog/wheel_link1.
2026-05-12 16:15:25 [54,785ms] [Warning] [omni.physx.plugin] Invalid PhysX transform detected for /World/scene_0/controllable__r1__robot_xjwlog/wheel_link2.
2026-05-12 16:15:25 [54,785ms] [Warning] [omni.physx.plugin] Invalid PhysX transform detected for /World/scene_0/controllable__r1__robot_xjwlog/wheel_link3.
2026-05-12 16:15:25 [54,785ms] [Warning] [omni.physx.plugin] Invalid PhysX transform detected for /World/scene_0/controllable__r1__robot_xjwlog/torso_link2.
2026-05-12 16:15:25 [54,785ms] [Warning] [omni.physx.plugin] Invalid PhysX transform detected for /World/scene_0/controllable__r1__robot_xjwlog/torso_link3.
2026-05-12 16:15:25 [54,785ms] [Warning] [omni.physx.plugin] Invalid PhysX transform detected for /World/scene_0/controllable__r1__robot_xjwlog/torso_link4.
2026-05-12 16:15:25 [54,785ms] [Warning] [omni.physx.plugin] Invalid PhysX transform detected for /World/scene_0/controllable__r1__robot_xjwlog/left_arm_link1.
2026-05-12 16:15:25 [54,785ms] [Warning] [omni.physx.plugin] Invalid PhysX transform detected for /World/scene_0/controllable__r1__robot_xjwlog/right_arm_link1.
2026-05-12 16:15:25 [54,785ms] [Warning] [omni.physx.plugin] Invalid PhysX transform detected for /World/scene_0/controllable__r1__robot_xjwlog/eyes.
2026-05-12 16:15:25 [54,785ms] [Warning] [omni.physx.plugin] Invalid PhysX transform detected for /World/scene_0/controllable__r1__robot_xjwlog/left_arm_link2.
2026-05-12 16:15:25 [54,785ms] [Warning] [omni.physx.plugin] Invalid PhysX transform detected for /World/scene_0/controllable__r1__robot_xjwlog/right_arm_link2.
2026-05-12 16:15:25 [54,785ms] [Warning] [omni.physx.plugin] Invalid PhysX transform detected for /World/scene_0/controllable__r1__robot_xjwlog/left_arm_link3.
2026-05-12 16:15:25 [54,785ms] [Warning] [omni.physx.plugin] Invalid PhysX transform detected for /World/scene_0/controllable__r1__robot_xjwlog/right_arm_link3.
2026-05-12 16:15:25 [54,785ms] [Warning] [omni.physx.plugin] Invalid PhysX transform detected for /World/scene_0/controllable__r1__robot_xjwlog/left_arm_link4.
2026-05-12 16:15:25 [54,785ms] [Warning] [omni.physx.plugin] Invalid PhysX transform detected for /World/scene_0/controllable__r1__robot_xjwlog/right_arm_link4.
2026-05-12 16:15:25 [54,785ms] [Warning] [omni.physx.plugin] Invalid PhysX transform detected for /World/scene_0/controllable__r1__robot_xjwlog/left_arm_link5.
2026-05-12 16:15:25 [54,785ms] [Warning] [omni.physx.plugin] Invalid PhysX transform detected for /World/scene_0/controllable__r1__robot_xjwlog/right_arm_link5.
2026-05-12 16:15:25 [54,785ms] [Warning] [omni.physx.plugin] Invalid PhysX transform detected for /World/scene_0/controllable__r1__robot_xjwlog/left_arm_link6.
2026-05-12 16:15:25 [54,785ms] [Warning] [omni.physx.plugin] Invalid PhysX transform detected for /World/scene_0/controllable__r1__robot_xjwlog/right_arm_link6.
2026-05-12 16:15:25 [54,785ms] [Warning] [omni.physx.plugin] Invalid PhysX transform detected for /World/scene_0/controllable__r1__robot_xjwlog/left_gripper_link1.
2026-05-12 16:15:25 [54,785ms] [Warning] [omni.physx.plugin] Invalid PhysX transform detected for /World/scene_0/controllable__r1__robot_xjwlog/left_gripper_link2.
2026-05-12 16:15:25 [54,785ms] [Warning] [omni.physx.plugin] Invalid PhysX transform detected for /World/scene_0/controllable__r1__robot_xjwlog/left_eef_link.
2026-05-12 16:15:25 [54,785ms] [Warning] [omni.physx.plugin] Invalid PhysX transform detected for /World/scene_0/controllable__r1__robot_xjwlog/right_gripper_link1.
2026-05-12 16:15:25 [54,785ms] [Warning] [omni.physx.plugin] Invalid PhysX transform detected for /World/scene_0/controllable__r1__robot_xjwlog/right_gripper_link2.
2026-05-12 16:15:25 [54,785ms] [Warning] [omni.physx.plugin] Invalid PhysX transform detected for /World/scene_0/controllable__r1__robot_xjwlog/right_eef_link.
2026-05-12 16:15:25 [54,785ms] [Warning] [omni.physx.plugin] Invalid PhysX transform detected for /World/scene_0/cover_small_item_render_item_4175346132/base_link.
2026-05-12 16:15:25 [54,785ms] [Warning] [omni.physx.plugin] Invalid PhysX transform detected for /World/scene_0/cover_small_item_render_item_4175346132/glass.
2026-05-12 16:15:25 [54,788ms] [Warning] [omni.physx.plugin] Invalid PhysX transform detected for /World/scene_0/controllable__r1__robot_xjwlog/base_footprint_y.
2026-05-12 16:15:25 [54,788ms] [Warning] [omni.physx.plugin] Invalid PhysX transform detected for /World/scene_0/controllable__r1__robot_xjwlog/base_footprint_z.
2026-05-12 16:15:25 [54,788ms] [Warning] [omni.physx.plugin] Invalid PhysX transform detected for /World/scene_0/controllable__r1__robot_xjwlog/base_footprint_rx.
2026-05-12 16:15:25 [54,788ms] [Warning] [omni.physx.plugin] Invalid PhysX transform detected for /World/scene_0/controllable__r1__robot_xjwlog/base_footprint_ry.
2026-05-12 16:15:25 [54,788ms] [Warning] [omni.physx.plugin] Invalid PhysX transform detected for /World/scene_0/controllable__r1__robot_xjwlog/base_footprint_rz.
2026-05-12 16:15:25 [54,788ms] [Warning] [omni.physx.plugin] Invalid PhysX transform detected for /World/scene_0/controllable__r1__robot_xjwlog/base_link.
2026-05-12 16:15:25 [54,788ms] [Warning] [omni.physx.plugin] Invalid PhysX transform detected for /World/scene_0/controllable__r1__robot_xjwlog/servo_link1.
2026-05-12 16:15:25 [54,788ms] [Warning] [omni.physx.plugin] Invalid PhysX transform detected for /World/scene_0/controllable__r1__robot_xjwlog/servo_link2.
2026-05-12 16:15:25 [54,788ms] [Warning] [omni.physx.plugin] Invalid PhysX transform detected for /World/scene_0/controllable__r1__robot_xjwlog/servo_link3.
2026-05-12 16:15:25 [54,788ms] [Warning] [omni.physx.plugin] Invalid PhysX transform detected for /World/scene_0/controllable__r1__robot_xjwlog/torso_link1.
2026-05-12 16:15:25 [54,788ms] [Warning] [omni.physx.plugin] Invalid PhysX transform detected for /World/scene_0/controllable__r1__robot_xjwlog/wheel_link1.
2026-05-12 16:15:25 [54,788ms] [Warning] [omni.physx.plugin] Invalid PhysX transform detected for /World/scene_0/controllable__r1__robot_xjwlog/wheel_link2.
2026-05-12 16:15:25 [54,788ms] [Warning] [omni.physx.plugin] Invalid PhysX transform [33m[00:00:58.308] [WARNING] [omnigibson.objects.object_base] An object's articulation root API was changed while simulation is playing. This may cause issues.[0m
detected for /World/scene_0/controllable__r1__robot_xjwlog/wheel_link3.
2026-05-12 16:15:25 [54,788ms] [Warning] [omni.physx.plugin] Invalid PhysX transform detected for /World/scene_0/controllable__r1__robot_xjwlog/torso_link2.
2026-05-12 16:15:25 [54,788ms] [Warning] [omni.physx.plugin] Invalid PhysX transform detected for /World/scene_0/controllable__r1__robot_xjwlog/torso_link3.
2026-05-12 16:15:25 [54,788ms] [Warning] [omni.physx.plugin] Invalid PhysX transform detected for /World/scene_0/controllable__r1__robot_xjwlog/torso_link4.
2026-05-12 16:15:25 [54,788ms] [Warning] [omni.physx.plugin] Invalid PhysX transform detected for /World/scene_0/controllable__r1__robot_xjwlog/left_arm_link1.
2026-05-12 16:15:25 [54,788ms] [Warning] [omni.physx.plugin] Invalid PhysX transform detected for /World/scene_0/controllable__r1__robot_xjwlog/right_arm_link1.
2026-05-12 16:15:25 [54,788ms] [Warning] [omni.physx.plugin] Invalid PhysX transform detected for /World/scene_0/controllable__r1__robot_xjwlog/eyes.
2026-05-12 16:15:25 [54,788ms] [Warning] [omni.physx.plugin] Invalid PhysX transform detected for /World/scene_0/controllable__r1__robot_xjwlog/left_arm_link2.
2026-05-12 16:15:25 [54,788ms] [Warning] [omni.physx.plugin] Invalid PhysX transform detected for /World/scene_0/controllable__r1__robot_xjwlog/right_arm_link2.
2026-05-12 16:15:25 [54,788ms] [Warning] [omni.physx.plugin] Invalid PhysX transform detected for /World/scene_0/controllable__r1__robot_xjwlog/left_arm_link3.
2026-05-12 16:15:25 [54,788ms] [Warning] [omni.physx.plugin] Invalid PhysX transform detected for /World/scene_0/controllable__r1__robot_xjwlog/right_arm_link3.
2026-05-12 16:15:25 [54,789ms] [Warning] [omni.physx.plugin] Invalid PhysX transform detected for /World/scene_0/controllable__r1__robot_xjwlog/left_arm_link4.
2026-05-12 16:15:25 [54,789ms] [Warning] [omni.physx.plugin] Invalid PhysX transform detected for /World/scene_0/controllable__r1__robot_xjwlog/right_arm_link4.
2026-05-12 16:15:25 [54,789ms] [Warning] [omni.physx.plugin] Invalid PhysX transform detected for /World/scene_0/controllable__r1__robot_xjwlog/left_arm_link5.
2026-05-12 16:15:25 [54,789ms] [Warning] [omni.physx.plugin] Invalid PhysX transform detected for /World/scene_0/controllable__r1__robot_xjwlog/right_arm_link5.
2026-05-12 16:15:25 [54,789ms] [Warning] [omni.physx.plugin] Invalid PhysX transform detected for /World/scene_0/controllable__r1__robot_xjwlog/left_arm_link6.
2026-05-12 16:15:25 [54,789ms] [Warning] [omni.physx.plugin] Invalid PhysX transform detected for /World/scene_0/controllable__r1__robot_xjwlog/right_arm_link6.
2026-05-12 16:15:25 [54,789ms] [Warning] [omni.physx.plugin] Invalid PhysX transform detected for /World/scene_0/controllable__r1__robot_xjwlog/left_gripper_link1.
2026-05-12 16:15:25 [54,789ms] [Warning] [omni.physx.plugin] Invalid PhysX transform detected for /World/scene_0/controllable__r1__robot_xjwlog/left_gripper_link2.
2026-05-12 16:15:25 [54,789ms] [Warning] [omni.physx.plugin] Invalid PhysX transform detected for /World/scene_0/controllable__r1__robot_xjwlog/left_eef_link.
2026-05-12 16:15:25 [54,789ms] [Warning] [omni.physx.plugin] Invalid PhysX transform detected for /World/scene_0/controllable__r1__robot_xjwlog/right_gripper_link1.
2026-05-12 16:15:25 [54,789ms] [Warning] [omni.physx.plugin] Invalid PhysX transform detected for /World/scene_0/controllable__r1__robot_xjwlog/right_gripper_link2.
2026-05-12 16:15:25 [54,789ms] [Warning] [omni.physx.plugin] Invalid PhysX transform detected for /World/scene_0/controllable__r1__robot_xjwlog/right_eef_link.
2026-05-12 16:15:25 [54,789ms] [Warning] [omni.physx.plugin] Invalid PhysX transform detected for /World/scene_0/cover_small_item_render_item_4175346132/base_link.
2026-05-12 16:15:25 [54,789ms] [Warning] [omni.physx.plugin] Invalid PhysX transform detected for /World/scene_0/cover_small_item_render_item_4175346132/glass.
2026-05-12 16:15:25 [54,792ms] [Warning] [omnigibson.objects.object_base] An object's articulation root API was changed while simulation is playing. This may cause issues.
2026-05-12 16:15:25 [55,160ms] [Warning] [omni.physx.plugin] Invalid PhysX transform detected for /World/scene_0/controllable__r1__robot_xjwlog/base_footprint_y.
2026-05-12 16:15:25 [55,160ms] [Warning] [omni.physx.plugin] Invalid PhysX transform detected for /World/scene_0/controllable__r1__robot_xjwlog/base_footprint_z.
2026-05-12 16:15:25 [55,160ms] [Warning] [omni.physx.plugin] Invalid PhysX transform detected for /World/scene_0/controllable__r1__robot_xjwlog/base_footprint_rx.
2026-05-12 16:15:25 [55,160ms] [Warning] [omni.physx.plugin] Invalid PhysX transform detected for /World/scene_0/controllable__r1__robot_xjwlog/base_footprint_ry.
2026-05-12 16:15:25 [55,160ms] [Warning] [omni.physx.plugin] Invalid PhysX transform detected for /World/scene_0/controllable__r1__robot_xjwlog/base_footprint_rz.
2026-05-12 16:15:25 [55,160ms] [Warning] [omni.physx.plugin] Invalid PhysX transform detected for /World/scene_0/controllable__r1__robot_xjwlog/base_link.
2026-05-12 16:15:25 [55,160ms] [Warning] [omni.physx.plugin] Invalid PhysX transform detected for /World/scene_0/controllable__r1__robot_xjwlog/servo_link1.
2026-05-12 16:15:25 [55,160ms] [Warning] [omni.physx.plugin] Invalid PhysX transform detected for /World/scene_0/controllable__r1__robot_xjwlog/servo_link2.
2026-05-12 16:15:25 [55,160ms] [Warning] [omni.physx.plugin] Invalid PhysX transform detected for /World/scene_0/controllable__r1__robot_xjwlog/servo_link3.
2026-05-12 16:15:25 [55,160ms] [Warning] [omni.physx.plugin] Invalid PhysX transform detected for /World/scene_0/controllable__r1__robot_xjwlog/torso_link1.
2026-05-12 16:15:25 [55,160ms] [Warning] [omni.physx.plugin] Invalid PhysX transform detected for /World/scene_0/controllable__r1__robot_xjwlog/wheel_link1.
2026-05-12 16:15:25 [55,160ms] [Warning] [omni.physx.plugin] Invalid PhysX transform detected for /World/scene_0/controllable__r1__robot_xjwlog/wheel_link2.
2026-05-12 16:15:25 [55,160ms] [Warning] [omni.physx.plugin] Invalid PhysX transform detected for /World/scene_0/controllable__r1__robot_xjwlog/wheel_link3.
2026-05-12 16:15:25 [55,160ms] [Warning] [omni.physx.plugin] Invalid PhysX transform detected for /World/scene_0/controllable__r1__robot_xjwlog/torso_link2.
2026-05-12 16:15:25 [55,160ms] [Warning] [omni.physx.plugin] Invalid PhysX transform detected for /World/scene_0/controllable__r1__robot_xjwlog/torso_link3.
2026-05-12 16:15:25 [55,160ms] [Warning] [omni.physx.plugin] Invalid PhysX transform detected for /World/scene_0/controllable__r1__robot_xjwlog/torso_link4.
2026-05-12 16:15:25 [55,160ms] [Warning] [omni.physx.plugin] Invalid PhysX transform detected for /World/scene_0/controllable__r1__robot_xjwlog/left_arm_link1.
2026-05-12 16:15:25 [55,160ms] [Warning] [omni.physx.plugin] Invalid PhysX transform detected for /World/scene_0/controllable__r1__robot_xjwlog/right_arm_link1.
2026-05-12 16:15:25 [55,160ms] [Warning] [omni.physx.plugin] Invalid PhysX transform detected for /World/scene_0/controllable__r1__robot_xjwlog/eyes.
2026-05-12 16:15:25 [55,160ms] [Warning] [omni.physx.plugin] Invalid PhysX transform detected for /World/scene_0/controllable__r1__robot_xjwlog/left_arm_link2.
2026-05-12 16:15:25 [55,160ms] [Warning] [omni.physx.plugin] Invalid PhysX transform detected for /World/scene_0/controllable__r1__robot_xjwlog/right_arm_link2.
2026-05-12 16:15:25 [55,160ms] [Warning] [omni.physx.plugin] Invalid PhysX transform detected for /World/scene_0/controllable__r1__robot_xjwlog/left_arm_link3.
2026-05-12 16:15:25 [55,160ms] [Warning] [omni.physx.plugin] Invalid PhysX transform detected for /World/scene_0/controllable__r1__robot_xjwlog/right_arm_link3.
2026-05-12 16:15:25 [55,160ms] [Warning] [omni.physx.plugin] Invalid PhysX transform detected for /World/scene_0/controllable__r1__robot_xjwlog/left_arm_link4.
2026-05-12 16:15:25 [55,160ms] [Warning] [omni.physx.plugin] Invalid PhysX transform detected for /World/scene_0/controllable__r1__robot_xjwlog/right_arm_link4.
2026-05-12 16:15:25 [55,160ms] [Warning] [omni.physx.plugin] Invalid PhysX transform detected for /World/scene_0/controllable__r1__robot_xjwlog/left_arm_link5.
2026-05-12 16:15:25 [55,160ms] [Warning] [omni.physx.plugin] Invalid PhysX transform detected for /World/scene_0/controllable__r1__robot_xjwlog/right_arm_link5.
2026-05-12 16:15:25 [55,160ms] [Warning] [omni.physx.plugin] Invalid PhysX transform detected for /World/scene_0/controllable__r1__robot_xjwlog/left_arm_link6.
2026-05-12 16:15:25 [55,160ms] [Warning] [omni.physx.plugin] Invalid PhysX transform detected for /World/scene_0/controllable__r1__robot_xjwlog/right_arm_link6.
2026-05-12 16:15:25 [55,160ms] [Warning] [omni.physx.plugin] Invalid PhysX transform detected for /World/scene_0/controllable__r1__robot_xjwlog/left_gripper_link1.
2026-05-12 16:15:25 [55,160ms] [Warning] [omni.physx.plugin] Invalid PhysX transform detected for /World/scene_0/controllable__r1__robot_xjwlog/left_gripper_link2.
2026-05-12 16:15:25 [55,160ms] [Warning] [omni.physx.plugin] Invalid PhysX transform detected for /World/scene_0/controllable__r1__robot_xjwlog/left_eef_link.
2026-05-12 16:15:25 [55,160ms] [Warning] [omni.physx.plugin] Invalid PhysX transform detected for /World/scene_0/controllable__r1__robot_xjwlog/right_gripper_link1.
2026-05-12 16:15:25 [55,160ms] [Warning] [omni.physx.plugin] Invalid PhysX transform detected for /World/scene_0/controllable__r1__robot_xjwlog/right_gripper_link2.
2026-05-12 16:15:25 [55,160ms] [Warning] [omni.physx.plugin] Invalid PhysX transform detected for /World/scene_0/controllable__r1__robot_xjwlog/right_eef_link.
2026-05-12 16:15:25 [55,161ms] [Warning] [omni.physx.plugin] Invalid PhysX transform detected for /World/scene_0/cover_small_item_render_item_4175346132/base_link.
2026-05-12 16:15:25 [55,161ms] [Warning] [omni.physx.plugin] Invalid PhysX transform detected for /World/scene_0/cover_small_item_render_item_4175346132/glass.
2026-05-12 16:15:25 [55,219ms] [Warning] [omni.physx.plugin] Invalid PhysX transform detected for /World/scene_0/controllable__r1__robot_xjwlog/base_footprint_y.
2026-05-12 16:15:25 [55,219ms] [Warning] [omni.physx.plugin] Invalid PhysX transform detected for /World/scene_0/controllable__r1__robot_xjwlog/base_footprint_z.
2026-05-12 16:15:25 [55,219ms] [Warning] [omni.physx.plugin] Invalid PhysX transform detected for /World/scene_0/controllable__r1__robot_xjwlog/base_footprint_rx.
2026-05-12 16:15:25 [55,219ms] [Warning] [omni.physx.plugin] Invalid PhysX transform detected for /World/scene_0/controllable__r1__robot_xjwlog/base_footprint_ry.
2026-05-12 16:15:25 [55,219ms] [Warning] [omni.physx.plugin] Invalid PhysX transform detected for /World/scene_0/controllable__r1__robot_xjwlog/base_footprint_rz.
2026-05-12 16:15:25 [55,219ms] [Warning] [omni.physx.plugin] Invalid PhysX transform detected for /World/scene_0/controllable__r1__robot_xjwlog/base_link.
2026-05-12 16:15:25 [55,219ms] [Warning] [omni.physx.plugin] Invalid PhysX transform detected for /World/scene_0/controllable__r1__robot_xjwlog/servo_link1.
2026-05-12 16:15:25 [55,219ms] [Warning] [omni.physx.plugin] Invalid PhysX transform detected for /World/scene_0/controllable__r1__robot_xjwlog/servo_link2.
2026-05-12 16:15:25 [55,219ms] [Warning] [omni.physx.plugin] Invalid PhysX transform detected for /World/scene_0/controllable__r1__robot_xjwlog/servo_link3.
2026-05-12 16:15:25 [55,219ms] [Warning] [omni.physx.plugin] Invalid PhysX transform detected for /World/scene_0/controllable__r1__robot_xjwlog/torso_link1.
2026-05-12 16:15:25 [55,219ms] [Warning] [omni.physx.plugin] Invalid PhysX transform detected for /World/scene_0/controllable__r1__robot_xjwlog/wheel_link1.
2026-05-12 16:15:25 [55,219ms] [Warning] [omni.physx.plugin] Invalid PhysX transform detected for /World/scene_0/controllable__r1__robot_xjwlog/wheel_link2.
2026-05-12 16:15:25 [55,219ms] [Warning] [omni.physx.plugin] Invalid PhysX transform detected for /World/scene_0/controllable__r1__robot_xjwlog/wheel_link3.
2026-05-12 16:15:25 [55,219ms] [Warning] [omni.physx.plugin] Invalid PhysX transform detected for /World/scene_0/controllable__r1__robot_xjwlog/torso_link2.
2026-05-12 16:15:25 [55,219ms] [Warning] [omni.physx.plugin] Invalid PhysX transform detected for /World/scene_0/controllable__r1__robot_xjwlog/torso_link3.
2026-05-12 16:15:25 [55,219ms] [Warning] [omni.physx.plugin] Invalid PhysX transform detected for /World/scene_0/controllable__r1__robot_xjwlog/torso_link4.
2026-05-12 16:15:25 [55,219ms] [Warning] [omni.physx.plugin] Invalid PhysX transform detected for /World/scene_0/controllable__r1__robot_xjwlog/left_arm_link1.
2026-05-12 16:15:25 [55,219ms] [Warning] [omni.physx.plugin] Invalid PhysX transform detected for /World/scene_0/controllable__r1__robot_xjwlog/right_arm_link1.
2026-05-12 16:15:25 [55,219ms] [Warning] [omni.physx.plugin] Invalid PhysX transform detected for /World/scene_0/controllable__r1__robot_xjwlog/eyes.
2026-05-12 16:15:25 [55,219ms] [Warning] [omni.physx.plugin] Invalid PhysX transform detected for /World/scene_0/controllable__r1__robot_xjwlog/left_arm_link2.
2026-05-12 16:15:25 [55,219ms] [Warning] [omni.physx.plugin] Invalid PhysX transform detected for /World/scene_0/controllable__r1__robot_xjwlog/right_arm_link2.
2026-05-12 16:15:25 [55,219ms] [Warning] [omni.physx.plugin] Invalid PhysX transform detected for /World/scene_0/controllable__r1__robot_xjwlog/left_arm_link3.
2026-05-12 16:15:25 [55,219ms] [Warning] [omni.physx.plugin] Invalid PhysX transform detected for /World/scene_0/controllable__r1__robot_xjwlog/right_arm_link3.
2026-05-12 16:15:25 [55,219ms] [Warning] [omni.physx.plugin] Invalid PhysX transform detected for /World/scene_0/controllable__r1__robot_xjwlog/left_arm_link4.
2026-05-12 16:15:25 [55,219ms] [Warning] [omni.physx.plugin] Invalid PhysX transform detected for /World/scene_0/controllable__r1__robot_xjwlog/right_arm_link4.
2026-05-12 16:15:25 [55,219ms] [Warning] [omni.physx.plugin] Invalid PhysX transform detected for /World/scene_0/controllable__r1__robot_xjwlog/left_arm_link5.
2026-05-12 16:15:25 [55,219ms] [Warning] [omni.physx.plugin] Invalid PhysX transform detected for /World/scene_0/controllable__r1__robot_xjwlog/right_arm_link5.
2026-05-12 16:15:25 [55,220ms] [Warning] [omni.physx.plugin] Invalid PhysX transform detected for /World/scene_0/controllable__r1__robot_xjwlog/left_arm_link6.
2026-05-12 16:15:25 [55,220ms] [Warning] [omni.physx.plugin] Invalid PhysX transform detected for /World/scene_0/controllable__r1__robot_xjwlog/right_arm_link6.
2026-05-12 16:15:25 [55,220ms] [Warning] [omni.physx.plugin] Invalid PhysX transform detected for /World/scene_0/controllable__r1__robot_xjwlog/left_gripper_link1.
2026-05-12 16:15:25 [55,220ms] [Warning] [omni.physx.plugin] Invalid PhysX transform detected for /World/scene_0/controllable__r1__robot_xjwlog/left_gripper_link2.
2026-05-12 16:15:25 [55,220ms] [Warning] [omni.physx.plugin] Invalid PhysX transform detected for /World/scene_0/controllable__r1__robot_xjwlog/left_eef_link.
2026-05-12 16:15:25 [55,220ms] [Warning] [omni.physx.plugin] Invalid PhysX transform detected for /World/scene_0/controllable__r1__robot_xjwlog/right_gripper_link1.
2026-05-12 16:15:25 [55,220ms] [Warning] [omni.physx.plugin] Invalid PhysX transform detected for /World/scene_0/controllable__r1__robot_xjwlog/right_gripper_link2.
2026-05-12 16:15:25 [55,220ms] [Warning] [omni.physx.plugin] Invalid PhysX transform detected for /World/scene_0/controllable__r1__robot_xjwlog/right_eef_link.
2026-05-12 16:15:25 [55,220ms] [Warning] [omni.physx.plugin] Invalid PhysX transform detected for /World/scene_0/cover_small_item_render_item_4175346132/base_link.
2026-05-12 16:15:25 [55,220ms] [Warning] [omni.physx.plugin] Invalid PhysX transform detected for /World/scene_0/cover_small_item_render_item_4175346132/glass.
2026-05-12 16:15:25 [55,284ms] [Warning] [omni.physx.plugin] Invalid PhysX transform detected for /World/scene_0/controllable__r1__robot_xjwlog/base_footprint_y.
2026-05-12 16:15:25 [55,284ms] [Warning] [omni.physx.plugin] Invalid PhysX transform detected for /World/scene_0/controllable__r1__robot_xjwlog/base_footprint_z.
2026-05-12 16:15:25 [55,284ms] [Warning] [omni.physx.plugin] Invalid PhysX transform detected for /World/scene_0/controllable__r1__robot_xjwlog/base_footprint_rx.
2026-05-12 16:15:25 [55,284ms] [Warning] [omni.physx.plugin] Invalid PhysX transform detected for /World/scene_0/controllable__r1__robot_xjwlog/base_footprint_ry.
2026-05-12 16:15:25 [55,284ms] [Warning] [omni.physx.plugin] Invalid PhysX transform detected for /World/scene_0/controllable__r1__robot_xjwlog/base_footprint_rz.
2026-05-12 16:15:25 [55,284ms] [Warning] [omni.physx.plugin] Invalid PhysX transform detected for /World/scene_0/controllable__r1__robot_xjwlog/base_link.
2026-05-12 16:15:25 [55,284ms] [Warning] [omni.physx.plugin] Invalid PhysX transform detected for /World/scene_0/controllable__r1__robot_xjwlog/servo_link1.
2026-05-12 16:15:25 [55,284ms] [Warning] [omni.physx.plugin] Invalid PhysX transform detected for /World/scene_0/controllable__r1__robot_xjwlog/servo_link2.
2026-05-12 16:15:25 [55,284ms] [Warning] [omni.physx.plugin] Invalid PhysX transform detected for /World/scene_0/controllable__r1__robot_xjwlog/servo_link3.
2026-05-12 16:15:25 [55,284ms] [Warning] [omni.physx.plugin] Invalid PhysX transform detected for /World/scene_0/controllable__r1__robot_xjwlog/torso_link1.
2026-05-12 16:15:25 [55,285ms] [Warning] [omni.physx.plugin] Invalid PhysX transform detected for /World/scene_0/controllable__r1__robot_xjwlog/wheel_link1.
2026-05-12 16:15:25 [55,285ms] [Warning] [omni.physx.plugin] Invalid PhysX transform detected for /World/scene_0/controllable__r1__robot_xjwlog/wheel_link2.
2026-05-12 16:15:25 [55,285ms] [Warning] [omni.physx.plugin] Invalid PhysX transform detected for /World/scene_0/controllable__r1__robot_xjwlog/wheel_link3.
2026-05-12 16:15:25 [55,285ms] [Warning] [omni.physx.plugin] Invalid PhysX transform detected for /World/scene_0/controllable__r1__robot_xjwlog/torso_link2.
2026-05-12 16:15:25 [55,285ms] [Warning] [omni.physx.plugin] Invalid PhysX transform detected for /World/scene_0/controllable__r1__robot_xjwlog/torso_link3.
2026-05-12 16:15:25 [55,285ms] [Warning] [omni.physx.plugin] Invalid PhysX transform detected for /World/scene_0/controllable__r1__robot_xjwlog/torso_link4.
2026-05-12 16:15:25 [55,285ms] [Warning] [omni.physx.plugin] Invalid PhysX transform detected for /World/scene_0/controllable__r1__robot_xjwlog/left_arm_link1.
2026-05-12 16:15:25 [55,285ms] [Warning] [omni.physx.plugin] Invalid PhysX transform detected for /World/scene_0/controllable__r1__robot_xjwlog/right_arm_link1.
2026-05-12 16:15:25 [55,285ms] [Warning] [omni.physx.plugin] Invalid PhysX transform detected for /World/scene_0/controllable__r1__robot_xjwlog/eyes.
2026-05-12 16:15:25 [55,285ms] [Warning] [omni.physx.plugin] Invalid PhysX transform detected for /World/scene_0/controllable__r1__robot_xjwlog/left_arm_link2.
2026-05-12 16:15:25 [55,285ms] [Warning] [omni.physx.plugin] Invalid PhysX transform detected for /World/scene_0/controllable__r1__robot_xjwlog/right_arm_link2.
2026-05-12 16:15:25 [55,285ms] [Warning] [omni.physx.plugin] Invalid PhysX transform detected for /World/scene_0/controllable__r1__robot_xjwlog/left_arm_link3.
2026-05-12 16:15:25 [55,285ms] [Warning] [omni.physx.plugin] Invalid PhysX transform detected for /World/scene_0/controllable__r1__robot_xjwlog/right_arm_link3.
2026-05-12 16:15:25 [55,285ms] [Warning] [omni.physx.plugin] Invalid PhysX transform detected for /World/scene_0/controllable__r1__robot_xjwlog/left_arm_link4.
2026-05-12 16:15:25 [55,285ms] [Warning] [omni.physx.plugin] Invalid PhysX transform detected for /World/scene_0/controllable__r1__robot_xjwlog/right_arm_link4.
2026-05-12 16:15:25 [55,285ms] [Warning] [omni.physx.plugin] Invalid PhysX transform detected for /World/scene_0/controllable__r1__robot_xjwlog/left_arm_link5.
2026-05-12 16:15:25 [55,285ms] [Warning] [omni.physx.plugin] Invalid PhysX transform detected for /World/scene_0/controllable__r1__robot_xjwlog/right_arm_link5.
2026-05-12 16:15:25 [55,285ms] [Warning] [omni.physx.plugin] Invalid PhysX transform detected for /World/scene_0/controllable__r1__robot_xjwlog/left_arm_link6.
2026-05-12 16:15:25 [55,285ms] [Warning] [omni.physx.plugin] Invalid PhysX transform detected for /World/scene_0/controllable__r1__robot_xjwlog/right_arm_link6.
2026-05-12 16:15:25 [55,285ms] [Warning] [omni.physx.plugin] Invalid PhysX transform detected for /World/scene_0/controllable__r1__robot_xjwlog/left_gripper_link1.
2026-05-12 16:15:25 [55,285ms] [Warning] [omni.physx.plugin] Invalid PhysX transform detected for /World/scene_0/controllable__r1__robot_xjwlog/left_gripper_link2.
2026-05-12 16:15:25 [55,285ms] [Warning] [omni.physx.plugin] Invalid PhysX transform detected for /World/scene_0/controllable__r1__robot_xjwlog/left_eef_link.
2026-05-12 16:15:25 [55,285ms] [Warning] [omni.physx.plugin] Invalid PhysX transform detected for /World/scene_0/controllable__r1__robot_xjwlog/right_gripper_link1.
2026-05-12 16:15:25 [55,285ms] [Warning] [omni.physx.plugin] Invalid PhysX transform detected for /World/scene_0/controllable__r1__robot_xjwlog/right_gripper_link2.
2026-05-12 16:15:25 [55,285ms] [Warning] [omni.physx.plugin] Invalid PhysX transform detected for /World/scene_0/controllable__r1__robot_xjwlog/right_eef_link.
2026-05-12 16:15:25 [55,285ms] [Warning] [omni.physx.plugin] Invalid PhysX transform detected for /World/scene_0/cover_small_item_render_item_4175346132/base_link.
2026-05-12 16:15:25 [55,285ms] [Warning] [omni.physx.plugin] Invalid PhysX transform detected for /World/scene_0/cover_small_item_render_item_4175346132/glass.
2026-05-12 16:15:25 [55,376ms] [Warning] [omni.physx.plugin] Invalid PhysX transform detected for /World/scene_0/controllable__r1__robot_xjwlog/base_footprint_y.
2026-05-12 16:15:25 [55,376ms] [Warning] [omni.physx.plugin] Invalid PhysX transform detected for /World/scene_0/controllable__r1__robot_xjwlog/base_footprint_z.
2026-05-12 16:15:25 [55,376ms] [Warning] [omni.physx.plugin] Invalid PhysX transform detected for /World/scene_0/controllable__r1__robot_xjwlog/base_footprint_rx.
2026-05-12 16:15:25 [55,376ms] [Warning] [omni.physx.plugin] Invalid PhysX transform detected for /World/scene_0/controllable__r1__robot_xjwlog/base_footprint_ry.
2026-05-12 16:15:25 [55,376ms] [Warning] [omni.physx.plugin] Invalid PhysX transform detected for /World/scene_0/controllable__r1__robot_xjwlog/base_footprint_rz.
2026-05-12 16:15:25 [55,376ms] [Warning] [omni.physx.plugin] Invalid PhysX transform detected for /World/scene_0/controllable__r1__robot_xjwlog/base_link.
2026-05-12 16:15:25 [55,376ms] [Warning] [omni.physx.plugin] Invalid PhysX transform detected for /World/scene_0/controllable__r1__robot_xjwlog/servo_link1.
2026-05-12 16:15:25 [55,376ms] [Warning] [omni.physx.plugin] Invalid PhysX transform detected for /World/scene_0/controllable__r1__robot_xjwlog/servo_link2.
2026-05-12 16:15:25 [55,376ms] [Warning] [omni.physx.plugin] Invalid PhysX transform detected for /World/scene_0/controllable__r1__robot_xjwlog/servo_link3.
2026-05-12 16:15:25 [55,376ms] [Warning] [omni.physx.plugin] Invalid PhysX transform detected for /World/scene_0/controllable__r1__robot_xjwlog/torso_link1.
2026-05-12 16:15:25 [55,376ms] [Warning] [omni.physx.plugin] Invalid PhysX transform detected for /World/scene_0/controllable__r1__robot_xjwlog/wheel_link1.
2026-05-12 16:15:25 [55,376ms] [Warning] [omni.physx.plugin] Invalid PhysX transform detected for /World/scene_0/controllable__r1__robot_xjwlog/wheel_link2.
2026-05-12 16:15:25 [55,376ms] [Warning] [omni.physx.plugin] Invalid PhysX transform detected for /World/scene_0/controllable__r1__robot_xjwlog/wheel_link3.
2026-05-12 16:15:25 [55,376ms] [Warning] [omni.physx.plugin] Invalid PhysX transform detected for /World/scene_0/controllable__r1__robot_xjwlog/torso_link2.
2026-05-12 16:15:25 [55,376ms] [Warning] [omni.physx.plugin] Invalid PhysX transform detected for /World/scene_0/controllable__r1__robot_xjwlog/torso_link3.
2026-05-12 16:15:25 [55,376ms] [Warning] [omni.physx.plugin] Invalid PhysX transform detected for /World/scene_0/controllable__r1__robot_xjwlog/torso_link4.
2026-05-12 16:15:25 [55,376ms] [Warning] [omni.physx.plugin] Invalid PhysX transform detected for /World/scene_0/controllable__r1__robot_xjwlog/left_arm_link1.
2026-05-12 16:15:25 [55,376ms] [Warning] [omni.physx.plugin] Invalid PhysX transform detected for /World/scene_0/controllable__r1__robot_xjwlog/right_arm_link1.
2026-05-12 16:15:25 [55,376ms] [Warning] [omni.physx.plugin] Invalid PhysX transform detected for /World/scene_0/controllable__r1__robot_xjwlog/eyes.
2026-05-12 16:15:25 [55,376ms] [Warning] [omni.physx.plugin] Invalid PhysX transform detected for /World/scene_0/controllable__r1__robot_xjwlog/left_arm_link2.
2026-05-12 16:15:25 [55,376ms] [Warning] [omni.physx.plugin] Invalid PhysX transform detected for /World/scene_0/controllable__r1__robot_xjwlog/right_arm_link2.
2026-05-12 16:15:25 [55,376ms] [Warning] [omni.physx.plugin] Invalid PhysX transform detected for /World/scene_0/controllable__r1__robot_xjwlog/left_arm_link3.
2026-05-12 16:15:25 [55,376ms] [Warning] [omni.physx.plugin] Invalid PhysX transform detected for /World/scene_0/controllable__r1__robot_xjwlog/right_arm_link3.
2026-05-12 16:15:25 [55,376ms] [Warning] [omni.physx.plugin] Invalid PhysX transform detected for /World/scene_0/controllable__r1__robot_xjwlog/left_arm_link4.
2026-05-12 16:15:25 [55,376ms] [Warning] [omni.physx.plugin] Invalid PhysX transform detected for /World/scene_0/controllable__r1__robot_xjwlog/right_arm_link4.
2026-05-12 16:15:25 [55,376ms] [Warning] [omni.physx.plugin] Invalid PhysX transform detected for /World/scene_0/controllable__r1__robot_xjwlog/left_arm_link5.
2026-05-12 16:15:25 [55,376ms] [Warning] [omni.physx.plugin] Invalid PhysX transform detected for /World/scene_0/controllable__r1__robot_xjwlog/right_arm_link5.
2026-05-12 16:15:25 [55,376ms] [Warning] [omni.physx.plugin] Invalid PhysX transform detected for /World/scene_0/controllable__r1__robot_xjwlog/left_arm_link6.
2026-05-12 16:15:25 [55,376ms] [Warning] [omni.physx.plugin] Invalid PhysX transform detected for /World/scene_0/controllable__r1__robot_xjwlog/right_arm_link6.
2026-05-12 16:15:25 [55,376ms] [Warning] [omni.physx.plugin] Invalid PhysX transform detected for /World/scene_0/controllable__r1__robot_xjwlog/left_gripper_link1.
2026-05-12 16:15:25 [55,376ms] [Warning] [omni.physx.plugin] Invalid PhysX transform detected for /World/scene_0/controllable__r1__robot_xjwlog/left_gripper_link2.
2026-05-12 16:15:25 [55,376ms] [Warning] [omni.physx.plugin] Invalid PhysX transform detected for /World/scene_0/controllable__r1__robot_xjwlog/left_eef_link.
2026-05-12 16:15:25 [55,376ms] [Warning] [omni.physx.plugin] Invalid PhysX transform detected for /World/scene_0/controllable__r1__robot_xjwlog/right_gripper_link1.
2026-05-12 16:15:25 [55,376ms] [Warning] [omni.physx.plugin] Invalid PhysX transform detected for /World/scene_0/controllable__r1__robot_xjwlog/right_gripper_link2.
2026-05-12 16:15:25 [55,376ms] [Warning] [omni.physx.plugin] Invalid PhysX transform detected for /World/scene_0/controllable__r1__robot_xjwlog/right_eef_link.
2026-05-12 16:15:25 [55,376ms] [Warning] [omni.physx.plugin] Invalid PhysX transform detected for /World/scene_0/cover_small_item_render_item_4175346132/base_link.
2026-05-12 16:15:25 [55,376ms] [Warning] [omni.physx.plugin] Invalid PhysX transform detected for /World/scene_0/cover_small_item_render_item_4175346132/glass.
2026-05-12 16:15:25 [55,459ms] [Warning] [omni.physx.plugin] Invalid PhysX transform detected for /World/scene_0/controllable__r1__robot_xjwlog/base_footprint_y.
2026-05-12 16:15:25 [55,459ms] [Warning] [omni.physx.plugin] Invalid PhysX transform detected for /World/scene_0/controllable__r1__robot_xjwlog/base_footprint_z.
2026-05-12 16:15:25 [55,459ms] [Warning] [omni.physx.plugin] Invalid PhysX transform detected for /World/scene_0/controllable__r1__robot_xjwlog/base_footprint_rx.
2026-05-12 16:15:25 [55,459ms] [Warning] [omni.physx.plugin] Invalid PhysX transform detected for /World/scene_0/controllable__r1__robot_xjwlog/base_footprint_ry.
2026-05-12 16:15:25 [55,459ms] [Warning] [omni.physx.plugin] Invalid PhysX transform detected for /World/scene_0/controllable__r1__robot_xjwlog/base_footprint_rz.
2026-05-12 16:15:25 [55,459ms] [Warning] [omni.physx.plugin] Invalid PhysX transform detected for /World/scene_0/controllable__r1__robot_xjwlog/base_link.
2026-05-12 16:15:25 [55,459ms] [Warning] [omni.physx.plugin] Invalid PhysX transform detected for /World/scene_0/controllable__r1__robot_xjwlog/servo_link1.
2026-05-12 16:15:25 [55,459ms] [Warning] [omni.physx.plugin] Invalid PhysX transform detected for /World/scene_0/controllable__r1__robot_xjwlog/servo_link2.
2026-05-12 16:15:25 [55,459ms] [Warning] [omni.physx.plugin] Invalid PhysX transform detected for /World/scene_0/controllable__r1__robot_xjwlog/servo_link3.
2026-05-12 16:15:25 [55,459ms] [Warning] [omni.physx.plugin] Invalid PhysX transform detected for /World/scene_0/controllable__r1__robot_xjwlog/torso_link1.
2026-05-12 16:15:25 [55,459ms] [Warning] [omni.physx.plugin] Invalid PhysX transform detected for /World/scene_0/controllable__r1__robot_xjwlog/wheel_link1.
2026-05-12 16:15:25 [55,459ms] [Warning] [omni.physx.plugin] Invalid PhysX transform detected for /World/scene_0/controllable__r1__robot_xjwlog/wheel_link2.
2026-05-12 16:15:25 [55,459ms] [Warning] [omni.physx.plugin] Invalid PhysX transform detected for /World/scene_0/controllable__r1__robot_xjwlog/wheel_link3.
2026-05-12 16:15:25 [55,459ms] [Warning] [omni.physx.plugin] Invalid PhysX transform detected for /World/scene_0/controllable__r1__robot_xjwlog/torso_link2.
2026-05-12 16:15:25 [55,459ms] [Warning] [omni.physx.plugin] Invalid PhysX transform detected for /World/scene_0/controllable__r1__robot_xjwlog/torso_link3.
2026-05-12 16:15:25 [55,459ms] [Warning] [omni.physx.plugin] Invalid PhysX transform detected for /World/scene_0/controllable__r1__robot_xjwlog/torso_link4.
2026-05-12 16:15:25 [55,459ms] [Warning] [omni.physx.plugin] Invalid PhysX transform detected for /World/scene_0/controllable__r1__robot_xjwlog/left_arm_link1.
2026-05-12 16:15:25 [55,459ms] [Warning] [omni.physx.plugin] Invalid PhysX transform detected for /World/scene_0/controllable__r1__robot_xjwlog/right_arm_link1.
2026-05-12 16:15:25 [55,459ms] [Warning] [omni.physx.plugin] Invalid PhysX transform detected for /World/scene_0/controllable__r1__robot_xjwlog/eyes.
2026-05-12 16:15:25 [55,459ms] [Warning] [omni.physx.plugin] Invalid PhysX transform detected for /World/scene_0/controllable__r1__robot_xjwlog/left_arm_link2.
2026-05-12 16:15:25 [55,459ms] [Warning] [omni.physx.plugin] Invalid PhysX transform detected for /World/scene_0/controllable__r1__robot_xjwlog/right_arm_link2.
2026-05-12 16:15:25 [55,459ms] [Warning] [omni.physx.plugin] Invalid PhysX transform detected for /World/scene_0/controllable__r1__robot_xjwlog/left_arm_link3.
2026-05-12 16:15:25 [55,459ms] [Warning] [omni.physx.plugin] Invalid PhysX transform detected for /World/scene_0/controllable__r1__robot_xjwlog/right_arm_link3.
2026-05-12 16:15:25 [55,459ms] [Warning] [omni.physx.plugin] Invalid PhysX transform detected for /World/scene_0/controllable__r1__robot_xjwlog/left_arm_link4.
2026-05-12 16:15:25 [55,459ms] [Warning] [omni.physx.plugin] Invalid PhysX transform detected for /World/scene_0/controllable__r1__robot_xjwlog/right_arm_link4.
2026-05-12 16:15:25 [55,459ms] [Warning] [omni.physx.plugin] Invalid PhysX transform detected for /World/scene_0/controllable__r1__robot_xjwlog/left_arm_link5.
2026-05-12 16:15:25 [55,459ms] [Warning] [omni.physx.plugin] Invalid PhysX transform detected for /World/scene_0/controllable__r1__robot_xjwlog/right_arm_link5.
2026-05-12 16:15:25 [55,459ms] [Warning] [omni.physx.plugin] Invalid PhysX transform detected for /World/scene_0/controllable__r1__robot_xjwlog/left_arm_link6.
2026-05-12 16:15:25 [55,459ms] [Warning] [omni.physx.plugin] Invalid PhysX transform detected for /World/scene_0/controllable__r1__robot_xjwlog/right_arm_link6.
2026-05-12 16:15:25 [55,459ms] [Warning] [omni.physx.plugin] Invalid PhysX transform detected for /World/scene_0/controllable__r1__robot_xjwlog/left_gripper_link1.
2026-05-12 16:15:25 [55,459ms] [Warning] [omni.physx.plugin] Invalid PhysX transform detected for /World/scene_0/controllable__r1__robot_xjwlog/left_gripper_link2.
2026-05-12 16:15:25 [55,459ms] [Warning] [omni.physx.plugin] Invalid PhysX transform detected for /World/scene_0/controllable__r1__robot_xjwlog/left_eef_link.
2026-05-12 16:15:25 [55,459ms] [Warning] [omni.physx.plugin] Invalid PhysX transform detected for /World/scene_0/controllable__r1__robot_xjwlog/right_gripper_link1.
2026-05-12 16:15:25 [55,459ms] [Warning] [omni.physx.plugin] Invalid PhysX transform detected for /World/scene_0/controllable__r1__robot_xjwlog/right_gripper_link2.
2026-05-12 16:15:25 [55,459ms] [Warning] [omni.physx.plugin] Invalid PhysX transform detected for /World/scene_0/controllable__r1__robot_xjwlog/right_eef_link.
2026-05-12 16:15:25 [55,459ms] [Warning] [omni.physx.plugin] Invalid PhysX transform detected for /World/scene_0/cover_small_item_render_item_4175346132/base_link.
2026-05-12 16:15:25 [55,459ms] [Warning] [omni.physx.plugin] Invalid PhysX transform detected for /World/scene_0/cover_small_item_render_item_4175346132/glass.
2026-05-12 16:15:26 [55,541ms] [Warning] [omni.physx.plugin] Invalid PhysX transform detected for /World/scene_0/controllable__r1__robot_xjwlog/base_footprint_y.
2026-05-12 16:15:26 [55,541ms] [Warning] [omni.physx.plugin] Invalid PhysX transform detected for /World/scene_0/controllable__r1__robot_xjwlog/base_footprint_z.
2026-05-12 16:15:26 [55,541ms] [Warning] [omni.physx.plugin] Invalid PhysX transform detected for /World/scene_0/controllable__r1__robot_xjwlog/base_footprint_rx.
2026-05-12 16:15:26 [55,541ms] [Warning] [omni.physx.plugin] Invalid PhysX transform detected for /World/scene_0/controllable__r1__robot_xjwlog/base_footprint_ry.
2026-05-12 16:15:26 [55,541ms] [Warning] [omni.physx.plugin] Invalid PhysX transform detected for /World/scene_0/controllable__r1__robot_xjwlog/base_footprint_rz.
2026-05-12 16:15:26 [55,541ms] [Warning] [omni.physx.plugin] Invalid PhysX transform detected for /World/scene_0/controllable__r1__robot_xjwlog/base_link.
2026-05-12 16:15:26 [55,541ms] [Warning] [omni.physx.plugin] Invalid PhysX transform detected for /World/scene_0/controllable__r1__robot_xjwlog/servo_link1.
2026-05-12 16:15:26 [55,541ms] [Warning] [omni.physx.plugin] Invalid PhysX transform detected for /World/scene_0/controllable__r1__robot_xjwlog/servo_link2.
2026-05-12 16:15:26 [55,541ms] [Warning] [omni.physx.plugin] Invalid PhysX transform detected for /World/scene_0/controllable__r1__robot_xjwlog/servo_link3.
2026-05-12 16:15:26 [55,541ms] [Warning] [omni.physx.plugin] Invalid PhysX transform detected for /World/scene_0/controllable__r1__robot_xjwlog/torso_link1.
2026-05-12 16:15:26 [55,541ms] [Warning] [omni.physx.plugin] Invalid PhysX transform detected for /World/scene_0/controllable__r1__robot_xjwlog/wheel_link1.
2026-05-12 16:15:26 [55,541ms] [Warning] [omni.physx.plugin] Invalid PhysX transform detected for /World/scene_0/controllable__r1__robot_xjwlog/wheel_link2.
2026-05-12 16:15:26 [55,541ms] [Warning] [omni.physx.plugin] Invalid PhysX transform detected for /World/scene_0/controllable__r1__robot_xjwlog/wheel_link3.
2026-05-12 16:15:26 [55,541ms] [Warning] [omni.physx.plugin] Invalid PhysX transform detected for /World/scene_0/controllable__r1__robot_xjwlog/torso_link2.
2026-05-12 16:15:26 [55,541ms] [Warning] [omni.physx.plugin] Invalid PhysX transform detected for /World/scene_0/controllable__r1__robot_xjwlog/torso_link3.
2026-05-12 16:15:26 [55,541ms] [Warning] [omni.physx.plugin] Invalid PhysX transform detected for /World/scene_0/controllable__r1__robot_xjwlog/torso_link4.
2026-05-12 16:15:26 [55,541ms] [Warning] [omni.physx.plugin] Invalid PhysX transform detected for /World/scene_0/controllable__r1__robot_xjwlog/left_arm_link1.
2026-05-12 16:15:26 [55,541ms] [Warning] [omni.physx.plugin] Invalid PhysX transform detected for /World/scene_0/controllable__r1__robot_xjwlog/right_arm_link1.
2026-05-12 16:15:26 [55,541ms] [Warning] [omni.physx.plugin] Invalid PhysX transform detected for /World/scene_0/controllable__r1__robot_xjwlog/eyes.
2026-05-12 16:15:26 [55,541ms] [Warning] [omni.physx.plugin] Invalid PhysX transform detected for /World/scene_0/controllable__r1__robot_xjwlog/left_arm_link2.
2026-05-12 16:15:26 [55,541ms] [Warning] [omni.physx.plugin] Invalid PhysX transform detected for /World/scene_0/controllable__r1__robot_xjwlog/right_arm_link2.
2026-05-12 16:15:26 [55,541ms] [Warning] [omni.physx.plugin] Invalid PhysX transform detected for /World/scene_0/controllable__r1__robot_xjwlog/left_arm_link3.
2026-05-12 16:15:26 [55,541ms] [Warning] [omni.physx.plugin] Invalid PhysX transform detected for /World/scene_0/controllable__r1__robot_xjwlog/right_arm_link3.
2026-05-12 16:15:26 [55,541ms] [Warning] [omni.physx.plugin] Invalid PhysX transform detected for /World/scene_0/controllable__r1__robot_xjwlog/left_arm_link4.
2026-05-12 16:15:26 [55,541ms] [Warning] [omni.physx.plugin] Invalid PhysX transform detected for /World/scene_0/controllable__r1__robot_xjwlog/right_arm_link4.
2026-05-12 16:15:26 [55,541ms] [Warning] [omni.physx.plugin] Invalid PhysX transform detected for /World/scene_0/controllable__r1__robot_xjwlog/left_arm_link5.
2026-05-12 16:15:26 [55,541ms] [Warning] [omni.physx.plugin] Invalid PhysX transform detected for /World/scene_0/controllable__r1__robot_xjwlog/right_arm_link5.
2026-05-12 16:15:26 [55,541ms] [Warning] [omni.physx.plugin] Invalid PhysX transform detected for /World/scene_0/controllable__r1__robot_xjwlog/left_arm_link6.
2026-05-12 16:15:26 [55,541ms] [Warning] [omni.physx.plugin] Invalid PhysX transform detected for /World/scene_0/controllable__r1__robot_xjwlog/right_arm_link6.
2026-05-12 16:15:26 [55,541ms] [Warning] [omni.physx.plugin] Invalid PhysX transform detected for /World/scene_0/controllable__r1__robot_xjwlog/left_gripper_link1.
2026-05-12 16:15:26 [55,541ms] [Warning] [omni.physx.plugin] Invalid PhysX transform detected for /World/scene_0/controllable__r1__robot_xjwlog/left_gripper_link2.
2026-05-12 16:15:26 [55,541ms] [Warning] [omni.physx.plugin] Invalid PhysX transform detected for /World/scene_0/controllable__r1__robot_xjwlog/left_eef_link.
2026-05-12 16:15:26 [55,541ms] [Warning] [omni.physx.plugin] Invalid PhysX transform detected for /World/scene_0/controllable__r1__robot_xjwlog/right_gripper_link1.
2026-05-12 16:15:26 [55,541ms] [Warning] [omni.physx.plugin] Invalid PhysX transform detected for /World/scene_0/controllable__r1__robot_xjwlog/right_gripper_link2.
2026-05-12 16:15:26 [55,541ms] [Warning] [omni.physx.plugin] Invalid PhysX transform detected for /World/scene_0/controllable__r1__robot_xjwlog/right_eef_link.
2026-05-12 16:15:26 [55,541ms] [Warning] [omni.physx.plugin] Invalid PhysX transform detected for /World/scene_0/cover_small_item_render_item_4175346132/base_link.
2026-05-12 16:15:26 [55,541ms] [Warning] [omni.physx.plugin] Invalid PhysX transform detected for /World/scene_0/cover_small_item_render_item_4175346132/glass.
2026-05-12 16:15:26 [55,628ms] [Warning] [omni.physx.plugin] Invalid PhysX transform detected for /World/scene_0/controllable__r1__robot_xjwlog/base_footprint_y.
2026-05-12 16:15:26 [55,628ms] [Warning] [omni.physx.plugin] Invalid PhysX transform detected for /World/scene_0/controllable__r1__robot_xjwlog/base_footprint_z.
2026-05-12 16:15:26 [55,628ms] [Warning] [omni.physx.plugin] Invalid PhysX transform detected for /World/scene_0/controllable__r1__robot_xjwlog/base_footprint_rx.
2026-05-12 16:15:26 [55,628ms] [Warning] [omni.physx.plugin] Invalid PhysX transform detected for /World/scene_0/controllable__r1__robot_xjwlog/base_footprint_ry.
2026-05-12 16:15:26 [55,628ms] [Warning] [omni.physx.plugin] Invalid PhysX transform detected for /World/scene_0/controllable__r1__robot_xjwlog/base_footprint_rz.
2026-05-12 16:15:26 [55,628ms] [Warning] [omni.physx.plugin] Invalid PhysX transform detected for /World/scene_0/controllable__r1__robot_xjwlog/base_link.
2026-05-12 16:15:26 [55,628ms] [Warning] [omni.physx.plugin] Invalid PhysX transform detected for /World/scene_0/controllable__r1__robot_xjwlog/servo_link1.
2026-05-12 16:15:26 [55,628ms] [Warning] [omni.physx.plugin] Invalid PhysX transform detected for /World/scene_0/controllable__r1__robot_xjwlog/servo_link2.
2026-05-12 16:15:26 [55,628ms] [Warning] [omni.physx.plugin] Invalid PhysX transform detected for /World/scene_0/controllable__r1__robot_xjwlog/servo_link3.
2026-05-12 16:15:26 [55,628ms] [Warning] [omni.physx.plugin] Invalid PhysX transform detected for /World/scene_0/controllable__r1__robot_xjwlog/torso_link1.
2026-05-12 16:15:26 [55,628ms] [Warning] [omni.physx.plugin] Invalid PhysX transform detected for /World/scene_0/controllable__r1__robot_xjwlog/wheel_link1.
2026-05-12 16:15:26 [55,628ms] [Warning] [omni.physx.plugin] Invalid PhysX transform detected for /World/scene_0/controllable__r1__robot_xjwlog/wheel_link2.
2026-05-12 16:15:26 [55,628ms] [Warning] [omni.physx.plugin] Invalid PhysX transform detected for /World/scene_0/controllable__r1__robot_xjwlog/wheel_link3.
2026-05-12 16:15:26 [55,628ms] [Warning] [omni.physx.plugin] Invalid PhysX transform detected for /World/scene_0/controllable__r1__robot_xjwlog/torso_link2.
2026-05-12 16:15:26 [55,628ms] [Warning] [omni.physx.plugin] Invalid PhysX transform detected for /World/scene_0/controllable__r1__robot_xjwlog/torso_link3.
2026-05-12 16:15:26 [55,628ms] [Warning] [omni.physx.plugin] Invalid PhysX transform detected for /World/scene_0/controllable__r1__robot_xjwlog/torso_link4.
2026-05-12 16:15:26 [55,628ms] [Warning] [omni.physx.plugin] Invalid PhysX transform detected for /World/scene_0/controllable__r1__robot_xjwlog/left_arm_link1.
2026-05-12 16:15:26 [55,628ms] [Warning] [omni.physx.plugin] Invalid PhysX transform detected for /World/scene_0/controllable__r1__robot_xjwlog/right_arm_link1.
2026-05-12 16:15:26 [55,628ms] [Warning] [omni.physx.plugin] Invalid PhysX transform detected for /World/scene_0/controllable__r1__robot_xjwlog/eyes.
2026-05-12 16:15:26 [55,628ms] [Warning] [omni.physx.plugin] Invalid PhysX transform detected for /World/scene_0/controllable__r1__robot_xjwlog/left_arm_link2.
2026-05-12 16:15:26 [55,628ms] [Warning] [omni.physx.plugin] Invalid PhysX transform detected for /World/scene_0/controllable__r1__robot_xjwlog/right_arm_link2.
2026-05-12 16:15:26 [55,628ms] [Warning] [omni.physx.plugin] Invalid PhysX transform detected for /World/scene_0/controllable__r1__robot_xjwlog/left_arm_link3.
2026-05-12 16:15:26 [55,628ms] [Warning] [omni.physx.plugin] Invalid PhysX transform detected for /World/scene_0/controllable__r1__robot_xjwlog/right_arm_link3.
2026-05-12 16:15:26 [55,628ms] [Warning] [omni.physx.plugin] Invalid PhysX transform detected for /World/scene_0/controllable__r1__robot_xjwlog/left_arm_link4.
2026-05-12 16:15:26 [55,628ms] [Warning] [omni.physx.plugin] Invalid PhysX transform detected for /World/scene_0/controllable__r1__robot_xjwlog/right_arm_link4.
2026-05-12 16:15:26 [55,628ms] [Warning] [omni.physx.plugin] Invalid PhysX transform detected for /World/scene_0/controllable__r1__robot_xjwlog/left_arm_link5.
2026-05-12 16:15:26 [55,628ms] [Warning] [omni.physx.plugin] Invalid PhysX transform detected for /World/scene_0/controllable__r1__robot_xjwlog/right_arm_link5.
2026-05-12 16:15:26 [55,628ms] [Warning] [omni.physx.plugin] Invalid PhysX transform detected for /World/scene_0/controllable__r1__robot_xjwlog/left_arm_link6.
2026-05-12 16:15:26 [55,628ms] [Warning] [omni.physx.plugin] Invalid PhysX transform detected for /World/scene_0/controllable__r1__robot_xjwlog/right_arm_link6.
2026-05-12 16:15:26 [55,628ms] [Warning] [omni.physx.plugin] Invalid PhysX transform detected for /World/scene_0/controllable__r1__robot_xjwlog/left_gripper_link1.
2026-05-12 16:15:26 [55,628ms] [Warning] [omni.physx.plugin] Invalid PhysX transform detected for /World/scene_0/controllable__r1__robot_xjwlog/left_gripper_link2.
2026-05-12 16:15:26 [55,628ms] [Warning] [omni.physx.plugin] Invalid PhysX transform detected for /World/scene_0/controllable__r1__robot_xjwlog/left_eef_link.
2026-05-12 16:15:26 [55,628ms] [Warning] [omni.physx.plugin] Invalid PhysX transform detected for /World/scene_0/controllable__r1__robot_xjwlog/right_gripper_link1.
2026-05-12 16:15:26 [55,628ms] [Warning] [omni.physx.plugin] Invalid PhysX transform detected for /World/scene_0/controllable__r1__robot_xjwlog/right_gripper_link2.
2026-05-12 16:15:26 [55,628ms] [Warning] [omni.physx.plugin] Invalid PhysX transform detected for /World/scene_0/controllable__r1__robot_xjwlog/right_eef_link.
2026-05-12 16:15:26 [55,628ms] [Warning] [omni.physx.plugin] Invalid PhysX transform detected for /World/scene_0/cover_small_item_render_item_4175346132/base_link.
2026-05-12 16:15:26 [55,628ms] [Warning] [omni.physx.plugin] Invalid PhysX transform detected for /World/scene_0/cover_small_item_render_item_4175346132/glass.
2026-05-12 16:15:26 [55,713ms] [Warning] [omni.physx.plugin] Invalid PhysX transform detected for /World/scene_0/controllable__r1__robot_xjwlog/base_footprint_y.
2026-05-12 16:15:26 [55,713ms] [Warning] [omni.physx.plugin] Invalid PhysX transform detected for /World/scene_0/controllable__r1__robot_xjwlog/base_footprint_z.
2026-05-12 16:15:26 [55,713ms] [Warning] [omni.physx.plugin] Invalid PhysX transform detected for /World/scene_0/controllable__r1__robot_xjwlog/base_footprint_rx.
2026-05-12 16:15:26 [55,713ms] [Warning] [omni.physx.plugin] Invalid PhysX transform detected for /World/scene_0/controllable__r1__robot_xjwlog/base_footprint_ry.
2026-05-12 16:15:26 [55,713ms] [Warning] [omni.physx.plugin] Invalid PhysX transform detected for /World/scene_0/controllable__r1__robot_xjwlog/base_footprint_rz.
2026-05-12 16:15:26 [55,713ms] [Warning] [omni.physx.plugin] Invalid PhysX transform detected for /World/scene_0/controllable__r1__robot_xjwlog/base_link.
2026-05-12 16:15:26 [55,713ms] [Warning] [omni.physx.plugin] Invalid PhysX transform detected for /World/scene_0/controllable__r1__robot_xjwlog/servo_link1.
2026-05-12 16:15:26 [55,713ms] [Warning] [omni.physx.plugin] Invalid PhysX transform detected for /World/scene_0/controllable__r1__robot_xjwlog/servo_link2.
2026-05-12 16:15:26 [55,713ms] [Warning] [omni.physx.plugin] Invalid PhysX transform detected for /World/scene_0/controllable__r1__robot_xjwlog/servo_link3.
2026-05-12 16:15:26 [55,713ms] [Warning] [omni.physx.plugin] Invalid PhysX transform detected for /World/scene_0/controllable__r1__robot_xjwlog/torso_link1.
2026-05-12 16:15:26 [55,713ms] [Warning] [omni.physx.plugin] Invalid PhysX transform detected for /World/scene_0/controllable__r1__robot_xjwlog/wheel_link1.
2026-05-12 16:15:26 [55,713ms] [Warning] [omni.physx.plugin] Invalid PhysX transform detected for /World/scene_0/controllable__r1__robot_xjwlog/wheel_link2.
2026-05-12 16:15:26 [55,713ms] [Warning] [omni.physx.plugin] Invalid PhysX transform detected for /World/scene_0/controllable__r1__robot_xjwlog/wheel_link3.
2026-05-12 16:15:26 [55,713ms] [Warning] [omni.physx.plugin] Invalid PhysX transform detected for /World/scene_0/controllable__r1__robot_xjwlog/torso_link2.
2026-05-12 16:15:26 [55,713ms] [Warning] [omni.physx.plugin] Invalid PhysX transform detected for /World/scene_0/controllable__r1__robot_xjwlog/torso_link3.
2026-05-12 16:15:26 [55,713ms] [Warning] [omni.physx.plugin] Invalid PhysX transform detected for /World/scene_0/controllable__r1__robot_xjwlog/torso_link4.
2026-05-12 16:15:26 [55,713ms] [Warning] [omni.physx.plugin] Invalid PhysX transform detected for /World/scene_0/controllable__r1__robot_xjwlog/left_arm_link1.
2026-05-12 16:15:26 [55,713ms] [Warning] [omni.physx.plugin] Invalid PhysX transform detected for /World/scene_0/controllable__r1__robot_xjwlog/right_arm_link1.
2026-05-12 16:15:26 [55,713ms] [Warning] [omni.physx.plugin] Invalid PhysX transform detected for /World/scene_0/controllable__r1__robot_xjwlog/eyes.
2026-05-12 16:15:26 [55,713ms] [Warning] [omni.physx.plugin] Invalid PhysX transform detected for /World/scene_0/controllable__r1__robot_xjwlog/left_arm_link2.
2026-05-12 16:15:26 [55,713ms] [Warning] [omni.physx.plugin] Invalid PhysX transform detected for /World/scene_0/controllable__r1__robot_xjwlog/right_arm_link2.
2026-05-12 16:15:26 [55,713ms] [Warning] [omni.physx.plugin] Invalid PhysX transform detected for /World/scene_0/controllable__r1__robot_xjwlog/left_arm_link3.
2026-05-12 16:15:26 [55,713ms] [Warning] [omni.physx.plugin] Invalid PhysX transform detected for /World/scene_0/controllable__r1__robot_xjwlog/right_arm_link3.
2026-05-12 16:15:26 [55,713ms] [Warning] [omni.physx.plugin] Invalid PhysX transform detected for /World/scene_0/controllable__r1__robot_xjwlog/left_arm_link4.
2026-05-12 16:15:26 [55,713ms] [Warning] [omni.physx.plugin] Invalid PhysX transform detected for /World/scene_0/controllable__r1__robot_xjwlog/right_arm_link4.
2026-05-12 16:15:26 [55,713ms] [Warning] [omni.physx.plugin] Invalid PhysX transform detected for /World/scene_0/controllable__r1__robot_xjwlog/left_arm_link5.
2026-05-12 16:15:26 [55,713ms] [Warning] [omni.physx.plugin] Invalid PhysX transform detected for /World/scene_0/controllable__r1__robot_xjwlog/right_arm_link5.
2026-05-12 16:15:26 [55,713ms] [Warning] [omni.physx.plugin] Invalid PhysX transform detected for /World/scene_0/controllable__r1__robot_xjwlog/left_arm_link6.
2026-05-12 16:15:26 [55,713ms] [Warning] [omni.physx.plugin] Invalid PhysX transform detected for /World/scene_0/controllable__r1__robot_xjwlog/right_arm_link6.
2026-05-12 16:15:26 [55,713ms] [Warning] [omni.physx.plugin] Invalid PhysX transform detected for /World/scene_0/controllable__r1__robot_xjwlog/left_gripper_link1.
2026-05-12 16:15:26 [55,713ms] [Warning] [omni.physx.plugin] Invalid PhysX transform detected for /World/scene_0/controllable__r1__robot_xjwlog/left_gripper_link2.
2026-05-12 16:15:26 [55,713ms] [Warning] [omni.physx.plugin] Invalid PhysX transform detected for /World/scene_0/controllable__r1__robot_xjwlog/left_eef_link.
2026-05-12 16:15:26 [55,713ms] [Warning] [omni.physx.plugin] Invalid PhysX transform detected for /World/scene_0/controllable__r1__robot_xjwlog/right_gripper_link1.
2026-05-12 16:15:26 [55,713ms] [Warning] [omni.physx.plugin] Invalid PhysX transform detected for /World/scene_0/controllable__r1__robot_xjwlog/right_gripper_link2.
2026-05-12 16:15:26 [55,713ms] [Warning] [omni.physx.plugin] Invalid PhysX transform detected for /World/scene_0/controllable__r1__robot_xjwlog/right_eef_link.
2026-05-12 16:15:26 [55,713ms] [Warning] [omni.physx.plugin] Invalid PhysX transform detected for /World/scene_0/cover_small_item_render_item_4175346132/base_link.
2026-05-12 16:15:26 [55,713ms] [Warning] [omni.physx.plugin] Invalid PhysX transform detected for /World/scene_0/cover_small_item_render_item_4175346132/glass.
2026-05-12 16:15:26 [55,796ms] [Warning] [omni.physx.plugin] Invalid PhysX transform detected for /World/scene_0/controllable__r1__robot_xjwlog/base_footprint_y.
2026-05-12 16:15:26 [55,796ms] [Warning] [omni.physx.plugin] Invalid PhysX transform detected for /World/scene_0/controllable__r1__robot_xjwlog/base_footprint_z.
2026-05-12 16:15:26 [55,796ms] [Warning] [omni.physx.plugin] Invalid PhysX transform detected for /World/scene_0/controllable__r1__robot_xjwlog/base_footprint_rx.
2026-05-12 16:15:26 [55,796ms] [Warning] [omni.physx.plugin] Invalid PhysX transform detected for /World/scene_0/controllable__r1__robot_xjwlog/base_footprint_ry.
2026-05-12 16:15:26 [55,796ms] [Warning] [omni.physx.plugin] Invalid PhysX transform detected for /World/scene_0/controllable__r1__robot_xjwlog/base_footprint_rz.
2026-05-12 16:15:26 [55,796ms] [Warning] [omni.physx.plugin] Invalid PhysX transform detected for /World/scene_0/controllable__r1__robot_xjwlog/base_link.
2026-05-12 16:15:26 [55,796ms] [Warning] [omni.physx.plugin] Invalid PhysX transform detected for /World/scene_0/controllable__r1__robot_xjwlog/servo_link1.
2026-05-12 16:15:26 [55,796ms] [Warning] [omni.physx.plugin] Invalid PhysX transform detected for /World/scene_0/controllable__r1__robot_xjwlog/servo_link2.
2026-05-12 16:15:26 [55,796ms] [Warning] [omni.physx.plugin] Invalid PhysX transform detected for /World/scene_0/controllable__r1__robot_xjwlog/servo_link3.
2026-05-12 16:15:26 [55,796ms] [Warning] [omni.physx.plugin] Invalid PhysX transform detected for /World/scene_0/controllable__r1__robot_xjwlog/torso_link1.
2026-05-12 16:15:26 [55,796ms] [Warning] [omni.physx.plugin] Invalid PhysX transform detected for /World/scene_0/controllable__r1__robot_xjwlog/wheel_link1.
2026-05-12 16:15:26 [55,796ms] [Warning] [omni.physx.plugin] Invalid PhysX transform detected for /World/scene_0/controllable__r1__robot_xjwlog/wheel_link2.
2026-05-12 16:15:26 [55,796ms] [Warning] [omni.physx.plugin] Invalid PhysX transform detected for /World/scene_0/controllable__r1__robot_xjwlog/wheel_link3.
2026-05-12 16:15:26 [55,796ms] [Warning] [omni.physx.plugin] Invalid PhysX transform detected for /World/scene_0/controllable__r1__robot_xjwlog/torso_link2.
2026-05-12 16:15:26 [55,796ms] [Warning] [omni.physx.plugin] Invalid PhysX transform detected for /World/scene_0/controllable__r1__robot_xjwlog/torso_link3.
2026-05-12 16:15:26 [55,796ms] [Warning] [omni.physx.plugin] Invalid PhysX transform detected for /World/scene_0/controllable__r1__robot_xjwlog/torso_link4.
2026-05-12 16:15:26 [55,796ms] [Warning] [omni.physx.plugin] Invalid PhysX transform detected for /World/scene_0/controllable__r1__robot_xjwlog/left_arm_link1.
2026-05-12 16:15:26 [55,796ms] [Warning] [omni.physx.plugin] Invalid PhysX transform detected for /World/scene_0/controllable__r1__robot_xjwlog/right_arm_link1.
2026-05-12 16:15:26 [55,796ms] [Warning] [omni.physx.plugin] Invalid PhysX transform detected for /World/scene_0/controllable__r1__robot_xjwlog/eyes.
2026-05-12 16:15:26 [55,796ms] [Warning] [omni.physx.plugin] Invalid PhysX transform detected for /World/scene_0/controllable__r1__robot_xjwlog/left_arm_link2.
2026-05-12 16:15:26 [55,796ms] [Warning] [omni.physx.plugin] Invalid PhysX transform detected for /World/scene_0/controllable__r1__robot_xjwlog/right_arm_link2.
2026-05-12 16:15:26 [55,796ms] [Warning] [omni.physx.plugin] Invalid PhysX transform detected for /World/scene_0/controllable__r1__robot_xjwlog/left_arm_link3.
2026-05-12 16:15:26 [55,796ms] [Warning] [omni.physx.plugin] Invalid PhysX transform detected for /World/scene_0/controllable__r1__robot_xjwlog/right_arm_link3.
2026-05-12 16:15:26 [55,797ms] [Warning] [omni.physx.plugin] Invalid PhysX transform detected for /World/scene_0/controllable__r1__robot_xjwlog/left_arm_link4.
2026-05-12 16:15:26 [55,797ms] [Warning] [omni.physx.plugin] Invalid PhysX transform detected for /World/scene_0/controllable__r1__robot_xjwlog/right_arm_link4.
2026-05-12 16:15:26 [55,797ms] [Warning] [omni.physx.plugin] Invalid PhysX transform detected for /World/scene_0/controllable__r1__robot_xjwlog/left_arm_link5.
2026-05-12 16:15:26 [55,797ms] [Warning] [omni.physx.plugin] Invalid PhysX transform detected for /World/scene_0/controllable__r1__robot_xjwlog/right_arm_link5.
2026-05-12 16:15:26 [55,797ms] [Warning] [omni.physx.plugin] Invalid PhysX transform detected for /World/scene_0/controllable__r1__robot_xjwlog/left_arm_link6.
2026-05-12 16:15:26 [55,797ms] [Warning] [omni.physx.plugin] Invalid PhysX transform detected for /World/scene_0/controllable__r1__robot_xjwlog/right_arm_link6.
2026-05-12 16:15:26 [55,797ms] [Warning] [omni.physx.plugin] Invalid PhysX transform detected for /World/scene_0/controllable__r1__robot_xjwlog/left_gripper_link1.
2026-05-12 16:15:26 [55,797ms] [Warning] [omni.physx.plugin] Invalid PhysX transform detected for /World/scene_0/controllable__r1__robot_xjwlog/left_gripper_link2.
2026-05-12 16:15:26 [55,797ms] [Warning] [omni.physx.plugin] Invalid PhysX transform detected for /World/scene_0/controllable__r1__robot_xjwlog/left_eef_link.
2026-05-12 16:15:26 [55,797ms] [Warning] [omni.physx.plugin] Invalid PhysX transform detected for /World/scene_0/controllable__r1__robot_xjwlog/right_gripper_link1.
2026-05-12 16:15:26 [55,797ms] [Warning] [omni.physx.plugin] Invalid PhysX transform detected for /World/scene_0/controllable__r1__robot_xjwlog/right_gripper_link2.
2026-05-12 16:15:26 [55,797ms] [Warning] [omni.physx.plugin] Invalid PhysX transform detected for /World/scene_0/controllable__r1__robot_xjwlog/right_eef_link.
2026-05-12 16:15:26 [55,797ms] [Warning] [omni.physx.plugin] Invalid PhysX transform detected for /World/scene_0/cover_small_item_render_item_4175346132/base_link.
2026-05-12 16:15:26 [55,797ms] [Warning] [omni.physx.plugin] Invalid PhysX transform detected for /World/scene_0/cover_small_item_render_item_4175346132/glass.
2026-05-12 16:15:26 [55,880ms] [Warning] [omni.physx.plugin] Invalid PhysX transform detected for /World/scene_0/controllable__r1__robot_xjwlog/base_footprint_y.
2026-05-12 16:15:26 [55,880ms] [Warning] [omni.physx.plugin] Invalid PhysX transform detected for /World/scene_0/controllable__r1__robot_xjwlog/base_footprint_z.
2026-05-12 16:15:26 [55,880ms] [Warning] [omni.physx.plugin] Invalid PhysX transform detected for /World/scene_0/controllable__r1__robot_xjwlog/base_footprint_rx.
2026-05-12 16:15:26 [55,880ms] [Warning] [omni.physx.plugin] Invalid PhysX transform detected for /World/scene_0/controllable__r1__robot_xjwlog/base_footprint_ry.
2026-05-12 16:15:26 [55,880ms] [Warning] [omni.physx.plugin] Invalid PhysX transform detected for /World/scene_0/controllable__r1__robot_xjwlog/base_footprint_rz.
2026-05-12 16:15:26 [55,880ms] [Warning] [omni.physx.plugin] Invalid PhysX transform detected for /World/scene_0/controllable__r1__robot_xjwlog/base_link.
2026-05-12 16:15:26 [55,880ms] [Warning] [omni.physx.plugin] Invalid PhysX transform detected for /World/scene_0/controllable__r1__robot_xjwlog/servo_link1.
2026-05-12 16:15:26 [55,880ms] [Warning] [omni.physx.plugin] Invalid PhysX transform detected for /World/scene_0/controllable__r1__robot_xjwlog/servo_link2.
2026-05-12 16:15:26 [55,880ms] [Warning] [omni.physx.plugin] Invalid PhysX transform detected for /World/scene_0/controllable__r1__robot_xjwlog/servo_link3.
2026-05-12 16:15:26 [55,880ms] [Warning] [omni.physx.plugin] Invalid PhysX transform detected for /World/scene_0/controllable__r1__robot_xjwlog/torso_link1.
2026-05-12 16:15:26 [55,880ms] [Warning] [omni.physx.plugin] Invalid PhysX transform detected for /World/scene_0/controllable__r1__robot_xjwlog/wheel_link1.
2026-05-12 16:15:26 [55,880ms] [Warning] [omni.physx.plugin] Invalid PhysX transform detected for /World/scene_0/controllable__r1__robot_xjwlog/wheel_link2.
2026-05-12 16:15:26 [55,880ms] [Warning] [omni.physx.plugin] Invalid PhysX transform detected for /World/scene_0/controllable__r1__robot_xjwlog/wheel_link3.
2026-05-12 16:15:26 [55,880ms] [Warning] [omni.physx.plugin] Invalid PhysX transform detected for /World/scene_0/controllable__r1__robot_xjwlog/torso_link2.
2026-05-12 16:15:26 [55,880ms] [Warning] [omni.physx.plugin] Invalid PhysX transform detected for /World/scene_0/controllable__r1__robot_xjwlog/torso_link3.
2026-05-12 16:15:26 [55,880ms] [Warning] [omni.physx.plugin] Invalid PhysX transform detected for /World/scene_0/controllable__r1__robot_xjwlog/torso_link4.
2026-05-12 16:15:26 [55,880ms] [Warning] [omni.physx.plugin] Invalid PhysX transform detected for /World/scene_0/controllable__r1__robot_xjwlog/left_arm_link1.
2026-05-12 16:15:26 [55,880ms] [Warning] [omni.physx.plugin] Invalid PhysX transform detected for /World/scene_0/controllable__r1__robot_xjwlog/right_arm_link1.
2026-05-12 16:15:26 [55,880ms] [Warning] [omni.physx.plugin] Invalid PhysX transform detected for /World/scene_0/controllable__r1__robot_xjwlog/eyes.
2026-05-12 16:15:26 [55,880ms] [Warning] [omni.physx.plugin] Invalid PhysX transform detected for /World/scene_0/controllable__r1__robot_xjwlog/left_arm_link2.
2026-05-12 16:15:26 [55,880ms] [Warning] [omni.physx.plugin] Invalid PhysX transform detected for /World/scene_0/controllable__r1__robot_xjwlog/right_arm_link2.
2026-05-12 16:15:26 [55,880ms] [Warning] [omni.physx.plugin] Invalid PhysX transform detected for /World/scene_0/controllable__r1__robot_xjwlog/left_arm_link3.
2026-05-12 16:15:26 [55,880ms] [Warning] [omni.physx.plugin] Invalid PhysX transform detected for /World/scene_0/controllable__r1__robot_xjwlog/right_arm_link3.
2026-05-12 16:15:26 [55,880ms] [Warning] [omni.physx.plugin] Invalid PhysX transform detected for /World/scene_0/controllable__r1__robot_xjwlog/left_arm_link4.
2026-05-12 16:15:26 [55,880ms] [Warning] [omni.physx.plugin] Invalid PhysX transform detected for /World/scene_0/controllable__r1__robot_xjwlog/right_arm_link4.
2026-05-12 16:15:26 [55,880ms] [Warning] [omni.physx.plugin] Invalid PhysX transform detected for /World/scene_0/controllable__r1__robot_xjwlog/left_arm_link5.
2026-05-12 16:15:26 [55,880ms] [Warning] [omni.physx.plugin] Invalid PhysX transform detected for /World/scene_0/controllable__r1__robot_xjwlog/right_arm_link5.
2026-05-12 16:15:26 [55,880ms] [Warning] [omni.physx.plugin] Invalid PhysX transform detected for /World/scene_0/controllable__r1__robot_xjwlog/left_arm_link6.
2026-05-12 16:15:26 [55,880ms] [Warning] [omni.physx.plugin] Invalid PhysX transform detected for /World/scene_0/controllable__r1__robot_xjwlog/right_arm_link6.
2026-05-12 16:15:26 [55,880ms] [Warning] [omni.physx.plugin] Invalid PhysX transform detected for /World/scene_0/controllable__r1__robot_xjwlog/left_gripper_link1.
2026-05-12 16:15:26 [55,880ms] [Warning] [omni.physx.plugin] Invalid PhysX transform detected for /World/scene_0/controllable__r1__robot_xjwlog/left_gripper_link2.
2026-05-12 16:15:26 [55,880ms] [Warning] [omni.physx.plugin] Invalid PhysX transform detected for /World/scene_0/controllable__r1__robot_xjwlog/left_eef_link.
2026-05-12 16:15:26 [55,880ms] [Warning] [omni.physx.plugin] Invalid PhysX transform detected for /World/scene_0/controllable__r1__robot_xjwlog/right_gripper_link1.
2026-05-12 16:15:26 [55,880ms] [Warning] [omni.physx.plugin] Invalid PhysX transform detected for /World/scene_0/controllable__r1__robot_xjwlog/right_gripper_link2.
2026-05-12 16:15:26 [55,881ms] [Warning] [omni.physx.plugin] Invalid PhysX transform detected for /World/scene_0/controllable__r1__robot_xjwlog/right_eef_link.
2026-05-12 16:15:26 [55,881ms] [Warning] [omni.physx.plugin] Invalid PhysX transform detected for /World/scene_0/cover_small_item_render_item_4175346132/base_link.
2026-05-12 16:15:26 [55,881ms] [Warning] [omni.physx.plugin] Invalid PhysX transform detected for /World/scene_0/cover_small_item_render_item_4175346132/glass.
2026-05-12 16:15:26 [55,965ms] [Warning] [omni.physx.plugin] Invalid PhysX transform detected for /World/scene_0/controllable__r1__robot_xjwlog/base_footprint_y.
2026-05-12 16:15:26 [55,965ms] [Warning] [omni.physx.plugin] Invalid PhysX transform detected for /World/scene_0/controllable__r1__robot_xjwlog/base_footprint_z.
2026-05-12 16:15:26 [55,965ms] [Warning] [omni.physx.plugin] Invalid PhysX transform detected for /World/scene_0/controllable__r1__robot_xjwlog/base_footprint_rx.
2026-05-12 16:15:26 [55,965ms] [Warning] [omni.physx.plugin] Invalid PhysX transform detected for /World/scene_0/controllable__r1__robot_xjwlog/base_footprint_ry.
2026-05-12 16:15:26 [55,965ms] [Warning] [omni.physx.plugin] Invalid PhysX transform detected for /World/scene_0/controllable__r1__robot_xjwlog/base_footprint_rz.
2026-05-12 16:15:26 [55,965ms] [Warning] [omni.physx.plugin] Invalid PhysX transform detected for /World/scene_0/controllable__r1__robot_xjwlog/base_link.
2026-05-12 16:15:26 [55,965ms] [Warning] [omni.physx.plugin] Invalid PhysX transform detected for /World/scene_0/controllable__r1__robot_xjwlog/servo_link1.
2026-05-12 16:15:26 [55,965ms] [Warning] [omni.physx.plugin] Invalid PhysX transform detected for /World/scene_0/controllable__r1__robot_xjwlog/servo_link2.
2026-05-12 16:15:26 [55,965ms] [Warning] [omni.physx.plugin] Invalid PhysX transform detected for /World/scene_0/controllable__r1__robot_xjwlog/servo_link3.
2026-05-12 16:15:26 [55,965ms] [Warning] [omni.physx.plugin] Invalid PhysX transform detected for /World/scene_0/controllable__r1__robot_xjwlog/torso_link1.
2026-05-12 16:15:26 [55,965ms] [Warning] [omni.physx.plugin] Invalid PhysX transform detected for /World/scene_0/controllable__r1__robot_xjwlog/wheel_link1.
2026-05-12 16:15:26 [55,965ms] [Warning] [omni.physx.plugin] Invalid PhysX transform detected for /World/scene_0/controllable__r1__robot_xjwlog/wheel_link2.
2026-05-12 16:15:26 [55,965ms] [Warning] [omni.physx.plugin] Invalid PhysX transform detected for /World/scene_0/controllable__r1__robot_xjwlog/wheel_link3.
2026-05-12 16:15:26 [55,965ms] [Warning] [omni.physx.plugin] Invalid PhysX transform detected for /World/scene_0/controllable__r1__robot_xjwlog/torso_link2.
2026-05-12 16:15:26 [55,965ms] [Warning] [omni.physx.plugin] Invalid PhysX transform detected for /World/scene_0/controllable__r1__robot_xjwlog/torso_link3.
2026-05-12 16:15:26 [55,965ms] [Warning] [omni.physx.plugin] Invalid PhysX transform detected for /World/scene_0/controllable__r1__robot_xjwlog/torso_link4.
2026-05-12 16:15:26 [55,965ms] [Warning] [omni.physx.plugin] Invalid PhysX transform detected for /World/scene_0/controllable__r1__robot_xjwlog/left_arm_link1.
2026-05-12 16:15:26 [55,965ms] [Warning] [omni.physx.plugin] Invalid PhysX transform detected for /World/scene_0/controllable__r1__robot_xjwlog/right_arm_link1.
2026-05-12 16:15:26 [55,965ms] [Warning] [omni.physx.plugin] Invalid PhysX transform detected for /World/scene_0/controllable__r1__robot_xjwlog/eyes.
2026-05-12 16:15:26 [55,965ms] [Warning] [omni.physx.plugin] Invalid PhysX transform detected for /World/scene_0/controllable__r1__robot_xjwlog/left_arm_link2.
2026-05-12 16:15:26 [55,966ms] [Warning] [omni.physx.plugin] Invalid PhysX transform detected for /World/scene_0/controllable__r1__robot_xjwlog/right_arm_link2.
2026-05-12 16:15:26 [55,966ms] [Warning] [omni.physx.plugin] Invalid PhysX transform detected for /World/scene_0/controllable__r1__robot_xjwlog/left_arm_link3.
2026-05-12 16:15:26 [55,966ms] [Warning] [omni.physx.plugin] Invalid PhysX transform detected for /World/scene_0/controllable__r1__robot_xjwlog/right_arm_link3.
2026-05-12 16:15:26 [55,966ms] [Warning] [omni.physx.plugin] Invalid PhysX transform detected for /World/scene_0/controllable__r1__robot_xjwlog/left_arm_link4.
2026-05-12 16:15:26 [55,966ms] [Warning] [omni.physx.plugin] Invalid PhysX transform detected for /World/scene_0/controllable__r1__robot_xjwlog/right_arm_link4.
2026-05-12 16:15:26 [55,966ms] [Warning] [omni.physx.plugin] Invalid PhysX transform detected for /World/scene_0/controllable__r1__robot_xjwlog/left_arm_link5.
2026-05-12 16:15:26 [55,966ms] [Warning] [omni.physx.plugin] Invalid PhysX transform detected for /World/scene_0/controllable__r1__robot_xjwlog/right_arm_link5.
2026-05-12 16:15:26 [55,966ms] [Warning] [omni.physx.plugin] Invalid PhysX transform detected for /World/scene_0/controllable__r1__robot_xjwlog/left_arm_link6.
2026-05-12 16:15:26 [55,966ms] [Warning] [omni.physx.plugin] Invalid PhysX transform detected for /World/scene_0/controllable__r1__robot_xjwlog/right_arm_link6.
2026-05-12 16:15:26 [55,966ms] [Warning] [omni.physx.plugin] Invalid PhysX transform detected for /World/scene_0/controllable__r1__robot_xjwlog/left_gripper_link1.
2026-05-12 16:15:26 [55,966ms] [Warning] [omni.physx.plugin] Invalid PhysX transform detected for /World/scene_0/controllable__r1__robot_xjwlog/left_gripper_link2.
2026-05-12 16:15:26 [55,966ms] [Warning] [omni.physx.plugin] Invalid PhysX transform detected for /World/scene_0/controllable__r1__robot_xjwlog/left_eef_link.
2026-05-12 16:15:26 [55,966ms] [Warning] [omni.physx.plugin] Invalid PhysX transform detected for /World/scene_0/controllable__r1__robot_xjwlog/right_gripper_link1.
2026-05-12 16:15:26 [55,966ms] [Warning] [omni.physx.plugin] Invalid PhysX transform detected for /World/scene_0/controllable__r1__robot_xjwlog/right_gripper_link2.
2026-05-12 16:15:26 [55,966ms] [Warning] [omni.physx.plugin] Invalid PhysX transform detected for /World/scene_0/controllable__r1__robot_xjwlog/right_eef_link.
2026-05-12 16:15:26 [55,966ms] [Warning] [omni.physx.plugin] Invalid PhysX transform detected for /World/scene_0/cover_small_item_render_item_4175346132/base_link.
2026-05-12 16:15:26 [55,966ms] [Warning] [omni.physx.plugin] Invalid PhysX transform detected for /World/scene_0/cover_small_item_render_item_4175346132/glass.
2026-05-12 16:15:26 [56,048ms] [Warning] [omni.physx.plugin] Invalid PhysX transform detected for /World/scene_0/controllable__r1__robot_xjwlog/base_footprint_y.
2026-05-12 16:15:26 [56,048ms] [Warning] [omni.physx.plugin] Invalid PhysX transform detected for /World/scene_0/controllable__r1__robot_xjwlog/base_footprint_z.
2026-05-12 16:15:26 [56,048ms] [Warning] [omni.physx.plugin] Invalid PhysX transform detected for /World/scene_0/controllable__r1__robot_xjwlog/base_footprint_rx.
2026-05-12 16:15:26 [56,048ms] [Warning] [omni.physx.plugin] Invalid PhysX transform detected for /World/scene_0/controllable__r1__robot_xjwlog/base_footprint_ry.
2026-05-12 16:15:26 [56,048ms] [Warning] [omni.physx.plugin] Invalid PhysX transform detected for /World/scene_0/controllable__r1__robot_xjwlog/base_footprint_rz.
2026-05-12 16:15:26 [56,048ms] [Warning] [omni.physx.plugin] Invalid PhysX transform detected for /World/scene_0/controllable__r1__robot_xjwlog/base_link.
2026-05-12 16:15:26 [56,048ms] [Warning] [omni.physx.plugin] Invalid PhysX transform detected for /World/scene_0/controllable__r1__robot_xjwlog/servo_link1.
2026-05-12 16:15:26 [56,048ms] [Warning] [omni.physx.plugin] Invalid PhysX transform detected for /World/scene_0/controllable__r1__robot_xjwlog/servo_link2.
2026-05-12 16:15:26 [56,048ms] [Warning] [omni.physx.plugin] Invalid PhysX transform detected for /World/scene_0/controllable__r1__robot_xjwlog/servo_link3.
2026-05-12 16:15:26 [56,048ms] [Warning] [omni.physx.plugin] Invalid PhysX transform detected for /World/scene_0/controllable__r1__robot_xjwlog/torso_link1.
2026-05-12 16:15:26 [56,048ms] [Warning] [omni.physx.plugin] Invalid PhysX transform detected for /World/scene_0/controllable__r1__robot_xjwlog/wheel_link1.
2026-05-12 16:15:26 [56,048ms] [Warning] [omni.physx.plugin] Invalid PhysX transform detected for /World/scene_0/controllable__r1__robot_xjwlog/wheel_link2.
2026-05-12 16:15:26 [56,048ms] [Warning] [omni.physx.plugin] Invalid PhysX transform detected for /World/scene_0/controllable__r1__robot_xjwlog/wheel_link3.
2026-05-12 16:15:26 [56,048ms] [Warning] [omni.physx.plugin] Invalid PhysX transform detected for /World/scene_0/controllable__r1__robot_xjwlog/torso_link2.
2026-05-12 16:15:26 [56,048ms] [Warning] [omni.physx.plugin] Invalid PhysX transform detected for /World/scene_0/controllable__r1__robot_xjwlog/torso_link3.
2026-05-12 16:15:26 [56,048ms] [Warning] [omni.physx.plugin] Invalid PhysX transform detected for /World/scene_0/controllable__r1__robot_xjwlog/torso_link4.
2026-05-12 16:15:26 [56,048ms] [Warning] [omni.physx.plugin] Invalid PhysX transform detected for /World/scene_0/controllable__r1__robot_xjwlog/left_arm_link1.
2026-05-12 16:15:26 [56,048ms] [Warning] [omni.physx.plugin] Invalid PhysX transform detected for /World/scene_0/controllable__r1__robot_xjwlog/right_arm_link1.
2026-05-12 16:15:26 [56,048ms] [Warning] [omni.physx.plugin] Invalid PhysX transform detected for /World/scene_0/controllable__r1__robot_xjwlog/eyes.
2026-05-12 16:15:26 [56,048ms] [Warning] [omni.physx.plugin] Invalid PhysX transform detected for /World/scene_0/controllable__r1__robot_xjwlog/left_arm_link2.
2026-05-12 16:15:26 [56,048ms] [Warning] [omni.physx.plugin] Invalid PhysX transform detected for /World/scene_0/controllable__r1__robot_xjwlog/right_arm_link2.
2026-05-12 16:15:26 [56,048ms] [Warning] [omni.physx.plugin] Invalid PhysX transform detected for /World/scene_0/controllable__r1__robot_xjwlog/left_arm_link3.
2026-05-12 16:15:26 [56,048ms] [Warning] [omni.physx.plugin] Invalid PhysX transform detected for /World/scene_0/controllable__r1__robot_xjwlog/right_arm_link3.
2026-05-12 16:15:26 [56,048ms] [Warning] [omni.physx.plugin] Invalid PhysX transform detected for /World/scene_0/controllable__r1__robot_xjwlog/left_arm_link4.
2026-05-12 16:15:26 [56,048ms] [Warning] [omni.physx.plugin] Invalid PhysX transform detected for /World/scene_0/controllable__r1__robot_xjwlog/right_arm_link4.
2026-05-12 16:15:26 [56,048ms] [Warning] [omni.physx.plugin] Invalid PhysX transform detected for /World/scene_0/controllable__r1__robot_xjwlog/left_arm_link5.
2026-05-12 16:15:26 [56,048ms] [Warning] [omni.physx.plugin] Invalid PhysX transform detected for /World/scene_0/controllable__r1__robot_xjwlog/right_arm_link5.
2026-05-12 16:15:26 [56,048ms] [Warning] [omni.physx.plugin] Invalid PhysX transform detected for /World/scene_0/controllable__r1__robot_xjwlog/left_arm_link6.
2026-05-12 16:15:26 [56,048ms] [Warning] [omni.physx.plugin] Invalid PhysX transform detected for /World/scene_0/controllable__r1__robot_xjwlog/right_arm_link6.
2026-05-12 16:15:26 [56,048ms] [Warning] [omni.physx.plugin] Invalid PhysX transform detected for /World/scene_0/controllable__r1__robot_xjwlog/left_gripper_link1.
2026-05-12 16:15:26 [56,048ms] [Warning] [omni.physx.plugin] Invalid PhysX transform detected for /World/scene_0/controllable__r1__robot_xjwlog/left_gripper_link2.
2026-05-12 16:15:26 [56,048ms] [Warning] [omni.physx.plugin] Invalid PhysX transform detected for /World/scene_0/controllable__r1__robot_xjwlog/left_eef_link.
2026-05-12 16:15:26 [56,048ms] [Warning] [omni.physx.plugin] Invalid PhysX transform detected for /World/scene_0/controllable__r1__robot_xjwlog/right_gripper_link1.
2026-05-12 16:15:26 [56,048ms] [Warning] [omni.physx.plugin] Invalid PhysX transform detected for /World/scene_0/controllable__r1__robot_xjwlog/right_gripper_link2.
2026-05-12 16:15:26 [56,048ms] [Warning] [omni.physx.plugin] Invalid PhysX transform detected for /World/scene_0/controllable__r1__robot_xjwlog/right_eef_link.
2026-05-12 16:15:26 [56,048ms] [Warning] [omni.physx.plugin] Invalid PhysX transform detected for /World/scene_0/cover_small_item_render_item_4175346132/base_link.
2026-05-12 16:15:26 [56,048ms] [Warning] [omni.physx.plugin] Invalid PhysX transform detected for /World/scene_0/cover_small_item_render_item_4175346132/glass.
2026-05-12 16:15:26 [56,130ms] [Warning] [omni.physx.plugin] Invalid PhysX transform detected for /World/scene_0/controllable__r1__robot_xjwlog/base_footprint_y.
2026-05-12 16:15:26 [56,130ms] [Warning] [omni.physx.plugin] Invalid PhysX transform detected for /World/scene_0/controllable__r1__robot_xjwlog/base_footprint_z.
2026-05-12 16:15:26 [56,130ms] [Warning] [omni.physx.plugin] Invalid PhysX transform detected for /World/scene_0/controllable__r1__robot_xjwlog/base_footprint_rx.
2026-05-12 16:15:26 [56,130ms] [Warning] [omni.physx.plugin] Invalid PhysX transform detected for /World/scene_0/controllable__r1__robot_xjwlog/base_footprint_ry.
2026-05-12 16:15:26 [56,130ms] [Warning] [omni.physx.plugin] Invalid PhysX transform detected for /World/scene_0/controllable__r1__robot_xjwlog/base_footprint_rz.
2026-05-12 16:15:26 [56,130ms] [Warning] [omni.physx.plugin] Invalid PhysX transform detected for /World/scene_0/controllable__r1__robot_xjwlog/base_link.
2026-05-12 16:15:26 [56,130ms] [Warning] [omni.physx.plugin] Invalid PhysX transform detected for /World/scene_0/controllable__r1__robot_xjwlog/servo_link1.
2026-05-12 16:15:26 [56,130ms] [Warning] [omni.physx.plugin] Invalid PhysX transform detected for /World/scene_0/controllable__r1__robot_xjwlog/servo_link2.
2026-05-12 16:15:26 [56,130ms] [Warning] [omni.physx.plugin] Invalid PhysX transform detected for /World/scene_0/controllable__r1__robot_xjwlog/servo_link3.
2026-05-12 16:15:26 [56,130ms] [Warning] [omni.physx.plugin] Invalid PhysX transform detected for /World/scene_0/controllable__r1__robot_xjwlog/torso_link1.
2026-05-12 16:15:26 [56,130ms] [Warning] [omni.physx.plugin] Invalid PhysX transform detected for /World/scene_0/controllable__r1__robot_xjwlog/wheel_link1.
2026-05-12 16:15:26 [56,130ms] [Warning] [omni.physx.plugin] Invalid PhysX transform detected for /World/scene_0/controllable__r1__robot_xjwlog/wheel_link2.
2026-05-12 16:15:26 [56,130ms] [Warning] [omni.physx.plugin] Invalid PhysX transform detected for /World/scene_0/controllable__r1__robot_xjwlog/wheel_link3.
2026-05-12 16:15:26 [56,130ms] [Warning] [omni.physx.plugin] Invalid PhysX transform detected for /World/scene_0/controllable__r1__robot_xjwlog/torso_link2.
2026-05-12 16:15:26 [56,130ms] [Warning] [omni.physx.plugin] Invalid PhysX transform detected for /World/scene_0/controllable__r1__robot_xjwlog/torso_link3.
2026-05-12 16:15:26 [56,130ms] [Warning] [omni.physx.plugin] Invalid PhysX transform detected for /World/scene_0/controllable__r1__robot_xjwlog/torso_link4.
2026-05-12 16:15:26 [56,130ms] [Warning] [omni.physx.plugin] Invalid PhysX transform detected for /World/scene_0/controllable__r1__robot_xjwlog/left_arm_link1.
2026-05-12 16:15:26 [56,130ms] [Warning] [omni.physx.plugin] Invalid PhysX transform detected for /World/scene_0/controllable__r1__robot_xjwlog/right_arm_link1.
2026-05-12 16:15:26 [56,130ms] [Warning] [omni.physx.plugin] Invalid PhysX transform detected for /World/scene_0/controllable__r1__robot_xjwlog/eyes.
2026-05-12 16:15:26 [56,130ms] [Warning] [omni.physx.plugin] Invalid PhysX transform detected for /World/scene_0/controllable__r1__robot_xjwlog/left_arm_link2.
2026-05-12 16:15:26 [56,130ms] [Warning] [omni.physx.plugin] Invalid PhysX transform detected for /World/scene_0/controllable__r1__robot_xjwlog/right_arm_link2.
2026-05-12 16:15:26 [56,131ms] [Warning] [omni.physx.plugin] Invalid PhysX transform detected for /World/scene_0/controllable__r1__robot_xjwlog/left_arm_link3.
2026-05-12 16:15:26 [56,131ms] [Warning] [omni.physx.plugin] Invalid PhysX transform detected for /World/scene_0/controllable__r1__robot_xjwlog/right_arm_link3.
2026-05-12 16:15:26 [56,131ms] [Warning] [omni.physx.plugin] Invalid PhysX transform detected for /World/scene_0/controllable__r1__robot_xjwlog/left_arm_link4.
2026-05-12 16:15:26 [56,131ms] [Warning] [omni.physx.plugin] Invalid PhysX transform detected for /World/scene_0/controllable__r1__robot_xjwlog/right_arm_link4.
2026-05-12 16:15:26 [56,131ms] [Warning] [omni.physx.plugin] Invalid PhysX transform detected for /World/scene_0/controllable__r1__robot_xjwlog/left_arm_link5.
2026-05-12 16:15:26 [56,131ms] [Warning] [omni.physx.plugin] Invalid PhysX transform detected for /World/scene_0/controllable__r1__robot_xjwlog/right_arm_link5.
2026-05-12 16:15:26 [56,131ms] [Warning] [omni.physx.plugin] Invalid PhysX transform detected for /World/scene_0/controllable__r1__robot_xjwlog/left_arm_link6.
2026-05-12 16:15:26 [56,131ms] [Warning] [omni.physx.plugin] Invalid PhysX transform detected for /World/scene_0/controllable__r1__robot_xjwlog/right_arm_link6.
2026-05-12 16:15:26 [56,131ms] [Warning] [omni.physx.plugin] Invalid PhysX transform detected for /World/scene_0/controllable__r1__robot_xjwlog/left_gripper_link1.
2026-05-12 16:15:26 [56,131ms] [Warning] [omni.physx.plugin] Invalid PhysX transform detected for /World/scene_0/controllable__r1__robot_xjwlog/left_gripper_link2.
2026-05-12 16:15:26 [56,131ms] [Warning] [omni.physx.plugin] Invalid PhysX transform detected for /World/scene_0/controllable__r1__robot_xjwlog/left_eef_link.
2026-05-12 16:15:26 [56,131ms] [Warning] [omni.physx.plugin] Invalid PhysX transform detected for /World/scene_0/controllable__r1__robot_xjwlog/right_gripper_link1.
2026-05-12 16:15:26 [56,131ms] [Warning] [omni.physx.plugin] Invalid PhysX transform detected for /World/scene_0/controllable__r1__robot_xjwlog/right_gripper_link2.
2026-05-12 16:15:26 [56,131ms] [Warning] [omni.physx.plugin] Invalid PhysX transform detected for /World/scene_0/controllable__r1__robot_xjwlog/right_eef_link.
2026-05-12 16:15:26 [56,131ms] [Warning] [omni.physx.plugin] Invalid PhysX transform detected for /World/scene_0/cover_small_item_render_item_4175346132/base_link.
2026-05-12 16:15:26 [56,131ms] [Warning] [omni.physx.plugin] Invalid PhysX transform detected for /World/scene_0/cover_small_item_render_item_4175346132/glass.
2026-05-12 16:15:26 [56,214ms] [Warning] [omni.physx.plugin] Invalid PhysX transform detected for /World/scene_0/controllable__r1__robot_xjwlog/base_footprint_y.
2026-05-12 16:15:26 [56,214ms] [Warning] [omni.physx.plugin] Invalid PhysX transform detected for /World/scene_0/controllable__r1__robot_xjwlog/base_footprint_z.
2026-05-12 16:15:26 [56,214ms] [Warning] [omni.physx.plugin] Invalid PhysX transform detected for /World/scene_0/controllable__r1__robot_xjwlog/base_footprint_rx.
2026-05-12 16:15:26 [56,214ms] [Warning] [omni.physx.plugin] Invalid PhysX transform detected for /World/scene_0/controllable__r1__robot_xjwlog/base_footprint_ry.
2026-05-12 16:15:26 [56,214ms] [Warning] [omni.physx.plugin] Invalid PhysX transform detected for /World/scene_0/controllable__r1__robot_xjwlog/base_footprint_rz.
2026-05-12 16:15:26 [56,214ms] [Warning] [omni.physx.plugin] Invalid PhysX transform detected for /World/scene_0/controllable__r1__robot_xjwlog/base_link.
2026-05-12 16:15:26 [56,214ms] [Warning] [omni.physx.plugin] Invalid PhysX transform detected for /World/scene_0/controllable__r1__robot_xjwlog/servo_link1.
2026-05-12 16:15:26 [56,214ms] [Warning] [omni.physx.plugin] Invalid PhysX transform detected for /World/scene_0/controllable__r1__robot_xjwlog/servo_link2.
2026-05-12 16:15:26 [56,214ms] [Warning] [omni.physx.plugin] Invalid PhysX transform detected for /World/scene_0/controllable__r1__robot_xjwlog/servo_link3.
2026-05-12 16:15:26 [56,214ms] [Warning] [omni.physx.plugin] Invalid PhysX transform detected for /World/scene_0/controllable__r1__robot_xjwlog/torso_link1.
2026-05-12 16:15:26 [56,214ms] [Warning] [omni.physx.plugin] Invalid PhysX transform detected for /World/scene_0/controllable__r1__robot_xjwlog/wheel_link1.
2026-05-12 16:15:26 [56,214ms] [Warning] [omni.physx.plugin] Invalid PhysX transform detected for /World/scene_0/controllable__r1__robot_xjwlog/wheel_link2.
2026-05-12 16:15:26 [56,214ms] [Warning] [omni.physx.plugin] Invalid PhysX transform detected for /World/scene_0/controllable__r1__robot_xjwlog/wheel_link3.
2026-05-12 16:15:26 [56,214ms] [Warning] [omni.physx.plugin] Invalid PhysX transform detected for /World/scene_0/controllable__r1__robot_xjwlog/torso_link2.
2026-05-12 16:15:26 [56,214ms] [Warning] [omni.physx.plugin] Invalid PhysX transform detected for /World/scene_0/controllable__r1__robot_xjwlog/torso_link3.
2026-05-12 16:15:26 [56,214ms] [Warning] [omni.physx.plugin] Invalid PhysX transform detected for /World/scene_0/controllable__r1__robot_xjwlog/torso_link4.
2026-05-12 16:15:26 [56,214ms] [Warning] [omni.physx.plugin] Invalid PhysX transform detected for /World/scene_0/controllable__r1__robot_xjwlog/left_arm_link1.
2026-05-12 16:15:26 [56,214ms] [Warning] [omni.physx.plugin] Invalid PhysX transform detected for /World/scene_0/controllable__r1__robot_xjwlog/right_arm_link1.
2026-05-12 16:15:26 [56,214ms] [Warning] [omni.physx.plugin] Invalid PhysX transform detected for /World/scene_0/controllable__r1__robot_xjwlog/eyes.
2026-05-12 16:15:26 [56,214ms] [Warning] [omni.physx.plugin] Invalid PhysX transform detected for /World/scene_0/controllable__r1__robot_xjwlog/left_arm_link2.
2026-05-12 16:15:26 [56,214ms] [Warning] [omni.physx.plugin] Invalid PhysX transform detected for /World/scene_0/controllable__r1__robot_xjwlog/right_arm_link2.
2026-05-12 16:15:26 [56,214ms] [Warning] [omni.physx.plugin] Invalid PhysX transform detected for /World/scene_0/controllable__r1__robot_xjwlog/left_arm_link3.
2026-05-12 16:15:26 [56,214ms] [Warning] [omni.physx.plugin] Invalid PhysX transform detected for /World/scene_0/controllable__r1__robot_xjwlog/right_arm_link3.
2026-05-12 16:15:26 [56,214ms] [Warning] [omni.physx.plugin] Invalid PhysX transform detected for /World/scene_0/controllable__r1__robot_xjwlog/left_arm_link4.
2026-05-12 16:15:26 [56,214ms] [Warning] [omni.physx.plugin] Invalid PhysX transform detected for /World/scene_0/controllable__r1__robot_xjwlog/right_arm_link4.
2026-05-12 16:15:26 [56,214ms] [Warning] [omni.physx.plugin] Invalid PhysX transform detected for /World/scene_0/controllable__r1__robot_xjwlog/left_arm_link5.
2026-05-12 16:15:26 [56,214ms] [Warning] [omni.physx.plugin] Invalid PhysX transform detected for /World/scene_0/controllable__r1__robot_xjwlog/right_arm_link5.
2026-05-12 16:15:26 [56,214ms] [Warning] [omni.physx.plugin] Invalid PhysX transform detected for /World/scene_0/controllable__r1__robot_xjwlog/left_arm_link6.
2026-05-12 16:15:26 [56,214ms] [Warning] [omni.physx.plugin] Invalid PhysX transform detected for /World/scene_0/controllable__r1__robot_xjwlog/right_arm_link6.
2026-05-12 16:15:26 [56,214ms] [Warning] [omni.physx.plugin] Invalid PhysX transform detected for /World/scene_0/controllable__r1__robot_xjwlog/left_gripper_link1.
2026-05-12 16:15:26 [56,214ms] [Warning] [omni.physx.plugin] Invalid PhysX transform detected for /World/scene_0/controllable__r1__robot_xjwlog/left_gripper_link2.
2026-05-12 16:15:26 [56,214ms] [Warning] [omni.physx.plugin] Invalid PhysX transform detected for /World/scene_0/controllable__r1__robot_xjwlog/left_eef_link.
2026-05-12 16:15:26 [56,214ms] [Warning] [omni.physx.plugin] Invalid PhysX transform detected for /World/scene_0/controllable__r1__robot_xjwlog/right_gripper_link1.
2026-05-12 16:15:26 [56,214ms] [Warning] [omni.physx.plugin] Invalid PhysX transform detected for /World/scene_0/controllable__r1__robot_xjwlog/right_gripper_link2.
2026-05-12 16:15:26 [56,214ms] [Warning] [omni.physx.plugin] Invalid PhysX transform detected for /World/scene_0/controllable__r1__robot_xjwlog/right_eef_link.
2026-05-12 16:15:26 [56,214ms] [Warning] [omni.physx.plugin] Invalid PhysX transform detected for /World/scene_0/cover_small_item_render_item_4175346132/base_link.
2026-05-12 16:15:26 [56,214ms] [Warning] [omni.physx.plugin] Invalid PhysX transform detected for /World/scene_0/cover_small_item_render_item_4175346132/glass.
2026-05-12 16:15:26 [56,296ms] [Warning] [omni.physx.plugin] Invalid PhysX transform detected for /World/scene_0/controllable__r1__robot_xjwlog/base_footprint_y.
2026-05-12 16:15:26 [56,296ms] [Warning] [omni.physx.plugin] Invalid PhysX transform detected for /World/scene_0/controllable__r1__robot_xjwlog/base_footprint_z.
2026-05-12 16:15:26 [56,296ms] [Warning] [omni.physx.plugin] Invalid PhysX transform detected for /World/scene_0/controllable__r1__robot_xjwlog/base_footprint_rx.
2026-05-12 16:15:26 [56,296ms] [Warning] [omni.physx.plugin] Invalid PhysX transform detected for /World/scene_0/controllable__r1__robot_xjwlog/base_footprint_ry.
2026-05-12 16:15:26 [56,297ms] [Warning] [omni.physx.plugin] Invalid PhysX transform detected for /World/scene_0/controllable__r1__robot_xjwlog/base_footprint_rz.
2026-05-12 16:15:26 [56,297ms] [Warning] [omni.physx.plugin] Invalid PhysX transform detected for /World/scene_0/controllable__r1__robot_xjwlog/base_link.
2026-05-12 16:15:26 [56,297ms] [Warning] [omni.physx.plugin] Invalid PhysX transform detected for /World/scene_0/controllable__r1__robot_xjwlog/servo_link1.
2026-05-12 16:15:26 [56,297ms] [Warning] [omni.physx.plugin] Invalid PhysX transform detected for /World/scene_0/controllable__r1__robot_xjwlog/servo_link2.
2026-05-12 16:15:26 [56,297ms] [Warning] [omni.physx.plugin] Invalid PhysX transform detected for /World/scene_0/controllable__r1__robot_xjwlog/servo_link3.
2026-05-12 16:15:26 [56,297ms] [Warning] [omni.physx.plugin] Invalid PhysX transform detected for /World/scene_0/controllable__r1__robot_xjwlog/torso_link1.
2026-05-12 16:15:26 [56,297ms] [Warning] [omni.physx.plugin] Invalid PhysX transform detected for /World/scene_0/controllable__r1__robot_xjwlog/wheel_link1.
2026-05-12 16:15:26 [56,297ms] [Warning] [omni.physx.plugin] Invalid PhysX transform detected for /World/scene_0/controllable__r1__robot_xjwlog/wheel_link2.
2026-05-12 16:15:26 [56,297ms] [Warning] [omni.physx.plugin] Invalid PhysX transform detected for /World/scene_0/controllable__r1__robot_xjwlog/wheel_link3.
2026-05-12 16:15:26 [56,297ms] [Warning] [omni.physx.plugin] Invalid PhysX transform detected for /World/scene_0/controllable__r1__robot_xjwlog/torso_link2.
2026-05-12 16:15:26 [56,297ms] [Warning] [omni.physx.plugin] Invalid PhysX transform detected for /World/scene_0/controllable__r1__robot_xjwlog/torso_link3.
2026-05-12 16:15:26 [56,297ms] [Warning] [omni.physx.plugin] Invalid PhysX transform detected for /World/scene_0/controllable__r1__robot_xjwlog/torso_link4.
2026-05-12 16:15:26 [56,297ms] [Warning] [omni.physx.plugin] Invalid PhysX transform detected for /World/scene_0/controllable__r1__robot_xjwlog/left_arm_link1.
2026-05-12 16:15:26 [56,297ms] [Warning] [omni.physx.plugin] Invalid PhysX transform detected for /World/scene_0/controllable__r1__robot_xjwlog/right_arm_link1.
2026-05-12 16:15:26 [56,297ms] [Warning] [omni.physx.plugin] Invalid PhysX transform detected for /World/scene_0/controllable__r1__robot_xjwlog/eyes.
2026-05-12 16:15:26 [56,297ms] [Warning] [omni.physx.plugin] Invalid PhysX transform detected for /World/scene_0/controllable__r1__robot_xjwlog/left_arm_link2.
2026-05-12 16:15:26 [56,297ms] [Warning] [omni.physx.plugin] Invalid PhysX transform detected for /World/scene_0/controllable__r1__robot_xjwlog/right_arm_link2.
2026-05-12 16:15:26 [56,297ms] [Warning] [omni.physx.plugin] Invalid PhysX transform detected for /World/scene_0/controllable__r1__robot_xjwlog/left_arm_link3.
2026-05-12 16:15:26 [56,297ms] [Warning] [omni.physx.plugin] Invalid PhysX transform detected for /World/scene_0/controllable__r1__robot_xjwlog/right_arm_link3.
2026-05-12 16:15:26 [56,297ms] [Warning] [omni.physx.plugin] Invalid PhysX transform detected for /World/scene_0/controllable__r1__robot_xjwlog/left_arm_link4.
2026-05-12 16:15:26 [56,297ms] [Warning] [omni.physx.plugin] Invalid PhysX transform detected for /World/scene_0/controllable__r1__robot_xjwlog/right_arm_link4.
2026-05-12 16:15:26 [56,297ms] [Warning] [omni.physx.plugin] Invalid PhysX transform detected for /World/scene_0/controllable__r1__robot_xjwlog/left_arm_link5.
2026-05-12 16:15:26 [56,297ms] [Warning] [omni.physx.plugin] Invalid PhysX transform detected for /World/scene_0/controllable__r1__robot_xjwlog/right_arm_link5.
2026-05-12 16:15:26 [56,297ms] [Warning] [omni.physx.plugin] Invalid PhysX transform detected for /World/scene_0/controllable__r1__robot_xjwlog/left_arm_link6.
2026-05-12 16:15:26 [56,297ms] [Warning] [omni.physx.plugin] Invalid PhysX transform detected for /World/scene_0/controllable__r1__robot_xjwlog/right_arm_link6.
2026-05-12 16:15:26 [56,297ms] [Warning] [omni.physx.plugin] Invalid PhysX transform detected for /World/scene_0/controllable__r1__robot_xjwlog/left_gripper_link1.
2026-05-12 16:15:26 [56,297ms] [Warning] [omni.physx.plugin] Invalid PhysX transform detected for /World/scene_0/controllable__r1__robot_xjwlog/left_gripper_link2.
2026-05-12 16:15:26 [56,297ms] [Warning] [omni.physx.plugin] Invalid PhysX transform detected for /World/scene_0/controllable__r1__robot_xjwlog/left_eef_link.
2026-05-12 16:15:26 [56,297ms] [Warning] [omni.physx.plugin] Invalid PhysX transform detected for /World/scene_0/controllable__r1__robot_xjwlog/right_gripper_link1.
2026-05-12 16:15:26 [56,297ms] [Warning] [omni.physx.plugin] Invalid PhysX transform detected for /World/scene_0/controllable__r1__robot_xjwlog/right_gripper_link2.
2026-05-12 16:15:26 [56,297ms] [Warning] [omni.physx.plugin] Invalid PhysX transform detected for /World/scene_0/controllable__r1__robot_xjwlog/right_eef_link.
2026-05-12 16:15:26 [56,297ms] [Warning] [omni.physx.plugin] Invalid PhysX transform detected for /World/scene_0/cover_small_item_render_item_4175346132/base_link.
2026-05-12 16:15:26 [56,297ms] [Warning] [omni.physx.plugin] Invalid PhysX transform detected for /World/scene_0/cover_small_item_render_item_4175346132/glass.
2026-05-12 16:15:26 [56,381ms] [Warning] [omni.physx.plugin] Invalid PhysX transform detected for /World/scene_0/controllable__r1__robot_xjwlog/base_footprint_y.
2026-05-12 16:15:26 [56,381ms] [Warning] [omni.physx.plugin] Invalid PhysX transform detected for /World/scene_0/controllable__r1__robot_xjwlog/base_footprint_z.
2026-05-12 16:15:26 [56,381ms] [Warning] [omni.physx.plugin] Invalid PhysX transform detected for /World/scene_0/controllable__r1__robot_xjwlog/base_footprint_rx.
2026-05-12 16:15:26 [56,381ms] [Warning] [omni.physx.plugin] Invalid PhysX transform detected for /World/scene_0/controllable__r1__robot_xjwlog/base_footprint_ry.
2026-05-12 16:15:26 [56,381ms] [Warning] [omni.physx.plugin] Invalid PhysX transform detected for /World/scene_0/controllable__r1__robot_xjwlog/base_footprint_rz.
2026-05-12 16:15:26 [56,381ms] [Warning] [omni.physx.plugin] Invalid PhysX transform detected for /World/scene_0/controllable__r1__robot_xjwlog/base_link.
2026-05-12 16:15:26 [56,381ms] [Warning] [omni.physx.plugin] Invalid PhysX transform detected for /World/scene_0/controllable__r1__robot_xjwlog/servo_link1.
2026-05-12 16:15:26 [56,381ms] [Warning] [omni.physx.plugin] Invalid PhysX transform detected for /World/scene_0/controllable__r1__robot_xjwlog/servo_link2.
2026-05-12 16:15:26 [56,381ms] [Warning] [omni.physx.plugin] Invalid PhysX transform detected for /World/scene_0/controllable__r1__robot_xjwlog/servo_link3.
2026-05-12 16:15:26 [56,381ms] [Warning] [omni.physx.plugin] Invalid PhysX transform detected for /World/scene_0/controllable__r1__robot_xjwlog/torso_link1.
2026-05-12 16:15:26 [56,381ms] [Warning] [omni.physx.plugin] Invalid PhysX transform detected for /World/scene_0/controllable__r1__robot_xjwlog/wheel_link1.
2026-05-12 16:15:26 [56,381ms] [Warning] [omni.physx.plugin] Invalid PhysX transform detected for /World/scene_0/controllable__r1__robot_xjwlog/wheel_link2.
2026-05-12 16:15:26 [56,382ms] [Warning] [omni.physx.plugin] Invalid PhysX transform detected for /World/scene_0/controllable__r1__robot_xjwlog/wheel_link3.
2026-05-12 16:15:26 [56,382ms] [Warning] [omni.physx.plugin] Invalid PhysX transform detected for /World/scene_0/controllable__r1__robot_xjwlog/torso_link2.
2026-05-12 16:15:26 [56,382ms] [Warning] [omni.physx.plugin] Invalid PhysX transform detected for /World/scene_0/controllable__r1__robot_xjwlog/torso_link3.
2026-05-12 16:15:26 [56,382ms] [Warning] [omni.physx.plugin] Invalid PhysX transform detected for /World/scene_0/controllable__r1__robot_xjwlog/torso_link4.
2026-05-12 16:15:26 [56,382ms] [Warning] [omni.physx.plugin] Invalid PhysX transform detected for /World/scene_0/controllable__r1__robot_xjwlog/left_arm_link1.
2026-05-12 16:15:26 [56,382ms] [Warning] [omni.physx.plugin] Invalid PhysX transform detected for /World/scene_0/controllable__r1__robot_xjwlog/right_arm_link1.
2026-05-12 16:15:26 [56,382ms] [Warning] [omni.physx.plugin] Invalid PhysX transform detected for /World/scene_0/controllable__r1__robot_xjwlog/eyes.
2026-05-12 16:15:26 [56,382ms] [Warning] [omni.physx.plugin] Invalid PhysX transform detected for /World/scene_0/controllable__r1__robot_xjwlog/left_arm_link2.
2026-05-12 16:15:26 [56,382ms] [Warning] [omni.physx.plugin] Invalid PhysX transform detected for /World/scene_0/controllable__r1__robot_xjwlog/right_arm_link2.
2026-05-12 16:15:26 [56,382ms] [Warning] [omni.physx.plugin] Invalid PhysX transform detected for /World/scene_0/controllable__r1__robot_xjwlog/left_arm_link3.
2026-05-12 16:15:26 [56,382ms] [Warning] [omni.physx.plugin] Invalid PhysX transform detected for /World/scene_0/controllable__r1__robot_xjwlog/right_arm_link3.
2026-05-12 16:15:26 [56,382ms] [Warning] [omni.physx.plugin] Invalid PhysX transform detected for /World/scene_0/controllable__r1__robot_xjwlog/left_arm_link4.
2026-05-12 16:15:26 [56,382ms] [Warning] [omni.physx.plugin] Invalid PhysX transform detected for /World/scene_0/controllable__r1__robot_xjwlog/right_arm_link4.
2026-05-12 16:15:26 [56,382ms] [Warning] [omni.physx.plugin] Invalid PhysX transform detected for /World/scene_0/controllable__r1__robot_xjwlog/left_arm_link5.
2026-05-12 16:15:26 [56,382ms] [Warning] [omni.physx.plugin] Invalid PhysX transform detected for /World/scene_0/controllable__r1__robot_xjwlog/right_arm_link5.
2026-05-12 16:15:26 [56,382ms] [Warning] [omni.physx.plugin] Invalid PhysX transform detected for /World/scene_0/controllable__r1__robot_xjwlog/left_arm_link6.
2026-05-12 16:15:26 [56,382ms] [Warning] [omni.physx.plugin] Invalid PhysX transform detected for /World/scene_0/controllable__r1__robot_xjwlog/right_arm_link6.
2026-05-12 16:15:26 [56,382ms] [Warning] [omni.physx.plugin] Invalid PhysX transform detected for /World/scene_0/controllable__r1__robot_xjwlog/left_gripper_link1.
2026-05-12 16:15:26 [56,382ms] [Warning] [omni.physx.plugin] Invalid PhysX transform detected for /World/scene_0/controllable__r1__robot_xjwlog/left_gripper_link2.
2026-05-12 16:15:26 [56,382ms] [Warning] [omni.physx.plugin] Invalid PhysX transform detected for /World/scene_0/controllable__r1__robot_xjwlog/left_eef_link.
2026-05-12 16:15:26 [56,382ms] [Warning] [omni.physx.plugin] Invalid PhysX transform detected for /World/scene_0/controllable__r1__robot_xjwlog/right_gripper_link1.
2026-05-12 16:15:26 [56,382ms] [Warning] [omni.physx.plugin] Invalid PhysX transform detected for /World/scene_0/controllable__r1__robot_xjwlog/right_gripper_link2.
2026-05-12 16:15:26 [56,382ms] [Warning] [omni.physx.plugin] Invalid PhysX transform detected for /World/scene_0/controllable__r1__robot_xjwlog/right_eef_link.
2026-05-12 16:15:26 [56,382ms] [Warning] [omni.physx.plugin] Invalid PhysX transform detected for /World/scene_0/cover_small_item_render_item_4175346132/base_link.
2026-05-12 16:15:26 [56,382ms] [Warning] [omni.physx.plugin] Invalid PhysX transform detected for /World/scene_0/cover_small_item_render_item_4175346132/glass.
2026-05-12 16:15:26 [56,465ms] [Warning] [omni.physx.plugin] Invalid PhysX transform detected for /World/scene_0/controllable__r1__robot_xjwlog/base_footprint_y.
2026-05-12 16:15:26 [56,465ms] [Warning] [omni.physx.plugin] Invalid PhysX transform detected for /World/scene_0/controllable__r1__robot_xjwlog/base_footprint_z.
2026-05-12 16:15:26 [56,466ms] [Warning] [omni.physx.plugin] Invalid PhysX transform detected for /World/scene_0/controllable__r1__robot_xjwlog/base_footprint_rx.
2026-05-12 16:15:26 [56,466ms] [Warning] [omni.physx.plugin] Invalid PhysX transform detected for /World/scene_0/controllable__r1__robot_xjwlog/base_footprint_ry.
2026-05-12 16:15:26 [56,466ms] [Warning] [omni.physx.plugin] Invalid PhysX transform detected for /World/scene_0/controllable__r1__robot_xjwlog/base_footprint_rz.
2026-05-12 16:15:26 [56,466ms] [Warning] [omni.physx.plugin] Invalid PhysX transform detected for /World/scene_0/controllable__r1__robot_xjwlog/base_link.
2026-05-12 16:15:26 [56,466ms] [Warning] [omni.physx.plugin] Invalid PhysX transform detected for /World/scene_0/controllable__r1__robot_xjwlog/servo_link1.
2026-05-12 16:15:26 [56,466ms] [Warning] [omni.physx.plugin] Invalid PhysX transform detected for /World/scene_0/controllable__r1__robot_xjwlog/servo_link2.
2026-05-12 16:15:26 [56,466ms] [Warning] [omni.physx.plugin] Invalid PhysX transform detected for /World/scene_0/controllable__r1__robot_xjwlog/servo_link3.
2026-05-12 16:15:26 [56,466ms] [Warning] [omni.physx.plugin] Invalid PhysX transform detected for /World/scene_0/controllable__r1__robot_xjwlog/torso_link1.
2026-05-12 16:15:26 [56,466ms] [Warning] [omni.physx.plugin] Invalid PhysX transform detected for /World/scene_0/controllable__r1__robot_xjwlog/wheel_link1.
2026-05-12 16:15:26 [56,466ms] [Warning] [omni.physx.plugin] Invalid PhysX transform detected for /World/scene_0/controllable__r1__robot_xjwlog/wheel_link2.
2026-05-12 16:15:26 [56,466ms] [Warning] [omni.physx.plugin] Invalid PhysX transform detected for /World/scene_0/controllable__r1__robot_xjwlog/wheel_link3.
2026-05-12 16:15:26 [56,466ms] [Warning] [omni.physx.plugin] Invalid PhysX transform detected for /World/scene_0/controllable__r1__robot_xjwlog/torso_link2.
2026-05-12 16:15:26 [56,466ms] [Warning] [omni.physx.plugin] Invalid PhysX transform detected for /World/scene_0/controllable__r1__robot_xjwlog/torso_link3.
2026-05-12 16:15:26 [56,466ms] [Warning] [omni.physx.plugin] Invalid PhysX transform detected for /World/scene_0/controllable__r1__robot_xjwlog/torso_link4.
2026-05-12 16:15:26 [56,466ms] [Warning] [omni.physx.plugin] Invalid PhysX transform detected for /World/scene_0/controllable__r1__robot_xjwlog/left_arm_link1.
2026-05-12 16:15:26 [56,466ms] [Warning] [omni.physx.plugin] Invalid PhysX transform detected for /World/scene_0/controllable__r1__robot_xjwlog/right_arm_link1.
2026-05-12 16:15:26 [56,466ms] [Warning] [omni.physx.plugin] Invalid PhysX transform detected for /World/scene_0/controllable__r1__robot_xjwlog/eyes.
2026-05-12 16:15:26 [56,466ms] [Warning] [omni.physx.plugin] Invalid PhysX transform detected for /World/scene_0/controllable__r1__robot_xjwlog/left_arm_link2.
2026-05-12 16:15:26 [56,466ms] [Warning] [omni.physx.plugin] Invalid PhysX transform detected for /World/scene_0/controllable__r1__robot_xjwlog/right_arm_link2.
2026-05-12 16:15:26 [56,466ms] [Warning] [omni.physx.plugin] Invalid PhysX transform detected for /World/scene_0/controllable__r1__robot_xjwlog/left_arm_link3.
2026-05-12 16:15:26 [56,466ms] [Warning] [omni.physx.plugin] Invalid PhysX transform detected for /World/scene_0/controllable__r1__robot_xjwlog/right_arm_link3.
2026-05-12 16:15:26 [56,466ms] [Warning] [omni.physx.plugin] Invalid PhysX transform detected for /World/scene_0/controllable__r1__robot_xjwlog/left_arm_link4.
2026-05-12 16:15:26 [56,466ms] [Warning] [omni.physx.plugin] Invalid PhysX transform detected for /World/scene_0/controllable__r1__robot_xjwlog/right_arm_link4.
2026-05-12 16:15:26 [56,466ms] [Warning] [omni.physx.plugin] Invalid PhysX transform detected for /World/scene_0/controllable__r1__robot_xjwlog/left_arm_link5.
2026-05-12 16:15:26 [56,466ms] [Warning] [omni.physx.plugin] Invalid PhysX transform detected for /World/scene_0/controllable__r1__robot_xjwlog/right_arm_link5.
2026-05-12 16:15:26 [56,466ms] [Warning] [omni.physx.plugin] Invalid PhysX transform detected for /World/scene_0/controllable__r1__robot_xjwlog/left_arm_link6.
2026-05-12 16:15:26 [56,466ms] [Warning] [omni.physx.plugin] Invalid PhysX transform detected for /World/scene_0/controllable__r1__robot_xjwlog/right_arm_link6.
2026-05-12 16:15:26 [56,466ms] [Warning] [omni.physx.plugin] Invalid PhysX transform detected for /World/scene_0/controllable__r1__robot_xjwlog/left_gripper_link1.
2026-05-12 16:15:26 [56,466ms] [Warning] [omni.physx.plugin] Invalid PhysX transform detected for /World/scene_0/controllable__r1__robot_xjwlog/left_gripper_link2.
2026-05-12 16:15:26 [56,466ms] [Warning] [omni.physx.plugin] Invalid PhysX transform detected for /World/scene_0/controllable__r1__robot_xjwlog/left_eef_link.
2026-05-12 16:15:26 [56,466ms] [Warning] [omni.physx.plugin] Invalid PhysX transform detected for /World/scene_0/controllable__r1__robot_xjwlog/right_gripper_link1.
2026-05-12 16:15:26 [56,466ms] [Warning] [omni.physx.plugin] Invalid PhysX transform detected for /World/scene_0/controllable__r1__robot_xjwlog/right_gripper_link2.
2026-05-12 16:15:26 [56,466ms] [Warning] [omni.physx.plugin] Invalid PhysX transform detected for /World/scene_0/controllable__r1__robot_xjwlog/right_eef_link.
2026-05-12 16:15:26 [56,466ms] [Warning] [omni.physx.plugin] Invalid PhysX transform detected for /World/scene_0/cover_small_item_render_item_4175346132/base_link.
2026-05-12 16:15:26 [56,466ms] [Warning] [omni.physx.plugin] Invalid PhysX transform detected for /World/scene_0/cover_small_item_render_item_4175346132/glass.
2026-05-12 16:15:27 [56,487ms] [Warning] [omni.physx.plugin] Invalid PhysX transform detected for /World/scene_0/controllable__r1__robot_xjwlog/base_footprint_y.
2026-05-12 16:15:27 [56,487ms] [Warning] [omni.physx.plugin] Invalid PhysX transform detected for /World/scene_0/controllable__r1__robot_xjwlog/base_footprint_z.
2026-05-12 16:15:27 [56,487ms] [Warning] [omni.physx.plugin] Invalid PhysX transform detected for /World/scene_0/controllable__r1__robot_xjwlog/base_footprint_rx.
2026-05-12 16:15:27 [56,487ms] [Warning] [omni.physx.plugin] Invalid PhysX transform detected for /World/scene_0/controllable__r1__robot_xjwlog/base_footprint_ry.
2026-05-12 16:15:27 [56,487ms] [Warning] [omni.physx.plugin] Invalid PhysX transform detected for /World/scene_0/controllable__r1__robot_xjwlog/base_footprint_rz.
2026-05-12 16:15:27 [56,487ms] [Warning] [omni.physx.plugin] Invalid PhysX transform detected for /World/scene_0/controllable__r1__robot_xjwlog/base_link.
2026-05-12 16:15:27 [56,487ms] [Warning] [omni.physx.plugin] Invalid PhysX transform detected for /World/scene_0/controllable__r1__robot_xjwlog/servo_link1.
2026-05-12 16:15:27 [56,487ms] [Warning] [omni.physx.plugin] Invalid PhysX transform detected for /World/scene_0/controllable__r1__robot_xjwlog/servo_link2.
2026-05-12 16:15:27 [56,487ms] [Warning] [omni.physx.plugin] Invalid PhysX transform detected for /World/scene_0/controllable__r1__robot_xjwlog/servo_link3.
2026-05-12 16:15:27 [56,487ms] [Warning] [omni.physx.plugin] Invalid PhysX transform detected for /World/scene_0/controllable__r1__robot_xjwlog/torso_link1.
2026-05-12 16:15:27 [56,487ms] [Warning] [omni.physx.plugin] Invalid PhysX transform detected for /World/scene_0/controllable__r1__robot_xjwlog/wheel_link1.
2026-05-12 16:15:27 [56,487ms] [Warning] [omni.physx.plugin] Invalid PhysX transform detected for /World/scene_0/controllable__r1__robot_xjwlog/wheel_link2.
2026-05-12 16:15:27 [56,487ms] [Warning] [omni.physx.plugin] Invalid PhysX transform detected for /World/scene_0/controllable__r1__robot_xjwlog/wheel_link3.
2026-05-12 16:15:27 [56,487ms] [Warning] [omni.physx.plugin] Invalid PhysX transform detected for /World/scene_0/controllable__r1__robot_xjwlog/torso_link2.
2026-05-12 16:15:27 [56,487ms] [Warning] [omni.physx.plugin] Invalid PhysX transform detected for /World/scene_0/controllable__r1__robot_xjwlog/torso_link3.
2026-05-12 16:15:27 [56,487ms] [Warning] [omni.physx.plugin] Invalid PhysX transform detected for /World/scene_0/controllable__r1__robot_xjwlog/torso_link4.
2026-05-12 16:15:27 [56,487ms] [Warning] [omni.physx.plugin] Invalid PhysX transform detected for /World/scene_0/controllable__r1__robot_xjwlog/left_arm_link1.
2026-05-12 16:15:27 [56,487ms] [Warning] [omni.physx.plugin] Invalid PhysX transform detected for /World/scene_0/controllable__r1__robot_xjwlog/right_arm_link1.
2026-05-12 16:15:27 [56,487ms] [Warning] [omni.physx.plugin] Invalid PhysX transform detected for /World/scene_0/controllable__r1__robot_xjwlog/eyes.
2026-05-12 16:15:27 [56,487ms] [Warning] [omni.physx.plugin] Invalid PhysX transform detected for /World/scene_0/controllable__r1__robot_xjwlog/left_arm_link2.
2026-05-12 16:15:27 [56,487ms] [Warning] [omni.physx.plugin] Invalid PhysX transform detected for /World/scene_0/controllable__r1__robot_xjwlog/right_arm_link2.
2026-05-12 16:15:27 [56,487ms] [Warning] [omni.physx.plugin] Invalid PhysX transform detected for /World/scene_0/controllable__r1__robot_xjwlog/left_arm_link3.
2026-05-12 16:15:27 [56,487ms] [Warning] [omni.physx.plugin] Invalid PhysX transform detected for /World/scene_0/controllable__r1__robot_xjwlog/right_arm_link3.
2026-05-12 16:15:27 [56,487ms] [Warning] [omni.physx.plugin] Invalid PhysX transform detected for /World/scene_0/controllable__r1__robot_xjwlog/left_arm_link4.
2026-05-12 16:15:27 [56,487ms] [Warning] [omni.physx.plugin] Invalid PhysX transform detected for /World/scene_0/controllable__r1__robot_xjwlog/right_arm_link4.
2026-05-12 16:15:27 [56,487ms] [Warning] [omni.physx.plugin] Invalid PhysX transform detected for /World/scene_0/controllable__r1__robot_xjwlog/left_arm_link5.
2026-05-12 16:15:27 [56,487ms] [Warning] [omni.physx.plugin] Invalid PhysX transform detected for /World/scene_0/controllable__r1__robot_xjwlog/right_arm_link5.
2026-05-12 16:15:27 [56,487ms] [Warning] [omni.physx.plugin] Invalid PhysX transform detected for /World/scene_0/controllable__r1__robot_xjwlog/left_arm_link6.
2026-05-12 16:15:27 [56,487ms] [Warning] [omni.physx.plugin] Invalid PhysX transform detected for /World/scene_0/controllable__r1__robot_xjwlog/right_arm_link6.
2026-05-12 16:15:27 [56,487ms] [Warning] [omni.physx.plugin] Invalid PhysX transform detected for /World/scene_0/controllable__r1__robot_xjwlog/left_gripper_link1.
2026-05-12 16:15:27 [56,487ms] [Warning] [omni.physx.plugin] Invalid PhysX transform detected for /World/scene_0/controllable__r1__robot_xjwlog/left_gripper_link2.
2026-05-12 16:15:27 [56,487ms] [Warning] [omni.physx.plugin] Invalid PhysX transform detected for /World/scene_0/controllable__r1__robot_xjwlog/left_eef_link.
2026-05-12 16:15:27 [56,487ms] [Warning] [omni.physx.plugin] Invalid PhysX transform detected for /World/scene_0/controllable__r1__robot_xjwlog/right_gripper_link1.
2026-05-12 16:15:27 [56,487ms] [Warning] [omni.physx.plugin] Invalid PhysX transform detected for /World/scene_0/controllable__r1__robot_xjwlog/right_gripper_link2.
2026-05-12 16:15:27 [56,487ms] [Warning] [omni.physx.plugin] Invalid PhysX transform detected for /World/scene_0/controllable__r1__robot_xjwlog/right_eef_link.
2026-05-12 16:15:27 [56,487ms] [Warning] [omni.physx.plugin] Invalid PhysX transform detected for /World/scene_0/cover_small_item_render_item_4175346132/base_link.
2026-05-12 16:15:27 [56,487ms] [Warning] [omni.physx.plugin] Invalid PhysX transform detected for /World/scene_0/cover_small_item_render_item_4175346132/glass.
2026-05-12 16:15:27 [56,547ms] [Warning] [omni.physx.plugin] Invalid PhysX transform detected for /World/scene_0/controllable__r1__robot_xjwlog/base_footprint_y.
2026-05-12 16:15:27 [56,547ms] [Warning] [omni.physx.plugin] Invalid PhysX transform detected for /World/scene_0/controllable__r1__robot_xjwlog/base_footprint_z.
2026-05-12 16:15:27 [56,547ms] [Warning] [omni.physx.plugin] Invalid PhysX transform detected for /World/scene_0/controllable__r1__robot_xjwlog/base_footprint_rx.
2026-05-12 16:15:27 [56,547ms] [Warning] [omni.physx.plugin] Invalid PhysX transform detected for /World/scene_0/controllable__r1__robot_xjwlog/base_footprint_ry.
2026-05-12 16:15:27 [56,547ms] [Warning] [omni.physx.plugin] Invalid PhysX transform detected for /World/scene_0/controllable__r1__robot_xjwlog/base_footprint_rz.
2026-05-12 16:15:27 [56,547ms] [Warning] [omni.physx.plugin] Invalid PhysX transform detected for /World/scene_0/controllable__r1__robot_xjwlog/base_link.
2026-05-12 16:15:27 [56,547ms] [Warning] [omni.physx.plugin] Invalid PhysX transform detected for /World/scene_0/controllable__r1__robot_xjwlog/servo_link1.
2026-05-12 16:15:27 [56,547ms] [Warning] [omni.physx.plugin] Invalid PhysX transform detected for /World/scene_0/controllable__r1__robot_xjwlog/servo_link2.
2026-05-12 16:15:27 [56,547ms] [Warning] [omni.physx.plugin] Invalid PhysX transform detected for /World/scene_0/controllable__r1__robot_xjwlog/servo_link3.
2026-05-12 16:15:27 [56,547ms] [Warning] [omni.physx.plugin] Invalid PhysX transform detected for /World/scene_0/controllable__r1__robot_xjwlog/torso_link1.
2026-05-12 16:15:27 [56,547ms] [Warning] [omni.physx.plugin] Invalid PhysX transform detected for /World/scene_0/controllable__r1__robot_xjwlog/wheel_link1.
2026-05-12 16:15:27 [56,547ms] [Warning] [omni.physx.plugin] Invalid PhysX transform detected for /World/scene_0/controllable__r1__robot_xjwlog/wheel_link2.
2026-05-12 16:15:27 [56,547ms] [Warning] [omni.physx.plugin] Invalid PhysX transform detected for /World/scene_0/controllable__r1__robot_xjwlog/wheel_link3.
2026-05-12 16:15:27 [56,547ms] [Warning] [omni.physx.plugin] Invalid PhysX transform detected for /World/scene_0/controllable__r1__robot_xjwlog/torso_link2.
2026-05-12 16:15:27 [56,547ms] [Warning] [omni.physx.plugin] Invalid PhysX transform detected for /World/scene_0/controllable__r1__robot_xjwlog/torso_link3.
2026-05-12 16:15:27 [56,547ms] [Warning] [omni.physx.plugin] Invalid PhysX transform detected for /World/scene_0/controllable__r1__robot_xjwlog/torso_link4.
2026-05-12 16:15:27 [56,547ms] [Warning] [omni.physx.plugin] Invalid PhysX transform detected for /World/scene_0/controllable__r1__robot_xjwlog/left_arm_link1.
2026-05-12 16:15:27 [56,547ms] [Warning] [omni.physx.plugin] Invalid PhysX transform detected for /World/scene_0/controllable__r1__robot_xjwlog/right_arm_link1.
2026-05-12 16:15:27 [56,547ms] [Warning] [omni.physx.plugin] Invalid PhysX transform detected for /World/scene_0/controllable__r1__robot_xjwlog/eyes.
2026-05-12 16:15:27 [56,547ms] [Warning] [omni.physx.plugin] Invalid PhysX transform detected for /World/scene_0/controllable__r1__robot_xjwlog/left_arm_link2.
2026-05-12 16:15:27 [56,547ms] [Warning] [omni.physx.plugin] Invalid PhysX transform detected for /World/scene_0/controllable__r1__robot_xjwlog/right_arm_link2.
2026-05-12 16:15:27 [56,547ms] [Warning] [omni.physx.plugin] Invalid PhysX transform detected for /World/scene_0/controllable__r1__robot_xjwlog/left_arm_link3.
2026-05-12 16:15:27 [56,547ms] [Warning] [omni.physx.plugin] Invalid PhysX transform detected for /World/scene_0/controllable__r1__robot_xjwlog/right_arm_link3.
2026-05-12 16:15:27 [56,547ms] [Warning] [omni.physx.plugin] Invalid PhysX transform detected for /World/scene_0/controllable__r1__robot_xjwlog/left_arm_link4.
2026-05-12 16:15:27 [56,547ms] [Warning] [omni.physx.plugin] Invalid PhysX transform detected for /World/scene_0/controllable__r1__robot_xjwlog/right_arm_link4.
2026-05-12 16:15:27 [56,547ms] [Warning] [omni.physx.plugin] Invalid PhysX transform detected for /World/scene_0/controllable__r1__robot_xjwlog/left_arm_link5.
2026-05-12 16:15:27 [56,547ms] [Warning] [omni.physx.plugin] Invalid PhysX transform detected for /World/scene_0/controllable__r1__robot_xjwlog/right_arm_link5.
2026-05-12 16:15:27 [56,547ms] [Warning] [omni.physx.plugin] Invalid PhysX transform detected for /World/scene_0/controllable__r1__robot_xjwlog/left_arm_link6.
2026-05-12 16:15:27 [56,547ms] [Warning] [omni.physx.plugin] Invalid PhysX transform detected for /World/scene_0/controllable__r1__robot_xjwlog/right_arm_link6.
2026-05-12 16:15:27 [56,547ms] [Warning] [omni.physx.plugin] Invalid PhysX transform detected for /World/scene_0/controllable__r1__robot_xjwlog/left_gripper_link1.
2026-05-12 16:15:27 [56,547ms] [Warning] [omni.physx.plugin] Invalid PhysX transform detected for /World/scene_0/controllable__r1__robot_xjwlog/left_gripper_link2.
2026-05-12 16:15:27 [56,547ms] [Warning] [omni.physx.plugin] Invalid PhysX transform detected for /World/scene_0/controllable__r1__robot_xjwlog/left_eef_link.
2026-05-12 16:15:27 [56,547ms] [Warning] [omni.physx.plugin] Invalid PhysX transform detected for /World/scene_0/controllable__r1__robot_xjwlog/right_gripper_link1.
2026-05-12 16:15:27 [56,547ms] [Warning] [omni.physx.plugin] Invalid PhysX transform detected for /World/scene_0/controllable__r1__robot_xjwlog/right_gripper_link2.
2026-05-12 16:15:27 [56,547ms] [Warning] [omni.physx.plugin] Invalid PhysX transform detected for /World/scene_0/controllable__r1__robot_xjwlog/right_eef_link.
2026-05-12 16:15:27 [56,547ms] [Warning] [omni.physx.plugin] Invalid PhysX transform detected for /World/scene_0/cover_small_item_render_item_4175346132/base_link.
2026-05-12 16:15:27 [56,547ms] [Warning] [omni.physx.plugin] Invalid PhysX transform detected for /World/scene_0/cover_small_item_render_item_4175346132/glass.
2026-05-12 16:15:27 [56,629ms] [Warning] [omni.physx.plugin] Invalid PhysX transform detected for /World/scene_0/controllable__r1__robot_xjwlog/base_footprint_y.
2026-05-12 16:15:27 [56,629ms] [Warning] [omni.physx.plugin] Invalid PhysX transform detected for /World/scene_0/controllable__r1__robot_xjwlog/base_footprint_z.
2026-05-12 16:15:27 [56,629ms] [Warning] [omni.physx.plugin] Invalid PhysX transform detected for /World/scene_0/controllable__r1__robot_xjwlog/base_footprint_rx.
2026-05-12 16:15:27 [56,629ms] [Warning] [omni.physx.plugin] Invalid PhysX transform detected for /World/scene_0/controllable__r1__robot_xjwlog/base_footprint_ry.
2026-05-12 16:15:27 [56,629ms] [Warning] [omni.physx.plugin] Invalid PhysX transform detected for /World/scene_0/controllable__r1__robot_xjwlog/base_footprint_rz.
2026-05-12 16:15:27 [56,629ms] [Warning] [omni.physx.plugin] Invalid PhysX transform detected for /World/scene_0/controllable__r1__robot_xjwlog/base_link.
2026-05-12 16:15:27 [56,629ms] [Warning] [omni.physx.plugin] Invalid PhysX transform detected for /World/scene_0/controllable__r1__robot_xjwlog/servo_link1.
2026-05-12 16:15:27 [56,629ms] [Warning] [omni.physx.plugin] Invalid PhysX transform detected for /World/scene_0/controllable__r1__robot_xjwlog/servo_link2.
2026-05-12 16:15:27 [56,629ms] [Warning] [omni.physx.plugin] Invalid PhysX transform detected for /World/scene_0/controllable__r1__robot_xjwlog/servo_link3.
2026-05-12 16:15:27 [56,629ms] [Warning] [omni.physx.plugin] Invalid PhysX transform detected for /World/scene_0/controllable__r1__robot_xjwlog/torso_link1.
2026-05-12 16:15:27 [56,629ms] [Warning] [omni.physx.plugin] Invalid PhysX transform detected for /World/scene_0/controllable__r1__robot_xjwlog/wheel_link1.
2026-05-12 16:15:27 [56,629ms] [Warning] [omni.physx.plugin] Invalid PhysX transform detected for /World/scene_0/controllable__r1__robot_xjwlog/wheel_link2.
2026-05-12 16:15:27 [56,629ms] [Warning] [omni.physx.plugin] Invalid PhysX transform detected for /World/scene_0/controllable__r1__robot_xjwlog/wheel_link3.
2026-05-12 16:15:27 [56,629ms] [Warning] [omni.physx.plugin] Invalid PhysX transform detected for /World/scene_0/controllable__r1__robot_xjwlog/torso_link2.
2026-05-12 16:15:27 [56,629ms] [Warning] [omni.physx.plugin] Invalid PhysX transform detected for /World/scene_0/controllable__r1__robot_xjwlog/torso_link3.
2026-05-12 16:15:27 [56,629ms] [Warning] [omni.physx.plugin] Invalid PhysX transform detected for /World/scene_0/controllable__r1__robot_xjwlog/torso_link4.
2026-05-12 16:15:27 [56,629ms] [Warning] [omni.physx.plugin] Invalid PhysX transform detected for /World/scene_0/controllable__r1__robot_xjwlog/left_arm_link1.
2026-05-12 16:15:27 [56,629ms] [Warning] [omni.physx.plugin] Invalid PhysX transform detected for /World/scene_0/controllable__r1__robot_xjwlog/right_arm_link1.
2026-05-12 16:15:27 [56,629ms] [Warning] [omni.physx.plugin] Invalid PhysX transform detected for /World/scene_0/controllable__r1__robot_xjwlog/eyes.
2026-05-12 16:15:27 [56,629ms] [Warning] [omni.physx.plugin] Invalid PhysX transform detected for /World/scene_0/controllable__r1__robot_xjwlog/left_arm_link2.
2026-05-12 16:15:27 [56,629ms] [Warning] [omni.physx.plugin] Invalid PhysX transform detected for /World/scene_0/controllable__r1__robot_xjwlog/right_arm_link2.
2026-05-12 16:15:27 [56,629ms] [Warning] [omni.physx.plugin] Invalid PhysX transform detected for /World/scene_0/controllable__r1__robot_xjwlog/left_arm_link3.
2026-05-12 16:15:27 [56,629ms] [Warning] [omni.physx.plugin] Invalid PhysX transform detected for /World/scene_0/controllable__r1__robot_xjwlog/right_arm_link3.
2026-05-12 16:15:27 [56,629ms] [Warning] [omni.physx.plugin] Invalid PhysX transform detected for /World/scene_0/controllable__r1__robot_xjwlog/left_arm_link4.
2026-05-12 16:15:27 [56,629ms] [Warning] [omni.physx.plugin] Invalid PhysX transform detected for /World/scene_0/controllable__r1__robot_xjwlog/right_arm_link4.
2026-05-12 16:15:27 [56,629ms] [Warning] [omni.physx.plugin] Invalid PhysX transform detected for /World/scene_0/controllable__r1__robot_xjwlog/left_arm_link5.
2026-05-12 16:15:27 [56,629ms] [Warning] [omni.physx.plugin] Invalid PhysX transform detected for /World/scene_0/controllable__r1__robot_xjwlog/right_arm_link5.
2026-05-12 16:15:27 [56,629ms] [Warning] [omni.physx.plugin] Invalid PhysX transform detected for /World/scene_0/controllable__r1__robot_xjwlog/left_arm_link6.
2026-05-12 16:15:27 [56,629ms] [Warning] [omni.physx.plugin] Invalid PhysX transform detected for /World/scene_0/controllable__r1__robot_xjwlog/right_arm_link6.
2026-05-12 16:15:27 [56,629ms] [Warning] [omni.physx.plugin] Invalid PhysX transform detected for /World/scene_0/controllable__r1__robot_xjwlog/left_gripper_link1.
2026-05-12 16:15:27 [56,629ms] [Warning] [omni.physx.plugin] Invalid PhysX transform detected for /World/scene_0/controllable__r1__robot_xjwlog/left_gripper_link2.
2026-05-12 16:15:27 [56,629ms] [Warning] [omni.physx.plugin] Invalid PhysX transform detected for /World/scene_0/controllable__r1__robot_xjwlog/left_eef_link.
2026-05-12 16:15:27 [56,629ms] [Warning] [omni.physx.plugin] Invalid PhysX transform detected for /World/scene_0/controllable__r1__robot_xjwlog/right_gripper_link1.
2026-05-12 16:15:27 [56,629ms] [Warning] [omni.physx.plugin] Invalid PhysX transform detected for /World/scene_0/controllable__r1__robot_xjwlog/right_gripper_link2.
2026-05-12 16:15:27 [56,629ms] [Warning] [omni.physx.plugin] Invalid PhysX transform detected for /World/scene_0/controllable__r1__robot_xjwlog/right_eef_link.
2026-05-12 16:15:27 [56,629ms] [Warning] [omni.physx.plugin] Invalid PhysX transform detected for /World/scene_0/cover_small_item_render_item_4175346132/base_link.
2026-05-12 16:15:27 [56,629ms] [Warning] [omni.physx.plugin] Invalid PhysX transform detected for /World/scene_0/cover_small_item_render_item_4175346132/glass.
2026-05-12 16:15:27 [56,711ms] [Warning] [omni.physx.plugin] Invalid PhysX transform detected for /World/scene_0/controllable__r1__robot_xjwlog/base_footprint_y.
2026-05-12 16:15:27 [56,711ms] [Warning] [omni.physx.plugin] Invalid PhysX transform detected for /World/scene_0/controllable__r1__robot_xjwlog/base_footprint_z.
2026-05-12 16:15:27 [56,711ms] [Warning] [omni.physx.plugin] Invalid PhysX transform detected for /World/scene_0/controllable__r1__robot_xjwlog/base_footprint_rx.
2026-05-12 16:15:27 [56,711ms] [Warning] [omni.physx.plugin] Invalid PhysX transform detected for /World/scene_0/controllable__r1__robot_xjwlog/base_footprint_ry.
2026-05-12 16:15:27 [56,711ms] [Warning] [omni.physx.plugin] Invalid PhysX transform detected for /World/scene_0/controllable__r1__robot_xjwlog/base_footprint_rz.
2026-05-12 16:15:27 [56,711ms] [Warning] [omni.physx.plugin] Invalid PhysX transform detected for /World/scene_0/controllable__r1__robot_xjwlog/base_link.
2026-05-12 16:15:27 [56,711ms] [Warning] [omni.physx.plugin] Invalid PhysX transform detected for /World/scene_0/controllable__r1__robot_xjwlog/servo_link1.
2026-05-12 16:15:27 [56,711ms] [Warning] [omni.physx.plugin] Invalid PhysX transform detected for /World/scene_0/controllable__r1__robot_xjwlog/servo_link2.
2026-05-12 16:15:27 [56,711ms] [Warning] [omni.physx.plugin] Invalid PhysX transform detected for /World/scene_0/controllable__r1__robot_xjwlog/servo_link3.
2026-05-12 16:15:27 [56,711ms] [Warning] [omni.physx.plugin] Invalid PhysX transform detected for /World/scene_0/controllable__r1__robot_xjwlog/torso_link1.
2026-05-12 16:15:27 [56,711ms] [Warning] [omni.physx.plugin] Invalid PhysX transform detected for /World/scene_0/controllable__r1__robot_xjwlog/wheel_link1.
2026-05-12 16:15:27 [56,711ms] [Warning] [omni.physx.plugin] Invalid PhysX transform detected for /World/scene_0/controllable__r1__robot_xjwlog/wheel_link2.
2026-05-12 16:15:27 [56,711ms] [Warning] [omni.physx.plugin] Invalid PhysX transform detected for /World/scene_0/controllable__r1__robot_xjwlog/wheel_link3.
2026-05-12 16:15:27 [56,711ms] [Warning] [omni.physx.plugin] Invalid PhysX transform detected for /World/scene_0/controllable__r1__robot_xjwlog/torso_link2.
2026-05-12 16:15:27 [56,711ms] [Warning] [omni.physx.plugin] Invalid PhysX transform detected for /World/scene_0/controllable__r1__robot_xjwlog/torso_link3.
2026-05-12 16:15:27 [56,711ms] [Warning] [omni.physx.plugin] Invalid PhysX transform detected for /World/scene_0/controllable__r1__robot_xjwlog/torso_link4.
2026-05-12 16:15:27 [56,711ms] [Warning] [omni.physx.plugin] Invalid PhysX transform detected for /World/scene_0/controllable__r1__robot_xjwlog/left_arm_link1.
2026-05-12 16:15:27 [56,711ms] [Warning] [omni.physx.plugin] Invalid PhysX transform detected for /World/scene_0/controllable__r1__robot_xjwlog/right_arm_link1.
2026-05-12 16:15:27 [56,711ms] [Warning] [omni.physx.plugin] Invalid PhysX transform detected for /World/scene_0/controllable__r1__robot_xjwlog/eyes.
2026-05-12 16:15:27 [56,711ms] [Warning] [omni.physx.plugin] Invalid PhysX transform detected for /World/scene_0/controllable__r1__robot_xjwlog/left_arm_link2.
2026-05-12 16:15:27 [56,711ms] [Warning] [omni.physx.plugin] Invalid PhysX transform detected for /World/scene_0/controllable__r1__robot_xjwlog/right_arm_link2.
2026-05-12 16:15:27 [56,711ms] [Warning] [omni.physx.plugin] Invalid PhysX transform detected for /World/scene_0/controllable__r1__robot_xjwlog/left_arm_link3.
2026-05-12 16:15:27 [56,711ms] [Warning] [omni.physx.plugin] Invalid PhysX transform detected for /World/scene_0/controllable__r1__robot_xjwlog/right_arm_link3.
2026-05-12 16:15:27 [56,711ms] [Warning] [omni.physx.plugin] Invalid PhysX transform detected for /World/scene_0/controllable__r1__robot_xjwlog/left_arm_link4.
2026-05-12 16:15:27 [56,711ms] [Warning] [omni.physx.plugin] Invalid PhysX transform detected for /World/scene_0/controllable__r1__robot_xjwlog/right_arm_link4.
2026-05-12 16:15:27 [56,711ms] [Warning] [omni.physx.plugin] Invalid PhysX transform detected for /World/scene_0/controllable__r1__robot_xjwlog/left_arm_link5.
2026-05-12 16:15:27 [56,711ms] [Warning] [omni.physx.plugin] Invalid PhysX transform detected for /World/scene_0/controllable__r1__robot_xjwlog/right_arm_link5.
2026-05-12 16:15:27 [56,711ms] [Warning] [omni.physx.plugin] Invalid PhysX transform detected for /World/scene_0/controllable__r1__robot_xjwlog/left_arm_link6.
2026-05-12 16:15:27 [56,711ms] [Warning] [omni.physx.plugin] Invalid PhysX transform detected for /World/scene_0/controllable__r1__robot_xjwlog/right_arm_link6.
2026-05-12 16:15:27 [56,711ms] [Warning] [omni.physx.plugin] Invalid PhysX transform detected for /World/scene_0/controllable__r1__robot_xjwlog/left_gripper_link1.
2026-05-12 16:15:27 [56,711ms] [Warning] [omni.physx.plugin] Invalid PhysX transform detected for /World/scene_0/controllable__r1__robot_xjwlog/left_gripper_link2.
2026-05-12 16:15:27 [56,711ms] [Warning] [omni.physx.plugin] Invalid PhysX transform detected for /World/scene_0/controllable__r1__robot_xjwlog/left_eef_link.
2026-05-12 16:15:27 [56,711ms] [Warning] [omni.physx.plugin] Invalid PhysX transform detected for /World/scene_0/controllable__r1__robot_xjwlog/right_gripper_link1.
2026-05-12 16:15:27 [56,711ms] [Warning] [omni.physx.plugin] Invalid PhysX transform detected for /World/scene_0/controllable__r1__robot_xjwlog/right_gripper_link2.
2026-05-12 16:15:27 [56,711ms] [Warning] [omni.physx.plugin] Invalid PhysX transform detected for /World/scene_0/controllable__r1__robot_xjwlog/right_eef_link.
2026-05-12 16:15:27 [56,711ms] [Warning] [omni.physx.plugin] Invalid PhysX transform detected for /World/scene_0/cover_small_item_render_item_4175346132/base_link.
2026-05-12 16:15:27 [56,711ms] [Warning] [omni.physx.plugin] Invalid PhysX transform detected for /World/scene_0/cover_small_item_render_item_4175346132/glass.
2026-05-12 16:15:27 [56,794ms] [Warning] [omni.physx.plugin] Invalid PhysX transform detected for /World/scene_0/controllable__r1__robot_xjwlog/base_footprint_y.
2026-05-12 16:15:27 [56,794ms] [Warning] [omni.physx.plugin] Invalid PhysX transform detected for /World/scene_0/controllable__r1__robot_xjwlog/base_footprint_z.
2026-05-12 16:15:27 [56,794ms] [Warning] [omni.physx.plugin] Invalid PhysX transform detected for /World/scene_0/controllable__r1__robot_xjwlog/base_footprint_rx.
2026-05-12 16:15:27 [56,794ms] [Warning] [omni.physx.plugin] Invalid PhysX transform detected for /World/scene_0/controllable__r1__robot_xjwlog/base_footprint_ry.
2026-05-12 16:15:27 [56,794ms] [Warning] [omni.physx.plugin] Invalid PhysX transform detected for /World/scene_0/controllable__r1__robot_xjwlog/base_footprint_rz.
2026-05-12 16:15:27 [56,794ms] [Warning] [omni.physx.plugin] Invalid PhysX transform detected for /World/scene_0/controllable__r1__robot_xjwlog/base_link.
2026-05-12 16:15:27 [56,794ms] [Warning] [omni.physx.plugin] Invalid PhysX transform detected for /World/scene_0/controllable__r1__robot_xjwlog/servo_link1.
2026-05-12 16:15:27 [56,794ms] [Warning] [omni.physx.plugin] Invalid PhysX transform detected for /World/scene_0/controllable__r1__robot_xjwlog/servo_link2.
2026-05-12 16:15:27 [56,794ms] [Warning] [omni.physx.plugin] Invalid PhysX transform detected for /World/scene_0/controllable__r1__robot_xjwlog/servo_link3.
2026-05-12 16:15:27 [56,794ms] [Warning] [omni.physx.plugin] Invalid PhysX transform detected for /World/scene_0/controllable__r1__robot_xjwlog/torso_link1.
2026-05-12 16:15:27 [56,794ms] [Warning] [omni.physx.plugin] Invalid PhysX transform detected for /World/scene_0/controllable__r1__robot_xjwlog/wheel_link1.
2026-05-12 16:15:27 [56,794ms] [Warning] [omni.physx.plugin] Invalid PhysX transform detected for /World/scene_0/controllable__r1__robot_xjwlog/wheel_link2.
2026-05-12 16:15:27 [56,794ms] [Warning] [omni.physx.plugin] Invalid PhysX transform detected for /World/scene_0/controllable__r1__robot_xjwlog/wheel_link3.
2026-05-12 16:15:27 [56,794ms] [Warning] [omni.physx.plugin] Invalid PhysX transform detected for /World/scene_0/controllable__r1__robot_xjwlog/torso_link2.
2026-05-12 16:15:27 [56,794ms] [Warning] [omni.physx.plugin] Invalid PhysX transform detected for /World/scene_0/controllable__r1__robot_xjwlog/torso_link3.
2026-05-12 16:15:27 [56,794ms] [Warning] [omni.physx.plugin] Invalid PhysX transform detected for /World/scene_0/controllable__r1__robot_xjwlog/torso_link4.
2026-05-12 16:15:27 [56,794ms] [Warning] [omni.physx.plugin] Invalid PhysX transform detected for /World/scene_0/controllable__r1__robot_xjwlog/left_arm_link1.
2026-05-12 16:15:27 [56,794ms] [Warning] [omni.physx.plugin] Invalid PhysX transform detected for /World/scene_0/controllable__r1__robot_xjwlog/right_arm_link1.
2026-05-12 16:15:27 [56,794ms] [Warning] [omni.physx.plugin] Invalid PhysX transform detected for /World/scene_0/controllable__r1__robot_xjwlog/eyes.
2026-05-12 16:15:27 [56,794ms] [Warning] [omni.physx.plugin] Invalid PhysX transform detected for /World/scene_0/controllable__r1__robot_xjwlog/left_arm_link2.
2026-05-12 16:15:27 [56,794ms] [Warning] [omni.physx.plugin] Invalid PhysX transform detected for /World/scene_0/controllable__r1__robot_xjwlog/right_arm_link2.
2026-05-12 16:15:27 [56,794ms] [Warning] [omni.physx.plugin] Invalid PhysX transform detected for /World/scene_0/controllable__r1__robot_xjwlog/left_arm_link3.
2026-05-12 16:15:27 [56,794ms] [Warning] [omni.physx.plugin] Invalid PhysX transform detected for /World/scene_0/controllable__r1__robot_xjwlog/right_arm_link3.
2026-05-12 16:15:27 [56,794ms] [Warning] [omni.physx.plugin] Invalid PhysX transform detected for /World/scene_0/controllable__r1__robot_xjwlog/left_arm_link4.
2026-05-12 16:15:27 [56,794ms] [Warning] [omni.physx.plugin] Invalid PhysX transform detected for /World/scene_0/controllable__r1__robot_xjwlog/right_arm_link4.
2026-05-12 16:15:27 [56,794ms] [Warning] [omni.physx.plugin] Invalid PhysX transform detected for /World/scene_0/controllable__r1__robot_xjwlog/left_arm_link5.
2026-05-12 16:15:27 [56,794ms] [Warning] [omni.physx.plugin] Invalid PhysX transform detected for /World/scene_0/controllable__r1__robot_xjwlog/right_arm_link5.
2026-05-12 16:15:27 [56,794ms] [Warning] [omni.physx.plugin] Invalid PhysX transform detected for /World/scene_0/controllable__r1__robot_xjwlog/left_arm_link6.
2026-05-12 16:15:27 [56,794ms] [Warning] [omni.physx.plugin] Invalid PhysX transform detected for /World/scene_0/controllable__r1__robot_xjwlog/right_arm_link6.
2026-05-12 16:15:27 [56,794ms] [Warning] [omni.physx.plugin] Invalid PhysX transform detected for /World/scene_0/controllable__r1__robot_xjwlog/left_gripper_link1.
2026-05-12 16:15:27 [56,794ms] [Warning] [omni.physx.plugin] Invalid PhysX transform detected for /World/scene_0/controllable__r1__robot_xjwlog/left_gripper_link2.
2026-05-12 16:15:27 [56,794ms] [Warning] [omni.physx.plugin] Invalid PhysX transform detected for /World/scene_0/controllable__r1__robot_xjwlog/left_eef_link.
2026-05-12 16:15:27 [56,794ms] [Warning] [omni.physx.plugin] Invalid PhysX transform detected for /World/scene_0/controllable__r1__robot_xjwlog/right_gripper_link1.
2026-05-12 16:15:27 [56,794ms] [Warning] [omni.physx.plugin] Invalid PhysX transform detected for /World/scene_0/controllable__r1__robot_xjwlog/right_gripper_link2.
2026-05-12 16:15:27 [56,794ms] [Warning] [omni.physx.plugin] Invalid PhysX transform detected for /World/scene_0/controllable__r1__robot_xjwlog/right_eef_link.
2026-05-12 16:15:27 [56,794ms] [Warning] [omni.physx.plugin] Invalid PhysX transform detected for /World/scene_0/cover_small_item_render_item_4175346132/base_link.
2026-05-12 16:15:27 [56,794ms] [Warning] [omni.physx.plugin] Invalid PhysX transform detected for /World/scene_0/cover_small_item_render_item_4175346132/glass.
2026-05-12 16:15:27 [56,876ms] [Warning] [omni.physx.plugin] Invalid PhysX transform detected for /World/scene_0/controllable__r1__robot_xjwlog/base_footprint_y.
2026-05-12 16:15:27 [56,876ms] [Warning] [omni.physx.plugin] Invalid PhysX transform detected for /World/scene_0/controllable__r1__robot_xjwlog/base_footprint_z.
2026-05-12 16:15:27 [56,876ms] [Warning] [omni.physx.plugin] Invalid PhysX transform detected for /World/scene_0/controllable__r1__robot_xjwlog/base_footprint_rx.
2026-05-12 16:15:27 [56,876ms] [Warning] [omni.physx.plugin] Invalid PhysX transform detected for /World/scene_0/controllable__r1__robot_xjwlog/base_footprint_ry.
2026-05-12 16:15:27 [56,876ms] [Warning] [omni.physx.plugin] Invalid PhysX transform detected for /World/scene_0/controllable__r1__robot_xjwlog/base_footprint_rz.
2026-05-12 16:15:27 [56,876ms] [Warning] [omni.physx.plugin] Invalid PhysX transform detected for /World/scene_0/controllable__r1__robot_xjwlog/base_link.
2026-05-12 16:15:27 [56,876ms] [Warning] [omni.physx.plugin] Invalid PhysX transform detected for /World/scene_0/controllable__r1__robot_xjwlog/servo_link1.
2026-05-12 16:15:27 [56,876ms] [Warning] [omni.physx.plugin] Invalid PhysX transform detected for /World/scene_0/controllable__r1__robot_xjwlog/servo_link2.
2026-05-12 16:15:27 [56,876ms] [Warning] [omni.physx.plugin] Invalid PhysX transform detected for /World/scene_0/controllable__r1__robot_xjwlog/servo_link3.
2026-05-12 16:15:27 [56,877ms] [Warning] [omni.physx.plugin] Invalid PhysX transform detected for /World/scene_0/controllable__r1__robot_xjwlog/torso_link1.
2026-05-12 16:15:27 [56,877ms] [Warning] [omni.physx.plugin] Invalid PhysX transform detected for /World/scene_0/controllable__r1__robot_xjwlog/wheel_link1.
2026-05-12 16:15:27 [56,877ms] [Warning] [omni.physx.plugin] Invalid PhysX transform detected for /World/scene_0/controllable__r1__robot_xjwlog/wheel_link2.
2026-05-12 16:15:27 [56,877ms] [Warning] [omni.physx.plugin] Invalid PhysX transform detected for /World/scene_0/controllable__r1__robot_xjwlog/wheel_link3.
2026-05-12 16:15:27 [56,877ms] [Warning] [omni.physx.plugin] Invalid PhysX transform detected for /World/scene_0/controllable__r1__robot_xjwlog/torso_link2.
2026-05-12 16:15:27 [56,877ms] [Warning] [omni.physx.plugin] Invalid PhysX transform detected for /World/scene_0/controllable__r1__robot_xjwlog/torso_link3.
2026-05-12 16:15:27 [56,877ms] [Warning] [omni.physx.plugin] Invalid PhysX transform detected for /World/scene_0/controllable__r1__robot_xjwlog/torso_link4.
2026-05-12 16:15:27 [56,877ms] [Warning] [omni.physx.plugin] Invalid PhysX transform detected for /World/scene_0/controllable__r1__robot_xjwlog/left_arm_link1.
2026-05-12 16:15:27 [56,877ms] [Warning] [omni.physx.plugin] Invalid PhysX transform detected for /World/scene_0/controllable__r1__robot_xjwlog/right_arm_link1.
2026-05-12 16:15:27 [56,877ms] [Warning] [omni.physx.plugin] Invalid PhysX transform detected for /World/scene_0/controllable__r1__robot_xjwlog/eyes.
2026-05-12 16:15:27 [56,877ms] [Warning] [omni.physx.plugin] Invalid PhysX transform detected for /World/scene_0/controllable__r1__robot_xjwlog/left_arm_link2.
2026-05-12 16:15:27 [56,877ms] [Warning] [omni.physx.plugin] Invalid PhysX transform detected for /World/scene_0/controllable__r1__robot_xjwlog/right_arm_link2.
2026-05-12 16:15:27 [56,877ms] [Warning] [omni.physx.plugin] Invalid PhysX transform detected for /World/scene_0/controllable__r1__robot_xjwlog/left_arm_link3.
2026-05-12 16:15:27 [56,877ms] [Warning] [omni.physx.plugin] Invalid PhysX transform detected for /World/scene_0/controllable__r1__robot_xjwlog/right_arm_link3.
2026-05-12 16:15:27 [56,877ms] [Warning] [omni.physx.plugin] Invalid PhysX transform detected for /World/scene_0/controllable__r1__robot_xjwlog/left_arm_link4.
2026-05-12 16:15:27 [56,877ms] [Warning] [omni.physx.plugin] Invalid PhysX transform detected for /World/scene_0/controllable__r1__robot_xjwlog/right_arm_link4.
2026-05-12 16:15:27 [56,877ms] [Warning] [omni.physx.plugin] Invalid PhysX transform detected for /World/scene_0/controllable__r1__robot_xjwlog/left_arm_link5.
2026-05-12 16:15:27 [56,877ms] [Warning] [omni.physx.plugin] Invalid PhysX transform detected for /World/scene_0/controllable__r1__robot_xjwlog/right_arm_link5.
2026-05-12 16:15:27 [56,877ms] [Warning] [omni.physx.plugin] Invalid PhysX transform detected for /World/scene_0/controllable__r1__robot_xjwlog/left_arm_link6.
2026-05-12 16:15:27 [56,877ms] [Warning] [omni.physx.plugin] Invalid PhysX transform detected for /World/scene_0/controllable__r1__robot_xjwlog/right_arm_link6.
2026-05-12 16:15:27 [56,877ms] [Warning] [omni.physx.plugin] Invalid PhysX transform detected for /World/scene_0/controllable__r1__robot_xjwlog/left_gripper_link1.
2026-05-12 16:15:27 [56,877ms] [Warning] [omni.physx.plugin] Invalid PhysX transform detected for /World/scene_0/controllable__r1__robot_xjwlog/left_gripper_link2.
2026-05-12 16:15:27 [56,877ms] [Warning] [omni.physx.plugin] Invalid PhysX transform detected for /World/scene_0/controllable__r1__robot_xjwlog/left_eef_link.
2026-05-12 16:15:27 [56,877ms] [Warning] [omni.physx.plugin] Invalid PhysX transform detected for /World/scene_0/controllable__r1__robot_xjwlog/right_gripper_link1.
2026-05-12 16:15:27 [56,877ms] [Warning] [omni.physx.plugin] Invalid PhysX transform detected for /World/scene_0/controllable__r1__robot_xjwlog/right_gripper_link2.
2026-05-12 16:15:27 [56,877ms] [Warning] [omni.physx.plugin] Invalid PhysX transform detected for /World/scene_0/controllable__r1__robot_xjwlog/right_eef_link.
2026-05-12 16:15:27 [56,959ms] [Warning] [omni.physx.plugin] Invalid PhysX transform detected for /World/scene_0/controllable__r1__robot_xjwlog/base_footprint_y.
2026-05-12 16:15:27 [56,959ms] [Warning] [omni.physx.plugin] Invalid PhysX transform detected for /World/scene_0/controllable__r1__robot_xjwlog/base_footprint_z.
2026-05-12 16:15:27 [56,959ms] [Warning] [omni.physx.plugin] Invalid PhysX transform detected for /World/scene_0/controllable__r1__robot_xjwlog/base_footprint_rx.
2026-05-12 16:15:27 [56,959ms] [Warning] [omni.physx.plugin] Invalid PhysX transform detected for /World/scene_0/controllable__r1__robot_xjwlog/base_footprint_ry.
2026-05-12 16:15:27 [56,959ms] [Warning] [omni.physx.plugin] Invalid PhysX transform detected for /World/scene_0/controllable__r1__robot_xjwlog/base_footprint_rz.
2026-05-12 16:15:27 [56,959ms] [Warning] [omni.physx.plugin] Invalid PhysX transform detected for /World/scene_0/controllable__r1__robot_xjwlog/base_link.
2026-05-12 16:15:27 [56,959ms] [Warning] [omni.physx.plugin] Invalid PhysX transform detected for /World/scene_0/controllable__r1__robot_xjwlog/servo_link1.
2026-05-12 16:15:27 [56,959ms] [Warning] [omni.physx.plugin] Invalid PhysX transform detected for /World/scene_0/controllable__r1__robot_xjwlog/servo_link2.
2026-05-12 16:15:27 [56,959ms] [Warning] [omni.physx.plugin] Invalid PhysX transform detected for /World/scene_0/controllable__r1__robot_xjwlog/servo_link3.
2026-05-12 16:15:27 [56,959ms] [Warning] [omni.physx.plugin] Invalid PhysX transform detected for /World/scene_0/controllable__r1__robot_xjwlog/torso_link1.
2026-05-12 16:15:27 [56,959ms] [Warning] [omni.physx.plugin] Invalid PhysX transform detected for /World/scene_0/controllable__r1__robot_xjwlog/wheel_link1.
2026-05-12 16:15:27 [56,959ms] [Warning] [omni.physx.plugin] Invalid PhysX transform detected for /World/scene_0/controllable__r1__robot_xjwlog/wheel_link2.
2026-05-12 16:15:27 [56,959ms] [Warning] [omni.physx.plugin] Invalid PhysX transform detected for /World/scene_0/controllable__r1__robot_xjwlog/wheel_link3.
2026-05-12 16:15:27 [56,959ms] [Warning] [omni.physx.plugin] Invalid PhysX transform detected for /World/scene_0/controllable__r1__robot_xjwlog/torso_link2.
2026-05-12 16:15:27 [56,959ms] [Warning] [omni.physx.plugin] Invalid PhysX transform detected for /World/scene_0/controllable__r1__robot_xjwlog/torso_link3.
2026-05-12 16:15:27 [56,959ms] [Warning] [omni.physx.plugin] Invalid PhysX transform detected for /World/scene_0/controllable__r1__robot_xjwlog/torso_link4.
2026-05-12 16:15:27 [56,959ms] [Warning] [omni.physx.plugin] Invalid PhysX transform detected for /World/scene_0/controllable__r1__robot_xjwlog/left_arm_link1.
2026-05-12 16:15:27 [56,959ms] [Warning] [omni.physx.plugin] Invalid PhysX transform detected for /World/scene_0/controllable__r1__robot_xjwlog/right_arm_link1.
2026-05-12 16:15:27 [56,959ms] [Warning] [omni.physx.plugin] Invalid PhysX transform detected for /World/scene_0/controllable__r1__robot_xjwlog/eyes.
2026-05-12 16:15:27 [56,959ms] [Warning] [omni.physx.plugin] Invalid PhysX transform detected for /World/scene_0/controllable__r1__robot_xjwlog/left_arm_link2.
2026-05-12 16:15:27 [56,959ms] [Warning] [omni.physx.plugin] Invalid PhysX transform detected for /World/scene_0/controllable__r1__robot_xjwlog/right_arm_link2.
2026-05-12 16:15:27 [56,959ms] [Warning] [omni.physx.plugin] Invalid PhysX transform detected for /World/scene_0/controllable__r1__robot_xjwlog/left_arm_link3.
2026-05-12 16:15:27 [56,959ms] [Warning] [omni.physx.plugin] Invalid PhysX transform detected for /World/scene_0/controllable__r1__robot_xjwlog/right_arm_link3.
2026-05-12 16:15:27 [56,959ms] [Warning] [omni.physx.plugin] Invalid PhysX transform detected for /World/scene_0/controllable__r1__robot_xjwlog/left_arm_link4.
2026-05-12 16:15:27 [56,959ms] [Warning] [omni.physx.plugin] Invalid PhysX transform detected for /World/scene_0/controllable__r1__robot_xjwlog/right_arm_link4.
2026-05-12 16:15:27 [56,959ms] [Warning] [omni.physx.plugin] Invalid PhysX transform detected for /World/scene_0/controllable__r1__robot_xjwlog/left_arm_link5.
2026-05-12 16:15:27 [56,959ms] [Warning] [omni.physx.plugin] Invalid PhysX transform detected for /World/scene_0/controllable__r1__robot_xjwlog/right_arm_link5.
2026-05-12 16:15:27 [56,959ms] [Warning] [omni.physx.plugin] Invalid PhysX transform detected for /World/scene_0/controllable__r1__robot_xjwlog/left_arm_link6.
2026-05-12 16:15:27 [56,959ms] [Warning] [omni.physx.plugin] Invalid PhysX transform detected for /World/scene_0/controllable__r1__robot_xjwlog/right_arm_link6.
2026-05-12 16:15:27 [56,959ms] [Warning] [omni.physx.plugin] Invalid PhysX transform detected for /World/scene_0/controllable__r1__robot_xjwlog/left_gripper_link1.
2026-05-12 16:15:27 [56,959ms] [Warning] [omni.physx.plugin] Invalid PhysX transform detected for /World/scene_0/controllable__r1__robot_xjwlog/left_gripper_link2.
2026-05-12 16:15:27 [56,959ms] [Warning] [omni.physx.plugin] Invalid PhysX transform detected for /World/scene_0/controllable__r1__robot_xjwlog/left_eef_link.
2026-05-12 16:15:27 [56,959ms] [Warning] [omni.physx.plugin] Invalid PhysX transform detected for /World/scene_0/controllable__r1__robot_xjwlog/right_gripper_link1.
2026-05-12 16:15:27 [56,959ms] [Warning] [omni.physx.plugin] Invalid PhysX transform detected for /World/scene_0/controllable__r1__robot_xjwlog/right_gripper_link2.
2026-05-12 16:15:27 [56,959ms] [Warning] [omni.physx.plugin] Invalid PhysX transform detected for /World/scene_0/controllable__r1__robot_xjwlog/right_eef_link.
2026-05-12 16:15:27 [57,041ms] [Warning] [omni.physx.plugin] Invalid PhysX transform detected for /World/scene_0/controllable__r1__robot_xjwlog/base_footprint_y.
2026-05-12 16:15:27 [57,041ms] [Warning] [omni.physx.plugin] Invalid PhysX transform detected for /World/scene_0/controllable__r1__robot_xjwlog/base_footprint_z.
2026-05-12 16:15:27 [57,041ms] [Warning] [omni.physx.plugin] Invalid PhysX transform detected for /World/scene_0/controllable__r1__robot_xjwlog/base_footprint_rx.
2026-05-12 16:15:27 [57,041ms] [Warning] [omni.physx.plugin] Invalid PhysX transform detected for /World/scene_0/controllable__r1__robot_xjwlog/base_footprint_ry.
2026-05-12 16:15:27 [57,041ms] [Warning] [omni.physx.plugin] Invalid PhysX transform detected for /World/scene_0/controllable__r1__robot_xjwlog/base_footprint_rz.
2026-05-12 16:15:27 [57,041ms] [Warning] [omni.physx.plugin] Invalid PhysX transform detected for /World/scene_0/controllable__r1__robot_xjwlog/base_link.
2026-05-12 16:15:27 [57,041ms] [Warning] [omni.physx.plugin] Invalid PhysX transform detected for /World/scene_0/controllable__r1__robot_xjwlog/servo_link1.
2026-05-12 16:15:27 [57,041ms] [Warning] [omni.physx.plugin] Invalid PhysX transform detected for /World/scene_0/controllable__r1__robot_xjwlog/servo_link2.
2026-05-12 16:15:27 [57,041ms] [Warning] [omni.physx.plugin] Invalid PhysX transform detected for /World/scene_0/controllable__r1__robot_xjwlog/servo_link3.
2026-05-12 16:15:27 [57,041ms] [Warning] [omni.physx.plugin] Invalid PhysX transform detected for /World/scene_0/controllable__r1__robot_xjwlog/torso_link1.
2026-05-12 16:15:27 [57,041ms] [Warning] [omni.physx.plugin] Invalid PhysX transform detected for /World/scene_0/controllable__r1__robot_xjwlog/wheel_link1.
2026-05-12 16:15:27 [57,041ms] [Warning] [omni.physx.plugin] Invalid PhysX transform detected for /World/scene_0/controllable__r1__robot_xjwlog/wheel_link2.
2026-05-12 16:15:27 [57,041ms] [Warning] [omni.physx.plugin] Invalid PhysX transform detected for /World/scene_0/controllable__r1__robot_xjwlog/wheel_link3.
2026-05-12 16:15:27 [57,041ms] [Warning] [omni.physx.plugin] Invalid PhysX transform detected for /World/scene_0/controllable__r1__robot_xjwlog/torso_link2.
2026-05-12 16:15:27 [57,041ms] [Warning] [omni.physx.plugin] Invalid PhysX transform detected for /World/scene_0/controllable__r1__robot_xjwlog/torso_link3.
2026-05-12 16:15:27 [57,041ms] [Warning] [omni.physx.plugin] Invalid PhysX transform detected for /World/scene_0/controllable__r1__robot_xjwlog/torso_link4.
2026-05-12 16:15:27 [57,041ms] [Warning] [omni.physx.plugin] Invalid PhysX transform detected for /World/scene_0/controllable__r1__robot_xjwlog/left_arm_link1.
2026-05-12 16:15:27 [57,041ms] [Warning] [omni.physx.plugin] Invalid PhysX transform detected for /World/scene_0/controllable__r1__robot_xjwlog/right_arm_link1.
2026-05-12 16:15:27 [57,041ms] [Warning] [omni.physx.plugin] Invalid PhysX transform detected for /World/scene_0/controllable__r1__robot_xjwlog/eyes.
2026-05-12 16:15:27 [57,041ms] [Warning] [omni.physx.plugin] Invalid PhysX transform detected for /World/scene_0/controllable__r1__robot_xjwlog/left_arm_link2.
2026-05-12 16:15:27 [57,041ms] [Warning] [omni.physx.plugin] Invalid PhysX transform detected for /World/scene_0/controllable__r1__robot_xjwlog/right_arm_link2.
2026-05-12 16:15:27 [57,041ms] [Warning] [omni.physx.plugin] Invalid PhysX transform detected for /World/scene_0/controllable__r1__robot_xjwlog/left_arm_link3.
2026-05-12 16:15:27 [57,041ms] [Warning] [omni.physx.plugin] Invalid PhysX transform detected for /World/scene_0/controllable__r1__robot_xjwlog/right_arm_link3.
2026-05-12 16:15:27 [57,041ms] [Warning] [omni.physx.plugin] Invalid PhysX transform detected for /World/scene_0/controllable__r1__robot_xjwlog/left_arm_link4.
2026-05-12 16:15:27 [57,041ms] [Warning] [omni.physx.plugin] Invalid PhysX transform detected for /World/scene_0/controllable__r1__robot_xjwlog/right_arm_link4.
2026-05-12 16:15:27 [57,041ms] [Warning] [omni.physx.plugin] Invalid PhysX transform detected for /World/scene_0/controllable__r1__robot_xjwlog/left_arm_link5.
2026-05-12 16:15:27 [57,041ms] [Warning] [omni.physx.plugin] Invalid PhysX transform detected for /World/scene_0/controllable__r1__robot_xjwlog/right_arm_link5.
2026-05-12 16:15:27 [57,041ms] [Warning] [omni.physx.plugin] Invalid PhysX transform detected for /World/scene_0/controllable__r1__robot_xjwlog/left_arm_link6.
2026-05-12 16:15:27 [57,041ms] [Warning] [omni.physx.plugin] Invalid PhysX transform detected for /World/scene_0/controllable__r1__robot_xjwlog/right_arm_link6.
2026-05-12 16:15:27 [57,041ms] [Warning] [omni.physx.plugin] Invalid PhysX transform detected for /World/scene_0/controllable__r1__robot_xjwlog/left_gripper_link1.
2026-05-12 16:15:27 [57,041ms] [Warning] [omni.physx.plugin] Invalid PhysX transform detected for /World/scene_0/controllable__r1__robot_xjwlog/left_gripper_link2.
2026-05-12 16:15:27 [57,041ms] [Warning] [omni.physx.plugin] Invalid PhysX transform detected for /World/scene_0/controllable__r1__robot_xjwlog/left_eef_link.
2026-05-12 16:15:27 [57,041ms] [Warning] [omni.physx.plugin] Invalid PhysX transform detected for /World/scene_0/controllable__r1__robot_xjwlog/right_gripper_link1.
2026-05-12 16:15:27 [57,041ms] [Warning] [omni.physx.plugin] Invalid PhysX transform detected for /World/scene_0/controllable__r1__robot_xjwlog/right_gripper_link2.
2026-05-12 16:15:27 [57,041ms] [Warning] [omni.physx.plugin] Invalid PhysX transform detected for /World/scene_0/controllable__r1__robot_xjwlog/right_eef_link.
2026-05-12 16:15:27 [57,122ms] [Warning] [omni.physx.plugin] Invalid PhysX transform detected for /World/scene_0/controllable__r1__robot_xjwlog/base_footprint_y.
2026-05-12 16:15:27 [57,122ms] [Warning] [omni.physx.plugin] Invalid PhysX transform detected for /World/scene_0/controllable__r1__robot_xjwlog/base_footprint_z.
2026-05-12 16:15:27 [57,122ms] [Warning] [omni.physx.plugin] Invalid PhysX transform detected for /World/scene_0/controllable__r1__robot_xjwlog/base_footprint_rx.
2026-05-12 16:15:27 [57,122ms] [Warning] [omni.physx.plugin] Invalid PhysX transform detected for /World/scene_0/controllable__r1__robot_xjwlog/base_footprint_ry.
2026-05-12 16:15:27 [57,122ms] [Warning] [omni.physx.plugin] Invalid PhysX transform detected for /World/scene_0/controllable__r1__robot_xjwlog/base_footprint_rz.
2026-05-12 16:15:27 [57,122ms] [Warning] [omni.physx.plugin] Invalid PhysX transform detected for /World/scene_0/controllable__r1__robot_xjwlog/base_link.
2026-05-12 16:15:27 [57,122ms] [Warning] [omni.physx.plugin] Invalid PhysX transform detected for /World/scene_0/controllable__r1__robot_xjwlog/servo_link1.
2026-05-12 16:15:27 [57,122ms] [Warning] [omni.physx.plugin] Invalid PhysX transform detected for /World/scene_0/controllable__r1__robot_xjwlog/servo_link2.
2026-05-12 16:15:27 [57,122ms] [Warning] [omni.physx.plugin] Invalid PhysX transform detected for /World/scene_0/controllable__r1__robot_xjwlog/servo_link3.
2026-05-12 16:15:27 [57,122ms] [Warning] [omni.physx.plugin] Invalid PhysX transform detected for /World/scene_0/controllable__r1__robot_xjwlog/torso_link1.
2026-05-12 16:15:27 [57,122ms] [Warning] [omni.physx.plugin] Invalid PhysX transform detected for /World/scene_0/controllable__r1__robot_xjwlog/wheel_link1.
2026-05-12 16:15:27 [57,122ms] [Warning] [omni.physx.plugin] Invalid PhysX transform detected for /World/scene_0/controllable__r1__robot_xjwlog/wheel_link2.
2026-05-12 16:15:27 [57,122ms] [Warning] [omni.physx.plugin] Invalid PhysX transform detected for /World/scene_0/controllable__r1__robot_xjwlog/wheel_link3.
2026-05-12 16:15:27 [57,122ms] [Warning] [omni.physx.plugin] Invalid PhysX transform detected for /World/scene_0/controllable__r1__robot_xjwlog/torso_link2.
2026-05-12 16:15:27 [57,122ms] [Warning] [omni.physx.plugin] Invalid PhysX transform detected for /World/scene_0/controllable__r1__robot_xjwlog/torso_link3.
2026-05-12 16:15:27 [57,122ms] [Warning] [omni.physx.plugin] Invalid PhysX transform detected for /World/scene_0/controllable__r1__robot_xjwlog/torso_link4.
2026-05-12 16:15:27 [57,122ms] [Warning] [omni.physx.plugin] Invalid PhysX transform detected for /World/scene_0/controllable__r1__robot_xjwlog/left_arm_link1.
2026-05-12 16:15:27 [57,122ms] [Warning] [omni.physx.plugin] Invalid PhysX transform detected for /World/scene_0/controllable__r1__robot_xjwlog/right_arm_link1.
2026-05-12 16:15:27 [57,122ms] [Warning] [omni.physx.plugin] Invalid PhysX transform detected for /World/scene_0/controllable__r1__robot_xjwlog/eyes.
2026-05-12 16:15:27 [57,122ms] [Warning] [omni.physx.plugin] Invalid PhysX transform detected for /World/scene_0/controllable__r1__robot_xjwlog/left_arm_link2.
2026-05-12 16:15:27 [57,122ms] [Warning] [omni.physx.plugin] Invalid PhysX transform detected for /World/scene_0/controllable__r1__robot_xjwlog/right_arm_link2.
2026-05-12 16:15:27 [57,122ms] [Warning] [omni.physx.plugin] Invalid PhysX transform detected for /World/scene_0/controllable__r1__robot_xjwlog/left_arm_link3.
2026-05-12 16:15:27 [57,122ms] [Warning] [omni.physx.plugin] Invalid PhysX transform detected for /World/scene_0/controllable__r1__robot_xjwlog/right_arm_link3.
2026-05-12 16:15:27 [57,122ms] [Warning] [omni.physx.plugin] Invalid PhysX transform detected for /World/scene_0/controllable__r1__robot_xjwlog/left_arm_link4.
2026-05-12 16:15:27 [57,122ms] [Warning] [omni.physx.plugin] Invalid PhysX transform detected for /World/scene_0/controllable__r1__robot_xjwlog/right_arm_link4.
2026-05-12 16:15:27 [57,122ms] [Warning] [omni.physx.plugin] Invalid PhysX transform detected for /World/scene_0/controllable__r1__robot_xjwlog/left_arm_link5.
2026-05-12 16:15:27 [57,122ms] [Warning] [omni.physx.plugin] Invalid PhysX transform detected for /World/scene_0/controllable__r1__robot_xjwlog/right_arm_link5.
2026-05-12 16:15:27 [57,122ms] [Warning] [omni.physx.plugin] Invalid PhysX transform detected for /World/scene_0/controllable__r1__robot_xjwlog/left_arm_link6.
2026-05-12 16:15:27 [57,122ms] [Warning] [omni.physx.plugin] Invalid PhysX transform detected for /World/scene_0/controllable__r1__robot_xjwlog/right_arm_link6.
2026-05-12 16:15:27 [57,122ms] [Warning] [omni.physx.plugin] Invalid PhysX transform detected for /World/scene_0/controllable__r1__robot_xjwlog/left_gripper_link1.
2026-05-12 16:15:27 [57,122ms] [Warning] [omni.physx.plugin] Invalid PhysX transform detected for /World/scene_0/controllable__r1__robot_xjwlog/left_gripper_link2.
2026-05-12 16:15:27 [57,122ms] [Warning] [omni.physx.plugin] Invalid PhysX transform detected for /World/scene_0/controllable__r1__robot_xjwlog/left_eef_link.
2026-05-12 16:15:27 [57,122ms] [Warning] [omni.physx.plugin] Invalid PhysX transform detected for /World/scene_0/controllable__r1__robot_xjwlog/right_gripper_link1.
2026-05-12 16:15:27 [57,122ms] [Warning] [omni.physx.plugin] Invalid PhysX transform detected for /World/scene_0/controllable__r1__robot_xjwlog/right_gripper_link2.
2026-05-12 16:15:27 [57,122ms] [Warning] [omni.physx.plugin] Invalid PhysX transform detected for /World/scene_0/controllable__r1__robot_xjwlog/right_eef_link.
2026-05-12 16:15:27 [57,203ms] [Warning] [omni.physx.plugin] Invalid PhysX transform detected for /World/scene_0/controllable__r1__robot_xjwlog/base_footprint_y.
2026-05-12 16:15:27 [57,203ms] [Warning] [omni.physx.plugin] Invalid PhysX transform detected for /World/scene_0/controllable__r1__robot_xjwlog/base_footprint_z.
2026-05-12 16:15:27 [57,203ms] [Warning] [omni.physx.plugin] Invalid PhysX transform detected for /World/scene_0/controllable__r1__robot_xjwlog/base_footprint_rx.
2026-05-12 16:15:27 [57,203ms] [Warning] [omni.physx.plugin] Invalid PhysX transform detected for /World/scene_0/controllable__r1__robot_xjwlog/base_footprint_ry.
2026-05-12 16:15:27 [57,203ms] [Warning] [omni.physx.plugin] Invalid PhysX transform detected for /World/scene_0/controllable__r1__robot_xjwlog/base_footprint_rz.
2026-05-12 16:15:27 [57,203ms] [Warning] [omni.physx.plugin] Invalid PhysX transform detected for /World/scene_0/controllable__r1__robot_xjwlog/base_link.
2026-05-12 16:15:27 [57,203ms] [Warning] [omni.physx.plugin] Invalid PhysX transform detected for /World/scene_0/controllable__r1__robot_xjwlog/servo_link1.
2026-05-12 16:15:27 [57,203ms] [Warning] [omni.physx.plugin] Invalid PhysX transform detected for /World/scene_0/controllable__r1__robot_xjwlog/servo_link2.
2026-05-12 16:15:27 [57,203ms] [Warning] [omni.physx.plugin] Invalid PhysX transform detected for /World/scene_0/controllable__r1__robot_xjwlog/servo_link3.
2026-05-12 16:15:27 [57,203ms] [Warning] [omni.physx.plugin] Invalid PhysX transform detected for /World/scene_0/controllable__r1__robot_xjwlog/torso_link1.
2026-05-12 16:15:27 [57,203ms] [Warning] [omni.physx.plugin] Invalid PhysX transform detected for /World/scene_0/controllable__r1__robot_xjwlog/wheel_link1.
2026-05-12 16:15:27 [57,203ms] [Warning] [omni.physx.plugin] Invalid PhysX transform detected for /World/scene_0/controllable__r1__robot_xjwlog/wheel_link2.
2026-05-12 16:15:27 [57,203ms] [Warning] [omni.physx.plugin] Invalid PhysX transform detected for /World/scene_0/controllable__r1__robot_xjwlog/wheel_link3.
2026-05-12 16:15:27 [57,203ms] [Warning] [omni.physx.plugin] Invalid PhysX transform detected for /World/scene_0/controllable__r1__robot_xjwlog/torso_link2.
2026-05-12 16:15:27 [57,203ms] [Warning] [omni.physx.plugin] Invalid PhysX transform detected for /World/scene_0/controllable__r1__robot_xjwlog/torso_link3.
2026-05-12 16:15:27 [57,203ms] [Warning] [omni.physx.plugin] Invalid PhysX transform detected for /World/scene_0/controllable__r1__robot_xjwlog/torso_link4.
2026-05-12 16:15:27 [57,203ms] [Warning] [omni.physx.plugin] Invalid PhysX transform detected for /World/scene_0/controllable__r1__robot_xjwlog/left_arm_link1.
2026-05-12 16:15:27 [57,203ms] [Warning] [omni.physx.plugin] Invalid PhysX transform detected for /World/scene_0/controllable__r1__robot_xjwlog/right_arm_link1.
2026-05-12 16:15:27 [57,203ms] [Warning] [omni.physx.plugin] Invalid PhysX transform detected for /World/scene_0/controllable__r1__robot_xjwlog/eyes.
2026-05-12 16:15:27 [57,203ms] [Warning] [omni.physx.plugin] Invalid PhysX transform detected for /World/scene_0/controllable__r1__robot_xjwlog/left_arm_link2.
2026-05-12 16:15:27 [57,203ms] [Warning] [omni.physx.plugin] Invalid PhysX transform detected for /World/scene_0/controllable__r1__robot_xjwlog/right_arm_link2.
2026-05-12 16:15:27 [57,203ms] [Warning] [omni.physx.plugin] Invalid PhysX transform detected for /World/scene_0/controllable__r1__robot_xjwlog/left_arm_link3.
2026-05-12 16:15:27 [57,203ms] [Warning] [omni.physx.plugin] Invalid PhysX transform detected for /World/scene_0/controllable__r1__robot_xjwlog/right_arm_link3.
2026-05-12 16:15:27 [57,203ms] [Warning] [omni.physx.plugin] Invalid PhysX transform detected for /World/scene_0/controllable__r1__robot_xjwlog/left_arm_link4.
2026-05-12 16:15:27 [57,203ms] [Warning] [omni.physx.plugin] Invalid PhysX transform detected for /World/scene_0/controllable__r1__robot_xjwlog/right_arm_link4.
2026-05-12 16:15:27 [57,203ms] [Warning] [omni.physx.plugin] Invalid PhysX transform detected for /World/scene_0/controllable__r1__robot_xjwlog/left_arm_link5.
2026-05-12 16:15:27 [57,203ms] [Warning] [omni.physx.plugin] Invalid PhysX transform detected for /World/scene_0/controllable__r1__robot_xjwlog/right_arm_link5.
2026-05-12 16:15:27 [57,203ms] [Warning] [omni.physx.plugin] Invalid PhysX transform detected for /World/scene_0/controllable__r1__robot_xjwlog/left_arm_link6.
2026-05-12 16:15:27 [57,203ms] [Warning] [omni.physx.plugin] Invalid PhysX transform detected for /World/scene_0/controllable__r1__robot_xjwlog/right_arm_link6.
2026-05-12 16:15:27 [57,203ms] [Warning] [omni.physx.plugin] Invalid PhysX transform detected for /World/scene_0/controllable__r1__robot_xjwlog/left_gripper_link1.
2026-05-12 16:15:27 [57,203ms] [Warning] [omni.physx.plugin] Invalid PhysX transform detected for /World/scene_0/controllable__r1__robot_xjwlog/left_gripper_link2.
2026-05-12 16:15:27 [57,203ms] [Warning] [omni.physx.plugin] Invalid PhysX transform detected for /World/scene_0/controllable__r1__robot_xjwlog/left_eef_link.
2026-05-12 16:15:27 [57,203ms] [Warning] [omni.physx.plugin] Invalid PhysX transform detected for /World/scene_0/controllable__r1__robot_xjwlog/right_gripper_link1.
2026-05-12 16:15:27 [57,203ms] [Warning] [omni.physx.plugin] Invalid PhysX transform detected for /World/scene_0/controllable__r1__robot_xjwlog/right_gripper_link2.
2026-05-12 16:15:27 [57,203ms] [Warning] [omni.physx.plugin] Invalid PhysX transform detected for /World/scene_0/controllable__r1__robot_xjwlog/right_eef_link.
2026-05-12 16:15:27 [57,285ms] [Warning] [omni.physx.plugin] Invalid PhysX transform detected for /World/scene_0/controllable__r1__robot_xjwlog/base_footprint_y.
2026-05-12 16:15:27 [57,285ms] [Warning] [omni.physx.plugin] Invalid PhysX transform detected for /World/scene_0/controllable__r1__robot_xjwlog/base_footprint_z.
2026-05-12 16:15:27 [57,285ms] [Warning] [omni.physx.plugin] Invalid PhysX transform detected for /World/scene_0/controllable__r1__robot_xjwlog/base_footprint_rx.
2026-05-12 16:15:27 [57,285ms] [Warning] [omni.physx.plugin] Invalid PhysX transform detected for /World/scene_0/controllable__r1__robot_xjwlog/base_footprint_ry.
2026-05-12 16:15:27 [57,285ms] [Warning] [omni.physx.plugin] Invalid PhysX transform detected for /World/scene_0/controllable__r1__robot_xjwlog/base_footprint_rz.
2026-05-12 16:15:27 [57,285ms] [Warning] [omni.physx.plugin] Invalid PhysX transform detected for /World/scene_0/controllable__r1__robot_xjwlog/base_link.
2026-05-12 16:15:27 [57,285ms] [Warning] [omni.physx.plugin] Invalid PhysX transform detected for /World/scene_0/controllable__r1__robot_xjwlog/servo_link1.
2026-05-12 16:15:27 [57,285ms] [Warning] [omni.physx.plugin] Invalid PhysX transform detected for /World/scene_0/controllable__r1__robot_xjwlog/servo_link2.
2026-05-12 16:15:27 [57,285ms] [Warning] [omni.physx.plugin] Invalid PhysX transform detected for /World/scene_0/controllable__r1__robot_xjwlog/servo_link3.
2026-05-12 16:15:27 [57,285ms] [Warning] [omni.physx.plugin] Invalid PhysX transform detected for /World/scene_0/controllable__r1__robot_xjwlog/torso_link1.
2026-05-12 16:15:27 [57,285ms] [Warning] [omni.physx.plugin] Invalid PhysX transform detected for /World/scene_0/controllable__r1__robot_xjwlog/wheel_link1.
2026-05-12 16:15:27 [57,285ms] [Warning] [omni.physx.plugin] Invalid PhysX transform detected for /World/scene_0/controllable__r1__robot_xjwlog/wheel_link2.
2026-05-12 16:15:27 [57,285ms] [Warning] [omni.physx.plugin] Invalid PhysX transform detected for /World/scene_0/controllable__r1__robot_xjwlog/wheel_link3.
2026-05-12 16:15:27 [57,285ms] [Warning] [omni.physx.plugin] Invalid PhysX transform detected for /World/scene_0/controllable__r1__robot_xjwlog/torso_link2.
2026-05-12 16:15:27 [57,285ms] [Warning] [omni.physx.plugin] Invalid PhysX transform detected for /World/scene_0/controllable__r1__robot_xjwlog/torso_link3.
2026-05-12 16:15:27 [57,285ms] [Warning] [omni.physx.plugin] Invalid PhysX transform detected for /World/scene_0/controllable__r1__robot_xjwlog/torso_link4.
2026-05-12 16:15:27 [57,285ms] [Warning] [omni.physx.plugin] Invalid PhysX transform detected for /World/scene_0/controllable__r1__robot_xjwlog/left_arm_link1.
2026-05-12 16:15:27 [57,285ms] [Warning] [omni.physx.plugin] Invalid PhysX transform detected for /World/scene_0/controllable__r1__robot_xjwlog/right_arm_link1.
2026-05-12 16:15:27 [57,285ms] [Warning] [omni.physx.plugin] Invalid PhysX transform detected for /World/scene_0/controllable__r1__robot_xjwlog/eyes.
2026-05-12 16:15:27 [57,285ms] [Warning] [omni.physx.plugin] Invalid PhysX transform detected for /World/scene_0/controllable__r1__robot_xjwlog/left_arm_link2.
2026-05-12 16:15:27 [57,285ms] [Warning] [omni.physx.plugin] Invalid PhysX transform detected for /World/scene_0/controllable__r1__robot_xjwlog/right_arm_link2.
2026-05-12 16:15:27 [57,285ms] [Warning] [omni.physx.plugin] Invalid PhysX transform detected for /World/scene_0/controllable__r1__robot_xjwlog/left_arm_link3.
2026-05-12 16:15:27 [57,285ms] [Warning] [omni.physx.plugin] Invalid PhysX transform detected for /World/scene_0/controllable__r1__robot_xjwlog/right_arm_link3.
2026-05-12 16:15:27 [57,285ms] [Warning] [omni.physx.plugin] Invalid PhysX transform detected for /World/scene_0/controllable__r1__robot_xjwlog/left_arm_link4.
2026-05-12 16:15:27 [57,285ms] [Warning] [omni.physx.plugin] Invalid PhysX transform detected for /World/scene_0/controllable__r1__robot_xjwlog/right_arm_link4.
2026-05-12 16:15:27 [57,285ms] [Warning] [omni.physx.plugin] Invalid PhysX transform detected for /World/scene_0/controllable__r1__robot_xjwlog/left_arm_link5.
2026-05-12 16:15:27 [57,285ms] [Warning] [omni.physx.plugin] Invalid PhysX transform detected for /World/scene_0/controllable__r1__robot_xjwlog/right_arm_link5.
2026-05-12 16:15:27 [57,285ms] [Warning] [omni.physx.plugin] Invalid PhysX transform detected for /World/scene_0/controllable__r1__robot_xjwlog/left_arm_link6.
2026-05-12 16:15:27 [57,285ms] [Warning] [omni.physx.plugin] Invalid PhysX transform detected for /World/scene_0/controllable__r1__robot_xjwlog/right_arm_link6.
2026-05-12 16:15:27 [57,285ms] [Warning] [omni.physx.plugin] Invalid PhysX transform detected for /World/scene_0/controllable__r1__robot_xjwlog/left_gripper_link1.
2026-05-12 16:15:27 [57,285ms] [Warning] [omni.physx.plugin] Invalid PhysX transform detected for /World/scene_0/controllable__r1__robot_xjwlog/left_gripper_link2.
2026-05-12 16:15:27 [57,285ms] [Warning] [omni.physx.plugin] Invalid PhysX transform detected for /World/scene_0/controllable__r1__robot_xjwlog/left_eef_link.
2026-05-12 16:15:27 [57,285ms] [Warning] [omni.physx.plugin] Invalid PhysX transform detected for /World/scene_0/controllable__r1__robot_xjwlog/right_gripper_link1.
2026-05-12 16:15:27 [57,285ms] [Warning] [omni.physx.plugin] Invalid PhysX transform detected for /World/scene_0/controllable__r1__robot_xjwlog/right_gripper_link2.
2026-05-12 16:15:27 [57,285ms] [Warning] [omni.physx.plugin] Invalid PhysX transform detected for /World/scene_0/controllable__r1__robot_xjwlog/right_eef_link.
2026-05-12 16:15:27 [57,365ms] [Warning] [omni.physx.plugin] Invalid PhysX transform detected for /World/scene_0/controllable__r1__robot_xjwlog/base_footprint_y.
2026-05-12 16:15:27 [57,365ms] [Warning] [omni.physx.plugin] Invalid PhysX transform detected for /World/scene_0/controllable__r1__robot_xjwlog/base_footprint_z.
2026-05-12 16:15:27 [57,365ms] [Warning] [omni.physx.plugin] Invalid PhysX transform detected for /World/scene_0/controllable__r1__robot_xjwlog/base_footprint_rx.
2026-05-12 16:15:27 [57,365ms] [Warning] [omni.physx.plugin] Invalid PhysX transform detected for /World/scene_0/controllable__r1__robot_xjwlog/base_footprint_ry.
2026-05-12 16:15:27 [57,365ms] [Warning] [omni.physx.plugin] Invalid PhysX transform detected for /World/scene_0/controllable__r1__robot_xjwlog/base_footprint_rz.
2026-05-12 16:15:27 [57,365ms] [Warning] [omni.physx.plugin] Invalid PhysX transform detected for /World/scene_0/controllable__r1__robot_xjwlog/base_link.
2026-05-12 16:15:27 [57,365ms] [Warning] [omni.physx.plugin] Invalid PhysX transform detected for /World/scene_0/controllable__r1__robot_xjwlog/servo_link1.
2026-05-12 16:15:27 [57,365ms] [Warning] [omni.physx.plugin] Invalid PhysX transform detected for /World/scene_0/controllable__r1__robot_xjwlog/servo_link2.
2026-05-12 16:15:27 [57,365ms] [Warning] [omni.physx.plugin] Invalid PhysX transform detected for /World/scene_0/controllable__r1__robot_xjwlog/servo_link3.
2026-05-12 16:15:27 [57,365ms] [Warning] [omni.physx.plugin] Invalid PhysX transform detected for /World/scene_0/controllable__r1__robot_xjwlog/torso_link1.
2026-05-12 16:15:27 [57,365ms] [Warning] [omni.physx.plugin] Invalid PhysX transform detected for /World/scene_0/controllable__r1__robot_xjwlog/wheel_link1.
2026-05-12 16:15:27 [57,365ms] [Warning] [omni.physx.plugin] Invalid PhysX transform detected for /World/scene_0/controllable__r1__robot_xjwlog/wheel_link2.
2026-05-12 16:15:27 [57,365ms] [Warning] [omni.physx.plugin] Invalid PhysX transform detected for /World/scene_0/controllable__r1__robot_xjwlog/wheel_link3.
2026-05-12 16:15:27 [57,365ms] [Warning] [omni.physx.plugin] Invalid PhysX transform detected for /World/scene_0/controllable__r1__robot_xjwlog/torso_link2.
2026-05-12 16:15:27 [57,365ms] [Warning] [omni.physx.plugin] Invalid PhysX transform detected for /World/scene_0/controllable__r1__robot_xjwlog/torso_link3.
2026-05-12 16:15:27 [57,365ms] [Warning] [omni.physx.plugin] Invalid PhysX transform detected for /World/scene_0/controllable__r1__robot_xjwlog/torso_link4.
2026-05-12 16:15:27 [57,365ms] [Warning] [omni.physx.plugin] Invalid PhysX transform detected for /World/scene_0/controllable__r1__robot_xjwlog/left_arm_link1.
2026-05-12 16:15:27 [57,365ms] [Warning] [omni.physx.plugin] Invalid PhysX transform detected for /World/scene_0/controllable__r1__robot_xjwlog/right_arm_link1.
2026-05-12 16:15:27 [57,365ms] [Warning] [omni.physx.plugin] Invalid PhysX transform detected for /World/scene_0/controllable__r1__robot_xjwlog/eyes.
2026-05-12 16:15:27 [57,365ms] [Warning] [omni.physx.plugin] Invalid PhysX transform detected for /World/scene_0/controllable__r1__robot_xjwlog/left_arm_link2.
2026-05-12 16:15:27 [57,365ms] [Warning] [omni.physx.plugin] Invalid PhysX transform detected for /World/scene_0/controllable__r1__robot_xjwlog/right_arm_link2.
2026-05-12 16:15:27 [57,365ms] [Warning] [omni.physx.plugin] Invalid PhysX transform detected for /World/scene_0/controllable__r1__robot_xjwlog/left_arm_link3.
2026-05-12 16:15:27 [57,365ms] [Warning] [omni.physx.plugin] Invalid PhysX transform detected for /World/scene_0/controllable__r1__robot_xjwlog/right_arm_link3.
2026-05-12 16:15:27 [57,365ms] [Warning] [omni.physx.plugin] Invalid PhysX transform detected for /World/scene_0/controllable__r1__robot_xjwlog/left_arm_link4.
2026-05-12 16:15:27 [57,365ms] [Warning] [omni.physx.plugin] Invalid PhysX transform detected for /World/scene_0/controllable__r1__robot_xjwlog/right_arm_link4.
2026-05-12 16:15:27 [57,365ms] [Warning] [omni.physx.plugin] Invalid PhysX transform detected for /World/scene_0/controllable__r1__robot_xjwlog/left_arm_link5.
2026-05-12 16:15:27 [57,365ms] [Warning] [omni.physx.plugin] Invalid PhysX transform detected for /World/scene_0/controllable__r1__robot_xjwlog/right_arm_link5.
2026-05-12 16:15:27 [57,365ms] [Warning] [omni.physx.plugin] Invalid PhysX transform detected for /World/scene_0/controllable__r1__robot_xjwlog/left_arm_link6.
2026-05-12 16:15:27 [57,365ms] [Warning] [omni.physx.plugin] Invalid PhysX transform detected for /World/scene_0/controllable__r1__robot_xjwlog/right_arm_link6.
2026-05-12 16:15:27 [57,365ms] [Warning] [omni.physx.plugin] Invalid PhysX transform detected for /World/scene_0/controllable__r1__robot_xjwlog/left_gripper_link1.
2026-05-12 16:15:27 [57,365ms] [Warning] [omni.physx.plugin] Invalid PhysX transform detected for /World/scene_0/controllable__r1__robot_xjwlog/left_gripper_link2.
2026-05-12 16:15:27 [57,366ms] [Warning] [omni.physx.plugin] Invalid PhysX transform detected for /World/scene_0/controllable__r1__robot_xjwlog/left_eef_link.
2026-05-12 16:15:27 [57,366ms] [Warning] [omni.physx.plugin] Invalid PhysX transform detected for /World/scene_0/controllable__r1__robot_xjwlog/right_gripper_link1.
2026-05-12 16:15:27 [57,366ms] [Warning] [omni.physx.plugin] Invalid PhysX transform detected for /World/scene_0/controllable__r1__robot_xjwlog/right_gripper_link2.
2026-05-12 16:15:27 [57,366ms] [Warning] [omni.physx.plugin] Invalid PhysX transform detected for /World/scene_0/controllable__r1__robot_xjwlog/right_eef_link.
2026-05-12 16:15:27 [57,449ms] [Warning] [omni.physx.plugin] Invalid PhysX transform detected for /World/scene_0/controllable__r1__robot_xjwlog/base_footprint_y.
2026-05-12 16:15:27 [57,450ms] [Warning] [omni.physx.plugin] Invalid PhysX transform detected for /World/scene_0/controllable__r1__robot_xjwlog/base_footprint_z.
2026-05-12 16:15:27 [57,450ms] [Warning] [omni.physx.plugin] Invalid PhysX transform detected for /World/scene_0/controllable__r1__robot_xjwlog/base_footprint_rx.
2026-05-12 16:15:27 [57,450ms] [Warning] [omni.physx.plugin] Invalid PhysX transform detected for /World/scene_0/controllable__r1__robot_xjwlog/base_footprint_ry.
2026-05-12 16:15:27 [57,450ms] [Warning] [omni.physx.plugin] Invalid PhysX transform detected for /World/scene_0/controllable__r1__robot_xjwlog/base_footprint_rz.
2026-05-12 16:15:27 [57,450ms] [Warning] [omni.physx.plugin] Invalid PhysX transform detected for /World/scene_0/controllable__r1__robot_xjwlog/base_link.
2026-05-12 16:15:27 [57,450ms] [Warning] [omni.physx.plugin] Invalid PhysX transform detected for /World/scene_0/controllable__r1__robot_xjwlog/servo_link1.
2026-05-12 16:15:27 [57,450ms] [Warning] [omni.physx.plugin] Invalid PhysX transform detected for /World/scene_0/controllable__r1__robot_xjwlog/servo_link2.
2026-05-12 16:15:27 [57,450ms] [Warning] [omni.physx.plugin] Invalid PhysX transform detected for /World/scene_0/controllable__r1__robot_xjwlog/servo_link3.
2026-05-12 16:15:27 [57,450ms] [Warning] [omni.physx.plugin] Invalid PhysX transform detected for /World/scene_0/controllable__r1__robot_xjwlog/torso_link1.
2026-05-12 16:15:27 [57,450ms] [Warning] [omni.physx.plugin] Invalid PhysX transform detected for /World/scene_0/controllable__r1__robot_xjwlog/wheel_link1.
2026-05-12 16:15:27 [57,450ms] [Warning] [omni.physx.plugin] Invalid PhysX transform detected for /World/scene_0/controllable__r1__robot_xjwlog/wheel_link2.
2026-05-12 16:15:27 [57,450ms] [Warning] [omni.physx.plugin] Invalid PhysX transform detected for /World/scene_0/controllable__r1__robot_xjwlog/wheel_link3.
2026-05-12 16:15:27 [57,450ms] [Warning] [omni.physx.plugin] Invalid PhysX transform detected for /World/scene_0/controllable__r1__robot_xjwlog/torso_link2.
2026-05-12 16:15:27 [57,450ms] [Warning] [omni.physx.plugin] Invalid PhysX transform detected for /World/scene_0/controllable__r1__robot_xjwlog/torso_link3.
2026-05-12 16:15:27 [57,450ms] [Warning] [omni.physx.plugin] Invalid PhysX transform detected for /World/scene_0/controllable__r1__robot_xjwlog/torso_link4.
2026-05-12 16:15:27 [57,450ms] [Warning] [omni.physx.plugin] Invalid PhysX transform detected for /World/scene_0/controllable__r1__robot_xjwlog/left_arm_link1.
2026-05-12 16:15:27 [57,450ms] [Warning] [omni.physx.plugin] Invalid PhysX transform detected for /World/scene_0/controllable__r1__robot_xjwlog/right_arm_link1.
2026-05-12 16:15:27 [57,450ms] [Warning] [omni.physx.plugin] Invalid PhysX transform detected for /World/scene_0/controllable__r1__robot_xjwlog/eyes.
2026-05-12 16:15:27 [57,450ms] [Warning] [omni.physx.plugin] Invalid PhysX transform detected for /World/scene_0/controllable__r1__robot_xjwlog/left_arm_link2.
2026-05-12 16:15:27 [57,450ms] [Warning] [omni.physx.plugin] Invalid PhysX transform detected for /World/scene_0/controllable__r1__robot_xjwlog/right_arm_link2.
2026-05-12 16:15:27 [57,450ms] [Warning] [omni.physx.plugin] Invalid PhysX transform detected for /World/scene_0/controllable__r1__robot_xjwlog/left_arm_link3.
2026-05-12 16:15:27 [57,450ms] [Warning] [omni.physx.plugin] Invalid PhysX transform detected for /World/scene_0/controllable__r1__robot_xjwlog/right_arm_link3.
2026-05-12 16:15:27 [57,450ms] [Warning] [omni.physx.plugin] Invalid PhysX transform detected for /World/scene_0/controllable__r1__robot_xjwlog/left_arm_link4.
2026-05-12 16:15:27 [57,450ms] [Warning] [omni.physx.plugin] Invalid PhysX transform detected for /World/scene_0/controllable__r1__robot_xjwlog/right_arm_link4.
2026-05-12 16:15:27 [57,450ms] [Warning] [omni.physx.plugin] Invalid PhysX transform detected for /World/scene_0/controllable__r1__robot_xjwlog/left_arm_link5.
2026-05-12 16:15:27 [57,450ms] [Warning] [omni.physx.plugin] Invalid PhysX transform detected for /World/scene_0/controllable__r1__robot_xjwlog/right_arm_link5.
2026-05-12 16:15:27 [57,450ms] [Warning] [omni.physx.plugin] Invalid PhysX transform detected for /World/scene_0/controllable__r1__robot_xjwlog/left_arm_link6.
2026-05-12 16:15:27 [57,450ms] [Warning] [omni.physx.plugin] Invalid PhysX transform detected for /World/scene_0/controllable__r1__robot_xjwlog/right_arm_link6.
2026-05-12 16:15:27 [57,450ms] [Warning] [omni.physx.plugin] Invalid PhysX transform detected for /World/scene_0/controllable__r1__robot_xjwlog/left_gripper_link1.
2026-05-12 16:15:27 [57,450ms] [Warning] [omni.physx.plugin] Invalid PhysX transform detected for /World/scene_0/controllable__r1__robot_xjwlog/left_gripper_link2.
2026-05-12 16:15:27 [57,450ms] [Warning] [omni.physx.plugin] Invalid PhysX transform detected for /World/scene_0/controllable__r1__robot_xjwlog/left_eef_link.
2026-05-12 16:15:27 [57,450ms] [Warning] [omni.physx.plugin] Invalid PhysX transform detected for /World/scene_0/controllable__r1__robot_xjwlog/right_gripper_link1.
2026-05-12 16:15:27 [57,450ms] [Warning] [omni.physx.plugin] Invalid PhysX transform detected for /World/scene_0/controllable__r1__robot_xjwlog/right_gripper_link2.
2026-05-12 16:15:27 [57,450ms] [Warning] [omni.physx.plugin] Invalid PhysX transform detected for /World/scene_0/controllable__r1__robot_xjwlog/right_eef_link.
2026-05-12 16:15:28 [57,530ms] [Warning] [omni.physx.plugin] Invalid PhysX transform detected for /World/scene_0/controllable__r1__robot_xjwlog/base_footprint_y.
2026-05-12 16:15:28 [57,530ms] [Warning] [omni.physx.plugin] Invalid PhysX transform detected for /World/scene_0/controllable__r1__robot_xjwlog/base_footprint_z.
2026-05-12 16:15:28 [57,530ms] [Warning] [omni.physx.plugin] Invalid PhysX transform detected for /World/scene_0/controllable__r1__robot_xjwlog/base_footprint_rx.
2026-05-12 16:15:28 [57,530ms] [Warning] [omni.physx.plugin] Invalid PhysX transform detected for /World/scene_0/controllable__r1__robot_xjwlog/base_footprint_ry.
2026-05-12 16:15:28 [57,530ms] [Warning] [omni.physx.plugin] Invalid PhysX transform detected for /World/scene_0/controllable__r1__robot_xjwlog/base_footprint_rz.
2026-05-12 16:15:28 [57,530ms] [Warning] [omni.physx.plugin] Invalid PhysX transform detected for /World/scene_0/controllable__r1__robot_xjwlog/base_link.
2026-05-12 16:15:28 [57,530ms] [Warning] [omni.physx.plugin] Invalid PhysX transform detected for /World/scene_0/controllable__r1__robot_xjwlog/servo_link1.
2026-05-12 16:15:28 [57,530ms] [Warning] [omni.physx.plugin] Invalid PhysX transform detected for /World/scene_0/controllable__r1__robot_xjwlog/servo_link2.
2026-05-12 16:15:28 [57,530ms] [Warning] [omni.physx.plugin] Invalid PhysX transform detected for /World/scene_0/controllable__r1__robot_xjwlog/servo_link3.
2026-05-12 16:15:28 [57,530ms] [Warning] [omni.physx.plugin] Invalid PhysX transform detected for /World/scene_0/controllable__r1__robot_xjwlog/torso_link1.
2026-05-12 16:15:28 [57,530ms] [Warning] [omni.physx.plugin] Invalid PhysX transform detected for /World/scene_0/controllable__r1__robot_xjwlog/wheel_link1.
2026-05-12 16:15:28 [57,530ms] [Warning] [omni.physx.plugin] Invalid PhysX transform detected for /World/scene_0/controllable__r1__robot_xjwlog/wheel_link2.
2026-05-12 16:15:28 [57,530ms] [Warning] [omni.physx.plugin] Invalid PhysX transform detected for /World/scene_0/controllable__r1__robot_xjwlog/wheel_link3.
2026-05-12 16:15:28 [57,530ms] [Warning] [omni.physx.plugin] Invalid PhysX transform detected for /World/scene_0/controllable__r1__robot_xjwlog/torso_link2.
2026-05-12 16:15:28 [57,530ms] [Warning] [omni.physx.plugin] Invalid PhysX transform detected for /World/scene_0/controllable__r1__robot_xjwlog/torso_link3.
2026-05-12 16:15:28 [57,530ms] [Warning] [omni.physx.plugin] Invalid PhysX transform detected for /World/scene_0/controllable__r1__robot_xjwlog/torso_link4.
2026-05-12 16:15:28 [57,530ms] [Warning] [omni.physx.plugin] Invalid PhysX transform detected for /World/scene_0/controllable__r1__robot_xjwlog/left_arm_link1.
2026-05-12 16:15:28 [57,530ms] [Warning] [omni.physx.plugin] Invalid PhysX transform detected for /World/scene_0/controllable__r1__robot_xjwlog/right_arm_link1.
2026-05-12 16:15:28 [57,530ms] [Warning] [omni.physx.plugin] Invalid PhysX transform detected for /World/scene_0/controllable__r1__robot_xjwlog/eyes.
2026-05-12 16:15:28 [57,530ms] [Warning] [omni.physx.plugin] Invalid PhysX transform detected for /World/scene_0/controllable__r1__robot_xjwlog/left_arm_link2.
2026-05-12 16:15:28 [57,530ms] [Warning] [omni.physx.plugin] Invalid PhysX transform detected for /World/scene_0/controllable__r1__robot_xjwlog/right_arm_link2.
2026-05-12 16:15:28 [57,530ms] [Warning] [omni.physx.plugin] Invalid PhysX transform detected for /World/scene_0/controllable__r1__robot_xjwlog/left_arm_link3.
2026-05-12 16:15:28 [57,530ms] [Warning] [omni.physx.plugin] Invalid PhysX transform detected for /World/scene_0/controllable__r1__robot_xjwlog/right_arm_link3.
2026-05-12 16:15:28 [57,530ms] [Warning] [omni.physx.plugin] Invalid PhysX transform detected for /World/scene_0/controllable__r1__robot_xjwlog/left_arm_link4.
2026-05-12 16:15:28 [57,530ms] [Warning] [omni.physx.plugin] Invalid PhysX transform detected for /World/scene_0/controllable__r1__robot_xjwlog/right_arm_link4.
2026-05-12 16:15:28 [57,530ms] [Warning] [omni.physx.plugin] Invalid PhysX transform detected for /World/scene_0/controllable__r1__robot_xjwlog/left_arm_link5.
2026-05-12 16:15:28 [57,530ms] [Warning] [omni.physx.plugin] Invalid PhysX transform detected for /World/scene_0/controllable__r1__robot_xjwlog/right_arm_link5.
2026-05-12 16:15:28 [57,530ms] [Warning] [omni.physx.plugin] Invalid PhysX transform detected for /World/scene_0/controllable__r1__robot_xjwlog/left_arm_link6.
2026-05-12 16:15:28 [57,530ms] [Warning] [omni.physx.plugin] Invalid PhysX transform detected for /World/scene_0/controllable__r1__robot_xjwlog/right_arm_link6.
2026-05-12 16:15:28 [57,530ms] [Warning] [omni.physx.plugin] Invalid PhysX transform detected for /World/scene_0/controllable__r1__robot_xjwlog/left_gripper_link1.
2026-05-12 16:15:28 [57,530ms] [Warning] [omni.physx.plugin] Invalid PhysX transform detected for /World/scene_0/controllable__r1__robot_xjwlog/left_gripper_link2.
2026-05-12 16:15:28 [57,530ms] [Warning] [omni.physx.plugin] Invalid PhysX transform detected for /World/scene_0/controllable__r1__robot_xjwlog/left_eef_link.
2026-05-12 16:15:28 [57,530ms] [Warning] [omni.physx.plugin] Invalid PhysX transform detected for /World/scene_0/controllable__r1__robot_xjwlog/right_gripper_link1.
2026-05-12 16:15:28 [57,530ms] [Warning] [omni.physx.plugin] Invalid PhysX transform detected for /World/scene_0/controllable__r1__robot_xjwlog/right_gripper_link2.
2026-05-12 16:15:28 [57,530ms] [Warning] [omni.physx.plugin] Invalid PhysX transform detected for /World/scene_0/controllable__r1__robot_xjwlog/right_eef_link.
2026-05-12 16:15:28 [57,611ms] [Warning] [omni.physx.plugin] Invalid PhysX transform detected for /World/scene_0/controllable__r1__robot_xjwlog/base_footprint_y.
2026-05-12 16:15:28 [57,611ms] [Warning] [omni.physx.plugin] Invalid PhysX transform detected for /World/scene_0/controllable__r1__robot_xjwlog/base_footprint_z.
2026-05-12 16:15:28 [57,611ms] [Warning] [omni.physx.plugin] Invalid PhysX transform detected for /World/scene_0/controllable__r1__robot_xjwlog/base_footprint_rx.
2026-05-12 16:15:28 [57,611ms] [Warning] [omni.physx.plugin] Invalid PhysX transform detected for /World/scene_0/controllable__r1__robot_xjwlog/base_footprint_ry.
2026-05-12 16:15:28 [57,611ms] [Warning] [omni.physx.plugin] Invalid PhysX transform detected for /World/scene_0/controllable__r1__robot_xjwlog/base_footprint_rz.
2026-05-12 16:15:28 [57,611ms] [Warning] [omni.physx.plugin] Invalid PhysX transform detected for /World/scene_0/controllable__r1__robot_xjwlog/base_link.
2026-05-12 16:15:28 [57,611ms] [Warning] [omni.physx.plugin] Invalid PhysX transform detected for /World/scene_0/controllable__r1__robot_xjwlog/servo_link1.
2026-05-12 16:15:28 [57,611ms] [Warning] [omni.physx.plugin] Invalid PhysX transform detected for /World/scene_0/controllable__r1__robot_xjwlog/servo_link2.
2026-05-12 16:15:28 [57,611ms] [Warning] [omni.physx.plugin] Invalid PhysX transform detected for /World/scene_0/controllable__r1__robot_xjwlog/servo_link3.
2026-05-12 16:15:28 [57,611ms] [Warning] [omni.physx.plugin] Invalid PhysX transform detected for /World/scene_0/controllable__r1__robot_xjwlog/torso_link1.
2026-05-12 16:15:28 [57,611ms] [Warning] [omni.physx.plugin] Invalid PhysX transform detected for /World/scene_0/controllable__r1__robot_xjwlog/wheel_link1.
2026-05-12 16:15:28 [57,611ms] [Warning] [omni.physx.plugin] Invalid PhysX transform detected for /World/scene_0/controllable__r1__robot_xjwlog/wheel_link2.
2026-05-12 16:15:28 [57,611ms] [Warning] [omni.physx.plugin] Invalid PhysX transform detected for /World/scene_0/controllable__r1__robot_xjwlog/wheel_link3.
2026-05-12 16:15:28 [57,611ms] [Warning] [omni.physx.plugin] Invalid PhysX transform detected for /World/scene_0/controllable__r1__robot_xjwlog/torso_link2.
2026-05-12 16:15:28 [57,611ms] [Warning] [omni.physx.plugin] Invalid PhysX transform detected for /World/scene_0/controllable__r1__robot_xjwlog/torso_link3.
2026-05-12 16:15:28 [57,611ms] [Warning] [omni.physx.plugin] Invalid PhysX transform detected for /World/scene_0/controllable__r1__robot_xjwlog/torso_link4.
2026-05-12 16:15:28 [57,611ms] [Warning] [omni.physx.plugin] Invalid PhysX transform detected for /World/scene_0/controllable__r1__robot_xjwlog/left_arm_link1.
2026-05-12 16:15:28 [57,611ms] [Warning] [omni.physx.plugin] Invalid PhysX transform detected for /World/scene_0/controllable__r1__robot_xjwlog/right_arm_link1.
2026-05-12 16:15:28 [57,611ms] [Warning] [omni.physx.plugin] Invalid PhysX transform detected for /World/scene_0/controllable__r1__robot_xjwlog/eyes.
2026-05-12 16:15:28 [57,611ms] [Warning] [omni.physx.plugin] Invalid PhysX transform detected for /World/scene_0/controllable__r1__robot_xjwlog/left_arm_link2.
2026-05-12 16:15:28 [57,611ms] [Warning] [omni.physx.plugin] Invalid PhysX transform detected for /World/scene_0/controllable__r1__robot_xjwlog/right_arm_link2.
2026-05-12 16:15:28 [57,611ms] [Warning] [omni.physx.plugin] Invalid PhysX transform detected for /World/scene_0/controllable__r1__robot_xjwlog/left_arm_link3.
2026-05-12 16:15:28 [57,611ms] [Warning] [omni.physx.plugin] Invalid PhysX transform detected for /World/scene_0/controllable__r1__robot_xjwlog/right_arm_link3.
2026-05-12 16:15:28 [57,611ms] [Warning] [omni.physx.plugin] Invalid PhysX transform detected for /World/scene_0/controllable__r1__robot_xjwlog/left_arm_link4.
2026-05-12 16:15:28 [57,611ms] [Warning] [omni.physx.plugin] Invalid PhysX transform detected for /World/scene_0/controllable__r1__robot_xjwlog/right_arm_link4.
2026-05-12 16:15:28 [57,611ms] [Warning] [omni.physx.plugin] Invalid PhysX transform detected for /World/scene_0/controllable__r1__robot_xjwlog/left_arm_link5.
2026-05-12 16:15:28 [57,611ms] [Warning] [omni.physx.plugin] Invalid PhysX transform detected for /World/scene_0/controllable__r1__robot_xjwlog/right_arm_link5.
2026-05-12 16:15:28 [57,611ms] [Warning] [omni.physx.plugin] Invalid PhysX transform detected for /World/scene_0/controllable__r1__robot_xjwlog/left_arm_link6.
2026-05-12 16:15:28 [57,611ms] [Warning] [omni.physx.plugin] Invalid PhysX transform detected for /World/scene_0/controllable__r1__robot_xjwlog/right_arm_link6.
2026-05-12 16:15:28 [57,611ms] [Warning] [omni.physx.plugin] Invalid PhysX transform detected for /World/scene_0/controllable__r1__robot_xjwlog/left_gripper_link1.
2026-05-12 16:15:28 [57,611ms] [Warning] [omni.physx.plugin] Invalid PhysX transform detected for /World/scene_0/controllable__r1__robot_xjwlog/left_gripper_link2.
2026-05-12 16:15:28 [57,611ms] [Warning] [omni.physx.plugin] Invalid PhysX transform detected for /World/scene_0/controllable__r1__robot_xjwlog/left_eef_link.
2026-05-12 16:15:28 [57,611ms] [Warning] [omni.physx.plugin] Invalid PhysX transform detected for /World/scene_0/controllable__r1__robot_xjwlog/right_gripper_link1.
2026-05-12 16:15:28 [57,612ms] [Warning] [omni.physx.plugin] Invalid PhysX transform detected for /World/scene_0/controllable__r1__robot_xjwlog/right_gripper_link2.
2026-05-12 16:15:28 [57,612ms] [Warning] [omni.physx.plugin] Invalid PhysX transform detected for /World/scene_0/controllable__r1__robot_xjwlog/right_eef_link.
2026-05-12 16:15:28 [57,699ms] [Warning] [omni.physx.plugin] Invalid PhysX transform detected for /World/scene_0/controllable__r1__robot_xjwlog/base_footprint_y.
2026-05-12 16:15:28 [57,699ms] [Warning] [omni.physx.plugin] Invalid PhysX transform detected for /World/scene_0/controllable__r1__robot_xjwlog/base_footprint_z.
2026-05-12 16:15:28 [57,699ms] [Warning] [omni.physx.plugin] Invalid PhysX transform detected for /World/scene_0/controllable__r1__robot_xjwlog/base_footprint_rx.
2026-05-12 16:15:28 [57,699ms] [Warning] [omni.physx.plugin] Invalid PhysX transform detected for /World/scene_0/controllable__r1__robot_xjwlog/base_footprint_ry.
2026-05-12 16:15:28 [57,699ms] [Warning] [omni.physx.plugin] Invalid PhysX transform detected for /World/scene_0/controllable__r1__robot_xjwlog/base_footprint_rz.
2026-05-12 16:15:28 [57,699ms] [Warning] [omni.physx.plugin] Invalid PhysX transform detected for /World/scene_0/controllable__r1__robot_xjwlog/base_link.
2026-05-12 16:15:28 [57,699ms] [Warning] [omni.physx.plugin] Invalid PhysX transform detected for /World/scene_0/controllable__r1__robot_xjwlog/servo_link1.
2026-05-12 16:15:28 [57,699ms] [Warning] [omni.physx.plugin] Invalid PhysX transform detected for /World/scene_0/controllable__r1__robot_xjwlog/servo_link2.
2026-05-12 16:15:28 [57,699ms] [Warning] [omni.physx.plugin] Invalid PhysX transform detected for /World/scene_0/controllable__r1__robot_xjwlog/servo_link3.
2026-05-12 16:15:28 [57,699ms] [Warning] [omni.physx.plugin] Invalid PhysX transform detected for /World/scene_0/controllable__r1__robot_xjwlog/torso_link1.
2026-05-12 16:15:28 [57,699ms] [Warning] [omni.physx.plugin] Invalid PhysX transform detected for /World/scene_0/controllable__r1__robot_xjwlog/wheel_link1.
2026-05-12 16:15:28 [57,699ms] [Warning] [omni.physx.plugin] Invalid PhysX transform detected for /World/scene_0/controllable__r1__robot_xjwlog/wheel_link2.
2026-05-12 16:15:28 [57,699ms] [Warning] [omni.physx.plugin] Invalid PhysX transform detected for /World/scene_0/controllable__r1__robot_xjwlog/wheel_link3.
2026-05-12 16:15:28 [57,699ms] [Warning] [omni.physx.plugin] Invalid PhysX transform detected for /World/scene_0/controllable__r1__robot_xjwlog/torso_link2.
2026-05-12 16:15:28 [57,699ms] [Warning] [omni.physx.plugin] Invalid PhysX transform detected for /World/scene_0/controllable__r1__robot_xjwlog/torso_link3.
2026-05-12 16:15:28 [57,699ms] [Warning] [omni.physx.plugin] Invalid PhysX transform detected for /World/scene_0/controllable__r1__robot_xjwlog/torso_link4.
2026-05-12 16:15:28 [57,699ms] [Warning] [omni.physx.plugin] Invalid PhysX transform detected for /World/scene_0/controllable__r1__robot_xjwlog/left_arm_link1.
2026-05-12 16:15:28 [57,699ms] [Warning] [omni.physx.plugin] Invalid PhysX transform detected for /World/scene_0/controllable__r1__robot_xjwlog/right_arm_link1.
2026-05-12 16:15:28 [57,699ms] [Warning] [omni.physx.plugin] Invalid PhysX transform detected for /World/scene_0/controllable__r1__robot_xjwlog/eyes.
2026-05-12 16:15:28 [57,699ms] [Warning] [omni.physx.plugin] Invalid PhysX transform detected for /World/scene_0/controllable__r1__robot_xjwlog/left_arm_link2.
2026-05-12 16:15:28 [57,699ms] [Warning] [omni.physx.plugin] Invalid PhysX transform detected for /World/scene_0/controllable__r1__robot_xjwlog/right_arm_link2.
2026-05-12 16:15:28 [57,699ms] [Warning] [omni.physx.plugin] Invalid PhysX transform detected for /World/scene_0/controllable__r1__robot_xjwlog/left_arm_link3.
2026-05-12 16:15:28 [57,699ms] [Warning] [omni.physx.plugin] Invalid PhysX transform detected for /World/scene_0/controllable__r1__robot_xjwlog/right_arm_link3.
2026-05-12 16:15:28 [57,700ms] [Warning] [omni.physx.plugin] Invalid PhysX transform detected for /World/scene_0/controllable__r1__robot_xjwlog/left_arm_link4.
2026-05-12 16:15:28 [57,700ms] [Warning] [omni.physx.plugin] Invalid PhysX transform detected for /World/scene_0/controllable__r1__robot_xjwlog/right_arm_link4.
2026-05-12 16:15:28 [57,700ms] [Warning] [omni.physx.plugin] Invalid PhysX transform detected for /World/scene_0/controllable__r1__robot_xjwlog/left_arm_link5.
2026-05-12 16:15:28 [57,700ms] [Warning] [omni.physx.plugin] Invalid PhysX transform detected for /World/scene_0/controllable__r1__robot_xjwlog/right_arm_link5.
2026-05-12 16:15:28 [57,700ms] [Warning] [omni.physx.plugin] Invalid PhysX transform detected for /World/scene_0/controllable__r1__robot_xjwlog/left_arm_link6.
2026-05-12 16:15:28 [57,700ms] [Warning] [omni.physx.plugin] Invalid PhysX transform detected for /World/scene_0/controllable__r1__robot_xjwlog/right_arm_link6.
2026-05-12 16:15:28 [57,700ms] [Warning] [omni.physx.plugin] Invalid PhysX transform detected for /World/scene_0/controllable__r1__robot_xjwlog/left_gripper_link1.
2026-05-12 16:15:28 [57,700ms] [Warning] [omni.physx.plugin] Invalid PhysX transform detected for /World/scene_0/controllable__r1__robot_xjwlog/left_gripper_link2.
2026-05-12 16:15:28 [57,700ms] [Warning] [omni.physx.plugin] Invalid PhysX transform detected for /World/scene_0/controllable__r1__robot_xjwlog/left_eef_link.
2026-05-12 16:15:28 [57,700ms] [Warning] [omni.physx.plugin] Invalid PhysX transform detected for /World/scene_0/controllable__r1__robot_xjwlog/right_gripper_link1.
2026-05-12 16:15:28 [57,700ms] [Warning] [omni.physx.plugin] Invalid PhysX transform detected for /World/scene_0/controllable__r1__robot_xjwlog/right_gripper_link2.
2026-05-12 16:15:28 [57,700ms] [Warning] [omni.physx.plugin] Invalid PhysX transform detected for /World/scene_0/controllable__r1__robot_xjwlog/right_eef_link.
2026-05-12 16:15:28 [57,784ms] [Warning] [omni.physx.plugin] Invalid PhysX transform detected for /World/scene_0/controllable__r1__robot_xjwlog/base_footprint_y.
2026-05-12 16:15:28 [57,784ms] [Warning] [omni.physx.plugin] Invalid PhysX transform detected for /World/scene_0/controllable__r1__robot_xjwlog/base_footprint_z.
2026-05-12 16:15:28 [57,784ms] [Warning] [omni.physx.plugin] Invalid PhysX transform detected for /World/scene_0/controllable__r1__robot_xjwlog/base_footprint_rx.
2026-05-12 16:15:28 [57,784ms] [Warning] [omni.physx.plugin] Invalid PhysX transform detected for /World/scene_0/controllable__r1__robot_xjwlog/base_footprint_ry.
2026-05-12 16:15:28 [57,784ms] [Warning] [omni.physx.plugin] Invalid PhysX transform detected for /World/scene_0/controllable__r1__robot_xjwlog/base_footprint_rz.
2026-05-12 16:15:28 [57,784ms] [Warning] [omni.physx.plugin] Invalid PhysX transform detected for /World/scene_0/controllable__r1__robot_xjwlog/base_link.
2026-05-12 16:15:28 [57,784ms] [Warning] [omni.physx.plugin] Invalid PhysX transform detected for /World/scene_0/controllable__r1__robot_xjwlog/servo_link1.
2026-05-12 16:15:28 [57,784ms] [Warning] [omni.physx.plugin] Invalid PhysX transform detected for /World/scene_0/controllable__r1__robot_xjwlog/servo_link2.
2026-05-12 16:15:28 [57,784ms] [Warning] [omni.physx.plugin] Invalid PhysX transform detected for /World/scene_0/controllable__r1__robot_xjwlog/servo_link3.
2026-05-12 16:15:28 [57,784ms] [Warning] [omni.physx.plugin] Invalid PhysX transform detected for /World/scene_0/controllable__r1__robot_xjwlog/torso_link1.
2026-05-12 16:15:28 [57,784ms] [Warning] [omni.physx.plugin] Invalid PhysX transform detected for /World/scene_0/controllable__r1__robot_xjwlog/wheel_link1.
2026-05-12 16:15:28 [57,784ms] [Warning] [omni.physx.plugin] Invalid PhysX transform detected for /World/scene_0/controllable__r1__robot_xjwlog/wheel_link2.
2026-05-12 16:15:28 [57,784ms] [Warning] [omni.physx.plugin] Invalid PhysX transform detected for /World/scene_0/controllable__r1__robot_xjwlog/wheel_link3.
2026-05-12 16:15:28 [57,784ms] [Warning] [omni.physx.plugin] Invalid PhysX transform detected for /World/scene_0/controllable__r1__robot_xjwlog/torso_link2.
2026-05-12 16:15:28 [57,784ms] [Warning] [omni.physx.plugin] Invalid PhysX transform detected for /World/scene_0/controllable__r1__robot_xjwlog/torso_link3.
2026-05-12 16:15:28 [57,784ms] [Warning] [omni.physx.plugin] Invalid PhysX transform detected for /World/scene_0/controllable__r1__robot_xjwlog/torso_link4.
2026-05-12 16:15:28 [57,784ms] [Warning] [omni.physx.plugin] Invalid PhysX transform detected for /World/scene_0/controllable__r1__robot_xjwlog/left_arm_link1.
2026-05-12 16:15:28 [57,784ms] [Warning] [omni.physx.plugin] Invalid PhysX transform detected for /World/scene_0/controllable__r1__robot_xjwlog/right_arm_link1.
2026-05-12 16:15:28 [57,784ms] [Warning] [omni.physx.plugin] Invalid PhysX transform detected for /World/scene_0/controllable__r1__robot_xjwlog/eyes.
2026-05-12 16:15:28 [57,784ms] [Warning] [omni.physx.plugin] Invalid PhysX transform detected for /World/scene_0/controllable__r1__robot_xjwlog/left_arm_link2.
2026-05-12 16:15:28 [57,784ms] [Warning] [omni.physx.plugin] Invalid PhysX transform detected for /World/scene_0/controllable__r1__robot_xjwlog/right_arm_link2.
2026-05-12 16:15:28 [57,784ms] [Warning] [omni.physx.plugin] Invalid PhysX transform detected for /World/scene_0/controllable__r1__robot_xjwlog/left_arm_link3.
2026-05-12 16:15:28 [57,784ms] [Warning] [omni.physx.plugin] Invalid PhysX transform detected for /World/scene_0/controllable__r1__robot_xjwlog/right_arm_link3.
2026-05-12 16:15:28 [57,784ms] [Warning] [omni.physx.plugin] Invalid PhysX transform detected for /World/scene_0/controllable__r1__robot_xjwlog/left_arm_link4.
2026-05-12 16:15:28 [57,784ms] [Warning] [omni.physx.plugin] Invalid PhysX transform detected for /World/scene_0/controllable__r1__robot_xjwlog/right_arm_link4.
2026-05-12 16:15:28 [57,784ms] [Warning] [omni.physx.plugin] Invalid PhysX transform detected for /World/scene_0/controllable__r1__robot_xjwlog/left_arm_link5.
2026-05-12 16:15:28 [57,784ms] [Warning] [omni.physx.plugin] Invalid PhysX transform detected for /World/scene_0/controllable__r1__robot_xjwlog/right_arm_link5.
2026-05-12 16:15:28 [57,784ms] [Warning] [omni.physx.plugin] Invalid PhysX transform detected for /World/scene_0/controllable__r1__robot_xjwlog/left_arm_link6.
2026-05-12 16:15:28 [57,784ms] [Warning] [omni.physx.plugin] Invalid PhysX transform detected for /World/scene_0/controllable__r1__robot_xjwlog/right_arm_link6.
2026-05-12 16:15:28 [57,785ms] [Warning] [omni.physx.plugin] Invalid PhysX transform detected for /World/scene_0/controllable__r1__robot_xjwlog/left_gripper_link1.
2026-05-12 16:15:28 [57,785ms] [Warning] [omni.physx.plugin] Invalid PhysX transform detected for /World/scene_0/controllable__r1__robot_xjwlog/left_gripper_link2.
2026-05-12 16:15:28 [57,785ms] [Warning] [omni.physx.plugin] Invalid PhysX transform detected for /World/scene_0/controllable__r1__robot_xjwlog/left_eef_link.
2026-05-12 16:15:28 [57,785ms] [Warning] [omni.physx.plugin] Invalid PhysX transform detected for /World/scene_0/controllable__r1__robot_xjwlog/right_gripper_link1.
2026-05-12 16:15:28 [57,785ms] [Warning] [omni.physx.plugin] Invalid PhysX transform detected for /World/scene_0/controllable__r1__robot_xjwlog/right_gripper_link2.
2026-05-12 16:15:28 [57,785ms] [Warning] [omni.physx.plugin] Invalid PhysX transform detected for /World/scene_0/controllable__r1__robot_xjwlog/right_eef_link.
2026-05-12 16:15:28 [57,868ms] [Warning] [omni.physx.plugin] Invalid PhysX transform detected for /World/scene_0/controllable__r1__robot_xjwlog/base_footprint_y.
2026-05-12 16:15:28 [57,868ms] [Warning] [omni.physx.plugin] Invalid PhysX transform detected for /World/scene_0/controllable__r1__robot_xjwlog/base_footprint_z.
2026-05-12 16:15:28 [57,868ms] [Warning] [omni.physx.plugin] Invalid PhysX transform detected for /World/scene_0/controllable__r1__robot_xjwlog/base_footprint_rx.
2026-05-12 16:15:28 [57,868ms] [Warning] [omni.physx.plugin] Invalid PhysX transform detected for /World/scene_0/controllable__r1__robot_xjwlog/base_footprint_ry.
2026-05-12 16:15:28 [57,868ms] [Warning] [omni.physx.plugin] Invalid PhysX transform detected for /World/scene_0/controllable__r1__robot_xjwlog/base_footprint_rz.
2026-05-12 16:15:28 [57,868ms] [Warning] [omni.physx.plugin] Invalid PhysX transform detected for /World/scene_0/controllable__r1__robot_xjwlog/base_link.
2026-05-12 16:15:28 [57,868ms] [Warning] [omni.physx.plugin] Invalid PhysX transform detected for /World/scene_0/controllable__r1__robot_xjwlog/servo_link1.
2026-05-12 16:15:28 [57,868ms] [Warning] [omni.physx.plugin] Invalid PhysX transform detected for /World/scene_0/controllable__r1__robot_xjwlog/servo_link2.
2026-05-12 16:15:28 [57,868ms] [Warning] [omni.physx.plugin] Invalid PhysX transform detected for /World/scene_0/controllable__r1__robot_xjwlog/servo_link3.
2026-05-12 16:15:28 [57,868ms] [Warning] [omni.physx.plugin] Invalid PhysX transform detected for /World/scene_0/controllable__r1__robot_xjwlog/torso_link1.
2026-05-12 16:15:28 [57,868ms] [Warning] [omni.physx.plugin] Invalid PhysX transform detected for /World/scene_0/controllable__r1__robot_xjwlog/wheel_link1.
2026-05-12 16:15:28 [57,868ms] [Warning] [omni.physx.plugin] Invalid PhysX transform detected for /World/scene_0/controllable__r1__robot_xjwlog/wheel_link2.
2026-05-12 16:15:28 [57,868ms] [Warning] [omni.physx.plugin] Invalid PhysX transform detected for /World/scene_0/controllable__r1__robot_xjwlog/wheel_link3.
2026-05-12 16:15:28 [57,868ms] [Warning] [omni.physx.plugin] Invalid PhysX transform detected for /World/scene_0/controllable__r1__robot_xjwlog/torso_link2.
2026-05-12 16:15:28 [57,868ms] [Warning] [omni.physx.plugin] Invalid PhysX transform detected for /World/scene_0/controllable__r1__robot_xjwlog/torso_link3.
2026-05-12 16:15:28 [57,868ms] [Warning] [omni.physx.plugin] Invalid PhysX transform detected for /World/scene_0/controllable__r1__robot_xjwlog/torso_link4.
2026-05-12 16:15:28 [57,868ms] [Warning] [omni.physx.plugin] Invalid PhysX transform detected for /World/scene_0/controllable__r1__robot_xjwlog/left_arm_link1.
2026-05-12 16:15:28 [57,868ms] [Warning] [omni.physx.plugin] Invalid PhysX transform detected for /World/scene_0/controllable__r1__robot_xjwlog/right_arm_link1.
2026-05-12 16:15:28 [57,868ms] [Warning] [omni.physx.plugin] Invalid PhysX transform detected for /World/scene_0/controllable__r1__robot_xjwlog/eyes.
2026-05-12 16:15:28 [57,868ms] [Warning] [omni.physx.plugin] Invalid PhysX transform detected for /World/scene_0/controllable__r1__robot_xjwlog/left_arm_link2.
2026-05-12 16:15:28 [57,868ms] [Warning] [omni.physx.plugin] Invalid PhysX transform detected for /World/scene_0/controllable__r1__robot_xjwlog/right_arm_link2.
2026-05-12 16:15:28 [57,868ms] [Warning] [omni.physx.plugin] Invalid PhysX transform detected for /World/scene_0/controllable__r1__robot_xjwlog/left_arm_link3.
2026-05-12 16:15:28 [57,868ms] [Warning] [omni.physx.plugin] Invalid PhysX transform detected for /World/scene_0/controllable__r1__robot_xjwlog/right_arm_link3.
2026-05-12 16:15:28 [57,868ms] [Warning] [omni.physx.plugin] Invalid PhysX transform detected for /World/scene_0/controllable__r1__robot_xjwlog/left_arm_link4.
2026-05-12 16:15:28 [57,868ms] [Warning] [omni.physx.plugin] Invalid PhysX transform detected for /World/scene_0/controllable__r1__robot_xjwlog/right_arm_link4.
2026-05-12 16:15:28 [57,868ms] [Warning] [omni.physx.plugin] Invalid PhysX transform detected for /World/scene_0/controllable__r1__robot_xjwlog/left_arm_link5.
2026-05-12 16:15:28 [57,868ms] [Warning] [omni.physx.plugin] Invalid PhysX transform detected for /World/scene_0/controllable__r1__robot_xjwlog/right_arm_link5.
2026-05-12 16:15:28 [57,868ms] [Warning] [omni.physx.plugin] Invalid PhysX transform detected for /World/scene_0/controllable__r1__robot_xjwlog/left_arm_link6.
2026-05-12 16:15:28 [57,868ms] [Warning] [omni.physx.plugin] Invalid PhysX transform detected for /World/scene_0/controllable__r1__robot_xjwlog/right_arm_link6.
2026-05-12 16:15:28 [57,868ms] [Warning] [omni.physx.plugin] Invalid PhysX transform detected for /World/scene_0/controllable__r1__robot_xjwlog/left_gripper_link1.
2026-05-12 16:15:28 [57,868ms] [Warning] [omni.physx.plugin] Invalid PhysX transform detected for /World/scene_0/controllable__r1__robot_xjwlog/left_gripper_link2.
2026-05-12 16:15:28 [57,868ms] [Warning] [omni.physx.plugin] Invalid PhysX transform detected for /World/scene_0/controllable__r1__robot_xjwlog/left_eef_link.
2026-05-12 16:15:28 [57,868ms] [Warning] [omni.physx.plugin] Invalid PhysX transform detected for /World/scene_0/controllable__r1__robot_xjwlog/right_gripper_link1.
2026-05-12 16:15:28 [57,868ms] [Warning] [omni.physx.plugin] Invalid PhysX transform detected for /World/scene_0/controllable__r1__robot_xjwlog/right_gripper_link2.
2026-05-12 16:15:28 [57,868ms] [Warning] [omni.physx.plugin] Invalid PhysX transform detected for /World/scene_0/controllable__r1__robot_xjwlog/right_eef_link.
2026-05-12 16:15:28 [57,949ms] [Warning] [omni.physx.plugin] Invalid PhysX transform detected for /World/scene_0/controllable__r1__robot_xjwlog/base_footprint_y.
2026-05-12 16:15:28 [57,949ms] [Warning] [omni.physx.plugin] Invalid PhysX transform detected for /World/scene_0/controllable__r1__robot_xjwlog/base_footprint_z.
2026-05-12 16:15:28 [57,949ms] [Warning] [omni.physx.plugin] Invalid PhysX transform detected for /World/scene_0/controllable__r1__robot_xjwlog/base_footprint_rx.
2026-05-12 16:15:28 [57,949ms] [Warning] [omni.physx.plugin] Invalid PhysX transform detected for /World/scene_0/controllable__r1__robot_xjwlog/base_footprint_ry.
2026-05-12 16:15:28 [57,949ms] [Warning] [omni.physx.plugin] Invalid PhysX transform detected for /World/scene_0/controllable__r1__robot_xjwlog/base_footprint_rz.
2026-05-12 16:15:28 [57,949ms] [Warning] [omni.physx.plugin] Invalid PhysX transform detected for /World/scene_0/controllable__r1__robot_xjwlog/base_link.
2026-05-12 16:15:28 [57,949ms] [Warning] [omni.physx.plugin] Invalid PhysX transform detected for /World/scene_0/controllable__r1__robot_xjwlog/servo_link1.
2026-05-12 16:15:28 [57,949ms] [Warning] [omni.physx.plugin] Invalid PhysX transform detected for /World/scene_0/controllable__r1__robot_xjwlog/servo_link2.
2026-05-12 16:15:28 [57,949ms] [Warning] [omni.physx.plugin] Invalid PhysX transform detected for /World/scene_0/controllable__r1__robot_xjwlog/servo_link3.
2026-05-12 16:15:28 [57,949ms] [Warning] [omni.physx.plugin] Invalid PhysX transform detected for /World/scene_0/controllable__r1__robot_xjwlog/torso_link1.
2026-05-12 16:15:28 [57,949ms] [Warning] [omni.physx.plugin] Invalid PhysX transform detected for /World/scene_0/controllable__r1__robot_xjwlog/wheel_link1.
2026-05-12 16:15:28 [57,949ms] [Warning] [omni.physx.plugin] Invalid PhysX transform detected for /World/scene_0/controllable__r1__robot_xjwlog/wheel_link2.
2026-05-12 16:15:28 [57,949ms] [Warning] [omni.physx.plugin] Invalid PhysX transform detected for /World/scene_0/controllable__r1__robot_xjwlog/wheel_link3.
2026-05-12 16:15:28 [57,949ms] [Warning] [omni.physx.plugin] Invalid PhysX transform detected for /World/scene_0/controllable__r1__robot_xjwlog/torso_link2.
2026-05-12 16:15:28 [57,949ms] [Warning] [omni.physx.plugin] Invalid PhysX transform detected for /World/scene_0/controllable__r1__robot_xjwlog/torso_link3.
2026-05-12 16:15:28 [57,949ms] [Warning] [omni.physx.plugin] Invalid PhysX transform detected for /World/scene_0/controllable__r1__robot_xjwlog/torso_link4.
2026-05-12 16:15:28 [57,949ms] [Warning] [omni.physx.plugin] Invalid PhysX transform detected for /World/scene_0/controllable__r1__robot_xjwlog/left_arm_link1.
2026-05-12 16:15:28 [57,949ms] [Warning] [omni.physx.plugin] Invalid PhysX transform detected for /World/scene_0/controllable__r1__robot_xjwlog/right_arm_link1.
2026-05-12 16:15:28 [57,949ms] [Warning] [omni.physx.plugin] Invalid PhysX transform detected for /World/scene_0/controllable__r1__robot_xjwlog/eyes.
2026-05-12 16:15:28 [57,949ms] [Warning] [omni.physx.plugin] Invalid PhysX transform detected for /World/scene_0/controllable__r1__robot_xjwlog/left_arm_link2.
2026-05-12 16:15:28 [57,949ms] [Warning] [omni.physx.plugin] Invalid PhysX transform detected for /World/scene_0/controllable__r1__robot_xjwlog/right_arm_link2.
2026-05-12 16:15:28 [57,949ms] [Warning] [omni.physx.plugin] Invalid PhysX transform detected for /World/scene_0/controllable__r1__robot_xjwlog/left_arm_link3.
2026-05-12 16:15:28 [57,949ms] [Warning] [omni.physx.plugin] Invalid PhysX transform detected for /World/scene_0/controllable__r1__robot_xjwlog/right_arm_link3.
2026-05-12 16:15:28 [57,949ms] [Warning] [omni.physx.plugin] Invalid PhysX transform detected for /World/scene_0/controllable__r1__robot_xjwlog/left_arm_link4.
2026-05-12 16:15:28 [57,949ms] [Warning] [omni.physx.plugin] Invalid PhysX transform detected for /World/scene_0/controllable__r1__robot_xjwlog/right_arm_link4.
2026-05-12 16:15:28 [57,949ms] [Warning] [omni.physx.plugin] Invalid PhysX transform detected for /World/scene_0/controllable__r1__robot_xjwlog/left_arm_link5.
2026-05-12 16:15:28 [57,949ms] [Warning] [omni.physx.plugin] Invalid PhysX transform detected for /World/scene_0/controllable__r1__robot_xjwlog/right_arm_link5.
2026-05-12 16:15:28 [57,949ms] [Warning] [omni.physx.plugin] Invalid PhysX transform detected for /World/scene_0/controllable__r1__robot_xjwlog/left_arm_link6.
2026-05-12 16:15:28 [57,949ms] [Warning] [omni.physx.plugin] Invalid PhysX transform detected for /World/scene_0/controllable__r1__robot_xjwlog/right_arm_link6.
2026-05-12 16:15:28 [57,949ms] [Warning] [omni.physx.plugin] Invalid PhysX transform detected for /World/scene_0/controllable__r1__robot_xjwlog/left_gripper_link1.
2026-05-12 16:15:28 [57,949ms] [Warning] [omni.physx.plugin] Invalid PhysX transform detected for /World/scene_0/controllable__r1__robot_xjwlog/left_gripper_link2.
2026-05-12 16:15:28 [57,949ms] [Warning] [omni.physx.plugin] Invalid PhysX transform detected for /World/scene_0/controllable__r1__robot_xjwlog/left_eef_link.
2026-05-12 16:15:28 [57,949ms] [Warning] [omni.physx.plugin] Invalid PhysX transform detected for /World/scene_0/controllable__r1__robot_xjwlog/right_gripper_link1.
2026-05-12 16:15:28 [57,949ms] [Warning] [omni.physx.plugin] Invalid PhysX transform detected for /World/scene_0/controllable__r1__robot_xjwlog/right_gripper_link2.
2026-05-12 16:15:28 [57,949ms] [Warning] [omni.physx.plugin] Invalid PhysX transform detected for /World/scene_0/controllable__r1__robot_xjwlog/right_eef_link.
2026-05-12 16:15:28 [58,030ms] [Warning] [omni.physx.plugin] Invalid PhysX transform detected for /World/scene_0/controllable__r1__robot_xjwlog/base_footprint_y.
2026-05-12 16:15:28 [58,030ms] [Warning] [omni.physx.plugin] Invalid PhysX transform detected for /World/scene_0/controllable__r1__robot_xjwlog/base_footprint_z.
2026-05-12 16:15:28 [58,030ms] [Warning] [omni.physx.plugin] Invalid PhysX transform detected for /World/scene_0/controllable__r1__robot_xjwlog/base_footprint_rx.
2026-05-12 16:15:28 [58,030ms] [Warning] [omni.physx.plugin] Invalid PhysX transform detected for /World/scene_0/controllable__r1__robot_xjwlog/base_footprint_ry.
2026-05-12 16:15:28 [58,030ms] [Warning] [omni.physx.plugin] Invalid PhysX transform detected for /World/scene_0/controllable__r1__robot_xjwlog/base_footprint_rz.
2026-05-12 16:15:28 [58,030ms] [Warning] [omni.physx.plugin] Invalid PhysX transform detected for /World/scene_0/controllable__r1__robot_xjwlog/base_link.
2026-05-12 16:15:28 [58,030ms] [Warning] [omni.physx.plugin] Invalid PhysX transform detected for /World/scene_0/controllable__r1__robot_xjwlog/servo_link1.
2026-05-12 16:15:28 [58,030ms] [Warning] [omni.physx.plugin] Invalid PhysX transform detected for /World/scene_0/controllable__r1__robot_xjwlog/servo_link2.
2026-05-12 16:15:28 [58,030ms] [Warning] [omni.physx.plugin] Invalid PhysX transform detected for /World/scene_0/controllable__r1__robot_xjwlog/servo_link3.
2026-05-12 16:15:28 [58,030ms] [Warning] [omni.physx.plugin] Invalid PhysX transform detected for /World/scene_0/controllable__r1__robot_xjwlog/torso_link1.
2026-05-12 16:15:28 [58,030ms] [Warning] [omni.physx.plugin] Invalid PhysX transform detected for /World/scene_0/controllable__r1__robot_xjwlog/wheel_link1.
2026-05-12 16:15:28 [58,030ms] [Warning] [omni.physx.plugin] Invalid PhysX transform detected for /World/scene_0/controllable__r1__robot_xjwlog/wheel_link2.
2026-05-12 16:15:28 [58,030ms] [Warning] [omni.physx.plugin] Invalid PhysX transform detected for /World/scene_0/controllable__r1__robot_xjwlog/wheel_link3.
2026-05-12 16:15:28 [58,030ms] [Warning] [omni.physx.plugin] Invalid PhysX transform detected for /World/scene_0/controllable__r1__robot_xjwlog/torso_link2.
2026-05-12 16:15:28 [58,030ms] [Warning] [omni.physx.plugin] Invalid PhysX transform detected for /World/scene_0/controllable__r1__robot_xjwlog/torso_link3.
2026-05-12 16:15:28 [58,030ms] [Warning] [omni.physx.plugin] Invalid PhysX transform detected for /World/scene_0/controllable__r1__robot_xjwlog/torso_link4.
2026-05-12 16:15:28 [58,030ms] [Warning] [omni.physx.plugin] Invalid PhysX transform detected for /World/scene_0/controllable__r1__robot_xjwlog/left_arm_link1.
2026-05-12 16:15:28 [58,030ms] [Warning] [omni.physx.plugin] Invalid PhysX transform detected for /World/scene_0/controllable__r1__robot_xjwlog/right_arm_link1.
2026-05-12 16:15:28 [58,030ms] [Warning] [omni.physx.plugin] Invalid PhysX transform detected for /World/scene_0/controllable__r1__robot_xjwlog/eyes.
2026-05-12 16:15:28 [58,030ms] [Warning] [omni.physx.plugin] Invalid PhysX transform detected for /World/scene_0/controllable__r1__robot_xjwlog/left_arm_link2.
2026-05-12 16:15:28 [58,030ms] [Warning] [omni.physx.plugin] Invalid PhysX transform detected for /World/scene_0/controllable__r1__robot_xjwlog/right_arm_link2.
2026-05-12 16:15:28 [58,030ms] [Warning] [omni.physx.plugin] Invalid PhysX transform detected for /World/scene_0/controllable__r1__robot_xjwlog/left_arm_link3.
2026-05-12 16:15:28 [58,030ms] [Warning] [omni.physx.plugin] Invalid PhysX transform detected for /World/scene_0/controllable__r1__robot_xjwlog/right_arm_link3.
2026-05-12 16:15:28 [58,030ms] [Warning] [omni.physx.plugin] Invalid PhysX transform detected for /World/scene_0/controllable__r1__robot_xjwlog/left_arm_link4.
2026-05-12 16:15:28 [58,030ms] [Warning] [omni.physx.plugin] Invalid PhysX transform detected for /World/scene_0/controllable__r1__robot_xjwlog/right_arm_link4.
2026-05-12 16:15:28 [58,030ms] [Warning] [omni.physx.plugin] Invalid PhysX transform detected for /World/scene_0/controllable__r1__robot_xjwlog/left_arm_link5.
2026-05-12 16:15:28 [58,030ms] [Warning] [omni.physx.plugin] Invalid PhysX transform detected for /World/scene_0/controllable__r1__robot_xjwlog/right_arm_link5.
2026-05-12 16:15:28 [58,030ms] [Warning] [omni.physx.plugin] Invalid PhysX transform detected for /World/scene_0/controllable__r1__robot_xjwlog/left_arm_link6.
2026-05-12 16:15:28 [58,030ms] [Warning] [omni.physx.plugin] Invalid PhysX transform detected for /World/scene_0/controllable__r1__robot_xjwlog/right_arm_link6.
2026-05-12 16:15:28 [58,030ms] [Warning] [omni.physx.plugin] Invalid PhysX transform detected for /World/scene_0/controllable__r1__robot_xjwlog/left_gripper_link1.
2026-05-12 16:15:28 [58,030ms] [Warning] [omni.physx.plugin] Invalid PhysX transform detected for /World/scene_0/controllable__r1__robot_xjwlog/left_gripper_link2.
2026-05-12 16:15:28 [58,030ms] [Warning] [omni.physx.plugin] Invalid PhysX transform detected for /World/scene_0/controllable__r1__robot_xjwlog/left_eef_link.
2026-05-12 16:15:28 [58,030ms] [Warning] [omni.physx.plugin] Invalid PhysX transform detected for /World/scene_0/controllable__r1__robot_xjwlog/right_gripper_link1.
2026-05-12 16:15:28 [58,030ms] [Warning] [omni.physx.plugin] Invalid PhysX transform detected for /World/scene_0/controllable__r1__robot_xjwlog/right_gripper_link2.
2026-05-12 16:15:28 [58,030ms] [Warning] [omni.physx.plugin] Invalid PhysX transform detected for /World/scene_0/controllable__r1__robot_xjwlog/right_eef_link.
2026-05-12 16:15:28 [58,113ms] [Warning] [omni.physx.plugin] Invalid PhysX transform detected for /World/scene_0/controllable__r1__robot_xjwlog/base_footprint_y.
2026-05-12 16:15:28 [58,113ms] [Warning] [omni.physx.plugin] Invalid PhysX transform detected for /World/scene_0/controllable__r1__robot_xjwlog/base_footprint_z.
2026-05-12 16:15:28 [58,113ms] [Warning] [omni.physx.plugin] Invalid PhysX transform detected for /World/scene_0/controllable__r1__robot_xjwlog/base_footprint_rx.
2026-05-12 16:15:28 [58,113ms] [Warning] [omni.physx.plugin] Invalid PhysX transform detected for /World/scene_0/controllable__r1__robot_xjwlog/base_footprint_ry.
2026-05-12 16:15:28 [58,113ms] [Warning] [omni.physx.plugin] Invalid PhysX transform detected for /World/scene_0/controllable__r1__robot_xjwlog/base_footprint_rz.
2026-05-12 16:15:28 [58,113ms] [Warning] [omni.physx.plugin] Invalid PhysX transform detected for /World/scene_0/controllable__r1__robot_xjwlog/base_link.
2026-05-12 16:15:28 [58,113ms] [Warning] [omni.physx.plugin] Invalid PhysX transform detected for /World/scene_0/controllable__r1__robot_xjwlog/servo_link1.
2026-05-12 16:15:28 [58,113ms] [Warning] [omni.physx.plugin] Invalid PhysX transform detected for /World/scene_0/controllable__r1__robot_xjwlog/servo_link2.
2026-05-12 16:15:28 [58,113ms] [Warning] [omni.physx.plugin] Invalid PhysX transform detected for /World/scene_0/controllable__r1__robot_xjwlog/servo_link3.
2026-05-12 16:15:28 [58,113ms] [Warning] [omni.physx.plugin] Invalid PhysX transform detected for /World/scene_0/controllable__r1__robot_xjwlog/torso_link1.
2026-05-12 16:15:28 [58,113ms] [Warning] [omni.physx.plugin] Invalid PhysX transform detected for /World/scene_0/controllable__r1__robot_xjwlog/wheel_link1.
2026-05-12 16:15:28 [58,113ms] [Warning] [omni.physx.plugin] Invalid PhysX transform detected for /World/scene_0/controllable__r1__robot_xjwlog/wheel_link2.
2026-05-12 16:15:28 [58,113ms] [Warning] [omni.physx.plugin] Invalid PhysX transform detected for /World/scene_0/controllable__r1__robot_xjwlog/wheel_link3.
2026-05-12 16:15:28 [58,113ms] [Warning] [omni.physx.plugin] Invalid PhysX transform detected for /World/scene_0/controllable__r1__robot_xjwlog/torso_link2.
2026-05-12 16:15:28 [58,113ms] [Warning] [omni.physx.plugin] Invalid PhysX transform detected for /World/scene_0/controllable__r1__robot_xjwlog/torso_link3.
2026-05-12 16:15:28 [58,113ms] [Warning] [omni.physx.plugin] Invalid PhysX transform detected for /World/scene_0/controllable__r1__robot_xjwlog/torso_link4.
2026-05-12 16:15:28 [58,113ms] [Warning] [omni.physx.plugin] Invalid PhysX transform detected for /World/scene_0/controllable__r1__robot_xjwlog/left_arm_link1.
2026-05-12 16:15:28 [58,113ms] [Warning] [omni.physx.plugin] Invalid PhysX transform detected for /World/scene_0/controllable__r1__robot_xjwlog/right_arm_link1.
2026-05-12 16:15:28 [58,113ms] [Warning] [omni.physx.plugin] Invalid PhysX transform detected for /World/scene_0/controllable__r1__robot_xjwlog/eyes.
2026-05-12 16:15:28 [58,113ms] [Warning] [omni.physx.plugin] Invalid PhysX transform detected for /World/scene_0/controllable__r1__robot_xjwlog/left_arm_link2.
2026-05-12 16:15:28 [58,113ms] [Warning] [omni.physx.plugin] Invalid PhysX transform detected for /World/scene_0/controllable__r1__robot_xjwlog/right_arm_link2.
2026-05-12 16:15:28 [58,113ms] [Warning] [omni.physx.plugin] Invalid PhysX transform detected for /World/scene_0/controllable__r1__robot_xjwlog/left_arm_link3.
2026-05-12 16:15:28 [58,113ms] [Warning] [omni.physx.plugin] Invalid PhysX transform detected for /World/scene_0/controllable__r1__robot_xjwlog/right_arm_link3.
2026-05-12 16:15:28 [58,113ms] [Warning] [omni.physx.plugin] Invalid PhysX transform detected for /World/scene_0/controllable__r1__robot_xjwlog/left_arm_link4.
2026-05-12 16:15:28 [58,113ms] [Warning] [omni.physx.plugin] Invalid PhysX transform detected for /World/scene_0/controllable__r1__robot_xjwlog/right_arm_link4.
2026-05-12 16:15:28 [58,113ms] [Warning] [omni.physx.plugin] Invalid PhysX transform detected for /World/scene_0/controllable__r1__robot_xjwlog/left_arm_link5.
2026-05-12 16:15:28 [58,113ms] [Warning] [omni.physx.plugin] Invalid PhysX transform detected for /World/scene_0/controllable__r1__robot_xjwlog/right_arm_link5.
2026-05-12 16:15:28 [58,113ms] [Warning] [omni.physx.plugin] Invalid PhysX transform detected for /World/scene_0/controllable__r1__robot_xjwlog/left_arm_link6.
2026-05-12 16:15:28 [58,113ms] [Warning] [omni.physx.plugin] Invalid PhysX transform detected for /World/scene_0/controllable__r1__robot_xjwlog/right_arm_link6.
2026-05-12 16:15:28 [58,113ms] [Warning] [omni.physx.plugin] Invalid PhysX transform detected for /World/scene_0/controllable__r1__robot_xjwlog/left_gripper_link1.
2026-05-12 16:15:28 [58,113ms] [Warning] [omni.physx.plugin] Invalid PhysX transform detected for /World/scene_0/controllable__r1__robot_xjwlog/left_gripper_link2.
2026-05-12 16:15:28 [58,113ms] [Warning] [omni.physx.plugin] Invalid PhysX transform detected for /World/scene_0/controllable__r1__robot_xjwlog/left_eef_link.
2026-05-12 16:15:28 [58,113ms] [Warning] [omni.physx.plugin] Invalid PhysX transform detected for /World/scene_0/controllable__r1__robot_xjwlog/right_gripper_link1.
2026-05-12 16:15:28 [58,113ms] [Warning] [omni.physx.plugin] Invalid PhysX transform detected for /World/scene_0/controllable__r1__robot_xjwlog/right_gripper_link2.
2026-05-12 16:15:28 [58,113ms] [Warning] [omni.physx.plugin] Invalid PhysX transform detected for /World/scene_0/controllable__r1__robot_xjwlog/right_eef_link.
2026-05-12 16:15:28 [58,196ms] [Warning] [omni.physx.plugin] Invalid PhysX transform detected for /World/scene_0/controllable__r1__robot_xjwlog/base_footprint_y.
2026-05-12 16:15:28 [58,196ms] [Warning] [omni.physx.plugin] Invalid PhysX transform detected for /World/scene_0/controllable__r1__robot_xjwlog/base_footprint_z.
2026-05-12 16:15:28 [58,196ms] [Warning] [omni.physx.plugin] Invalid PhysX transform detected for /World/scene_0/controllable__r1__robot_xjwlog/base_footprint_rx.
2026-05-12 16:15:28 [58,196ms] [Warning] [omni.physx.plugin] Invalid PhysX transform detected for /World/scene_0/controllable__r1__robot_xjwlog/base_footprint_ry.
2026-05-12 16:15:28 [58,196ms] [Warning] [omni.physx.plugin] Invalid PhysX transform detected for /World/scene_0/controllable__r1__robot_xjwlog/base_footprint_rz.
2026-05-12 16:15:28 [58,196ms] [Warning] [omni.physx.plugin] Invalid PhysX transform detected for /World/scene_0/controllable__r1__robot_xjwlog/base_link.
2026-05-12 16:15:28 [58,196ms] [Warning] [omni.physx.plugin] Invalid PhysX transform detected for /World/scene_0/controllable__r1__robot_xjwlog/servo_link1.
2026-05-12 16:15:28 [58,196ms] [Warning] [omni.physx.plugin] Invalid PhysX transform detected for /World/scene_0/controllable__r1__robot_xjwlog/servo_link2.
2026-05-12 16:15:28 [58,196ms] [Warning] [omni.physx.plugin] Invalid PhysX transform detected for /World/scene_0/controllable__r1__robot_xjwlog/servo_link3.
2026-05-12 16:15:28 [58,196ms] [Warning] [omni.physx.plugin] Invalid PhysX transform detected for /World/scene_0/controllable__r1__robot_xjwlog/torso_link1.
2026-05-12 16:15:28 [58,196ms] [Warning] [omni.physx.plugin] Invalid PhysX transform detected for /World/scene_0/controllable__r1__robot_xjwlog/wheel_link1.
2026-05-12 16:15:28 [58,196ms] [Warning] [omni.physx.plugin] Invalid PhysX transform detected for /World/scene_0/controllable__r1__robot_xjwlog/wheel_link2.
2026-05-12 16:15:28 [58,196ms] [Warning] [omni.physx.plugin] Invalid PhysX transform detected for /World/scene_0/controllable__r1__robot_xjwlog/wheel_link3.
2026-05-12 16:15:28 [58,196ms] [Warning] [omni.physx.plugin] Invalid PhysX transform detected for /World/scene_0/controllable__r1__robot_xjwlog/torso_link2.
2026-05-12 16:15:28 [58,196ms] [Warning] [omni.physx.plugin] Invalid PhysX transform detected for /World/scene_0/controllable__r1__robot_xjwlog/torso_link3.
2026-05-12 16:15:28 [58,196ms] [Warning] [omni.physx.plugin] Invalid PhysX transform detected for /World/scene_0/controllable__r1__robot_xjwlog/torso_link4.
2026-05-12 16:15:28 [58,196ms] [Warning] [omni.physx.plugin] Invalid PhysX transform detected for /World/scene_0/controllable__r1__robot_xjwlog/left_arm_link1.
2026-05-12 16:15:28 [58,196ms] [Warning] [omni.physx.plugin] Invalid PhysX transform detected for /World/scene_0/controllable__r1__robot_xjwlog/right_arm_link1.
2026-05-12 16:15:28 [58,196ms] [Warning] [omni.physx.plugin] Invalid PhysX transform detected for /World/scene_0/controllable__r1__robot_xjwlog/eyes.
2026-05-12 16:15:28 [58,196ms] [Warning] [omni.physx.plugin] Invalid PhysX transform detected for /World/scene_0/controllable__r1__robot_xjwlog/left_arm_link2.
2026-05-12 16:15:28 [58,196ms] [Warning] [omni.physx.plugin] Invalid PhysX transform detected for /World/scene_0/controllable__r1__robot_xjwlog/right_arm_link2.
2026-05-12 16:15:28 [58,196ms] [Warning] [omni.physx.plugin] Invalid PhysX transform detected for /World/scene_0/controllable__r1__robot_xjwlog/left_arm_link3.
2026-05-12 16:15:28 [58,196ms] [Warning] [omni.physx.plugin] Invalid PhysX transform detected for /World/scene_0/controllable__r1__robot_xjwlog/right_arm_link3.
2026-05-12 16:15:28 [58,196ms] [Warning] [omni.physx.plugin] Invalid PhysX transform detected for /World/scene_0/controllable__r1__robot_xjwlog/left_arm_link4.
2026-05-12 16:15:28 [58,196ms] [Warning] [omni.physx.plugin] Invalid PhysX transform detected for /World/scene_0/controllable__r1__robot_xjwlog/right_arm_link4.
2026-05-12 16:15:28 [58,196ms] [Warning] [omni.physx.plugin] Invalid PhysX transform detected for /World/scene_0/controllable__r1__robot_xjwlog/left_arm_link5.
2026-05-12 16:15:28 [58,196ms] [Warning] [omni.physx.plugin] Invalid PhysX transform detected for /World/scene_0/controllable__r1__robot_xjwlog/right_arm_link5.
2026-05-12 16:15:28 [58,196ms] [Warning] [omni.physx.plugin] Invalid PhysX transform detected for /World/scene_0/controllable__r1__robot_xjwlog/left_arm_link6.
2026-05-12 16:15:28 [58,196ms] [Warning] [omni.physx.plugin] Invalid PhysX transform detected for /World/scene_0/controllable__r1__robot_xjwlog/right_arm_link6.
2026-05-12 16:15:28 [58,196ms] [Warning] [omni.physx.plugin] Invalid PhysX transform detected for /World/scene_0/controllable__r1__robot_xjwlog/left_gripper_link1.
2026-05-12 16:15:28 [58,196ms] [Warning] [omni.physx.plugin] Invalid PhysX transform detected for /World/scene_0/controllable__r1__robot_xjwlog/left_gripper_link2.
2026-05-12 16:15:28 [58,196ms] [Warning] [omni.physx.plugin] Invalid PhysX transform detected for /World/scene_0/controllable__r1__robot_xjwlog/left_eef_link.
2026-05-12 16:15:28 [58,196ms] [Warning] [omni.physx.plugin] Invalid PhysX transform detected for /World/scene_0/controllable__r1__robot_xjwlog/right_gripper_link1.
2026-05-12 16:15:28 [58,196ms] [Warning] [omni.physx.plugin] Invalid PhysX transform detected for /World/scene_0/controllable__r1__robot_xjwlog/right_gripper_link2.
2026-05-12 16:15:28 [58,196ms] [Warning] [omni.physx.plugin] Invalid PhysX transform detected for /World/scene_0/controllable__r1__robot_xjwlog/right_eef_link.
2026-05-12 16:15:28 [58,279ms] [Warning] [omni.physx.plugin] Invalid PhysX transform detected for /World/scene_0/controllable__r1__robot_xjwlog/base_footprint_y.
2026-05-12 16:15:28 [58,279ms] [Warning] [omni.physx.plugin] Invalid PhysX transform detected for /World/scene_0/controllable__r1__robot_xjwlog/base_footprint_z.
2026-05-12 16:15:28 [58,279ms] [Warning] [omni.physx.plugin] Invalid PhysX transform detected for /World/scene_0/controllable__r1__robot_xjwlog/base_footprint_rx.
2026-05-12 16:15:28 [58,279ms] [Warning] [omni.physx.plugin] Invalid PhysX transform detected for /World/scene_0/controllable__r1__robot_xjwlog/base_footprint_ry.
2026-05-12 16:15:28 [58,279ms] [Warning] [omni.physx.plugin] Invalid PhysX transform detected for /World/scene_0/controllable__r1__robot_xjwlog/base_footprint_rz.
2026-05-12 16:15:28 [58,279ms] [Warning] [omni.physx.plugin] Invalid PhysX transform detected for /World/scene_0/controllable__r1__robot_xjwlog/base_link.
2026-05-12 16:15:28 [58,280ms] [Warning] [omni.physx.plugin] Invalid PhysX transform detected for /World/scene_0/controllable__r1__robot_xjwlog/servo_link1.
2026-05-12 16:15:28 [58,280ms] [Warning] [omni.physx.plugin] Invalid PhysX transform detected for /World/scene_0/controllable__r1__robot_xjwlog/servo_link2.
2026-05-12 16:15:28 [58,280ms] [Warning] [omni.physx.plugin] Invalid PhysX transform detected for /World/scene_0/controllable__r1__robot_xjwlog/servo_link3.
2026-05-12 16:15:28 [58,280ms] [Warning] [omni.physx.plugin] Invalid PhysX transform detected for /World/scene_0/controllable__r1__robot_xjwlog/torso_link1.
2026-05-12 16:15:28 [58,280ms] [Warning] [omni.physx.plugin] Invalid PhysX transform detected for /World/scene_0/controllable__r1__robot_xjwlog/wheel_link1.
2026-05-12 16:15:28 [58,280ms] [Warning] [omni.physx.plugin] Invalid PhysX transform detected for /World/scene_0/controllable__r1__robot_xjwlog/wheel_link2.
2026-05-12 16:15:28 [58,280ms] [Warning] [omni.physx.plugin] Invalid PhysX transform detected for /World/scene_0/controllable__r1__robot_xjwlog/wheel_link3.
2026-05-12 16:15:28 [58,280ms] [Warning] [omni.physx.plugin] Invalid PhysX transform detected for /World/scene_0/controllable__r1__robot_xjwlog/torso_link2.
2026-05-12 16:15:28 [58,280ms] [Warning] [omni.physx.plugin] Invalid PhysX transform detected for /World/scene_0/controllable__r1__robot_xjwlog/torso_link3.
2026-05-12 16:15:28 [58,280ms] [Warning] [omni.physx.plugin] Invalid PhysX transform detected for /World/scene_0/controllable__r1__robot_xjwlog/torso_link4.
2026-05-12 16:15:28 [58,280ms] [Warning] [omni.physx.plugin] Invalid PhysX transform detected for /World/scene_0/controllable__r1__robot_xjwlog/left_arm_link1.
2026-05-12 16:15:28 [58,280ms] [Warning] [omni.physx.plugin] Invalid PhysX transform detected for /World/scene_0/controllable__r1__robot_xjwlog/right_arm_link1.
2026-05-12 16:15:28 [58,280ms] [Warning] [omni.physx.plugin] Invalid PhysX transform detected for /World/scene_0/controllable__r1__robot_xjwlog/eyes.
2026-05-12 16:15:28 [58,280ms] [Warning] [omni.physx.plugin] Invalid PhysX transform detected for /World/scene_0/controllable__r1__robot_xjwlog/left_arm_link2.
2026-05-12 16:15:28 [58,280ms] [Warning] [omni.physx.plugin] Invalid PhysX transform detected for /World/scene_0/controllable__r1__robot_xjwlog/right_arm_link2.
2026-05-12 16:15:28 [58,280ms] [Warning] [omni.physx.plugin] Invalid PhysX transform detected for /World/scene_0/controllable__r1__robot_xjwlog/left_arm_link3.
2026-05-12 16:15:28 [58,280ms] [Warning] [omni.physx.plugin] Invalid PhysX transform detected for /World/scene_0/controllable__r1__robot_xjwlog/right_arm_link3.
2026-05-12 16:15:28 [58,280ms] [Warning] [omni.physx.plugin] Invalid PhysX transform detected for /World/scene_0/controllable__r1__robot_xjwlog/left_arm_link4.
2026-05-12 16:15:28 [58,280ms] [Warning] [omni.physx.plugin] Invalid PhysX transform detected for /World/scene_0/controllable__r1__robot_xjwlog/right_arm_link4.
2026-05-12 16:15:28 [58,280ms] [Warning] [omni.physx.plugin] Invalid PhysX transform detected for /World/scene_0/controllable__r1__robot_xjwlog/left_arm_link5.
2026-05-12 16:15:28 [58,280ms] [Warning] [omni.physx.plugin] Invalid PhysX transform detected for /World/scene_0/controllable__r1__robot_xjwlog/right_arm_link5.
2026-05-12 16:15:28 [58,280ms] [Warning] [omni.physx.plugin] Invalid PhysX transform detected for /World/scene_0/controllable__r1__robot_xjwlog/left_arm_link6.
2026-05-12 16:15:28 [58,280ms] [Warning] [omni.physx.plugin] Invalid PhysX transform detected for /World/scene_0/controllable__r1__robot_xjwlog/right_arm_link6.
2026-05-12 16:15:28 [58,280ms] [Warning] [omni.physx.plugin] Invalid PhysX transform detected for /World/scene_0/controllable__r1__robot_xjwlog/left_gripper_link1.
2026-05-12 16:15:28 [58,280ms] [Warning] [omni.physx.plugin] Invalid PhysX transform detected for /World/scene_0/controllable__r1__robot_xjwlog/left_gripper_link2.
2026-05-12 16:15:28 [58,280ms] [Warning] [omni.physx.plugin] Invalid PhysX transform detected for /World/scene_0/controllable__r1__robot_xjwlog/left_eef_link.
2026-05-12 16:15:28 [58,280ms] [Warning] [omni.physx.plugin] Invalid PhysX transform detected for /World/scene_0/controllable__r1__robot_xjwlog/right_gripper_link1.
2026-05-12 16:15:28 [58,280ms] [Warning] [omni.physx.plugin] Invalid PhysX transform detected for /World/scene_0/controllable__r1__robot_xjwlog/right_gripper_link2.
2026-05-12 16:15:28 [58,280ms] [Warning] [omni.physx.plugin] Invalid PhysX transform detected for /World/scene_0/controllable__r1__robot_xjwlog/right_eef_link.
2026-05-12 16:15:28 [58,370ms] [Warning] [omni.physx.plugin] Invalid PhysX transform detected for /World/scene_0/controllable__r1__robot_xjwlog/base_footprint_y.
2026-05-12 16:15:28 [58,370ms] [Warning] [omni.physx.plugin] Invalid PhysX transform detected for /World/scene_0/controllable__r1__robot_xjwlog/base_footprint_z.
2026-05-12 16:15:28 [58,370ms] [Warning] [omni.physx.plugin] Invalid PhysX transform detected for /World/scene_0/controllable__r1__robot_xjwlog/base_footprint_rx.
2026-05-12 16:15:28 [58,370ms] [Warning] [omni.physx.plugin] Invalid PhysX transform detected for /World/scene_0/controllable__r1__robot_xjwlog/base_footprint_ry.
2026-05-12 16:15:28 [58,370ms] [Warning] [omni.physx.plugin] Invalid PhysX transform detected for /World/scene_0/controllable__r1__robot_xjwlog/base_footprint_rz.
2026-05-12 16:15:28 [58,370ms] [Warning] [omni.physx.plugin] Invalid PhysX transform detected for /World/scene_0/controllable__r1__robot_xjwlog/base_link.
2026-05-12 16:15:28 [58,370ms] [Warning] [omni.physx.plugin] Invalid PhysX transform detected for /World/scene_0/controllable__r1__robot_xjwlog/servo_link1.
2026-05-12 16:15:28 [58,370ms] [Warning] [omni.physx.plugin] Invalid PhysX transform detected for /World/scene_0/controllable__r1__robot_xjwlog/servo_link2.
2026-05-12 16:15:28 [58,370ms] [Warning] [omni.physx.plugin] Invalid PhysX transform detected for /World/scene_0/controllable__r1__robot_xjwlog/servo_link3.
2026-05-12 16:15:28 [58,370ms] [Warning] [omni.physx.plugin] Invalid PhysX transform detected for /World/scene_0/controllable__r1__robot_xjwlog/torso_link1.
2026-05-12 16:15:28 [58,370ms] [Warning] [omni.physx.plugin] Invalid PhysX transform detected for /World/scene_0/controllable__r1__robot_xjwlog/wheel_link1.
2026-05-12 16:15:28 [58,370ms] [Warning] [omni.physx.plugin] Invalid PhysX transform detected for /World/scene_0/controllable__r1__robot_xjwlog/wheel_link2.
2026-05-12 16:15:28 [58,370ms] [Warning] [omni.physx.plugin] Invalid PhysX transform detected for /World/scene_0/controllable__r1__robot_xjwlog/wheel_link3.
2026-05-12 16:15:28 [58,370ms] [Warning] [omni.physx.plugin] Invalid PhysX transform detected for /World/scene_0/controllable__r1__robot_xjwlog/torso_link2.
2026-05-12 16:15:28 [58,370ms] [Warning] [omni.physx.plugin] Invalid PhysX transform detected for /World/scene_0/controllable__r1__robot_xjwlog/torso_link3.
2026-05-12 16:15:28 [58,370ms] [Warning] [omni.physx.plugin] Invalid PhysX transform detected for /World/scene_0/controllable__r1__robot_xjwlog/torso_link4.
2026-05-12 16:15:28 [58,370ms] [Warning] [omni.physx.plugin] Invalid PhysX transform detected for /World/scene_0/controllable__r1__robot_xjwlog/left_arm_link1.
2026-05-12 16:15:28 [58,370ms] [Warning] [omni.physx.plugin] Invalid PhysX transform detected for /World/scene_0/controllable__r1__robot_xjwlog/right_arm_link1.
2026-05-12 16:15:28 [58,370ms] [Warning] [omni.physx.plugin] Invalid PhysX transform detected for /World/scene_0/controllable__r1__robot_xjwlog/eyes.
2026-05-12 16:15:28 [58,370ms] [Warning] [omni.physx.plugin] Invalid PhysX transform detected for /World/scene_0/controllable__r1__robot_xjwlog/left_arm_link2.
2026-05-12 16:15:28 [58,370ms] [Warning] [omni.physx.plugin] Invalid PhysX transform detected for /World/scene_0/controllable__r1__robot_xjwlog/right_arm_link2.
2026-05-12 16:15:28 [58,370ms] [Warning] [omni.physx.plugin] Invalid PhysX transform detected for /World/scene_0/controllable__r1__robot_xjwlog/left_arm_link3.
2026-05-12 16:15:28 [58,370ms] [Warning] [omni.physx.plugin] Invalid PhysX transform detected for /World/scene_0/controllable__r1__robot_xjwlog/right_arm_link3.
2026-05-12 16:15:28 [58,371ms] [Warning] [omni.physx.plugin] Invalid PhysX transform detected for /World/scene_0/controllable__r1__robot_xjwlog/left_arm_link4.
2026-05-12 16:15:28 [58,371ms] [Warning] [omni.physx.plugin] Invalid PhysX transform detected for /World/scene_0/controllable__r1__robot_xjwlog/right_arm_link4.
2026-05-12 16:15:28 [58,371ms] [Warning] [omni.physx.plugin] Invalid PhysX transform detected for /World/scene_0/controllable__r1__robot_xjwlog/left_arm_link5.
2026-05-12 16:15:28 [58,371ms] [Warning] [omni.physx.plugin] Invalid PhysX transform detected for /World/scene_0/controllable__r1__robot_xjwlog/right_arm_link5.
2026-05-12 16:15:28 [58,371ms] [Warning] [omni.physx.plugin] Invalid PhysX transform detected for /World/scene_0/controllable__r1__robot_xjwlog/left_arm_link6.
2026-05-12 16:15:28 [58,371ms] [Warning] [omni.physx.plugin] Invalid PhysX transform detected for /World/scene_0/controllable__r1__robot_xjwlog/right_arm_link6.
2026-05-12 16:15:28 [58,371ms] [Warning] [omni.physx.plugin] Invalid PhysX transform detected for /World/scene_0/controllable__r1__robot_xjwlog/left_gripper_link1.
2026-05-12 16:15:28 [58,371ms] [Warning] [omni.physx.plugin] Invalid PhysX transform detected for /World/scene_0/controllable__r1__robot_xjwlog/left_gripper_link2.
2026-05-12 16:15:28 [58,371ms] [Warning] [omni.physx.plugin] Invalid PhysX transform detected for /World/scene_0/controllable__r1__robot_xjwlog/left_eef_link.
2026-05-12 16:15:28 [58,371ms] [Warning] [omni.physx.plugin] Invalid PhysX transform detected for /World/scene_0/controllable__r1__robot_xjwlog/right_gripper_link1.
2026-05-12 16:15:28 [58,371ms] [Warning] [omni.physx.plugin] Invalid PhysX transform detected for /World/scene_0/controllable__r1__robot_xjwlog/right_gripper_link2.
2026-05-12 16:15:28 [58,371ms] [Warning] [omni.physx.plugin] Invalid PhysX transform detected for /World/scene_0/controllable__r1__robot_xjwlog/right_eef_link.
2026-05-12 16:15:28 [58,463ms] [Warning] [omni.physx.plugin] Invalid PhysX transform detected for /World/scene_0/controllable__r1__robot_xjwlog/base_footprint_y.
2026-05-12 16:15:28 [58,463ms] [Warning] [omni.physx.plugin] Invalid PhysX transform detected for /World/scene_0/controllable__r1__robot_xjwlog/base_footprint_z.
2026-05-12 16:15:28 [58,464ms] [Warning] [omni.physx.plugin] Invalid PhysX transform detected for /World/scene_0/controllable__r1__robot_xjwlog/base_footprint_rx.
2026-05-12 16:15:28 [58,464ms] [Warning] [omni.physx.plugin] Invalid PhysX transform detected for /World/scene_0/controllable__r1__robot_xjwlog/base_footprint_ry.
2026-05-12 16:15:28 [58,464ms] [Warning] [omni.physx.plugin] Invalid PhysX transform detected for /World/scene_0/controllable__r1__robot_xjwlog/base_footprint_rz.
2026-05-12 16:15:28 [58,464ms] [Warning] [omni.physx.plugin] Invalid PhysX transform detected for /World/scene_0/controllable__r1__robot_xjwlog/base_link.
2026-05-12 16:15:28 [58,464ms] [Warning] [omni.physx.plugin] Invalid PhysX transform detected for /World/scene_0/controllable__r1__robot_xjwlog/servo_link1.
2026-05-12 16:15:28 [58,464ms] [Warning] [omni.physx.plugin] Invalid PhysX transform detected for /World/scene_0/controllable__r1__robot_xjwlog/servo_link2.
2026-05-12 16:15:28 [58,464ms] [Warning] [omni.physx.plugin] Invalid PhysX transform detected for /World/scene_0/controllable__r1__robot_xjwlog/servo_link3.
2026-05-12 16:15:28 [58,464ms] [Warning] [omni.physx.plugin] Invalid PhysX transform detected for /World/scene_0/controllable__r1__robot_xjwlog/torso_link1.
2026-05-12 16:15:28 [58,464ms] [Warning] [omni.physx.plugin] Invalid PhysX transform detected for /World/scene_0/controllable__r1__robot_xjwlog/wheel_link1.
2026-05-12 16:15:28 [58,464ms] [Warning] [omni.physx.plugin] Invalid PhysX transform detected for /World/scene_0/controllable__r1__robot_xjwlog/wheel_link2.
2026-05-12 16:15:28 [58,464ms] [Warning] [omni.physx.plugin] Invalid PhysX transform detected for /World/scene_0/controllable__r1__robot_xjwlog/wheel_link3.
2026-05-12 16:15:28 [58,464ms] [Warning] [omni.physx.plugin] Invalid PhysX transform detected for /World/scene_0/controllable__r1__robot_xjwlog/torso_link2.
2026-05-12 16:15:28 [58,464ms] [Warning] [omni.physx.plugin] Invalid PhysX transform detected for /World/scene_0/controllable__r1__robot_xjwlog/torso_link3.
2026-05-12 16:15:28 [58,464ms] [Warning] [omni.physx.plugin] Invalid PhysX transform detected for /World/scene_0/controllable__r1__robot_xjwlog/torso_link4.
2026-05-12 16:15:28 [58,464ms] [Warning] [omni.physx.plugin] Invalid PhysX transform detected for /World/scene_0/controllable__r1__robot_xjwlog/left_arm_link1.
2026-05-12 16:15:28 [58,464ms] [Warning] [omni.physx.plugin] Invalid PhysX transform detected for /World/scene_0/controllable__r1__robot_xjwlog/right_arm_link1.
2026-05-12 16:15:28 [58,464ms] [Warning] [omni.physx.plugin] Invalid PhysX transform detected for /World/scene_0/controllable__r1__robot_xjwlog/eyes.
2026-05-12 16:15:28 [58,464ms] [Warning] [omni.physx.plugin] Invalid PhysX transform detected for /World/scene_0/controllable__r1__robot_xjwlog/left_arm_link2.
2026-05-12 16:15:28 [58,464ms] [Warning] [omni.physx.plugin] Invalid PhysX transform detected for /World/scene_0/controllable__r1__robot_xjwlog/right_arm_link2.
2026-05-12 16:15:28 [58,464ms] [Warning] [omni.physx.plugin] Invalid PhysX transform detected for /World/scene_0/controllable__r1__robot_xjwlog/left_arm_link3.
2026-05-12 16:15:28 [58,464ms] [Warning] [omni.physx.plugin] Invalid PhysX transform detected for /World/scene_0/controllable__r1__robot_xjwlog/right_arm_link3.
2026-05-12 16:15:28 [58,464ms] [Warning] [omni.physx.plugin] Invalid PhysX transform detected for /World/scene_0/controllable__r1__robot_xjwlog/left_arm_link4.
2026-05-12 16:15:28 [58,464ms] [Warning] [omni.physx.plugin] Invalid PhysX transform detected for /World/scene_0/controllable__r1__robot_xjwlog/right_arm_link4.
2026-05-12 16:15:28 [58,464ms] [Warning] [omni.physx.plugin] Invalid PhysX transform detected for /World/scene_0/controllable__r1__robot_xjwlog/left_arm_link5.
2026-05-12 16:15:28 [58,464ms] [Warning] [omni.physx.plugin] Invalid PhysX transform detected for /World/scene_0/controllable__r1__robot_xjwlog/right_arm_link5.
2026-05-12 16:15:28 [58,464ms] [Warning] [omni.physx.plugin] Invalid PhysX transform detected for /World/scene_0/controllable__r1__robot_xjwlog/left_arm_link6.
2026-05-12 16:15:28 [58,464ms] [Warning] [omni.physx.plugin] Invalid PhysX transform detected for /World/scene_0/controllable__r1__robot_xjwlog/right_arm_link6.
2026-05-12 16:15:28 [58,464ms] [Warning] [omni.physx.plugin] Invalid PhysX transform detected for /World/scene_0/controllable__r1__robot_xjwlog/left_gripper_link1.
2026-05-12 16:15:28 [58,464ms] [Warning] [omni.physx.plugin] Invalid PhysX transform detected for /World/scene_0/controllable__r1__robot_xjwlog/left_gripper_link2.
2026-05-12 16:15:28 [58,464ms] [Warning] [omni.physx.plugin] Invalid PhysX transform detected for /World/scene_0/controllable__r1__robot_xjwlog/left_eef_link.
2026-05-12 16:15:28 [58,464ms] [Warning] [omni.physx.plugin] Invalid PhysX transform detected for /World/scene_0/controllable__r1__robot_xjwlog/right_gripper_link1.
2026-05-12 16:15:28 [58,464ms] [Warning] [omni.physx.plugin] Invalid PhysX transform detected for /World/scene_0/controllable__r1__robot_xjwlog/right_gripper_link2.
2026-05-12 16:15:28 [58,464ms] [Warning] [omni.physx.plugin] Invalid PhysX transform detected for /World/scene_0/controllable__r1__robot_xjwlog/right_eef_link.
2026-05-12 16:15:29 [58,552ms] [Warning] [omni.physx.plugin] Invalid PhysX transform detected for /World/scene_0/controllable__r1__robot_xjwlog/base_footprint_y.
2026-05-12 16:15:29 [58,552ms] [Warning] [omni.physx.plugin] Invalid PhysX transform detected for /World/scene_0/controllable__r1__robot_xjwlog/base_footprint_z.
2026-05-12 16:15:29 [58,552ms] [Warning] [omni.physx.plugin] Invalid PhysX transform detected for /World/scene_0/controllable__r1__robot_xjwlog/base_footprint_rx.
2026-05-12 16:15:29 [58,552ms] [Warning] [omni.physx.plugin] Invalid PhysX transform detected for /World/scene_0/controllable__r1__robot_xjwlog/base_footprint_ry.
2026-05-12 16:15:29 [58,552ms] [Warning] [omni.physx.plugin] Invalid PhysX transform detected for /World/scene_0/controllable__r1__robot_xjwlog/base_footprint_rz.
2026-05-12 16:15:29 [58,552ms] [Warning] [omni.physx.plugin] Invalid PhysX transform detected for /World/scene_0/controllable__r1__robot_xjwlog/base_link.
2026-05-12 16:15:29 [58,552ms] [Warning] [omni.physx.plugin] Invalid PhysX transform detected for /World/scene_0/controllable__r1__robot_xjwlog/servo_link1.
2026-05-12 16:15:29 [58,552ms] [Warning] [omni.physx.plugin] Invalid PhysX transform detected for /World/scene_0/controllable__r1__robot_xjwlog/servo_link2.
2026-05-12 16:15:29 [58,552ms] [Warning] [omni.physx.plugin] Invalid PhysX transform detected for /World/scene_0/controllable__r1__robot_xjwlog/servo_link3.
2026-05-12 16:15:29 [58,552ms] [Warning] [omni.physx.plugin] Invalid PhysX transform detected for /World/scene_0/controllable__r1__robot_xjwlog/torso_link1.
2026-05-12 16:15:29 [58,552ms] [Warning] [omni.physx.plugin] Invalid PhysX transform detected for /World/scene_0/controllable__r1__robot_xjwlog/wheel_link1.
2026-05-12 16:15:29 [58,552ms] [Warning] [omni.physx.plugin] Invalid PhysX transform detected for /World/scene_0/controllable__r1__robot_xjwlog/wheel_link2.
2026-05-12 16:15:29 [58,552ms] [Warning] [omni.physx.plugin] Invalid PhysX transform detected for /World/scene_0/controllable__r1__robot_xjwlog/wheel_link3.
2026-05-12 16:15:29 [58,553ms] [Warning] [omni.physx.plugin] Invalid PhysX transform detected for /World/scene_0/controllable__r1__robot_xjwlog/torso_link2.
2026-05-12 16:15:29 [58,553ms] [Warning] [omni.physx.plugin] Invalid PhysX transform detected for /World/scene_0/controllable__r1__robot_xjwlog/torso_link3.
2026-05-12 16:15:29 [58,553ms] [Warning] [omni.physx.plugin] Invalid PhysX transform detected for /World/scene_0/controllable__r1__robot_xjwlog/torso_link4.
2026-05-12 16:15:29 [58,553ms] [Warning] [omni.physx.plugin] Invalid PhysX transform detected for /World/scene_0/controllable__r1__robot_xjwlog/left_arm_link1.
2026-05-12 16:15:29 [58,553ms] [Warning] [omni.physx.plugin] Invalid PhysX transform detected for /World/scene_0/controllable__r1__robot_xjwlog/right_arm_link1.
2026-05-12 16:15:29 [58,553ms] [Warning] [omni.physx.plugin] Invalid PhysX transform detected for /World/scene_0/controllable__r1__robot_xjwlog/eyes.
2026-05-12 16:15:29 [58,553ms] [Warning] [omni.physx.plugin] Invalid PhysX transform detected for /World/scene_0/controllable__r1__robot_xjwlog/left_arm_link2.
2026-05-12 16:15:29 [58,553ms] [Warning] [omni.physx.plugin] Invalid PhysX transform detected for /World/scene_0/controllable__r1__robot_xjwlog/right_arm_link2.
2026-05-12 16:15:29 [58,553ms] [Warning] [omni.physx.plugin] Invalid PhysX transform detected for /World/scene_0/controllable__r1__robot_xjwlog/left_arm_link3.
2026-05-12 16:15:29 [58,553ms] [Warning] [omni.physx.plugin] Invalid PhysX transform detected for /World/scene_0/controllable__r1__robot_xjwlog/right_arm_link3.
2026-05-12 16:15:29 [58,553ms] [Warning] [omni.physx.plugin] Invalid PhysX transform detected for /World/scene_0/controllable__r1__robot_xjwlog/left_arm_link4.
2026-05-12 16:15:29 [58,553ms] [Warning] [omni.physx.plugin] Invalid PhysX transform detected for /World/scene_0/controllable__r1__robot_xjwlog/right_arm_link4.
2026-05-12 16:15:29 [58,553ms] [Warning] [omni.physx.plugin] Invalid PhysX transform detected for /World/scene_0/controllable__r1__robot_xjwlog/left_arm_link5.
2026-05-12 16:15:29 [58,553ms] [Warning] [omni.physx.plugin] Invalid PhysX transform detected for /World/scene_0/controllable__r1__robot_xjwlog/right_arm_link5.
2026-05-12 16:15:29 [58,553ms] [Warning] [omni.physx.plugin] Invalid PhysX transform detected for /World/scene_0/controllable__r1__robot_xjwlog/left_arm_link6.
2026-05-12 16:15:29 [58,553ms] [Warning] [omni.physx.plugin] Invalid PhysX transform detected for /World/scene_0/controllable__r1__robot_xjwlog/right_arm_link6.
2026-05-12 16:15:29 [58,553ms] [Warning] [omni.physx.plugin] Invalid PhysX transform detected for /World/scene_0/controllable__r1__robot_xjwlog/left_gripper_link1.
2026-05-12 16:15:29 [58,553ms] [Warning] [omni.physx.plugin] Invalid PhysX transform detected for /World/scene_0/controllable__r1__robot_xjwlog/left_gripper_link2.
2026-05-12 16:15:29 [58,553ms] [Warning] [omni.physx.plugin] Invalid PhysX transform detected for /World/scene_0/controllable__r1__robot_xjwlog/left_eef_link.
2026-05-12 16:15:29 [58,553ms] [Warning] [omni.physx.plugin] Invalid PhysX transform detected for /World/scene_0/controllable__r1__robot_xjwlog/right_gripper_link1.
2026-05-12 16:15:29 [58,553ms] [Warning] [omni.physx.plugin] Invalid PhysX transform detected for /World/scene_0/controllable__r1__robot_xjwlog/right_gripper_link2.
2026-05-12 16:15:29 [58,553ms] [Warning] [omni.physx.plugin] Invalid PhysX transform detected for /World/scene_0/controllable__r1__robot_xjwlog/right_eef_link.
2026-05-12 16:15:29 [58,654ms] [Warning] [omni.physx.plugin] Invalid PhysX transform detected for /World/scene_0/controllable__r1__robot_xjwlog/base_footprint_y.
2026-05-12 16:15:29 [58,654ms] [Warning] [omni.physx.plugin] Invalid PhysX transform detected for /World/scene_0/controllable__r1__robot_xjwlog/base_footprint_z.
2026-05-12 16:15:29 [58,654ms] [Warning] [omni.physx.plugin] Invalid PhysX transform detected for /World/scene_0/controllable__r1__robot_xjwlog/base_footprint_rx.
2026-05-12 16:15:29 [58,654ms] [Warning] [omni.physx.plugin] Invalid PhysX transform detected for /World/scene_0/controllable__r1__robot_xjwlog/base_footprint_ry.
2026-05-12 16:15:29 [58,654ms] [Warning] [omni.physx.plugin] Invalid PhysX transform detected for /World/scene_0/controllable__r1__robot_xjwlog/base_footprint_rz.
2026-05-12 16:15:29 [58,654ms] [Warning] [omni.physx.plugin] Invalid PhysX transform detected for /World/scene_0/controllable__r1__robot_xjwlog/base_link.
2026-05-12 16:15:29 [58,654ms] [Warning] [omni.physx.plugin] Invalid PhysX transform detected for /World/scene_0/controllable__r1__robot_xjwlog/servo_link1.
2026-05-12 16:15:29 [58,654ms] [Warning] [omni.physx.plugin] Invalid PhysX transform detected for /World/scene_0/controllable__r1__robot_xjwlog/servo_link2.
2026-05-12 16:15:29 [58,654ms] [Warning] [omni.physx.plugin] Invalid PhysX transform detected for /World/scene_0/controllable__r1__robot_xjwlog/servo_link3.
2026-05-12 16:15:29 [58,654ms] [Warning] [omni.physx.plugin] Invalid PhysX transform detected for /World/scene_0/controllable__r1__robot_xjwlog/torso_link1.
2026-05-12 16:15:29 [58,654ms] [Warning] [omni.physx.plugin] Invalid PhysX transform detected for /World/scene_0/controllable__r1__robot_xjwlog/wheel_link1.
2026-05-12 16:15:29 [58,654ms] [Warning] [omni.physx.plugin] Invalid PhysX transform detected for /World/scene_0/controllable__r1__robot_xjwlog/wheel_link2.
2026-05-12 16:15:29 [58,654ms] [Warning] [omni.physx.plugin] Invalid PhysX transform detected for /World/scene_0/controllable__r1__robot_xjwlog/wheel_link3.
2026-05-12 16:15:29 [58,654ms] [Warning] [omni.physx.plugin] Invalid PhysX transform detected for /World/scene_0/controllable__r1__robot_xjwlog/torso_link2.
2026-05-12 16:15:29 [58,654ms] [Warning] [omni.physx.plugin] Invalid PhysX transform detected for /World/scene_0/controllable__r1__robot_xjwlog/torso_link3.
2026-05-12 16:15:29 [58,654ms] [Warning] [omni.physx.plugin] Invalid PhysX transform detected for /World/scene_0/controllable__r1__robot_xjwlog/torso_link4.
2026-05-12 16:15:29 [58,654ms] [Warning] [omni.physx.plugin] Invalid PhysX transform detected for /World/scene_0/controllable__r1__robot_xjwlog/left_arm_link1.
2026-05-12 16:15:29 [58,654ms] [Warning] [omni.physx.plugin] Invalid PhysX transform detected for /World/scene_0/controllable__r1__robot_xjwlog/right_arm_link1.
2026-05-12 16:15:29 [58,654ms] [Warning] [omni.physx.plugin] Invalid PhysX transform detected for /World/scene_0/controllable__r1__robot_xjwlog/eyes.
2026-05-12 16:15:29 [58,654ms] [Warning] [omni.physx.plugin] Invalid PhysX transform detected for /World/scene_0/controllable__r1__robot_xjwlog/left_arm_link2.
2026-05-12 16:15:29 [58,654ms] [Warning] [omni.physx.plugin] Invalid PhysX transform detected for /World/scene_0/controllable__r1__robot_xjwlog/right_arm_link2.
2026-05-12 16:15:29 [58,654ms] [Warning] [omni.physx.plugin] Invalid PhysX transform detected for /World/scene_0/controllable__r1__robot_xjwlog/left_arm_link3.
2026-05-12 16:15:29 [58,654ms] [Warning] [omni.physx.plugin] Invalid PhysX transform detected for /World/scene_0/controllable__r1__robot_xjwlog/right_arm_link3.
2026-05-12 16:15:29 [58,654ms] [Warning] [omni.physx.plugin] Invalid PhysX transform detected for /World/scene_0/controllable__r1__robot_xjwlog/left_arm_link4.
2026-05-12 16:15:29 [58,654ms] [Warning] [omni.physx.plugin] Invalid PhysX transform detected for /World/scene_0/controllable__r1__robot_xjwlog/right_arm_link4.
2026-05-12 16:15:29 [58,654ms] [Warning] [omni.physx.plugin] Invalid PhysX transform detected for /World/scene_0/controllable__r1__robot_xjwlog/left_arm_link5.
2026-05-12 16:15:29 [58,654ms] [Warning] [omni.physx.plugin] Invalid PhysX transform detected for /World/scene_0/controllable__r1__robot_xjwlog/right_arm_link5.
2026-05-12 16:15:29 [58,654ms] [Warning] [omni.physx.plugin] Invalid PhysX transform detected for /World/scene_0/controllable__r1__robot_xjwlog/left_arm_link6.
2026-05-12 16:15:29 [58,654ms] [Warning] [omni.physx.plugin] Invalid PhysX transform detected for /World/scene_0/controllable__r1__robot_xjwlog/right_arm_link6.
2026-05-12 16:15:29 [58,654ms] [Warning] [omni.physx.plugin] Invalid PhysX transform detected for /World/scene_0/controllable__r1__robot_xjwlog/left_gripper_link1.
2026-05-12 16:15:29 [58,654ms] [Warning] [omni.physx.plugin] Invalid PhysX transform detected for /World/scene_0/controllable__r1__robot_xjwlog/left_gripper_link2.
2026-05-12 16:15:29 [58,654ms] [Warning] [omni.physx.plugin] Invalid PhysX transform detected for /World/scene_0/controllable__r1__robot_xjwlog/left_eef_link.
2026-05-12 16:15:29 [58,654ms] [Warning] [omni.physx.plugin] Invalid PhysX transform detected for /World/scene_0/controllable__r1__robot_xjwlog/right_gripper_link1.
2026-05-12 16:15:29 [58,654ms] [Warning] [omni.physx.plugin] Invalid PhysX transform detected for /World/scene_0/controllable__r1__robot_xjwlog/right_gripper_link2.
2026-05-12 16:15:29 [58,654ms] [Warning] [omni.physx.plugin] Invalid PhysX transform detected for /World/scene_0/controllable__r1__robot_xjwlog/right_eef_link.
2026-05-12 16:15:29 [58,771ms] [Warning] [omni.physx.plugin] Invalid PhysX transform detected for /World/scene_0/controllable__r1__robot_xjwlog/base_footprint_y.
2026-05-12 16:15:29 [58,771ms] [Warning] [omni.physx.plugin] Invalid PhysX transform detected for /World/scene_0/controllable__r1__robot_xjwlog/base_footprint_z.
2026-05-12 16:15:29 [58,771ms] [Warning] [omni.physx.plugin] Invalid PhysX transform detected for /World/scene_0/controllable__r1__robot_xjwlog/base_footprint_rx.
2026-05-12 16:15:29 [58,771ms] [Warning] [omni.physx.plugin] Invalid PhysX transform detected for /World/scene_0/controllable__r1__robot_xjwlog/base_footprint_ry.
2026-05-12 16:15:29 [58,771ms] [Warning] [omni.physx.plugin] Invalid PhysX transform detected for /World/scene_0/controllable__r1__robot_xjwlog/base_footprint_rz.
2026-05-12 16:15:29 [58,771ms] [Warning] [omni.physx.plugin] Invalid PhysX transform detected for /World/scene_0/controllable__r1__robot_xjwlog/base_link.
2026-05-12 16:15:29 [58,771ms] [Warning] [omni.physx.plugin] Invalid PhysX transform detected for /World/scene_0/controllable__r1__robot_xjwlog/servo_link1.
2026-05-12 16:15:29 [58,771ms] [Warning] [omni.physx.plugin] Invalid PhysX transform detected for /World/scene_0/controllable__r1__robot_xjwlog/servo_link2.
2026-05-12 16:15:29 [58,771ms] [Warning] [omni.physx.plugin] Invalid PhysX transform detected for /World/scene_0/controllable__r1__robot_xjwlog/servo_link3.
2026-05-12 16:15:29 [58,771ms] [Warning] [omni.physx.plugin] Invalid PhysX transform detected for /World/scene_0/controllable__r1__robot_xjwlog/torso_link1.
2026-05-12 16:15:29 [58,771ms] [Warning] [omni.physx.plugin] Invalid PhysX transform detected for /World/scene_0/controllable__r1__robot_xjwlog/wheel_link1.
2026-05-12 16:15:29 [58,771ms] [Warning] [omni.physx.plugin] Invalid PhysX transform detected for /World/scene_0/controllable__r1__robot_xjwlog/wheel_link2.
2026-05-12 16:15:29 [58,771ms] [Warning] [omni.physx.plugin] Invalid PhysX transform detected for /World/scene_0/controllable__r1__robot_xjwlog/wheel_link3.
2026-05-12 16:15:29 [58,771ms] [Warning] [omni.physx.plugin] Invalid PhysX transform detected for /World/scene_0/controllable__r1__robot_xjwlog/torso_link2.
2026-05-12 16:15:29 [58,771ms] [Warning] [omni.physx.plugin] Invalid PhysX transform detected for /World/scene_0/controllable__r1__robot_xjwlog/torso_link3.
2026-05-12 16:15:29 [58,771ms] [Warning] [omni.physx.plugin] Invalid PhysX transform detected for /World/scene_0/controllable__r1__robot_xjwlog/torso_link4.
2026-05-12 16:15:29 [58,771ms] [Warning] [omni.physx.plugin] Invalid PhysX transform detected for /World/scene_0/controllable__r1__robot_xjwlog/left_arm_link1.
2026-05-12 16:15:29 [58,771ms] [Warning] [omni.physx.plugin] Invalid PhysX transform detected for /World/scene_0/controllable__r1__robot_xjwlog/right_arm_link1.
2026-05-12 16:15:29 [58,771ms] [Warning] [omni.physx.plugin] Invalid PhysX transform detected for /World/scene_0/controllable__r1__robot_xjwlog/eyes.
2026-05-12 16:15:29 [58,771ms] [Warning] [omni.physx.plugin] Invalid PhysX transform detected for /World/scene_0/controllable__r1__robot_xjwlog/left_arm_link2.
2026-05-12 16:15:29 [58,771ms] [Warning] [omni.physx.plugin] Invalid PhysX transform detected for /World/scene_0/controllable__r1__robot_xjwlog/right_arm_link2.
2026-05-12 16:15:29 [58,771ms] [Warning] [omni.physx.plugin] Invalid PhysX transform detected for /World/scene_0/controllable__r1__robot_xjwlog/left_arm_link3.
2026-05-12 16:15:29 [58,771ms] [Warning] [omni.physx.plugin] Invalid PhysX transform detected for /World/scene_0/controllable__r1__robot_xjwlog/right_arm_link3.
2026-05-12 16:15:29 [58,771ms] [Warning] [omni.physx.plugin] Invalid PhysX transform detected for /World/scene_0/controllable__r1__robot_xjwlog/left_arm_link4.
2026-05-12 16:15:29 [58,771ms] [Warning] [omni.physx.plugin] Invalid PhysX transform detected for /World/scene_0/controllable__r1__robot_xjwlog/right_arm_link4.
2026-05-12 16:15:29 [58,771ms] [Warning] [omni.physx.plugin] Invalid PhysX transform detected for /World/scene_0/controllable__r1__robot_xjwlog/left_arm_link5.
2026-05-12 16:15:29 [58,771ms] [Warning] [omni.physx.plugin] Invalid PhysX transform detected for /World/scene_0/controllable__r1__robot_xjwlog/right_arm_link5.
2026-05-12 16:15:29 [58,771ms] [Warning] [omni.physx.plugin] Invalid PhysX transform detected for /World/scene_0/controllable__r1__robot_xjwlog/left_arm_link6.
2026-05-12 16:15:29 [58,771ms] [Warning] [omni.physx.plugin] Invalid PhysX transform detected for /World/scene_0/controllable__r1__robot_xjwlog/right_arm_link6.
2026-05-12 16:15:29 [58,771ms] [Warning] [omni.physx.plugin] Invalid PhysX transform detected for /World/scene_0/controllable__r1__robot_xjwlog/left_gripper_link1.
2026-05-12 16:15:29 [58,771ms] [Warning] [omni.physx.plugin] Invalid PhysX transform detected for /World/scene_0/controllable__r1__robot_xjwlog/left_gripper_link2.
2026-05-12 16:15:29 [58,771ms] [Warning] [omni.physx.plugin] Invalid PhysX transform detected for /World/scene_0/controllable__r1__robot_xjwlog/left_eef_link.
2026-05-12 16:15:29 [58,771ms] [Warning] [omni.physx.plugin] Invalid PhysX transform detected for /World/scene_0/controllable__r1__robot_xjwlog/right_gripper_link1.
2026-05-12 16:15:29 [58,771ms] [Warning] [omni.physx.plugin] Invalid PhysX transform detected for /World/scene_0/controllable__r1__robot_xjwlog/right_gripper_link2.
2026-05-12 16:15:29 [58,771ms] [Warning] [omni.physx.plugin] Invalid PhysX transform detected for /World/scene_0/controllable__r1__robot_xjwlog/right_eef_link.
2026-05-12 16:15:29 [58,868ms] [Warning] [omni.physx.plugin] Invalid PhysX transform detected for /World/scene_0/controllable__r1__robot_xjwlog/base_footprint_y.
2026-05-12 16:15:29 [58,868ms] [Warning] [omni.physx.plugin] Invalid PhysX transform detected for /World/scene_0/controllable__r1__robot_xjwlog/base_footprint_z.
2026-05-12 16:15:29 [58,868ms] [Warning] [omni.physx.plugin] Invalid PhysX transform detected for /World/scene_0/controllable__r1__robot_xjwlog/base_footprint_rx.
2026-05-12 16:15:29 [58,868ms] [Warning] [omni.physx.plugin] Invalid PhysX transform detected for /World/scene_0/controllable__r1__robot_xjwlog/base_footprint_ry.
2026-05-12 16:15:29 [58,868ms] [Warning] [omni.physx.plugin] Invalid PhysX transform detected for /World/scene_0/controllable__r1__robot_xjwlog/base_footprint_rz.
2026-05-12 16:15:29 [58,868ms] [Warning] [omni.physx.plugin] Invalid PhysX transform detected for /World/scene_0/controllable__r1__robot_xjwlog/base_link.
2026-05-12 16:15:29 [58,868ms] [Warning] [omni.physx.plugin] Invalid PhysX transform detected for /World/scene_0/controllable__r1__robot_xjwlog/servo_link1.
2026-05-12 16:15:29 [58,868ms] [Warning] [omni.physx.plugin] Invalid PhysX transform detected for /World/scene_0/controllable__r1__robot_xjwlog/servo_link2.
2026-05-12 16:15:29 [58,868ms] [Warning] [omni.physx.plugin] Invalid PhysX transform detected for /World/scene_0/controllable__r1__robot_xjwlog/servo_link3.
2026-05-12 16:15:29 [58,868ms] [Warning] [omni.physx.plugin] Invalid PhysX transform detected for /World/scene_0/controllable__r1__robot_xjwlog/torso_link1.
2026-05-12 16:15:29 [58,868ms] [Warning] [omni.physx.plugin] Invalid PhysX transform detected for /World/scene_0/controllable__r1__robot_xjwlog/wheel_link1.
2026-05-12 16:15:29 [58,868ms] [Warning] [omni.physx.plugin] Invalid PhysX transform detected for /World/scene_0/controllable__r1__robot_xjwlog/wheel_link2.
2026-05-12 16:15:29 [58,868ms] [Warning] [omni.physx.plugin] Invalid PhysX transform detected for /World/scene_0/controllable__r1__robot_xjwlog/wheel_link3.
2026-05-12 16:15:29 [58,868ms] [Warning] [omni.physx.plugin] Invalid PhysX transform detected for /World/scene_0/controllable__r1__robot_xjwlog/torso_link2.
2026-05-12 16:15:29 [58,868ms] [Warning] [omni.physx.plugin] Invalid PhysX transform detected for /World/scene_0/controllable__r1__robot_xjwlog/torso_link3.
2026-05-12 16:15:29 [58,868ms] [Warning] [omni.physx.plugin] Invalid PhysX transform detected for /World/scene_0/controllable__r1__robot_xjwlog/torso_link4.
2026-05-12 16:15:29 [58,868ms] [Warning] [omni.physx.plugin] Invalid PhysX transform detected for /World/scene_0/controllable__r1__robot_xjwlog/left_arm_link1.
2026-05-12 16:15:29 [58,868ms] [Warning] [omni.physx.plugin] Invalid PhysX transform detected for /World/scene_0/controllable__r1__robot_xjwlog/right_arm_link1.
2026-05-12 16:15:29 [58,868ms] [Warning] [omni.physx.plugin] Invalid PhysX transform detected for /World/scene_0/controllable__r1__robot_xjwlog/eyes.
2026-05-12 16:15:29 [58,868ms] [Warning] [omni.physx.plugin] Invalid PhysX transform detected for /World/scene_0/controllable__r1__robot_xjwlog/left_arm_link2.
2026-05-12 16:15:29 [58,868ms] [Warning] [omni.physx.plugin] Invalid PhysX transform detected for /World/scene_0/controllable__r1__robot_xjwlog/right_arm_link2.
2026-05-12 16:15:29 [58,868ms] [Warning] [omni.physx.plugin] Invalid PhysX transform detected for /World/scene_0/controllable__r1__robot_xjwlog/left_arm_link3.
2026-05-12 16:15:29 [58,868ms] [Warning] [omni.physx.plugin] Invalid PhysX transform detected for /World/scene_0/controllable__r1__robot_xjwlog/right_arm_link3.
2026-05-12 16:15:29 [58,868ms] [Warning] [omni.physx.plugin] Invalid PhysX transform detected for /World/scene_0/controllable__r1__robot_xjwlog/left_arm_link4.
2026-05-12 16:15:29 [58,868ms] [Warning] [omni.physx.plugin] Invalid PhysX transform detected for /World/scene_0/controllable__r1__robot_xjwlog/right_arm_link4.
2026-05-12 16:15:29 [58,868ms] [Warning] [omni.physx.plugin] Invalid PhysX transform detected for /World/scene_0/controllable__r1__robot_xjwlog/left_arm_link5.
2026-05-12 16:15:29 [58,868ms] [Warning] [omni.physx.plugin] Invalid PhysX transform detected for /World/scene_0/controllable__r1__robot_xjwlog/right_arm_link5.
2026-05-12 16:15:29 [58,868ms] [Warning] [omni.physx.plugin] Invalid PhysX transform detected for /World/scene_0/controllable__r1__robot_xjwlog/left_arm_link6.
2026-05-12 16:15:29 [58,868ms] [Warning] [omni.physx.plugin] Invalid PhysX transform detected for /World/scene_0/controllable__r1__robot_xjwlog/right_arm_link6.
2026-05-12 16:15:29 [58,868ms] [Warning] [omni.physx.plugin] Invalid PhysX transform detected for /World/scene_0/controllable__r1__robot_xjwlog/left_gripper_link1.
2026-05-12 16:15:29 [58,868ms] [Warning] [omni.physx.plugin] Invalid PhysX transform detected for /World/scene_0/controllable__r1__robot_xjwlog/left_gripper_link2.
2026-05-12 16:15:29 [58,868ms] [Warning] [omni.physx.plugin] Invalid PhysX transform detected for /World/scene_0/controllable__r1__robot_xjwlog/left_eef_link.
2026-05-12 16:15:29 [58,868ms] [Warning] [omni.physx.plugin] Invalid PhysX transform detected for /World/scene_0/controllable__r1__robot_xjwlog/right_gripper_link1.
2026-05-12 16:15:29 [58,868ms] [Warning] [omni.physx.plugin] Invalid PhysX transform detected for /World/scene_0/controllable__r1__robot_xjwlog/right_gripper_link2.
2026-05-12 16:15:29 [58,868ms] [Warning] [omni.physx.plugin] Invalid PhysX transform detected for /World/scene_0/controllable__r1__robot_xjwlog/right_eef_link.
2026-05-12 16:15:29 [58,967ms] [Warning] [omni.physx.plugin] Invalid PhysX transform detected for /World/scene_0/controllable__r1__robot_xjwlog/base_footprint_y.
2026-05-12 16:15:29 [58,967ms] [Warning] [omni.physx.plugin] Invalid PhysX transform detected for /World/scene_0/controllable__r1__robot_xjwlog/base_footprint_z.
2026-05-12 16:15:29 [58,967ms] [Warning] [omni.physx.plugin] Invalid PhysX transform detected for /World/scene_0/controllable__r1__robot_xjwlog/base_footprint_rx.
2026-05-12 16:15:29 [58,967ms] [Warning] [omni.physx.plugin] Invalid PhysX transform detected for /World/scene_0/controllable__r1__robot_xjwlog/base_footprint_ry.
2026-05-12 16:15:29 [58,967ms] [Warning] [omni.physx.plugin] Invalid PhysX transform detected for /World/scene_0/controllable__r1__robot_xjwlog/base_footprint_rz.
2026-05-12 16:15:29 [58,967ms] [Warning] [omni.physx.plugin] Invalid PhysX transform detected for /World/scene_0/controllable__r1__robot_xjwlog/base_link.
2026-05-12 16:15:29 [58,967ms] [Warning] [omni.physx.plugin] Invalid PhysX transform detected for /World/scene_0/controllable__r1__robot_xjwlog/servo_link1.
2026-05-12 16:15:29 [58,967ms] [Warning] [omni.physx.plugin] Invalid PhysX transform detected for /World/scene_0/controllable__r1__robot_xjwlog/servo_link2.
2026-05-12 16:15:29 [58,967ms] [Warning] [omni.physx.plugin] Invalid PhysX transform detected for /World/scene_0/controllable__r1__robot_xjwlog/servo_link3.
2026-05-12 16:15:29 [58,967ms] [Warning] [omni.physx.plugin] Invalid PhysX transform detected for /World/scene_0/controllable__r1__robot_xjwlog/torso_link1.
2026-05-12 16:15:29 [58,967ms] [Warning] [omni.physx.plugin] Invalid PhysX transform detected for /World/scene_0/controllable__r1__robot_xjwlog/wheel_link1.
2026-05-12 16:15:29 [58,967ms] [Warning] [omni.physx.plugin] Invalid PhysX transform detected for /World/scene_0/controllable__r1__robot_xjwlog/wheel_link2.
2026-05-12 16:15:29 [58,967ms] [Warning] [omni.physx.plugin] Invalid PhysX transform detected for /World/scene_0/controllable__r1__robot_xjwlog/wheel_link3.
2026-05-12 16:15:29 [58,967ms] [Warning] [omni.physx.plugin] Invalid PhysX transform detected for /World/scene_0/controllable__r1__robot_xjwlog/torso_link2.
2026-05-12 16:15:29 [58,967ms] [Warning] [omni.physx.plugin] Invalid PhysX transform detected for /World/scene_0/controllable__r1__robot_xjwlog/torso_link3.
2026-05-12 16:15:29 [58,967ms] [Warning] [omni.physx.plugin] Invalid PhysX transform detected for /World/scene_0/controllable__r1__robot_xjwlog/torso_link4.
2026-05-12 16:15:29 [58,967ms] [Warning] [omni.physx.plugin] Invalid PhysX transform detected for /World/scene_0/controllable__r1__robot_xjwlog/left_arm_link1.
2026-05-12 16:15:29 [58,967ms] [Warning] [omni.physx.plugin] Invalid PhysX transform detected for /World/scene_0/controllable__r1__robot_xjwlog/right_arm_link1.
2026-05-12 16:15:29 [58,967ms] [Warning] [omni.physx.plugin] Invalid PhysX transform detected for /World/scene_0/controllable__r1__robot_xjwlog/eyes.
2026-05-12 16:15:29 [58,967ms] [Warning] [omni.physx.plugin] Invalid PhysX transform detected for /World/scene_0/controllable__r1__robot_xjwlog/left_arm_link2.
2026-05-12 16:15:29 [58,967ms] [Warning] [omni.physx.plugin] Invalid PhysX transform detected for /World/scene_0/controllable__r1__robot_xjwlog/right_arm_link2.
2026-05-12 16:15:29 [58,967ms] [Warning] [omni.physx.plugin] Invalid PhysX transform detected for /World/scene_0/controllable__r1__robot_xjwlog/left_arm_link3.
2026-05-12 16:15:29 [58,967ms] [Warning] [omni.physx.plugin] Invalid PhysX transform detected for /World/scene_0/controllable__r1__robot_xjwlog/right_arm_link3.
2026-05-12 16:15:29 [58,967ms] [Warning] [omni.physx.plugin] Invalid PhysX transform detected for /World/scene_0/controllable__r1__robot_xjwlog/left_arm_link4.
2026-05-12 16:15:29 [58,967ms] [Warning] [omni.physx.plugin] Invalid PhysX transform detected for /World/scene_0/controllable__r1__robot_xjwlog/right_arm_link4.
2026-05-12 16:15:29 [58,967ms] [Warning] [omni.physx.plugin] Invalid PhysX transform detected for /World/scene_0/controllable__r1__robot_xjwlog/left_arm_link5.
2026-05-12 16:15:29 [58,967ms] [Warning] [omni.physx.plugin] Invalid PhysX transform detected for /World/scene_0/controllable__r1__robot_xjwlog/right_arm_link5.
2026-05-12 16:15:29 [58,967ms] [Warning] [omni.physx.plugin] Invalid PhysX transform detected for /World/scene_0/controllable__r1__robot_xjwlog/left_arm_link6.
2026-05-12 16:15:29 [58,967ms] [Warning] [omni.physx.plugin] Invalid PhysX transform detected for /World/scene_0/controllable__r1__robot_xjwlog/right_arm_link6.
2026-05-12 16:15:29 [58,967ms] [Warning] [omni.physx.plugin] Invalid PhysX transform detected for /World/scene_0/controllable__r1__robot_xjwlog/left_gripper_link1.
2026-05-12 16:15:29 [58,967ms] [Warning] [omni.physx.plugin] Invalid PhysX transform detected for /World/scene_0/controllable__r1__robot_xjwlog/left_gripper_link2.
2026-05-12 16:15:29 [58,967ms] [Warning] [omni.physx.plugin] Invalid PhysX transform detected for /World/scene_0/controllable__r1__robot_xjwlog/left_eef_link.
2026-05-12 16:15:29 [58,967ms] [Warning] [omni.physx.plugin] Invalid PhysX transform detected for /World/scene_0/controllable__r1__robot_xjwlog/right_gripper_link1.
2026-05-12 16:15:29 [58,967ms] [Warning] [omni.physx.plugin] Invalid PhysX transform detected for /World/scene_0/controllable__r1__robot_xjwlog/right_gripper_link2.
2026-05-12 16:15:29 [58,967ms] [Warning] [omni.physx.plugin] Invalid PhysX transform detected for /World/scene_0/controllable__r1__robot_xjwlog/right_eef_link.
2026-05-12 16:15:29 [59,052ms] [Warning] [omni.physx.plugin] Invalid PhysX transform detected for /World/scene_0/controllable__r1__robot_xjwlog/base_footprint_y.
2026-05-12 16:15:29 [59,052ms] [Warning] [omni.physx.plugin] Invalid PhysX transform detected for /World/scene_0/controllable__r1__robot_xjwlog/base_footprint_z.
2026-05-12 16:15:29 [59,052ms] [Warning] [omni.physx.plugin] Invalid PhysX transform detected for /World/scene_0/controllable__r1__robot_xjwlog/base_footprint_rx.
2026-05-12 16:15:29 [59,052ms] [Warning] [omni.physx.plugin] Invalid PhysX transform detected for /World/scene_0/controllable__r1__robot_xjwlog/base_footprint_ry.
2026-05-12 16:15:29 [59,052ms] [Warning] [omni.physx.plugin] Invalid PhysX transform detected for /World/scene_0/controllable__r1__robot_xjwlog/base_footprint_rz.
2026-05-12 16:15:29 [59,052ms] [Warning] [omni.physx.plugin] Invalid PhysX transform detected for /World/scene_0/controllable__r1__robot_xjwlog/base_link.
2026-05-12 16:15:29 [59,052ms] [Warning] [omni.physx.plugin] Invalid PhysX transform detected for /World/scene_0/controllable__r1__robot_xjwlog/servo_link1.
2026-05-12 16:15:29 [59,052ms] [Warning] [omni.physx.plugin] Invalid PhysX transform detected for /World/scene_0/controllable__r1__robot_xjwlog/servo_link2.
2026-05-12 16:15:29 [59,052ms] [Warning] [omni.physx.plugin] Invalid PhysX transform detected for /World/scene_0/controllable__r1__robot_xjwlog/servo_link3.
2026-05-12 16:15:29 [59,052ms] [Warning] [omni.physx.plugin] Invalid PhysX transform detected for /World/scene_0/controllable__r1__robot_xjwlog/torso_link1.
2026-05-12 16:15:29 [59,052ms] [Warning] [omni.physx.plugin] Invalid PhysX transform detected for /World/scene_0/controllable__r1__robot_xjwlog/wheel_link1.
2026-05-12 16:15:29 [59,052ms] [Warning] [omni.physx.plugin] Invalid PhysX transform detected for /World/scene_0/controllable__r1__robot_xjwlog/wheel_link2.
2026-05-12 16:15:29 [59,052ms] [Warning] [omni.physx.plugin] Invalid PhysX transform detected for /World/scene_0/controllable__r1__robot_xjwlog/wheel_link3.
2026-05-12 16:15:29 [59,052ms] [Warning] [omni.physx.plugin] Invalid PhysX transform detected for /World/scene_0/controllable__r1__robot_xjwlog/torso_link2.
2026-05-12 16:15:29 [59,052ms] [Warning] [omni.physx.plugin] Invalid PhysX transform detected for /World/scene_0/controllable__r1__robot_xjwlog/torso_link3.
2026-05-12 16:15:29 [59,052ms] [Warning] [omni.physx.plugin] Invalid PhysX transform detected for /World/scene_0/controllable__r1__robot_xjwlog/torso_link4.
2026-05-12 16:15:29 [59,052ms] [Warning] [omni.physx.plugin] Invalid PhysX transform detected for /World/scene_0/controllable__r1__robot_xjwlog/left_arm_link1.
2026-05-12 16:15:29 [59,052ms] [Warning] [omni.physx.plugin] Invalid PhysX transform detected for /World/scene_0/controllable__r1__robot_xjwlog/right_arm_link1.
2026-05-12 16:15:29 [59,052ms] [Warning] [omni.physx.plugin] Invalid PhysX transform detected for /World/scene_0/controllable__r1__robot_xjwlog/eyes.
2026-05-12 16:15:29 [59,052ms] [Warning] [omni.physx.plugin] Invalid PhysX transform detected for /World/scene_0/controllable__r1__robot_xjwlog/left_arm_link2.
2026-05-12 16:15:29 [59,052ms] [Warning] [omni.physx.plugin] Invalid PhysX transform detected for /World/scene_0/controllable__r1__robot_xjwlog/right_arm_link2.
2026-05-12 16:15:29 [59,052ms] [Warning] [omni.physx.plugin] Invalid PhysX transform detected for /World/scene_0/controllable__r1__robot_xjwlog/left_arm_link3.
2026-05-12 16:15:29 [59,052ms] [Warning] [omni.physx.plugin] Invalid PhysX transform detected for /World/scene_0/controllable__r1__robot_xjwlog/right_arm_link3.
2026-05-12 16:15:29 [59,052ms] [Warning] [omni.physx.plugin] Invalid PhysX transform detected for /World/scene_0/controllable__r1__robot_xjwlog/left_arm_link4.
2026-05-12 16:15:29 [59,052ms] [Warning] [omni.physx.plugin] Invalid PhysX transform detected for /World/scene_0/controllable__r1__robot_xjwlog/right_arm_link4.
2026-05-12 16:15:29 [59,052ms] [Warning] [omni.physx.plugin] Invalid PhysX transform detected for /World/scene_0/controllable__r1__robot_xjwlog/left_arm_link5.
2026-05-12 16:15:29 [59,052ms] [Warning] [omni.physx.plugin] Invalid PhysX transform detected for /World/scene_0/controllable__r1__robot_xjwlog/right_arm_link5.
2026-05-12 16:15:29 [59,052ms] [Warning] [omni.physx.plugin] Invalid PhysX transform detected for /World/scene_0/controllable__r1__robot_xjwlog/left_arm_link6.
2026-05-12 16:15:29 [59,052ms] [Warning] [omni.physx.plugin] Invalid PhysX transform detected for /World/scene_0/controllable__r1__robot_xjwlog/right_arm_link6.
2026-05-12 16:15:29 [59,052ms] [Warning] [omni.physx.plugin] Invalid PhysX transform detected for /World/scene_0/controllable__r1__robot_xjwlog/left_gripper_link1.
2026-05-12 16:15:29 [59,052ms] [Warning] [omni.physx.plugin] Invalid PhysX transform detected for /World/scene_0/controllable__r1__robot_xjwlog/left_gripper_link2.
2026-05-12 16:15:29 [59,052ms] [Warning] [omni.physx.plugin] Invalid PhysX transform detected for /World/scene_0/controllable__r1__robot_xjwlog/left_eef_link.
2026-05-12 16:15:29 [59,053ms] [Warning] [omni.physx.plugin] Invalid PhysX transform detected for /World/scene_0/controllable__r1__robot_xjwlog/right_gripper_link1.
2026-05-12 16:15:29 [59,053ms] [Warning] [omni.physx.plugin] Invalid PhysX transform detected for /World/scene_0/controllable__r1__robot_xjwlog/right_gripper_link2.
2026-05-12 16:15:29 [59,053ms] [Warning] [omni.physx.plugin] Invalid PhysX transform detected for /World/scene_0/controllable__r1__robot_xjwlog/right_eef_link.
2026-05-12 16:15:29 [59,389ms] [Warning] [omni.physx.plugin] Invalid PhysX transform detected for /World/scene_0/controllable__r1__robot_xjwlog/base_footprint_y.
2026-05-12 16:15:29 [59,389ms] [Warning] [omni.physx.plugin] Invalid PhysX transform detected for /World/scene_0/controllable__r1__robot_xjwlog/base_footprint_z.
2026-05-12 16:15:29 [59,389ms] [Warning] [omni.physx.plugin] Invalid PhysX transform detected for /World/scene_0/controllable__r1__robot_xjwlog/base_footprint_rx.
2026-05-12 16:15:29 [59,389ms] [Warning] [omni.physx.plugin] Invalid PhysX transform detected for /World/scene_0/controllable__r1__robot_xjwlog/base_footprint_ry.
2026-05-12 16:15:29 [59,389ms] [Warning] [omni.physx.plugin] Invalid PhysX transform detected for /World/scene_0/controllable__r1__robot_xjwlog/base_footprint_rz.
2026-05-12 16:15:29 [59,389ms] [Warning] [omni.physx.plugin] Invalid PhysX transform detected for /World/scene_0/controllable__r1__robot_xjwlog/base_link.
2026-05-12 16:15:29 [59,389ms] [Warning] [omni.physx.plugin] Invalid PhysX transform detected for /World/scene_0/controllable__r1__robot_xjwlog/servo_link1.
2026-05-12 16:15:29 [59,389ms] [Warning] [omni.physx.plugin] Invalid PhysX transform detected for /World/scene_0/controllable__r1__robot_xjwlog/servo_link2.
2026-05-12 16:15:29 [59,389ms] [Warning] [omni.physx.plugin] Invalid PhysX transform detected for /World/scene_0/controllable__r1__robot_xjwlog/servo_link3.
2026-05-12 16:15:29 [59,389ms] [Warning] [omni.physx.plugin] Invalid PhysX transform detected for /World/scene_0/controllable__r1__robot_xjwlog/torso_link1.
2026-05-12 16:15:29 [59,389ms] [Warning] [omni.physx.plugin] Invalid PhysX transform detected for /World/scene_0/controllable__r1__robot_xjwlog/wheel_link1.
2026-05-12 16:15:29 [59,389ms] [Warning] [omni.physx.plugin] Invalid PhysX transform detected for /World/scene_0/controllable__r1__robot_xjwlog/wheel_link2.
2026-05-12 16:15:29 [59,389ms] [Warning] [omni.physx.plugin] Invalid PhysX transform detected for /World/scene_0/controllable__r1__robot_xjwlog/wheel_link3.
2026-05-12 16:15:29 [59,389ms] [Warning] [omni.physx.plugin] Invalid PhysX transform detected for /World/scene_0/controllable__r1__robot_xjwlog/torso_link2.
2026-05-12 16:15:29 [59,389ms] [Warning] [omni.physx.plugin] Invalid PhysX transform detected for /World/scene_0/controllable__r1__robot_xjwlog/torso_link3.
2026-05-12 16:15:29 [59,389ms] [Warning] [omni.physx.plugin] Invalid PhysX transform detected for /World/scene_0/controllable__r1__robot_xjwlog/torso_link4.
2026-05-12 16:15:29 [59,389ms] [Warning] [omni.physx.plugin] Invalid PhysX transform detected for /World/scene_0/controllable__r1__robot_xjwlog/left_arm_link1.
2026-05-12 16:15:29 [59,389ms] [Warning] [omni.physx.plugin] Invalid PhysX transform detected for /World/scene_0/controllable__r1__robot_xjwlog/right_arm_link1.
2026-05-12 16:15:29 [59,389ms] [Warning] [omni.physx.plugin] Invalid PhysX transform detected for /World/scene_0/controllable__r1__robot_xjwlog/eyes.
2026-05-12 16:15:29 [59,389ms] [Warning] [omni.physx.plugin] Invalid PhysX transform detected for /World/scene_0/controllable__r1__robot_xjwlog/left_arm_link2.
2026-05-12 16:15:29 [59,389ms] [Warning] [omni.physx.plugin] Invalid PhysX transform detected for /World/scene_0/controllable__r1__robot_xjwlog/right_arm_link2.
2026-05-12 16:15:29 [59,389ms] [Warning] [omni.physx.plugin] Invalid PhysX transform detected for /World/scene_0/controllable__r1__robot_xjwlog/left_arm_link3.
2026-05-12 16:15:29 [59,389ms] [Warning] [omni.physx.plugin] Invalid PhysX transform detected for /World/scene_0/controllable__r1__robot_xjwlog/right_arm_link3.
2026-05-12 16:15:29 [59,389ms] [Warning] [omni.physx.plugin] Invalid PhysX transform detected for /World/scene_0/controllable__r1__robot_xjwlog/left_arm_link4.
2026-05-12 16:15:29 [59,389ms] [Warning] [omni.physx.plugin] Invalid PhysX transform detected for /World/scene_0/controllable__r1__robot_xjwlog/right_arm_link4.
2026-05-12 16:15:29 [59,389ms] [Warning] [omni.physx.plugin] Invalid PhysX transform detected for /World/scene_0/controllable__r1__robot_xjwlog/left_arm_link5.
2026-05-12 16:15:29 [59,389ms] [Warning] [omni.physx.plugin] Invalid PhysX transform detected for /World/scene_0/controllable__r1__robot_xjwlog/right_arm_link5.
2026-05-12 16:15:29 [59,389ms] [Warning] [omni.physx.plugin] Invalid PhysX transform detected for /World/scene_0/controllable__r1__robot_xjwlog/left_arm_link6.
2026-05-12 16:15:29 [59,389ms] [Warning] [omni.physx.plugin] Invalid PhysX transform detected for /World/scene_0/controllable__r1__robot_xjwlog/right_arm_link6.
2026-05-12 16:15:29 [59,389ms] [Warning] [omni.physx.plugin] Invalid PhysX transform detected for /World/scene_0/controllable__r1__robot_xjwlog/left_gripper_link1.
2026-05-12 16:15:29 [59,389ms] [Warning] [omni.physx.plugin] Invalid PhysX transform detected for /World/scene_0/controllable__r1__robot_xjwlog/left_gripper_link2.
2026-05-12 16:15:29 [59,389ms] [Warning] [omni.physx.plugin] Invalid PhysX transform detected for /World/scene_0/controllable__r1__robot_xjwlog/left_eef_link.
2026-05-12 16:15:29 [59,389ms] [Warning] [omni.physx.plugin] Invalid PhysX transform detected for /World/scene_0/controllable__r1__robot_xjwlog/right_gripper_link1.
2026-05-12 16:15:29 [59,389ms] [Warning] [omni.physx.plugin] Invalid PhysX transform detected for /World/scene_0/controllable__r1__robot_xjwlog/right_gripper_link2.
2026-05-12 16:15:29 [59,389ms] [Warning] [omni.physx.plugin] Invalid PhysX transform detected for /World/scene_0/controllable__r1__robot_xjwlog/right_eef_link.
2026-05-12 16:15:30 [59,501ms] [Warning] [omni.physx.plugin] Invalid PhysX transform detected for /World/scene_0/controllable__r1__robot_xjwlog/base_footprint_y.
2026-05-12 16:15:30 [59,501ms] [Warning] [omni.physx.plugin] Invalid PhysX transform detected for /World/scene_0/controllable__r1__robot_xjwlog/base_footprint_z.
2026-05-12 16:15:30 [59,501ms] [Warning] [omni.physx.plugin] Invalid PhysX transform detected for /World/scene_0/controllable__r1__robot_xjwlog/base_footprint_rx.
2026-05-12 16:15:30 [59,501ms] [Warning] [omni.physx.plugin] Invalid PhysX transform detected for /World/scene_0/controllable__r1__robot_xjwlog/base_footprint_ry.
2026-05-12 16:15:30 [59,501ms] [Warning] [omni.physx.plugin] Invalid PhysX transform detected for /World/scene_0/controllable__r1__robot_xjwlog/base_footprint_rz.
2026-05-12 16:15:30 [59,501ms] [Warning] [omni.physx.plugin] Invalid PhysX transform detected for /World/scene_0/controllable__r1__robot_xjwlog/base_link.
2026-05-12 16:15:30 [59,501ms] [Warning] [omni.physx.plugin] Invalid PhysX transform detected for /World/scene_0/controllable__r1__robot_xjwlog/servo_link1.
2026-05-12 16:15:30 [59,501ms] [Warning] [omni.physx.plugin] Invalid PhysX transform detected for /World/scene_0/controllable__r1__robot_xjwlog/servo_link2.
2026-05-12 16:15:30 [59,501ms] [Warning] [omni.physx.plugin] Invalid PhysX transform detected for /World/scene_0/controllable__r1__robot_xjwlog/servo_link3.
2026-05-12 16:15:30 [59,501ms] [Warning] [omni.physx.plugin] Invalid PhysX transform detected for /World/scene_0/controllable__r1__robot_xjwlog/torso_link1.
2026-05-12 16:15:30 [59,501ms] [Warning] [omni.physx.plugin] Invalid PhysX transform detected for /World/scene_0/controllable__r1__robot_xjwlog/wheel_link1.
2026-05-12 16:15:30 [59,501ms] [Warning] [omni.physx.plugin] Invalid PhysX transform detected for /World/scene_0/controllable__r1__robot_xjwlog/wheel_link2.
2026-05-12 16:15:30 [59,501ms] [Warning] [omni.physx.plugin] Invalid PhysX transform detected for /World/scene_0/controllable__r1__robot_xjwlog/wheel_link3.
2026-05-12 16:15:30 [59,501ms] [Warning] [omni.physx.plugin] Invalid PhysX transform detected for /World/scene_0/controllable__r1__robot_xjwlog/torso_link2.
2026-05-12 16:15:30 [59,501ms] [Warning] [omni.physx.plugin] Invalid PhysX transform detected for /World/scene_0/controllable__r1__robot_xjwlog/torso_link3.
2026-05-12 16:15:30 [59,501ms] [Warning] [omni.physx.plugin] Invalid PhysX transform detected for /World/scene_0/controllable__r1__robot_xjwlog/torso_link4.
2026-05-12 16:15:30 [59,501ms] [Warning] [omni.physx.plugin] Invalid PhysX transform detected for /World/scene_0/controllable__r1__robot_xjwlog/left_arm_link1.
2026-05-12 16:15:30 [59,501ms] [Warning] [omni.physx.plugin] Invalid PhysX transform detected for /World/scene_0/controllable__r1__robot_xjwlog/right_arm_link1.
2026-05-12 16:15:30 [59,501ms] [Warning] [omni.physx.plugin] Invalid PhysX transform detected for /World/scene_0/controllable__r1__robot_xjwlog/eyes.
2026-05-12 16:15:30 [59,501ms] [Warning] [omni.physx.plugin] Invalid PhysX transform detected for /World/scene_0/controllable__r1__robot_xjwlog/left_arm_link2.
2026-05-12 16:15:30 [59,501ms] [Warning] [omni.physx.plugin] Invalid PhysX transform detected for /World/scene_0/controllable__r1__robot_xjwlog/right_arm_link2.
2026-05-12 16:15:30 [59,501ms] [Warning] [omni.physx.plugin] Invalid PhysX transform detected for /World/scene_0/controllable__r1__robot_xjwlog/left_arm_link3.
2026-05-12 16:15:30 [59,501ms] [Warning] [omni.physx.plugin] Invalid PhysX transform detected for /World/scene_0/controllable__r1__robot_xjwlog/right_arm_link3.
2026-05-12 16:15:30 [59,501ms] [Warning] [omni.physx.plugin] Invalid PhysX transform detected for /World/scene_0/controllable__r1__robot_xjwlog/left_arm_link4.
2026-05-12 16:15:30 [59,501ms] [Warning] [omni.physx.plugin] Invalid PhysX transform detected for /World/scene_0/controllable__r1__robot_xjwlog/right_arm_link4.
2026-05-12 16:15:30 [59,501ms] [Warning] [omni.physx.plugin] Invalid PhysX transform detected for /World/scene_0/controllable__r1__robot_xjwlog/left_arm_link5.
2026-05-12 16:15:30 [59,501ms] [Warning] [omni.physx.plugin] Invalid PhysX transform detected for /World/scene_0/controllable__r1__robot_xjwlog/right_arm_link5.
2026-05-12 16:15:30 [59,501ms] [Warning] [omni.physx.plugin] Invalid PhysX transform detected for /World/scene_0/controllable__r1__robot_xjwlog/left_arm_link6.
2026-05-12 16:15:30 [59,501ms] [Warning] [omni.physx.plugin] Invalid PhysX transform detected for /World/scene_0/controllable__r1__robot_xjwlog/right_arm_link6.
2026-05-12 16:15:30 [59,501ms] [Warning] [omni.physx.plugin] Invalid PhysX transform detected for /World/scene_0/controllable__r1__robot_xjwlog/left_gripper_link1.
2026-05-12 16:15:30 [59,501ms] [Warning] [omni.physx.plugin] Invalid PhysX transform detected for /World/scene_0/controllable__r1__robot_xjwlog/left_gripper_link2.
2026-05-12 16:15:30 [59,501ms] [Warning] [omni.physx.plugin] Invalid PhysX transform detected for /World/scene_0/controllable__r1__robot_xjwlog/left_eef_link.
2026-05-12 16:15:30 [59,501ms] [Warning] [omni.physx.plugin] Invalid PhysX transform detected for /World/scene_0/controllable__r1__robot_xjwlog/right_gripper_link1.
2026-05-12 16:15:30 [59,501ms] [Warning] [omni.physx.plugin] Invalid PhysX transform detected for /World/scene_0/controllable__r1__robot_xjwlog/right_gripper_link2.
2026-05-12 16:15:30 [59,501ms] [Warning] [omni.physx.plugin] Invalid PhysX transform detected for /World/scene_0/controllable__r1__robot_xjwlog/right_eef_link.
2026-05-12 16:15:30 [59,585ms] [Warning] [omni.physx.plugin] Invalid PhysX transform detected for /World/scene_0/controllable__r1__robot_xjwlog/base_footprint_y.
2026-05-12 16:15:30 [59,585ms] [Warning] [omni.physx.plugin] Invalid PhysX transform detected for /World/scene_0/controllable__r1__robot_xjwlog/base_footprint_z.
2026-05-12 16:15:30 [59,585ms] [Warning] [omni.physx.plugin] Invalid PhysX transform detected for /World/scene_0/controllable__r1__robot_xjwlog/base_footprint_rx.
2026-05-12 16:15:30 [59,585ms] [Warning] [omni.physx.plugin] Invalid PhysX transform detected for /World/scene_0/controllable__r1__robot_xjwlog/base_footprint_ry.
2026-05-12 16:15:30 [59,585ms] [Warning] [omni.physx.plugin] Invalid PhysX transform detected for /World/scene_0/controllable__r1__robot_xjwlog/base_footprint_rz.
2026-05-12 16:15:30 [59,585ms] [Warning] [omni.physx.plugin] Invalid PhysX transform detected for /World/scene_0/controllable__r1__robot_xjwlog/base_link.
2026-05-12 16:15:30 [59,585ms] [Warning] [omni.physx.plugin] Invalid PhysX transform detected for /World/scene_0/controllable__r1__robot_xjwlog/servo_link1.
2026-05-12 16:15:30 [59,585ms] [Warning] [omni.physx.plugin] Invalid PhysX transform detected for /World/scene_0/controllable__r1__robot_xjwlog/servo_link2.
2026-05-12 16:15:30 [59,585ms] [Warning] [omni.physx.plugin] Invalid PhysX transform detected for /World/scene_0/controllable__r1__robot_xjwlog/servo_link3.
2026-05-12 16:15:30 [59,585ms] [Warning] [omni.physx.plugin] Invalid PhysX transform detected for /World/scene_0/controllable__r1__robot_xjwlog/torso_link1.
2026-05-12 16:15:30 [59,585ms] [Warning] [omni.physx.plugin] Invalid PhysX transform detected for /World/scene_0/controllable__r1__robot_xjwlog/wheel_link1.
2026-05-12 16:15:30 [59,585ms] [Warning] [omni.physx.plugin] Invalid PhysX transform detected for /World/scene_0/controllable__r1__robot_xjwlog/wheel_link2.
2026-05-12 16:15:30 [59,585ms] [Warning] [omni.physx.plugin] Invalid PhysX transform detected for /World/scene_0/controllable__r1__robot_xjwlog/wheel_link3.
2026-05-12 16:15:30 [59,585ms] [Warning] [omni.physx.plugin] Invalid PhysX transform detected for /World/scene_0/controllable__r1__robot_xjwlog/torso_link2.
2026-05-12 16:15:30 [59,585ms] [Warning] [omni.physx.plugin] Invalid PhysX transform detected for /World/scene_0/controllable__r1__robot_xjwlog/torso_link3.
2026-05-12 16:15:30 [59,585ms] [Warning] [omni.physx.plugin] Invalid PhysX transform detected for /World/scene_0/controllable__r1__robot_xjwlog/torso_link4.
2026-05-12 16:15:30 [59,585ms] [Warning] [omni.physx.plugin] Invalid PhysX transform detected for /World/scene_0/controllable__r1__robot_xjwlog/left_arm_link1.
2026-05-12 16:15:30 [59,585ms] [Warning] [omni.physx.plugin] Invalid PhysX transform detected for /World/scene_0/controllable__r1__robot_xjwlog/right_arm_link1.
2026-05-12 16:15:30 [59,585ms] [Warning] [omni.physx.plugin] Invalid PhysX transform detected for /World/scene_0/controllable__r1__robot_xjwlog/eyes.
2026-05-12 16:15:30 [59,585ms] [Warning] [omni.physx.plugin] Invalid PhysX transform detected for /World/scene_0/controllable__r1__robot_xjwlog/left_arm_link2.
2026-05-12 16:15:30 [59,585ms] [Warning] [omni.physx.plugin] Invalid PhysX transform detected for /World/scene_0/controllable__r1__robot_xjwlog/right_arm_link2.
2026-05-12 16:15:30 [59,585ms] [Warning] [omni.physx.plugin] Invalid PhysX transform detected for /World/scene_0/controllable__r1__robot_xjwlog/left_arm_link3.
2026-05-12 16:15:30 [59,585ms] [Warning] [omni.physx.plugin] Invalid PhysX transform detected for /World/scene_0/controllable__r1__robot_xjwlog/right_arm_link3.
2026-05-12 16:15:30 [59,585ms] [Warning] [omni.physx.plugin] Invalid PhysX transform detected for /World/scene_0/controllable__r1__robot_xjwlog/left_arm_link4.
2026-05-12 16:15:30 [59,585ms] [Warning] [omni.physx.plugin] Invalid PhysX transform detected for /World/scene_0/controllable__r1__robot_xjwlog/right_arm_link4.
2026-05-12 16:15:30 [59,585ms] [Warning] [omni.physx.plugin] Invalid PhysX transform detected for /World/scene_0/controllable__r1__robot_xjwlog/left_arm_link5.
2026-05-12 16:15:30 [59,585ms] [Warning] [omni.physx.plugin] Invalid PhysX transform detected for /World/scene_0/controllable__r1__robot_xjwlog/right_arm_link5.
2026-05-12 16:15:30 [59,585ms] [Warning] [omni.physx.plugin] Invalid PhysX transform detected for /World/scene_0/controllable__r1__robot_xjwlog/left_arm_link6.
2026-05-12 16:15:30 [59,585ms] [Warning] [omni.physx.plugin] Invalid PhysX transform detected for /World/scene_0/controllable__r1__robot_xjwlog/right_arm_link6.
2026-05-12 16:15:30 [59,585ms] [Warning] [omni.physx.plugin] Invalid PhysX transform detected for /World/scene_0/controllable__r1__robot_xjwlog/left_gripper_link1.
2026-05-12 16:15:30 [59,585ms] [Warning] [omni.physx.plugin] Invalid PhysX transform detected for /World/scene_0/controllable__r1__robot_xjwlog/left_gripper_link2.
2026-05-12 16:15:30 [59,585ms] [Warning] [omni.physx.plugin] Invalid PhysX transform detected for /World/scene_0/controllable__r1__robot_xjwlog/left_eef_link.
2026-05-12 16:15:30 [59,585ms] [Warning] [omni.physx.plugin] Invalid PhysX transform detected for /World/scene_0/controllable__r1__robot_xjwlog/right_gripper_link1.
2026-05-12 16:15:30 [59,585ms] [Warning] [omni.physx.plugin] Invalid PhysX transform detected for /World/scene_0/controllable__r1__robot_xjwlog/right_gripper_link2.
2026-05-12 16:15:30 [59,585ms] [Warning] [omni.physx.plugin] Invalid PhysX transform detected for /World/scene_0/controllable__r1__robot_xjwlog/right_eef_link.
2026-05-12 16:15:30 [59,668ms] [Warning] [omni.physx.plugin] Invalid PhysX transform detected for /World/scene_0/controllable__r1__robot_xjwlog/base_footprint_y.
2026-05-12 16:15:30 [59,668ms] [Warning] [omni.physx.plugin] Invalid PhysX transform detected for /World/scene_0/controllable__r1__robot_xjwlog/base_footprint_z.
2026-05-12 16:15:30 [59,668ms] [Warning] [omni.physx.plugin] Invalid PhysX transform detected for /World/scene_0/controllable__r1__robot_xjwlog/base_footprint_rx.
2026-05-12 16:15:30 [59,668ms] [Warning] [omni.physx.plugin] Invalid PhysX transform detected for /World/scene_0/controllable__r1__robot_xjwlog/base_footprint_ry.
2026-05-12 16:15:30 [59,668ms] [Warning] [omni.physx.plugin] Invalid PhysX transform detected for /World/scene_0/controllable__r1__robot_xjwlog/base_footprint_rz.
2026-05-12 16:15:30 [59,668ms] [Warning] [omni.physx.plugin] Invalid PhysX transform detected for /World/scene_0/controllable__r1__robot_xjwlog/base_link.
2026-05-12 16:15:30 [59,668ms] [Warning] [omni.physx.plugin] Invalid PhysX transform detected for /World/scene_0/controllable__r1__robot_xjwlog/servo_link1.
2026-05-12 16:15:30 [59,668ms] [Warning] [omni.physx.plugin] Invalid PhysX transform detected for /World/scene_0/controllable__r1__robot_xjwlog/servo_link2.
2026-05-12 16:15:30 [59,668ms] [Warning] [omni.physx.plugin] Invalid PhysX transform detected for /World/scene_0/controllable__r1__robot_xjwlog/servo_link3.
2026-05-12 16:15:30 [59,668ms] [Warning] [omni.physx.plugin] Invalid PhysX transform detected for /World/scene_0/controllable__r1__robot_xjwlog/torso_link1.
2026-05-12 16:15:30 [59,668ms] [Warning] [omni.physx.plugin] Invalid PhysX transform detected for /World/scene_0/controllable__r1__robot_xjwlog/wheel_link1.
2026-05-12 16:15:30 [59,668ms] [Warning] [omni.physx.plugin] Invalid PhysX transform detected for /World/scene_0/controllable__r1__robot_xjwlog/wheel_link2.
2026-05-12 16:15:30 [59,668ms] [Warning] [omni.physx.plugin] Invalid PhysX transform detected for /World/scene_0/controllable__r1__robot_xjwlog/wheel_link3.
2026-05-12 16:15:30 [59,668ms] [Warning] [omni.physx.plugin] Invalid PhysX transform detected for /World/scene_0/controllable__r1__robot_xjwlog/torso_link2.
2026-05-12 16:15:30 [59,668ms] [Warning] [omni.physx.plugin] Invalid PhysX transform detected for /World/scene_0/controllable__r1__robot_xjwlog/torso_link3.
2026-05-12 16:15:30 [59,668ms] [Warning] [omni.physx.plugin] Invalid PhysX transform detected for /World/scene_0/controllable__r1__robot_xjwlog/torso_link4.
2026-05-12 16:15:30 [59,668ms] [Warning] [omni.physx.plugin] Invalid PhysX transform detected for /World/scene_0/controllable__r1__robot_xjwlog/left_arm_link1.
2026-05-12 16:15:30 [59,668ms] [Warning] [omni.physx.plugin] Invalid PhysX transform detected for /World/scene_0/controllable__r1__robot_xjwlog/right_arm_link1.
2026-05-12 16:15:30 [59,668ms] [Warning] [omni.physx.plugin] Invalid PhysX transform detected for /World/scene_0/controllable__r1__robot_xjwlog/eyes.
2026-05-12 16:15:30 [59,668ms] [Warning] [omni.physx.plugin] Invalid PhysX transform detected for /World/scene_0/controllable__r1__robot_xjwlog/left_arm_link2.
2026-05-12 16:15:30 [59,668ms] [Warning] [omni.physx.plugin] Invalid PhysX transform detected for /World/scene_0/controllable__r1__robot_xjwlog/right_arm_link2.
2026-05-12 16:15:30 [59,668ms] [Warning] [omni.physx.plugin] Invalid PhysX transform detected for /World/scene_0/controllable__r1__robot_xjwlog/left_arm_link3.
2026-05-12 16:15:30 [59,668ms] [Warning] [omni.physx.plugin] Invalid PhysX transform detected for /World/scene_0/controllable__r1__robot_xjwlog/right_arm_link3.
2026-05-12 16:15:30 [59,668ms] [Warning] [omni.physx.plugin] Invalid PhysX transform detected for /World/scene_0/controllable__r1__robot_xjwlog/left_arm_link4.
2026-05-12 16:15:30 [59,668ms] [Warning] [omni.physx.plugin] Invalid PhysX transform detected for /World/scene_0/controllable__r1__robot_xjwlog/right_arm_link4.
2026-05-12 16:15:30 [59,668ms] [Warning] [omni.physx.plugin] Invalid PhysX transform detected for /World/scene_0/controllable__r1__robot_xjwlog/left_arm_link5.
2026-05-12 16:15:30 [59,668ms] [Warning] [omni.physx.plugin] Invalid PhysX transform detected for /World/scene_0/controllable__r1__robot_xjwlog/right_arm_link5.
2026-05-12 16:15:30 [59,668ms] [Warning] [omni.physx.plugin] Invalid PhysX transform detected for /World/scene_0/controllable__r1__robot_xjwlog/left_arm_link6.
2026-05-12 16:15:30 [59,668ms] [Warning] [omni.physx.plugin] Invalid PhysX transform detected for /World/scene_0/controllable__r1__robot_xjwlog/right_arm_link6.
2026-05-12 16:15:30 [59,668ms] [Warning] [omni.physx.plugin] Invalid PhysX transform detected for /World/scene_0/controllable__r1__robot_xjwlog/left_gripper_link1.
2026-05-12 16:15:30 [59,668ms] [Warning] [omni.physx.plugin] Invalid PhysX transform detected for /World/scene_0/controllable__r1__robot_xjwlog/left_gripper_link2.
2026-05-12 16:15:30 [59,668ms] [Warning] [omni.physx.plugin] Invalid PhysX transform detected for /World/scene_0/controllable__r1__robot_xjwlog/left_eef_link.
2026-05-12 16:15:30 [59,668ms] [Warning] [omni.physx.plugin] Invalid PhysX transform detected for /World/scene_0/controllable__r1__robot_xjwlog/right_gripper_link1.
2026-05-12 16:15:30 [59,668ms] [Warning] [omni.physx.plugin] Invalid PhysX transform detected for /World/scene_0/controllable__r1__robot_xjwlog/right_gripper_link2.
2026-05-12 16:15:30 [59,668ms] [Warning] [omni.physx.plugin] Invalid PhysX transform detected for /World/scene_0/controllable__r1__robot_xjwlog/right_eef_link.
2026-05-12 16:15:30 [59,750ms] [Warning] [omni.physx.plugin] Invalid PhysX transform detected for /World/scene_0/controllable__r1__robot_xjwlog/base_footprint_y.
2026-05-12 16:15:30 [59,750ms] [Warning] [omni.physx.plugin] Invalid PhysX transform detected for /World/scene_0/controllable__r1__robot_xjwlog/base_footprint_z.
2026-05-12 16:15:30 [59,750ms] [Warning] [omni.physx.plugin] Invalid PhysX transform detected for /World/scene_0/controllable__r1__robot_xjwlog/base_footprint_rx.
2026-05-12 16:15:30 [59,750ms] [Warning] [omni.physx.plugin] Invalid PhysX transform detected for /World/scene_0/controllable__r1__robot_xjwlog/base_footprint_ry.
2026-05-12 16:15:30 [59,750ms] [Warning] [omni.physx.plugin] Invalid PhysX transform detected for /World/scene_0/controllable__r1__robot_xjwlog/base_footprint_rz.
2026-05-12 16:15:30 [59,750ms] [Warning] [omni.physx.plugin] Invalid PhysX transform detected for /World/scene_0/controllable__r1__robot_xjwlog/base_link.
2026-05-12 16:15:30 [59,750ms] [Warning] [omni.physx.plugin] Invalid PhysX transform detected for /World/scene_0/controllable__r1__robot_xjwlog/servo_link1.
2026-05-12 16:15:30 [59,750ms] [Warning] [omni.physx.plugin] Invalid PhysX transform detected for /World/scene_0/controllable__r1__robot_xjwlog/servo_link2.
2026-05-12 16:15:30 [59,750ms] [Warning] [omni.physx.plugin] Invalid PhysX transform detected for /World/scene_0/controllable__r1__robot_xjwlog/servo_link3.
2026-05-12 16:15:30 [59,750ms] [Warning] [omni.physx.plugin] Invalid PhysX transform detected for /World/scene_0/controllable__r1__robot_xjwlog/torso_link1.
2026-05-12 16:15:30 [59,750ms] [Warning] [omni.physx.plugin] Invalid PhysX transform detected for /World/scene_0/controllable__r1__robot_xjwlog/wheel_link1.
2026-05-12 16:15:30 [59,750ms] [Warning] [omni.physx.plugin] Invalid PhysX transform detected for /World/scene_0/controllable__r1__robot_xjwlog/wheel_link2.
2026-05-12 16:15:30 [59,750ms] [Warning] [omni.physx.plugin] Invalid PhysX transform detected for /World/scene_0/controllable__r1__robot_xjwlog/wheel_link3.
2026-05-12 16:15:30 [59,750ms] [Warning] [omni.physx.plugin] Invalid PhysX transform detected for /World/scene_0/controllable__r1__robot_xjwlog/torso_link2.
2026-05-12 16:15:30 [59,751ms] [Warning] [omni.physx.plugin] Invalid PhysX transform detected for /World/scene_0/controllable__r1__robot_xjwlog/torso_link3.
2026-05-12 16:15:30 [59,751ms] [Warning] [omni.physx.plugin] Invalid PhysX transform detected for /World/scene_0/controllable__r1__robot_xjwlog/torso_link4.
2026-05-12 16:15:30 [59,751ms] [Warning] [omni.physx.plugin] Invalid PhysX transform detected for /World/scene_0/controllable__r1__robot_xjwlog/left_arm_link1.
2026-05-12 16:15:30 [59,751ms] [Warning] [omni.physx.plugin] Invalid PhysX transform detected for /World/scene_0/controllable__r1__robot_xjwlog/right_arm_link1.
2026-05-12 16:15:30 [59,751ms] [Warning] [omni.physx.plugin] Invalid PhysX transform detected for /World/scene_0/controllable__r1__robot_xjwlog/eyes.
2026-05-12 16:15:30 [59,751ms] [Warning] [omni.physx.plugin] Invalid PhysX transform detected for /World/scene_0/controllable__r1__robot_xjwlog/left_arm_link2.
2026-05-12 16:15:30 [59,751ms] [Warning] [omni.physx.plugin] Invalid PhysX transform detected for /World/scene_0/controllable__r1__robot_xjwlog/right_arm_link2.
2026-05-12 16:15:30 [59,751ms] [Warning] [omni.physx.plugin] Invalid PhysX transform detected for /World/scene_0/controllable__r1__robot_xjwlog/left_arm_link3.
2026-05-12 16:15:30 [59,751ms] [Warning] [omni.physx.plugin] Invalid PhysX transform detected for /World/scene_0/controllable__r1__robot_xjwlog/right_arm_link3.
2026-05-12 16:15:30 [59,751ms] [Warning] [omni.physx.plugin] Invalid PhysX transform detected for /World/scene_0/controllable__r1__robot_xjwlog/left_arm_link4.
2026-05-12 16:15:30 [59,751ms] [Warning] [omni.physx.plugin] Invalid PhysX transform detected for /World/scene_0/controllable__r1__robot_xjwlog/right_arm_link4.
2026-05-12 16:15:30 [59,751ms] [Warning] [omni.physx.plugin] Invalid PhysX transform detected for /World/scene_0/controllable__r1__robot_xjwlog/left_arm_link5.
2026-05-12 16:15:30 [59,751ms] [Warning] [omni.physx.plugin] Invalid PhysX transform detected for /World/scene_0/controllable__r1__robot_xjwlog/right_arm_link5.
2026-05-12 16:15:30 [59,751ms] [Warning] [omni.physx.plugin] Invalid PhysX transform detected for /World/scene_0/controllable__r1__robot_xjwlog/left_arm_link6.
2026-05-12 16:15:30 [59,751ms] [Warning] [omni.physx.plugin] Invalid PhysX transform detected for /World/scene_0/controllable__r1__robot_xjwlog/right_arm_link6.
2026-05-12 16:15:30 [59,751ms] [Warning] [omni.physx.plugin] Invalid PhysX transform detected for /World/scene_0/controllable__r1__robot_xjwlog/left_gripper_link1.
2026-05-12 16:15:30 [59,751ms] [Warning] [omni.physx.plugin] Invalid PhysX transform detected for /World/scene_0/controllable__r1__robot_xjwlog/left_gripper_link2.
2026-05-12 16:15:30 [59,751ms] [Warning] [omni.physx.plugin] Invalid PhysX transform detected for /World/scene_0/controllable__r1__robot_xjwlog/left_eef_link.
2026-05-12 16:15:30 [59,751ms] [Warning] [omni.physx.plugin] Invalid PhysX transform detected for /World/scene_0/controllable__r1__robot_xjwlog/right_gripper_link1.
2026-05-12 16:15:30 [59,751ms] [Warning] [omni.physx.plugin] Invalid PhysX transform detected for /World/scene_0/controllable__r1__robot_xjwlog/right_gripper_link2.
2026-05-12 16:15:30 [59,751ms] [Warning] [omni.physx.plugin] Invalid PhysX transform detected for /World/scene_0/controllable__r1__robot_xjwlog/right_eef_link.
2026-05-12 16:15:30 [59,893ms] [Warning] [omni.physx.plugin] Invalid PhysX transform detected for /World/scene_0/controllable__r1__robot_xjwlog/base_footprint_y.
2026-05-12 16:15:30 [59,893ms] [Warning] [omni.physx.plugin] Invalid PhysX transform detected for /World/scene_0/controllable__r1__robot_xjwlog/base_footprint_z.
2026-05-12 16:15:30 [59,893ms] [Warning] [omni.physx.plugin] Invalid PhysX transform detected for /World/scene_0/controllable__r1__robot_xjwlog/base_footprint_rx.
2026-05-12 16:15:30 [59,893ms] [Warning] [omni.physx.plugin] Invalid PhysX transform detected for /World/scene_0/controllable__r1__robot_xjwlog/base_footprint_ry.
2026-05-12 16:15:30 [59,893ms] [Warning] [omni.physx.plugin] Invalid PhysX transform detected for /World/scene_0/controllable__r1__robot_xjwlog/base_footprint_rz.
2026-05-12 16:15:30 [59,893ms] [Warning] [omni.physx.plugin] Invalid PhysX transform detected for /World/scene_0/controllable__r1__robot_xjwlog/base_link.
2026-05-12 16:15:30 [59,893ms] [Warning] [omni.physx.plugin] Invalid PhysX transform detected for /World/scene_0/controllable__r1__robot_xjwlog/servo_link1.
2026-05-12 16:15:30 [59,893ms] [Warning] [omni.physx.plugin] Invalid PhysX transform detected for /World/scene_0/controllable__r1__robot_xjwlog/servo_link2.
2026-05-12 16:15:30 [59,893ms] [Warning] [omni.physx.plugin] Invalid PhysX transform detected for /World/scene_0/controllable__r1__robot_xjwlog/servo_link3.
2026-05-12 16:15:30 [59,893ms] [Warning] [omni.physx.plugin] Invalid PhysX transform detected for /World/scene_0/controllable__r1__robot_xjwlog/torso_link1.
2026-05-12 16:15:30 [59,893ms] [Warning] [omni.physx.plugin] Invalid PhysX transform detected for /World/scene_0/controllable__r1__robot_xjwlog/wheel_link1.
2026-05-12 16:15:30 [59,893ms] [Warning] [omni.physx.plugin] Invalid PhysX transform detected for /World/scene_0/controllable__r1__robot_xjwlog/wheel_link2.
2026-05-12 16:15:30 [59,893ms] [Warning] [omni.physx.plugin] Invalid PhysX transform detected for /World/scene_0/controllable__r1__robot_xjwlog/wheel_link3.
2026-05-12 16:15:30 [59,893ms] [Warning] [omni.physx.plugin] Invalid PhysX transform detected for /World/scene_0/controllable__r1__robot_xjwlog/torso_link2.
2026-05-12 16:15:30 [59,893ms] [Warning] [omni.physx.plugin] Invalid PhysX transform detected for /World/scene_0/controllable__r1__robot_xjwlog/torso_link3.
2026-05-12 16:15:30 [59,893ms] [Warning] [omni.physx.plugin] Invalid PhysX transform detected for /World/scene_0/controllable__r1__robot_xjwlog/torso_link4.
2026-05-12 16:15:30 [59,893ms] [Warning] [omni.physx.plugin] Invalid PhysX transform detected for /World/scene_0/controllable__r1__robot_xjwlog/left_arm_link1.
2026-05-12 16:15:30 [59,893ms] [Warning] [omni.physx.plugin] Invalid PhysX transform detected for /World/scene_0/controllable__r1__robot_xjwlog/right_arm_link1.
2026-05-12 16:15:30 [59,893ms] [Warning] [omni.physx.plugin] Invalid PhysX transform detected for /World/scene_0/controllable__r1__robot_xjwlog/eyes.
2026-05-12 16:15:30 [59,893ms] [Warning] [omni.physx.plugin] Invalid PhysX transform detected for /World/scene_0/controllable__r1__robot_xjwlog/left_arm_link2.
2026-05-12 16:15:30 [59,893ms] [Warning] [omni.physx.plugin] Invalid PhysX transform detected for /World/scene_0/controllable__r1__robot_xjwlog/right_arm_link2.
2026-05-12 16:15:30 [59,893ms] [Warning] [omni.physx.plugin] Invalid PhysX transform detected for /World/scene_0/controllable__r1__robot_xjwlog/left_arm_link3.
2026-05-12 16:15:30 [59,893ms] [Warning] [omni.physx.plugin] Invalid PhysX transform detected for /World/scene_0/controllable__r1__robot_xjwlog/right_arm_link3.
2026-05-12 16:15:30 [59,893ms] [Warning] [omni.physx.plugin] Invalid PhysX transform detected for /World/scene_0/controllable__r1__robot_xjwlog/left_arm_link4.
2026-05-12 16:15:30 [59,893ms] [Warning] [omni.physx.plugin] Invalid PhysX transform detected for /World/scene_0/controllable__r1__robot_xjwlog/right_arm_link4.
2026-05-12 16:15:30 [59,893ms] [Warning] [omni.physx.plugin] Invalid PhysX transform detected for /World/scene_0/controllable__r1__robot_xjwlog/left_arm_link5.
2026-05-12 16:15:30 [59,893ms] [Warning] [omni.physx.plugin] Invalid PhysX transform detected for /World/scene_0/controllable__r1__robot_xjwlog/right_arm_link5.
2026-05-12 16:15:30 [59,893ms] [Warning] [omni.physx.plugin] Invalid PhysX transform detected for /World/scene_0/controllable__r1__robot_xjwlog/left_arm_link6.
2026-05-12 16:15:30 [59,893ms] [Warning] [omni.physx.plugin] Invalid PhysX transform detected for /World/scene_0/controllable__r1__robot_xjwlog/right_arm_link6.
2026-05-12 16:15:30 [59,893ms] [Warning] [omni.physx.plugin] Invalid PhysX transform detected for /World/scene_0/controllable__r1__robot_xjwlog/left_gripper_link1.
2026-05-12 16:15:30 [59,893ms] [Warning] [omni.physx.plugin] Invalid PhysX transform detected for /World/scene_0/controllable__r1__robot_xjwlog/left_gripper_link2.
2026-05-12 16:15:30 [59,893ms] [Warning] [omni.physx.plugin] Invalid PhysX transform detected for /World/scene_0/controllable__r1__robot_xjwlog/left_eef_link.
2026-05-12 16:15:30 [59,893ms] [Warning] [omni.physx.plugin] Invalid PhysX transform detected for /World/scene_0/controllable__r1__robot_xjwlog/right_gripper_link1.
2026-05-12 16:15:30 [59,893ms] [Warning] [omni.physx.plugin] Invalid PhysX transform detected for /World/scene_0/controllable__r1__robot_xjwlog/right_gripper_link2.
2026-05-12 16:15:30 [59,893ms] [Warning] [omni.physx.plugin] Invalid PhysX transform detected for /World/scene_0/controllable__r1__robot_xjwlog/right_eef_link.
2026-05-12 16:15:30 [59,975ms] [Warning] [omni.physx.plugin] Invalid PhysX transform detected for /World/scene_0/controllable__r1__robot_xjwlog/base_footprint_y.
2026-05-12 16:15:30 [59,975ms] [Warning] [omni.physx.plugin] Invalid PhysX transform detected for /World/scene_0/controllable__r1__robot_xjwlog/base_footprint_z.
2026-05-12 16:15:30 [59,975ms] [Warning] [omni.physx.plugin] Invalid PhysX transform detected for /World/scene_0/controllable__r1__robot_xjwlog/base_footprint_rx.
2026-05-12 16:15:30 [59,975ms] [Warning] [omni.physx.plugin] Invalid PhysX transform detected for /World/scene_0/controllable__r1__robot_xjwlog/base_footprint_ry.
2026-05-12 16:15:30 [59,975ms] [Warning] [omni.physx.plugin] Invalid PhysX transform detected for /World/scene_0/controllable__r1__robot_xjwlog/base_footprint_rz.
2026-05-12 16:15:30 [59,975ms] [Warning] [omni.physx.plugin] Invalid PhysX transform detected for /World/scene_0/controllable__r1__robot_xjwlog/base_link.
2026-05-12 16:15:30 [59,975ms] [Warning] [omni.physx.plugin] Invalid PhysX transform detected for /World/scene_0/controllable__r1__robot_xjwlog/servo_link1.
2026-05-12 16:15:30 [59,975ms] [Warning] [omni.physx.plugin] Invalid PhysX transform detected for /World/scene_0/controllable__r1__robot_xjwlog/servo_link2.
2026-05-12 16:15:30 [59,975ms] [Warning] [omni.physx.plugin] Invalid PhysX transform detected for /World/scene_0/controllable__r1__robot_xjwlog/servo_link3.
2026-05-12 16:15:30 [59,975ms] [Warning] [omni.physx.plugin] Invalid PhysX transform detected for /World/scene_0/controllable__r1__robot_xjwlog/torso_link1.
2026-05-12 16:15:30 [59,975ms] [Warning] [omni.physx.plugin] Invalid PhysX transform detected for /World/scene_0/controllable__r1__robot_xjwlog/wheel_link1.
2026-05-12 16:15:30 [59,975ms] [Warning] [omni.physx.plugin] Invalid PhysX transform detected for /World/scene_0/controllable__r1__robot_xjwlog/wheel_link2.
2026-05-12 16:15:30 [59,975ms] [Warning] [omni.physx.plugin] Invalid PhysX transform detected for /World/scene_0/controllable__r1__robot_xjwlog/wheel_link3.
2026-05-12 16:15:30 [59,975ms] [Warning] [omni.physx.plugin] Invalid PhysX transform detected for /World/scene_0/controllable__r1__robot_xjwlog/torso_link2.
2026-05-12 16:15:30 [59,975ms] [Warning] [omni.physx.plugin] Invalid PhysX transform detected for /World/scene_0/controllable__r1__robot_xjwlog/torso_link3.
2026-05-12 16:15:30 [59,975ms] [Warning] [omni.physx.plugin] Invalid PhysX transform detected for /World/scene_0/controllable__r1__robot_xjwlog/torso_link4.
2026-05-12 16:15:30 [59,975ms] [Warning] [omni.physx.plugin] Invalid PhysX transform detected for /World/scene_0/controllable__r1__robot_xjwlog/left_arm_link1.
2026-05-12 16:15:30 [59,975ms] [Warning] [omni.physx.plugin] Invalid PhysX transform detected for /World/scene_0/controllable__r1__robot_xjwlog/right_arm_link1.
2026-05-12 16:15:30 [59,975ms] [Warning] [omni.physx.plugin] Invalid PhysX transform detected for /World/scene_0/controllable__r1__robot_xjwlog/eyes.
2026-05-12 16:15:30 [59,975ms] [Warning] [omni.physx.plugin] Invalid PhysX transform detected for /World/scene_0/controllable__r1__robot_xjwlog/left_arm_link2.
2026-05-12 16:15:30 [59,975ms] [Warning] [omni.physx.plugin] Invalid PhysX transform detected for /World/scene_0/controllable__r1__robot_xjwlog/right_arm_link2.
2026-05-12 16:15:30 [59,975ms] [Warning] [omni.physx.plugin] Invalid PhysX transform detected for /World/scene_0/controllable__r1__robot_xjwlog/left_arm_link3.
2026-05-12 16:15:30 [59,975ms] [Warning] [omni.physx.plugin] Invalid PhysX transform detected for /World/scene_0/controllable__r1__robot_xjwlog/right_arm_link3.
2026-05-12 16:15:30 [59,975ms] [Warning] [omni.physx.plugin] Invalid PhysX transform detected for /World/scene_0/controllable__r1__robot_xjwlog/left_arm_link4.
2026-05-12 16:15:30 [59,975ms] [Warning] [omni.physx.plugin] Invalid PhysX transform detected for /World/scene_0/controllable__r1__robot_xjwlog/right_arm_link4.
2026-05-12 16:15:30 [59,975ms] [Warning] [omni.physx.plugin] Invalid PhysX transform detected for /World/scene_0/controllable__r1__robot_xjwlog/left_arm_link5.
2026-05-12 16:15:30 [59,975ms] [Warning] [omni.physx.plugin] Invalid PhysX transform detected for /World/scene_0/controllable__r1__robot_xjwlog/right_arm_link5.
2026-05-12 16:15:30 [59,975ms] [Warning] [omni.physx.plugin] Invalid PhysX transform detected for /World/scene_0/controllable__r1__robot_xjwlog/left_arm_link6.
2026-05-12 16:15:30 [59,975ms] [Warning] [omni.physx.plugin] Invalid PhysX transform detected for /World/scene_0/controllable__r1__robot_xjwlog/right_arm_link6.
2026-05-12 16:15:30 [59,975ms] [Warning] [omni.physx.plugin] Invalid PhysX transform detected for /World/scene_0/controllable__r1__robot_xjwlog/left_gripper_link1.
2026-05-12 16:15:30 [59,975ms] [Warning] [omni.physx.plugin] Invalid PhysX transform detected for /World/scene_0/controllable__r1__robot_xjwlog/left_gripper_link2.
2026-05-12 16:15:30 [59,975ms] [Warning] [omni.physx.plugin] Invalid PhysX transform detected for /World/scene_0/controllable__r1__robot_xjwlog/left_eef_link.
2026-05-12 16:15:30 [59,975ms] [Warning] [omni.physx.plugin] Invalid PhysX transform detected for /World/scene_0/controllable__r1__robot_xjwlog/right_gripper_link1.
2026-05-12 16:15:30 [59,975ms] [Warning] [omni.physx.plugin] Invalid PhysX transform detected for /World/scene_0/controllable__r1__robot_xjwlog/right_gripper_link2.
2026-05-12 16:15:30 [59,975ms] [Warning] [omni.physx.plugin] Invalid PhysX transform detected for /World/scene_0/controllable__r1__robot_xjwlog/right_eef_link.
2026-05-12 16:15:30 [60,054ms] [Warning] [omni.physx.plugin] Invalid PhysX transform detected for /World/scene_0/controllable__r1__robot_xjwlog/base_footprint_y.
2026-05-12 16:15:30 [60,054ms] [Warning] [omni.physx.plugin] Invalid PhysX transform detected for /World/scene_0/controllable__r1__robot_xjwlog/base_footprint_z.
2026-05-12 16:15:30 [60,054ms] [Warning] [omni.physx.plugin] Invalid PhysX transform detected for /World/scene_0/controllable__r1__robot_xjwlog/base_footprint_rx.
2026-05-12 16:15:30 [60,054ms] [Warning] [omni.physx.plugin] Invalid PhysX transform detected for /World/scene_0/controllable__r1__robot_xjwlog/base_footprint_ry.
2026-05-12 16:15:30 [60,054ms] [Warning] [omni.physx.plugin] Invalid PhysX transform detected for /World/scene_0/controllable__r1__robot_xjwlog/base_footprint_rz.
2026-05-12 16:15:30 [60,054ms] [Warning] [omni.physx.plugin] Invalid PhysX transform detected for /World/scene_0/controllable__r1__robot_xjwlog/base_link.
2026-05-12 16:15:30 [60,054ms] [Warning] [omni.physx.plugin] Invalid PhysX transform detected for /World/scene_0/controllable__r1__robot_xjwlog/servo_link1.
2026-05-12 16:15:30 [60,054ms] [Warning] [omni.physx.plugin] Invalid PhysX transform detected for /World/scene_0/controllable__r1__robot_xjwlog/servo_link2.
2026-05-12 16:15:30 [60,054ms] [Warning] [omni.physx.plugin] Invalid PhysX transform detected for /World/scene_0/controllable__r1__robot_xjwlog/servo_link3.
2026-05-12 16:15:30 [60,054ms] [Warning] [omni.physx.plugin] Invalid PhysX transform detected for /World/scene_0/controllable__r1__robot_xjwlog/torso_link1.
2026-05-12 16:15:30 [60,054ms] [Warning] [omni.physx.plugin] Invalid PhysX transform detected for /World/scene_0/controllable__r1__robot_xjwlog/wheel_link1.
2026-05-12 16:15:30 [60,054ms] [Warning] [omni.physx.plugin] Invalid PhysX transform detected for /World/scene_0/controllable__r1__robot_xjwlog/wheel_link2.
2026-05-12 16:15:30 [60,054ms] [Warning] [omni.physx.plugin] Invalid PhysX transform detected for /World/scene_0/controllable__r1__robot_xjwlog/wheel_link3.
2026-05-12 16:15:30 [60,054ms] [Warning] [omni.physx.plugin] Invalid PhysX transform detected for /World/scene_0/controllable__r1__robot_xjwlog/torso_link2.
2026-05-12 16:15:30 [60,054ms] [Warning] [omni.physx.plugin] Invalid PhysX transform detected for /World/scene_0/controllable__r1__robot_xjwlog/torso_link3.
2026-05-12 16:15:30 [60,054ms] [Warning] [omni.physx.plugin] Invalid PhysX transform detected for /World/scene_0/controllable__r1__robot_xjwlog/torso_link4.
2026-05-12 16:15:30 [60,054ms] [Warning] [omni.physx.plugin] Invalid PhysX transform detected for /World/scene_0/controllable__r1__robot_xjwlog/left_arm_link1.
2026-05-12 16:15:30 [60,054ms] [Warning] [omni.physx.plugin] Invalid PhysX transform detected for /World/scene_0/controllable__r1__robot_xjwlog/right_arm_link1.
2026-05-12 16:15:30 [60,054ms] [Warning] [omni.physx.plugin] Invalid PhysX transform detected for /World/scene_0/controllable__r1__robot_xjwlog/eyes.
2026-05-12 16:15:30 [60,054ms] [Warning] [omni.physx.plugin] Invalid PhysX transform detected for /World/scene_0/controllable__r1__robot_xjwlog/left_arm_link2.
2026-05-12 16:15:30 [60,054ms] [Warning] [omni.physx.plugin] Invalid PhysX transform detected for /World/scene_0/controllable__r1__robot_xjwlog/right_arm_link2.
2026-05-12 16:15:30 [60,054ms] [Warning] [omni.physx.plugin] Invalid PhysX transform detected for /World/scene_0/controllable__r1__robot_xjwlog/left_arm_link3.
2026-05-12 16:15:30 [60,054ms] [Warning] [omni.physx.plugin] Invalid PhysX transform detected for /World/scene_0/controllable__r1__robot_xjwlog/right_arm_link3.
2026-05-12 16:15:30 [60,054ms] [Warning] [omni.physx.plugin] Invalid PhysX transform detected for /World/scene_0/controllable__r1__robot_xjwlog/left_arm_link4.
2026-05-12 16:15:30 [60,054ms] [Warning] [omni.physx.plugin] Invalid PhysX transform detected for /World/scene_0/controllable__r1__robot_xjwlog/right_arm_link4.
2026-05-12 16:15:30 [60,054ms] [Warning] [omni.physx.plugin] Invalid PhysX transform detected for /World/scene_0/controllable__r1__robot_xjwlog/left_arm_link5.
2026-05-12 16:15:30 [60,054ms] [Warning] [omni.physx.plugin] Invalid PhysX transform detected for /World/scene_0/controllable__r1__robot_xjwlog/right_arm_link5.
2026-05-12 16:15:30 [60,054ms] [Warning] [omni.physx.plugin] Invalid PhysX transform detected for /World/scene_0/controllable__r1__robot_xjwlog/left_arm_link6.
2026-05-12 16:15:30 [60,054ms] [Warning] [omni.physx.plugin] Invalid PhysX transform detected for /World/scene_0/controllable__r1__robot_xjwlog/right_arm_link6.
2026-05-12 16:15:30 [60,054ms] [Warning] [omni.physx.plugin] Invalid PhysX transform detected for /World/scene_0/controllable__r1__robot_xjwlog/left_gripper_link1.
2026-05-12 16:15:30 [60,054ms] [Warning] [omni.physx.plugin] Invalid PhysX transform detected for /World/scene_0/controllable__r1__robot_xjwlog/left_gripper_link2.
2026-05-12 16:15:30 [60,054ms] [Warning] [omni.physx.plugin] Invalid PhysX transform detected for /World/scene_0/controllable__r1__robot_xjwlog/left_eef_link.
2026-05-12 16:15:30 [60,054ms] [Warning] [omni.physx.plugin] Invalid PhysX transform detected for /World/scene_0/controllable__r1__robot_xjwlog/right_gripper_link1.
2026-05-12 16:15:30 [60,054ms] [Warning] [omni.physx.plugin] Invalid PhysX transform detected for /World/scene_0/controllable__r1__robot_xjwlog/right_gripper_link2.
2026-05-12 16:15:30 [60,054ms] [Warning] [omni.physx.plugin] Invalid PhysX transform detected for /World/scene_0/controllable__r1__robot_xjwlog/right_eef_link.
2026-05-12 16:15:30 [60,133ms] [Warning] [omni.physx.plugin] Invalid PhysX transform detected for /World/scene_0/controllable__r1__robot_xjwlog/base_footprint_y.
2026-05-12 16:15:30 [60,133ms] [Warning] [omni.physx.plugin] Invalid PhysX transform detected for /World/scene_0/controllable__r1__robot_xjwlog/base_footprint_z.
2026-05-12 16:15:30 [60,133ms] [Warning] [omni.physx.plugin] Invalid PhysX transform detected for /World/scene_0/controllable__r1__robot_xjwlog/base_footprint_rx.
2026-05-12 16:15:30 [60,133ms] [Warning] [omni.physx.plugin] Invalid PhysX transform detected for /World/scene_0/controllable__r1__robot_xjwlog/base_footprint_ry.
2026-05-12 16:15:30 [60,133ms] [Warning] [omni.physx.plugin] Invalid PhysX transform detected for /World/scene_0/controllable__r1__robot_xjwlog/base_footprint_rz.
2026-05-12 16:15:30 [60,133ms] [Warning] [omni.physx.plugin] Invalid PhysX transform detected for /World/scene_0/controllable__r1__robot_xjwlog/base_link.
2026-05-12 16:15:30 [60,133ms] [Warning] [omni.physx.plugin] Invalid PhysX transform detected for /World/scene_0/controllable__r1__robot_xjwlog/servo_link1.
2026-05-12 16:15:30 [60,133ms] [Warning] [omni.physx.plugin] Invalid PhysX transform detected for /World/scene_0/controllable__r1__robot_xjwlog/servo_link2.
2026-05-12 16:15:30 [60,133ms] [Warning] [omni.physx.plugin] Invalid PhysX transform detected for /World/scene_0/controllable__r1__robot_xjwlog/servo_link3.
2026-05-12 16:15:30 [60,133ms] [Warning] [omni.physx.plugin] Invalid PhysX transform detected for /World/scene_0/controllable__r1__robot_xjwlog/torso_link1.
2026-05-12 16:15:30 [60,133ms] [Warning] [omni.physx.plugin] Invalid PhysX transform detected for /World/scene_0/controllable__r1__robot_xjwlog/wheel_link1.
2026-05-12 16:15:30 [60,133ms] [Warning] [omni.physx.plugin] Invalid PhysX transform detected for /World/scene_0/controllable__r1__robot_xjwlog/wheel_link2.
2026-05-12 16:15:30 [60,133ms] [Warning] [omni.physx.plugin] Invalid PhysX transform detected for /World/scene_0/controllable__r1__robot_xjwlog/wheel_link3.
2026-05-12 16:15:30 [60,133ms] [Warning] [omni.physx.plugin] Invalid PhysX transform detected for /World/scene_0/controllable__r1__robot_xjwlog/torso_link2.
2026-05-12 16:15:30 [60,133ms] [Warning] [omni.physx.plugin] Invalid PhysX transform detected for /World/scene_0/controllable__r1__robot_xjwlog/torso_link3.
2026-05-12 16:15:30 [60,133ms] [Warning] [omni.physx.plugin] Invalid PhysX transform detected for /World/scene_0/controllable__r1__robot_xjwlog/torso_link4.
2026-05-12 16:15:30 [60,133ms] [Warning] [omni.physx.plugin] Invalid PhysX transform detected for /World/scene_0/controllable__r1__robot_xjwlog/left_arm_link1.
2026-05-12 16:15:30 [60,133ms] [Warning] [omni.physx.plugin] Invalid PhysX transform detected for /World/scene_0/controllable__r1__robot_xjwlog/right_arm_link1.
2026-05-12 16:15:30 [60,133ms] [Warning] [omni.physx.plugin] Invalid PhysX transform detected for /World/scene_0/controllable__r1__robot_xjwlog/eyes.
2026-05-12 16:15:30 [60,133ms] [Warning] [omni.physx.plugin] Invalid PhysX transform detected for /World/scene_0/controllable__r1__robot_xjwlog/left_arm_link2.
2026-05-12 16:15:30 [60,133ms] [Warning] [omni.physx.plugin] Invalid PhysX transform detected for /World/scene_0/controllable__r1__robot_xjwlog/right_arm_link2.
2026-05-12 16:15:30 [60,133ms] [Warning] [omni.physx.plugin] Invalid PhysX transform detected for /World/scene_0/controllable__r1__robot_xjwlog/left_arm_link3.
2026-05-12 16:15:30 [60,133ms] [Warning] [omni.physx.plugin] Invalid PhysX transform detected for /World/scene_0/controllable__r1__robot_xjwlog/right_arm_link3.
2026-05-12 16:15:30 [60,133ms] [Warning] [omni.physx.plugin] Invalid PhysX transform detected for /World/scene_0/controllable__r1__robot_xjwlog/left_arm_link4.
2026-05-12 16:15:30 [60,133ms] [Warning] [omni.physx.plugin] Invalid PhysX transform detected for /World/scene_0/controllable__r1__robot_xjwlog/right_arm_link4.
2026-05-12 16:15:30 [60,133ms] [Warning] [omni.physx.plugin] Invalid PhysX transform detected for /World/scene_0/controllable__r1__robot_xjwlog/left_arm_link5.
2026-05-12 16:15:30 [60,133ms] [Warning] [omni.physx.plugin] Invalid PhysX transform detected for /World/scene_0/controllable__r1__robot_xjwlog/right_arm_link5.
2026-05-12 16:15:30 [60,133ms] [Warning] [omni.physx.plugin] Invalid PhysX transform detected for /World/scene_0/controllable__r1__robot_xjwlog/left_arm_link6.
2026-05-12 16:15:30 [60,133ms] [Warning] [omni.physx.plugin] Invalid PhysX transform detected for /World/scene_0/controllable__r1__robot_xjwlog/right_arm_link6.
2026-05-12 16:15:30 [60,133ms] [Warning] [omni.physx.plugin] Invalid PhysX transform detected for /World/scene_0/controllable__r1__robot_xjwlog/left_gripper_link1.
2026-05-12 16:15:30 [60,133ms] [Warning] [omni.physx.plugin] Invalid PhysX transform detected for /World/scene_0/controllable__r1__robot_xjwlog/left_gripper_link2.
2026-05-12 16:15:30 [60,133ms] [Warning] [omni.physx.plugin] Invalid PhysX transform detected for /World/scene_0/controllable__r1__robot_xjwlog/left_eef_link.
2026-05-12 16:15:30 [60,133ms] [Warning] [omni.physx.plugin] Invalid PhysX transform detected for /World/scene_0/controllable__r1__robot_xjwlog/right_gripper_link1.
2026-05-12 16:15:30 [60,133ms] [Warning] [omni.physx.plugin] Invalid PhysX transform detected for /World/scene_0/controllable__r1__robot_xjwlog/right_gripper_link2.
2026-05-12 16:15:30 [60,133ms] [Warning] [omni.physx.plugin] Invalid PhysX transform detected for /World/scene_0/controllable__r1__robot_xjwlog/right_eef_link.
2026-05-12 16:15:30 [60,214ms] [Warning] [omni.physx.plugin] Invalid PhysX transform detected for /World/scene_0/controllable__r1__robot_xjwlog/base_footprint_y.
2026-05-12 16:15:30 [60,214ms] [Warning] [omni.physx.plugin] Invalid PhysX transform detected for /World/scene_0/controllable__r1__robot_xjwlog/base_footprint_z.
2026-05-12 16:15:30 [60,214ms] [Warning] [omni.physx.plugin] Invalid PhysX transform detected for /World/scene_0/controllable__r1__robot_xjwlog/base_footprint_rx.
2026-05-12 16:15:30 [60,214ms] [Warning] [omni.physx.plugin] Invalid PhysX transform detected for /World/scene_0/controllable__r1__robot_xjwlog/base_footprint_ry.
2026-05-12 16:15:30 [60,214ms] [Warning] [omni.physx.plugin] Invalid PhysX transform detected for /World/scene_0/controllable__r1__robot_xjwlog/base_footprint_rz.
2026-05-12 16:15:30 [60,214ms] [Warning] [omni.physx.plugin] Invalid PhysX transform detected for /World/scene_0/controllable__r1__robot_xjwlog/base_link.
2026-05-12 16:15:30 [60,214ms] [Warning] [omni.physx.plugin] Invalid PhysX transform detected for /World/scene_0/controllable__r1__robot_xjwlog/servo_link1.
2026-05-12 16:15:30 [60,214ms] [Warning] [omni.physx.plugin] Invalid PhysX transform detected for /World/scene_0/controllable__r1__robot_xjwlog/servo_link2.
2026-05-12 16:15:30 [60,214ms] [Warning] [omni.physx.plugin] Invalid PhysX transform detected for /World/scene_0/controllable__r1__robot_xjwlog/servo_link3.
2026-05-12 16:15:30 [60,214ms] [Warning] [omni.physx.plugin] Invalid PhysX transform detected for /World/scene_0/controllable__r1__robot_xjwlog/torso_link1.
2026-05-12 16:15:30 [60,214ms] [Warning] [omni.physx.plugin] Invalid PhysX transform detected for /World/scene_0/controllable__r1__robot_xjwlog/wheel_link1.
2026-05-12 16:15:30 [60,214ms] [Warning] [omni.physx.plugin] Invalid PhysX transform detected for /World/scene_0/controllable__r1__robot_xjwlog/wheel_link2.
2026-05-12 16:15:30 [60,214ms] [Warning] [omni.physx.plugin] Invalid PhysX transform detected for /World/scene_0/controllable__r1__robot_xjwlog/wheel_link3.
2026-05-12 16:15:30 [60,214ms] [Warning] [omni.physx.plugin] Invalid PhysX transform detected for /World/scene_0/controllable__r1__robot_xjwlog/torso_link2.
2026-05-12 16:15:30 [60,214ms] [Warning] [omni.physx.plugin] Invalid PhysX transform detected for /World/scene_0/controllable__r1__robot_xjwlog/torso_link3.
2026-05-12 16:15:30 [60,214ms] [Warning] [omni.physx.plugin] Invalid PhysX transform detected for /World/scene_0/controllable__r1__robot_xjwlog/torso_link4.
2026-05-12 16:15:30 [60,214ms] [Warning] [omni.physx.plugin] Invalid PhysX transform detected for /World/scene_0/controllable__r1__robot_xjwlog/left_arm_link1.
2026-05-12 16:15:30 [60,214ms] [Warning] [omni.physx.plugin] Invalid PhysX transform detected for /World/scene_0/controllable__r1__robot_xjwlog/right_arm_link1.
2026-05-12 16:15:30 [60,214ms] [Warning] [omni.physx.plugin] Invalid PhysX transform detected for /World/scene_0/controllable__r1__robot_xjwlog/eyes.
2026-05-12 16:15:30 [60,214ms] [Warning] [omni.physx.plugin] Invalid PhysX transform detected for /World/scene_0/controllable__r1__robot_xjwlog/left_arm_link2.
2026-05-12 16:15:30 [60,214ms] [Warning] [omni.physx.plugin] Invalid PhysX transform detected for /World/scene_0/controllable__r1__robot_xjwlog/right_arm_link2.
2026-05-12 16:15:30 [60,214ms] [Warning] [omni.physx.plugin] Invalid PhysX transform detected for /World/scene_0/controllable__r1__robot_xjwlog/left_arm_link3.
2026-05-12 16:15:30 [60,214ms] [Warning] [omni.physx.plugin] Invalid PhysX transform detected for /World/scene_0/controllable__r1__robot_xjwlog/right_arm_link3.
2026-05-12 16:15:30 [60,214ms] [Warning] [omni.physx.plugin] Invalid PhysX transform detected for /World/scene_0/controllable__r1__robot_xjwlog/left_arm_link4.
2026-05-12 16:15:30 [60,214ms] [Warning] [omni.physx.plugin] Invalid PhysX transform detected for /World/scene_0/controllable__r1__robot_xjwlog/right_arm_link4.
2026-05-12 16:15:30 [60,214ms] [Warning] [omni.physx.plugin] Invalid PhysX transform detected for /World/scene_0/controllable__r1__robot_xjwlog/left_arm_link5.
2026-05-12 16:15:30 [60,214ms] [Warning] [omni.physx.plugin] Invalid PhysX transform detected for /World/scene_0/controllable__r1__robot_xjwlog/right_arm_link5.
2026-05-12 16:15:30 [60,214ms] [Warning] [omni.physx.plugin] Invalid PhysX transform detected for /World/scene_0/controllable__r1__robot_xjwlog/left_arm_link6.
2026-05-12 16:15:30 [60,214ms] [Warning] [omni.physx.plugin] Invalid PhysX transform detected for /World/scene_0/controllable__r1__robot_xjwlog/right_arm_link6.
2026-05-12 16:15:30 [60,214ms] [Warning] [omni.physx.plugin] Invalid PhysX transform detected for /World/scene_0/controllable__r1__robot_xjwlog/left_gripper_link1.
2026-05-12 16:15:30 [60,214ms] [Warning] [omni.physx.plugin] Invalid PhysX transform detected for /World/scene_0/controllable__r1__robot_xjwlog/left_gripper_link2.
2026-05-12 16:15:30 [60,214ms] [Warning] [omni.physx.plugin] Invalid PhysX transform detected for /World/scene_0/controllable__r1__robot_xjwlog/left_eef_link.
2026-05-12 16:15:30 [60,214ms] [Warning] [omni.physx.plugin] Invalid PhysX transform detected for /World/scene_0/controllable__r1__robot_xjwlog/right_gripper_link1.
2026-05-12 16:15:30 [60,214ms] [Warning] [omni.physx.plugin] Invalid PhysX transform detected for /World/scene_0/controllable__r1__robot_xjwlog/right_gripper_link2.
2026-05-12 16:15:30 [60,214ms] [Warning] [omni.physx.plugin] Invalid PhysX transform detected for /World/scene_0/controllable__r1__robot_xjwlog/right_eef_link.
2026-05-12 16:15:31 [60,576ms] [Warning] [carb] Client omni.kit.viewport.legacy_gizmos has acquired [carb::dictionary::IDictionary v1.1] 100 times. Consider accessing this interface with carb::getCachedInterface() (Performance warning)
2026-05-12 16:15:31 [60,755ms] [Warning] [omni.physx.plugin] Invalid PhysX transform detected for /World/scene_0/controllable__r1__robot_xjwlog/base_footprint_y.
2026-05-12 16:15:31 [60,755ms] [Warning] [omni.physx.plugin] Invalid PhysX transform detected for /World/scene_0/controllable__r1__robot_xjwlog/base_footprint_z.
2026-05-12 16:15:31 [60,755ms] [Warning] [omni.physx.plugin] Invalid PhysX transform detected for /World/scene_0/controllable__r1__robot_xjwlog/base_footprint_rx.
2026-05-12 16:15:31 [60,755ms] [Warning] [omni.physx.plugin] Invalid PhysX transform detected for /World/scene_0/controllable__r1__robot_xjwlog/base_footprint_ry.
2026-05-12 16:15:31 [60,755ms] [Warning] [omni.physx.plugin] Invalid PhysX transform detected for /World/scene_0/controllable__r1__robot_xjwlog/base_footprint_rz.
2026-05-12 16:15:31 [60,755ms] [Warning] [omni.physx.plugin] Invalid PhysX transform detected for /World/scene_0/controllable__r1__robot_xjwlog/base_link.
2026-05-12 16:15:31 [60,755ms] [Warning] [omni.physx.plugin] Invalid PhysX transform detected for /World/scene_0/controllable__r1__robot_xjwlog/servo_link1.
2026-05-12 16:15:31 [60,755ms] [Warning] [omni.physx.plugin] Invalid PhysX transform detected for /World/scene_0/controllable__r1__robot_xjwlog/servo_link2.
2026-05-12 16:15:31 [60,755ms] [Warning] [omni.physx.plugin] Invalid PhysX transform detected for /World/scene_0/controllable__r1__robot_xjwlog/servo_link3.
2026-05-12 16:15:31 [60,755ms] [Warning] [omni.physx.plugin] Invalid PhysX transform detected for /World/scene_0/controllable__r1__robot_xjwlog/torso_link1.
2026-05-12 16:15:31 [60,755ms] [Warning] [omni.physx.plugin] Invalid PhysX transform detected for /World/scene_0/controllable__r1__robot_xjwlog/wheel_link1.
2026-05-12 16:15:31 [60,755ms] [Warning] [omni.physx.plugin] Invalid PhysX transform detected for /World/scene_0/controllable__r1__robot_xjwlog/wheel_link2.
2026-05-12 16:15:31 [60,755ms] [Warning] [omni.physx.plugin] Invalid PhysX transform detected for /World/scene_0/controllable__r1__robot_xjwlog/wheel_link3.
2026-05-12 16:15:31 [60,755ms] [Warning] [omni.physx.plugin] Invalid PhysX transform detected for /World/scene_0/controllable__r1__robot_xjwlog/torso_link2.
2026-05-12 16:15:31 [60,755ms] [Warning] [omni.physx.plugin] Invalid PhysX transform detected for /World/scene_0/controllable__r1__robot_xjwlog/torso_link3.
2026-05-12 16:15:31 [60,755ms] [Warning] [omni.physx.plugin] Invalid PhysX transform detected for /World/scene_0/controllable__r1__robot_xjwlog/torso_link4.
2026-05-12 16:15:31 [60,755ms] [Warning] [omni.physx.plugin] Invalid PhysX transform detected for /World/scene_0/controllable__r1__robot_xjwlog/left_arm_link1.
2026-05-12 16:15:31 [60,755ms] [Warning] [omni.physx.plugin] Invalid PhysX transform detected for /World/scene_0/controllable__r1__robot_xjwlog/right_arm_link1.
2026-05-12 16:15:31 [60,755ms] [Warning] [omni.physx.plugin] Invalid PhysX transform detected for /World/scene_0/controllable__r1__robot_xjwlog/eyes.
2026-05-12 16:15:31 [60,755ms] [Warning] [omni.physx.plugin] Invalid PhysX transform detected for /World/scene_0/controllable__r1__robot_xjwlog/left_arm_link2.
2026-05-12 16:15:31 [60,755ms] [Warning] [omni.physx.plugin] Invalid PhysX transform detected for /World/scene_0/controllable__r1__robot_xjwlog/right_arm_link2.
2026-05-12 16:15:31 [60,755ms] [Warning] [omni.physx.plugin] Invalid PhysX transform detected for /World/scene_0/controllable__r1__robot_xjwlog/left_arm_link3.
2026-05-12 16:15:31 [60,755ms] [Warning] [omni.physx.plugin] Invalid PhysX transform detected for /World/scene_0/controllable__r1__robot_xjwlog/right_arm_link3.
2026-05-12 16:15:31 [60,755ms] [Warning] [omni.physx.plugin] Invalid PhysX transform detected for /World/scene_0/controllable__r1__robot_xjwlog/left_arm_link4.
2026-05-12 16:15:31 [60,755ms] [Warning] [omni.physx.plugin] Invalid PhysX transform detected for /World/scene_0/controllable__r1__robot_xjwlog/right_arm_link4.
2026-05-12 16:15:31 [60,755ms] [Warning] [omni.physx.plugin] Invalid PhysX transform detected for /World/scene_0/controllable__r1__robot_xjwlog/left_arm_link5.
2026-05-12 16:15:31 [60,755ms] [Warning] [omni.physx.plugin] Invalid PhysX transform detected for /World/scene_0/controllable__r1__robot_xjwlog/right_arm_link5.
2026-05-12 16:15:31 [60,755ms] [Warning] [omni.physx.plugin] Invalid PhysX transform detected for /World/scene_0/controllable__r1__robot_xjwlog/left_arm_link6.
2026-05-12 16:15:31 [60,755ms] [Warning] [omni.physx.plugin] Invalid PhysX transform detected for /World/scene_0/controllable__r1__robot_xjwlog/right_arm_link6.
2026-05-12 16:15:31 [60,755ms] [Warning] [omni.physx.plugin] Invalid PhysX transform detected for /World/scene_0/controllable__r1__robot_xjwlog/left_gripper_link1.
2026-05-12 16:15:31 [60,755ms] [Warning] [omni.physx.plugin] Invalid PhysX transform detected for /World/scene_0/controllable__r1__robot_xjwlog/left_gripper_link2.
2026-05-12 16:15:31 [60,755ms] [Warning] [omni.physx.plugin] Invalid PhysX transform detected for /World/scene_0/controllable__r1__robot_xjwlog/left_eef_link.
2026-05-12 16:15:31 [60,755ms] [Warning] [omni.physx.plugin] Invalid PhysX transform detected for /World/scene_0/controllable__r1__robot_xjwlog/right_gripper_link1.
2026-05-12 16:15:31 [60,755ms] [Warning] [omni.physx.plugin] Invalid PhysX transform detected for /World/scene_0/controllable__r1__robot_xjwlog/right_gripper_link2.
2026-05-12 16:15:31 [60,755ms] [Warning] [omni.physx.plugin] Invalid PhysX transform detected for /World/scene_0/controllable__r1__robot_xjwlog/right_eef_link.
2026-05-12 16:15:31 [60,844ms] [Warning] [omni.physx.plugin] Invalid PhysX transform detected for /World/scene_0/controllable__r1__robot_xjwlog/base_footprint_y.
2026-05-12 16:15:31 [60,844ms] [Warning] [omni.physx.plugin] Invalid PhysX transform detected for /World/scene_0/controllable__r1__robot_xjwlog/base_footprint_z.
2026-05-12 16:15:31 [60,844ms] [Warning] [omni.physx.plugin] Invalid PhysX transform detected for /World/scene_0/controllable__r1__robot_xjwlog/base_footprint_rx.
2026-05-12 16:15:31 [60,844ms] [Warning] [omni.physx.plugin] Invalid PhysX transform detected for /World/scene_0/controllable__r1__robot_xjwlog/base_footprint_ry.
2026-05-12 16:15:31 [60,844ms] [Warning] [omni.physx.plugin] Invalid PhysX transform detected for /World/scene_0/controllable__r1__robot_xjwlog/base_footprint_rz.
2026-05-12 16:15:31 [60,844ms] [Warning] [omni.physx.plugin] Invalid PhysX transform detected for /World/scene_0/controllable__r1__robot_xjwlog/base_link.
2026-05-12 16:15:31 [60,844ms] [Warning] [omni.physx.plugin] Invalid PhysX transform detected for /World/scene_0/controllable__r1__robot_xjwlog/servo_link1.
2026-05-12 16:15:31 [60,844ms] [Warning] [omni.physx.plugin] Invalid PhysX transform detected for /World/scene_0/controllable__r1__robot_xjwlog/servo_link2.
2026-05-12 16:15:31 [60,844ms] [Warning] [omni.physx.plugin] Invalid PhysX transform detected for /World/scene_0/controllable__r1__robot_xjwlog/servo_link3.
2026-05-12 16:15:31 [60,844ms] [Warning] [omni.physx.plugin] Invalid PhysX transform detected for /World/scene_0/controllable__r1__robot_xjwlog/torso_link1.
2026-05-12 16:15:31 [60,844ms] [Warning] [omni.physx.plugin] Invalid PhysX transform detected for /World/scene_0/controllable__r1__robot_xjwlog/wheel_link1.
2026-05-12 16:15:31 [60,844ms] [Warning] [omni.physx.plugin] Invalid PhysX transform detected for /World/scene_0/controllable__r1__robot_xjwlog/wheel_link2.
2026-05-12 16:15:31 [60,844ms] [Warning] [omni.physx.plugin] Invalid PhysX transform detected for /World/scene_0/controllable__r1__robot_xjwlog/wheel_link3.
2026-05-12 16:15:31 [60,844ms] [Warning] [omni.physx.plugin] Invalid PhysX transform detected for /World/scene_0/controllable__r1__robot_xjwlog/torso_link2.
2026-05-12 16:15:31 [60,844ms] [Warning] [omni.physx.plugin] Invalid PhysX transform detected for /World/scene_0/controllable__r1__robot_xjwlog/torso_link3.
2026-05-12 16:15:31 [60,844ms] [Warning] [omni.physx.plugin] Invalid PhysX transform detected for /World/scene_0/controllable__r1__robot_xjwlog/torso_link4.
2026-05-12 16:15:31 [60,844ms] [Warning] [omni.physx.plugin] Invalid PhysX transform detected for /World/scene_0/controllable__r1__robot_xjwlog/left_arm_link1.
2026-05-12 16:15:31 [60,844ms] [Warning] [omni.physx.plugin] Invalid PhysX transform detected for /World/scene_0/controllable__r1__robot_xjwlog/right_arm_link1.
2026-05-12 16:15:31 [60,844ms] [Warning] [omni.physx.plugin] Invalid PhysX transform detected for /World/scene_0/controllable__r1__robot_xjwlog/eyes.
2026-05-12 16:15:31 [60,844ms] [Warning] [omni.physx.plugin] Invalid PhysX transform detected for /World/scene_0/controllable__r1__robot_xjwlog/left_arm_link2.
2026-05-12 16:15:31 [60,844ms] [Warning] [omni.physx.plugin] Invalid PhysX transform detected for /World/scene_0/controllable__r1__robot_xjwlog/right_arm_link2.
2026-05-12 16:15:31 [60,844ms] [Warning] [omni.physx.plugin] Invalid PhysX transform detected for /World/scene_0/controllable__r1__robot_xjwlog/left_arm_link3.
2026-05-12 16:15:31 [60,844ms] [Warning] [omni.physx.plugin] Invalid PhysX transform detected for /World/scene_0/controllable__r1__robot_xjwlog/right_arm_link3.
2026-05-12 16:15:31 [60,844ms] [Warning] [omni.physx.plugin] Invalid PhysX transform detected for /World/scene_0/controllable__r1__robot_xjwlog/left_arm_link4.
2026-05-12 16:15:31 [60,845ms] [Warning] [omni.physx.plugin] Invalid PhysX transform detected for /World/scene_0/controllable__r1__robot_xjwlog/right_arm_link4.
2026-05-12 16:15:31 [60,845ms] [Warning] [omni.physx.plugin] Invalid PhysX transform detected for /World/scene_0/controllable__r1__robot_xjwlog/left_arm_link5.
2026-05-12 16:15:31 [60,845ms] [Warning] [omni.physx.plugin] Invalid PhysX transform detected for /World/scene_0/controllable__r1__robot_xjwlog/right_arm_link5.
2026-05-12 16:15:31 [60,845ms] [Warning] [omni.physx.plugin] Invalid PhysX transform detected for /World/scene_0/controllable__r1__robot_xjwlog/left_arm_link6.
2026-05-12 16:15:31 [60,845ms] [Warning] [omni.physx.plugin] Invalid PhysX transform detected for /World/scene_0/controllable__r1__robot_xjwlog/right_arm_link6.
2026-05-12 16:15:31 [60,845ms] [Warning] [omni.physx.plugin] Invalid PhysX transform detected for /World/scene_0/controllable__r1__robot_xjwlog/left_gripper_link1.
2026-05-12 16:15:31 [60,845ms] [Warning] [omni.physx.plugin] Invalid PhysX transform detected for /World/scene_0/controllable__r1__robot_xjwlog/left_gripper_link2.
2026-05-12 16:15:31 [60,845ms] [Warning] [omni.physx.plugin] Invalid PhysX transform detected for /World/scene_0/controllable__r1__robot_xjwlog/left_eef_link.
2026-05-12 16:15:31 [60,845ms] [Warning] [omni.physx.plugin] Invalid PhysX transform detected for /World/scene_0/controllable__r1__robot_xjwlog/right_gripper_link1.
2026-05-12 16:15:31 [60,845ms] [Warning] [omni.physx.plugin] Invalid PhysX transform detected for /World/scene_0/controllable__r1__robot_xjwlog/right_gripper_link2.
2026-05-12 16:15:31 [60,845ms] [Warning] [omni.physx.plugin] Invalid PhysX transform detected for /World/scene_0/controllable__r1__robot_xjwlog/right_eef_link.
2026-05-12 16:15:31 [61,056ms] [Warning] [omni.physx.plugin] Invalid PhysX transform detected for /World/scene_0/controllable__r1__robot_xjwlog/base_footprint_y.
2026-05-12 16:15:31 [61,056ms] [Warning] [omni.physx.plugin] Invalid PhysX transform detected for /World/scene_0/controllable__r1__robot_xjwlog/base_footprint_z.
2026-05-12 16:15:31 [61,056ms] [Warning] [omni.physx.plugin] Invalid PhysX transform detected for /World/scene_0/controllable__r1__robot_xjwlog/base_footprint_rx.
2026-05-12 16:15:31 [61,056ms] [Warning] [omni.physx.plugin] Invalid PhysX transform detected for /World/scene_0/controllable__r1__robot_xjwlog/base_footprint_ry.
2026-05-12 16:15:31 [61,056ms] [Warning] [omni.physx.plugin] Invalid PhysX transform detected for /World/scene_0/controllable__r1__robot_xjwlog/base_footprint_rz.
2026-05-12 16:15:31 [61,056ms] [Warning] [omni.physx.plugin] Invalid PhysX transform detected for /World/scene_0/controllable__r1__robot_xjwlog/base_link.
2026-05-12 16:15:31 [61,056ms] [Warning] [omni.physx.plugin] Invalid PhysX transform detected for /World/scene_0/controllable__r1__robot_xjwlog/servo_link1.
2026-05-12 16:15:31 [61,056ms] [Warning] [omni.physx.plugin] Invalid PhysX transform detected for /World/scene_0/controllable__r1__robot_xjwlog/servo_link2.
2026-05-12 16:15:31 [61,056ms] [Warning] [omni.physx.plugin] Invalid PhysX transform detected for /World/scene_0/controllable__r1__robot_xjwlog/servo_link3.
2026-05-12 16:15:31 [61,056ms] [Warning] [omni.physx.plugin] Invalid PhysX transform detected for /World/scene_0/controllable__r1__robot_xjwlog/torso_link1.
2026-05-12 16:15:31 [61,056ms] [Warning] [omni.physx.plugin] Invalid PhysX transform detected for /World/scene_0/controllable__r1__robot_xjwlog/wheel_link1.
2026-05-12 16:15:31 [61,056ms] [Warning] [omni.physx.plugin] Invalid PhysX transform detected for /World/scene_0/controllable__r1__robot_xjwlog/wheel_link2.
2026-05-12 16:15:31 [61,056ms] [Warning] [omni.physx.plugin] Invalid PhysX transform detected for /World/scene_0/controllable__r1__robot_xjwlog/wheel_link3.
2026-05-12 16:15:31 [61,056ms] [Warning] [omni.physx.plugin] Invalid PhysX transform detected for /World/scene_0/controllable__r1__robot_xjwlog/torso_link2.
2026-05-12 16:15:31 [61,056ms] [Warning] [omni.physx.plugin] Invalid PhysX transform detected for /World/scene_0/controllable__r1__robot_xjwlog/torso_link3.
2026-05-12 16:15:31 [61,056ms] [Warning] [omni.physx.plugin] Invalid PhysX transform detected for /World/scene_0/controllable__r1__robot_xjwlog/torso_link4.
2026-05-12 16:15:31 [61,056ms] [Warning] [omni.physx.plugin] Invalid PhysX transform detected for /World/scene_0/controllable__r1__robot_xjwlog/left_arm_link1.
2026-05-12 16:15:31 [61,056ms] [Warning] [omni.physx.plugin] Invalid PhysX transform detected for /World/scene_0/controllable__r1__robot_xjwlog/right_arm_link1.
2026-05-12 16:15:31 [61,056ms] [Warning] [omni.physx.plugin] Invalid PhysX transform detected for /World/scene_0/controllable__r1__robot_xjwlog/eyes.
2026-05-12 16:15:31 [61,056ms] [Warning] [omni.physx.plugin] Invalid PhysX transform detected for /World/scene_0/controllable__r1__robot_xjwlog/left_arm_link2.
2026-05-12 16:15:31 [61,056ms] [Warning] [omni.physx.plugin] Invalid PhysX transform detected for /World/scene_0/controllable__r1__robot_xjwlog/right_arm_link2.
2026-05-12 16:15:31 [61,056ms] [Warning] [omni.physx.plugin] Invalid PhysX transform detected for /World/scene_0/controllable__r1__robot_xjwlog/left_arm_link3.
2026-05-12 16:15:31 [61,056ms] [Warning] [omni.physx.plugin] Invalid PhysX transform detected for /World/scene_0/controllable__r1__robot_xjwlog/right_arm_link3.
2026-05-12 16:15:31 [61,056ms] [Warning] [omni.physx.plugin] Invalid PhysX transform detected for /World/scene_0/controllable__r1__robot_xjwlog/left_arm_link4.
2026-05-12 16:15:31 [61,056ms] [Warning] [omni.physx.plugin] Invalid PhysX transform detected for /World/scene_0/controllable__r1__robot_xjwlog/right_arm_link4.
2026-05-12 16:15:31 [61,056ms] [Warning] [omni.physx.plugin] Invalid PhysX transform detected for /World/scene_0/controllable__r1__robot_xjwlog/left_arm_link5.
2026-05-12 16:15:31 [61,056ms] [Warning] [omni.physx.plugin] Invalid PhysX transform detected for /World/scene_0/controllable__r1__robot_xjwlog/right_arm_link5.
2026-05-12 16:15:31 [61,056ms] [Warning] [omni.physx.plugin] Invalid PhysX transform detected for /World/scene_0/controllable__r1__robot_xjwlog/left_arm_link6.
2026-05-12 16:15:31 [61,056ms] [Warning] [omni.physx.plugin] Invalid PhysX transform detected for /World/scene_0/controllable__r1__robot_xjwlog/right_arm_link6.
2026-05-12 16:15:31 [61,057ms] [Warning] [omni.physx.plugin] Invalid PhysX transform detected for /World/scene_0/controllable__r1__robot_xjwlog/left_gripper_link1.
2026-05-12 16:15:31 [61,057ms] [Warning] [omni.physx.plugin] Invalid PhysX transform detected for /World/scene_0/controllable__r1__robot_xjwlog/left_gripper_link2.
2026-05-12 16:15:31 [61,057ms] [Warning] [omni.physx.plugin] Invalid PhysX transform detected for /World/scene_0/controllable__r1__robot_xjwlog/left_eef_link.
2026-05-12 16:15:31 [61,057ms] [Warning] [omni.physx.plugin] Invalid PhysX transform detected for /World/scene_0/controllable__r1__robot_xjwlog/right_gripper_link1.
2026-05-12 16:15:31 [61,057ms] [Warning] [omni.physx.plugin] Invalid PhysX transform detected for /World/scene_0/controllable__r1__robot_xjwlog/right_gripper_link2.
2026-05-12 16:15:31 [61,057ms] [Warning] [omni.physx.plugin] Invalid PhysX transform detected for /World/scene_0/controllable__r1__robot_xjwlog/right_eef_link.
2026-05-12 16:15:31 [61,143ms] [Warning] [omni.physx.plugin] Invalid PhysX transform detected for /World/scene_0/controllable__r1__robot_xjwlog/base_footprint_y.
2026-05-12 16:15:31 [61,143ms] [Warning] [omni.physx.plugin] Invalid PhysX transform detected for /World/scene_0/controllable__r1__robot_xjwlog/base_footprint_z.
2026-05-12 16:15:31 [61,143ms] [Warning] [omni.physx.plugin] Invalid PhysX transform detected for /World/scene_0/controllable__r1__robot_xjwlog/base_footprint_rx.
2026-05-12 16:15:31 [61,143ms] [Warning] [omni.physx.plugin] Invalid PhysX transform detected for /World/scene_0/controllable__r1__robot_xjwlog/base_footprint_ry.
2026-05-12 16:15:31 [61,143ms] [Warning] [omni.physx.plugin] Invalid PhysX transform detected for /World/scene_0/controllable__r1__robot_xjwlog/base_footprint_rz.
2026-05-12 16:15:31 [61,143ms] [Warning] [omni.physx.plugin] Invalid PhysX transform detected for /World/scene_0/controllable__r1__robot_xjwlog/base_link.
2026-05-12 16:15:31 [61,143ms] [Warning] [omni.physx.plugin] Invalid PhysX transform detected for /World/scene_0/controllable__r1__robot_xjwlog/servo_link1.
2026-05-12 16:15:31 [61,143ms] [Warning] [omni.physx.plugin] Invalid PhysX transform detected for /World/scene_0/controllable__r1__robot_xjwlog/servo_link2.
2026-05-12 16:15:31 [61,143ms] [Warning] [omni.physx.plugin] Invalid PhysX transform detected for /World/scene_0/controllable__r1__robot_xjwlog/servo_link3.
2026-05-12 16:15:31 [61,143ms] [Warning] [omni.physx.plugin] Invalid PhysX transform detected for /World/scene_0/controllable__r1__robot_xjwlog/torso_link1.
2026-05-12 16:15:31 [61,143ms] [Warning] [omni.physx.plugin] Invalid PhysX transform detected for /World/scene_0/controllable__r1__robot_xjwlog/wheel_link1.
2026-05-12 16:15:31 [61,143ms] [Warning] [omni.physx.plugin] Invalid PhysX transform detected for /World/scene_0/controllable__r1__robot_xjwlog/wheel_link2.
2026-05-12 16:15:31 [61,143ms] [Warning] [omni.physx.plugin] Invalid PhysX transform detected for /World/scene_0/controllable__r1__robot_xjwlog/wheel_link3.
2026-05-12 16:15:31 [61,143ms] [Warning] [omni.physx.plugin] Invalid PhysX transform detected for /World/scene_0/controllable__r1__robot_xjwlog/torso_link2.
2026-05-12 16:15:31 [61,143ms] [Warning] [omni.physx.plugin] Invalid PhysX transform detected for /World/scene_0/controllable__r1__robot_xjwlog/torso_link3.
2026-05-12 16:15:31 [61,143ms] [Warning] [omni.physx.plugin] Invalid PhysX transform detected for /World/scene_0/controllable__r1__robot_xjwlog/torso_link4.
2026-05-12 16:15:31 [61,143ms] [Warning] [omni.physx.plugin] Invalid PhysX transform detected for /World/scene_0/controllable__r1__robot_xjwlog/left_arm_link1.
2026-05-12 16:15:31 [61,143ms] [Warning] [omni.physx.plugin] Invalid PhysX transform detected for /World/scene_0/controllable__r1__robot_xjwlog/right_arm_link1.
2026-05-12 16:15:31 [61,143ms] [Warning] [omni.physx.plugin] Invalid PhysX transform detected for /World/scene_0/controllable__r1__robot_xjwlog/eyes.
2026-05-12 16:15:31 [61,143ms] [Warning] [omni.physx.plugin] Invalid PhysX transform detected for /World/scene_0/controllable__r1__robot_xjwlog/left_arm_link2.
2026-05-12 16:15:31 [61,143ms] [Warning] [omni.physx.plugin] Invalid PhysX transform detected for /World/scene_0/controllable__r1__robot_xjwlog/right_arm_link2.
2026-05-12 16:15:31 [61,143ms] [Warning] [omni.physx.plugin] Invalid PhysX transform detected for /World/scene_0/controllable__r1__robot_xjwlog/left_arm_link3.
2026-05-12 16:15:31 [61,143ms] [Warning] [omni.physx.plugin] Invalid PhysX transform detected for /World/scene_0/controllable__r1__robot_xjwlog/right_arm_link3.
2026-05-12 16:15:31 [61,143ms] [Warning] [omni.physx.plugin] Invalid PhysX transform detected for /World/scene_0/controllable__r1__robot_xjwlog/left_arm_link4.
2026-05-12 16:15:31 [61,143ms] [Wa[record_scene_video] task setup complete
[record_scene_video] deformable-unveil target=[-2.3015   9.1007   0.07085] cloth=cover_small_item_render_cloth_4175346132
[record_scene_video] setting initial viewer camera
[record_scene_video] capturing first frame
[record_scene_video] first frame captured shape=(720, 1280, 3)
rning] [omni.physx.plugin] Invalid PhysX transform detected for /World/scene_0/controllable__r1__robot_xjwlog/right_arm_link4.
2026-05-12 16:15:31 [61,143ms] [Warning] [omni.physx.plugin] Invalid PhysX transform detected for /World/scene_0/controllable__r1__robot_xjwlog/left_arm_link5.
2026-05-12 16:15:31 [61,143ms] [Warning] [omni.physx.plugin] Invalid PhysX transform detected for /World/scene_0/controllable__r1__robot_xjwlog/right_arm_link5.
2026-05-12 16:15:31 [61,143ms] [Warning] [omni.physx.plugin] Invalid PhysX transform detected for /World/scene_0/controllable__r1__robot_xjwlog/left_arm_link6.
2026-05-12 16:15:31 [61,143ms] [Warning] [omni.physx.plugin] Invalid PhysX transform detected for /World/scene_0/controllable__r1__robot_xjwlog/right_arm_link6.
2026-05-12 16:15:31 [61,143ms] [Warning] [omni.physx.plugin] Invalid PhysX transform detected for /World/scene_0/controllable__r1__robot_xjwlog/left_gripper_link1.
2026-05-12 16:15:31 [61,143ms] [Warning] [omni.physx.plugin] Invalid PhysX transform detected for /World/scene_0/controllable__r1__robot_xjwlog/left_gripper_link2.
2026-05-12 16:15:31 [61,143ms] [Warning] [omni.physx.plugin] Invalid PhysX transform detected for /World/scene_0/controllable__r1__robot_xjwlog/left_eef_link.
2026-05-12 16:15:31 [61,143ms] [Warning] [omni.physx.plugin] Invalid PhysX transform detected for /World/scene_0/controllable__r1__robot_xjwlog/right_gripper_link1.
2026-05-12 16:15:31 [61,143ms] [Warning] [omni.physx.plugin] Invalid PhysX transform detected for /World/scene_0/controllable__r1__robot_xjwlog/right_gripper_link2.
2026-05-12 16:15:31 [61,143ms] [Warning] [omni.physx.plugin] Invalid PhysX transform detected for /World/scene_0/controllable__r1__robot_xjwlog/right_eef_link.
2026-05-12 16:15:38 [67,959ms] [Warning] [carb] Plugin interface for a client: omni.hydratexture.plugin was already released.
2026-05-12 16:15:38 [67,959ms] [Warning] [carb] Plugin interface for a client: omni.hydratexture.plugin was already released.
2026-05-12 16:15:38 [67,959ms] [Warning] [carb] Plugin interface for a client: omni.hydratexture.plugin was already released.
2026-05-12 16:15:38 [67,959ms] [Warning] [carb] Plugin interface for a client: omni.hydratexture.plugin was already released.
2026-05-12 16:15:38 [67,959ms] [Warning] [carb] Plugin interface for a client: omni.hydratexture.plugin was already released.
2026-05-12 16:15:38 [67,960ms] [Warning] [carb] Plugin interface for a client: omni.hydratexture.plugin was already released.
2026-05-12 16:15:38 [67,960ms] [Warning] [carb] Plugin interface for a client: omni.hydratexture.plugin was already released.
[68.082s] Simulation App Shutting Down
