/home/yininghong/miniconda3/envs/behavior/lib/python3.10/site-packages/torch/backends/__init__.py:46: UserWarning: Please use the new API settings to control TF32 behavior, such as torch.backends.cudnn.conv.fp32_precision = 'tf32' or torch.backends.cuda.matmul.fp32_precision = 'ieee'. Old settings, e.g, torch.backends.cuda.matmul.allow_tf32 = True, torch.backends.cudnn.allow_tf32 = True, allowTF32CuDNN() and allowTF32CuBLAS() will be deprecated after Pytorch 2.9. Please see https://pytorch.org/docs/main/notes/cuda.html#tensorfloat-32-tf32-on-ampere-and-later-devices (Triggered internally at /pytorch/aten/src/ATen/Context.cpp:80.)
  self.setter(val)
[record_scene_video] args interactive=False frames=36 motion=deformable-unveil output=outputs/qualitative_task_demo/smoke2/deformable_bottle_runtime_target_smoke.mp4
[record_scene_video] loading scene=Ihlen_1_int room=bedroom_1 full_scene=False
[0m[00:00:03.497] [INFO] [omnigibson.simulator] ----- Starting OmniGibson. This will take 10-30 seconds... -----[0m
[0m[00:00:03.497] [INFO] [omnigibson.simulator] Texture cache folder found, removing...[0m
[32m[00:00:03.786] [DEBUG] [asyncio] Using selector: EpollSelector[0m
[Info] [carb] Logging to file: /home/yininghong/miniconda3/envs/behavior/lib/python3.10/site-packages/omni/logs/Kit/OmniGibson/3.7/kit_20260512_091753.log
2026-05-12 16:17:53 [0ms] [Warning] [omni.kit.app.plugin] No crash reporter present, dumps uploading isn't available.
[0.046s] [ext: omni.kit.async_engine-0.0.1] startup
[0.230s] [ext: omni.metrics.core-0.0.1] startup
[0.230s] [ext: omni.client.lib-1.0.0] startup
[0.251s] [ext: omni.blobkey-1.1.2] startup
[0.252s] [ext: omni.stats-1.0.1] startup
[0.253s] [ext: omni.datastore-0.0.0] startup
[0.258s] [ext: omni.client-1.2.2] startup
[0.262s] [ext: omni.ujitso.default-1.0.0] startup
[0.264s] [ext: omni.hsscclient-1.1.1] startup
2026-05-12 16:17:53 [254ms] [Warning] [omni.datastore] OmniHub is inaccessible
[0.419s] [ext: omni.gpu_foundation.shadercache.vulkan-1.0.0] startup
[0.421s] [ext: omni.assets.plugins-0.0.0] startup
[0.422s] [ext: omni.gpu_foundation-0.0.0] startup
[0.429s] [ext: carb.windowing.plugins-1.0.0] startup
[0.437s] [ext: omni.kit.renderer.init-0.0.0] startup

|---------------------------------------------------------------------------------------------|
| Driver Version: 580.126.09    | Graphics API: Vulkan
|=============================================================================================|
| GPU | Name                             | Active | LDA | GPU Memory | Vendor-ID | LUID       |
|     |                                  |        |     |            | Device-ID | UUID       |
|     |                                  |        |     |            | Bus-ID    |            |
|---------------------------------------------------------------------------------------------|
| 0   | NVIDIA GeForce RTX 3080 Ti       | Yes: 0 |     | 12534   MB | 10de      | 0          |
|     |                                  |        |     |            | 2208      | 96736115.. |
|     |                                  |        |     |            | 2a        |            |
|=============================================================================================|
| OS: 24.04.3 LTS (Noble Numbat) ubuntu, Version: 24.04.3, Kernel: 6.17.0-22-generic
| XServer Vendor: The X.Org Foundation, XServer Version: 12101011 (1.21.1.11)
| Processor: AMD Ryzen 5 5600X3D 6-Core Processor
| Cores: 6 | Logical Cores: 12
|---------------------------------------------------------------------------------------------|
| Total Memory (MB): 15914 | Free Memory: 11248
| Total Page/Swap (MB): 4095 | Free Page/Swap: 1968
|---------------------------------------------------------------------------------------------|
[1.426s] [ext: omni.kit.pipapi-0.0.0] startup
[1.427s] [ext: omni.kit.pip_archive-0.0.0] startup
[1.427s] [ext: omni.kit.telemetry-0.5.1] startup
[1.467s] [ext: omni.materialx.libs-1.0.6] startup
[1.476s] [ext: omni.services.pip_archive-0.13.6] startup
[1.477s] [ext: omni.kit.loop-isaac-1.2.1] startup
[1.478s] [ext: omni.kit.test-1.1.2] startup
[1.507s] [ext: omni.usd.config-1.0.5] startup
[1.510s] [ext: omni.gpucompute.plugins-0.0.0] startup
[1.511s] [ext: omni.usd.libs-1.0.1] startup
[1.626s] [ext: omni.mdl-55.0.1] startup
[1.643s] [ext: omni.iray.libs-0.0.0] startup
[1.649s] [ext: omni.mdl.neuraylib-0.2.10] startup
[1.650s] [ext: omni.kit.usd.mdl-1.0.7] startup
[1.749s] [ext: omni.appwindow-1.1.9] startup
[2.609s] [ext: omni.kit.renderer.core-1.0.2] startup
[3.646s] [ext: omni.kit.renderer.capture-0.0.0] startup
[3.649s] [ext: omni.kit.renderer.imgui-1.0.2] startup
[3.715s] [ext: omni.ui-2.26.5] startup
[3.725s] [ext: omni.kit.mainwindow-1.0.3] startup
[3.726s] [ext: carb.audio-0.1.0] startup
[3.733s] [ext: omni.uiaudio-1.0.0] startup
[3.734s] [ext: omni.kit.uiapp-0.0.0] startup
[3.734s] [ext: omni.usd.schema.metrics.assembler-106.5.0] startup
[3.746s] [ext: omni.usd.schema.physx-106.5.7] startup
[3.775s] [ext: omni.usd.schema.audio-0.0.0] startup
[3.779s] [ext: omni.usd.schema.geospatial-0.0.0] startup
[3.782s] [ext: omni.usd.schema.semantics-0.0.0] startup
[3.786s] [ext: omni.usd.schema.forcefield-106.5.7] startup
[3.792s] [ext: omni.usd.schema.omnigraph-1.0.0] startup
[3.80[32m[00:00:07.573] [DEBUG] [AutoNode] Defining data type 'any' as 'Any'[0m
[32m[00:00:07.573] [DEBUG] [AutoNode] Defining data type 'bool' as 'Bool' and array 'BoolArray[0m
[32m[00:00:07.573] [DEBUG] [AutoNode] Defining data type 'bundle' as 'Bundle'[0m
[32m[00:00:07.574] [DEBUG] [AutoNode] Defining data type 'colord[3]' as 'Color3d' and array 'Color3dArray[0m
[32m[00:00:07.574] [DEBUG] [AutoNode] Defining data type 'colorf[3]' as 'Color3f' and array 'Color3fArray[0m
[32m[00:00:07.574] [DEBUG] [AutoNode] Defining data type 'colorh[3]' as 'Color3h' and array 'Color3hArray[0m
[32m[00:00:07.574] [DEBUG] [AutoNode] Defining data type 'colord[4]' as 'Color4d' and array 'Color4dArray[0m
[32m[00:00:07.574] [DEBUG] [AutoNode] Defining data type 'colorf[4]' as 'Color4f' and array 'Color4fArray[0m
[32m[00:00:07.574] [DEBUG] [AutoNode] Defining data type 'colorh[4]' as 'Color4h' and array 'Color4hArray[0m
[32m[00:00:07.574] [DEBUG] [AutoNode] Defining data type 'double' as 'Double' and array 'DoubleArray[0m
[32m[00:00:07.574] [DEBUG] [AutoNode] Defining data type 'double[2]' as 'Double2' and array 'Double2Array[0m
[32m[00:00:07.574] [DEBUG] [AutoNode] Defining data type 'double[3]' as 'Double3' and array 'Double3Array[0m
[32m[00:00:07.574] [DEBUG] [AutoNode] Defining data type 'double[4]' as 'Double4' and array 'Double4Array[0m
[32m[00:00:07.574] [DEBUG] [AutoNode] Defining data type 'execution' as 'Execution'[0m
[32m[00:00:07.574] [DEBUG] [AutoNode] Defining data type 'float' as 'Float' and array 'FloatArray[0m
[32m[00:00:07.574] [DEBUG] [AutoNode] Defining data type 'float[2]' as 'Float2' and array 'Float2Array[0m
[32m[00:00:07.574] [DEBUG] [AutoNode] Defining data type 'float[3]' as 'Float3' and array 'Float3Array[0m
[32m[00:00:07.574] [DEBUG] [AutoNode] Defining data type 'float[4]' as 'Float4' and array 'Float4Array[0m
[32m[00:00:07.574] [DEBUG] [AutoNode] Defining data type 'frame[4]' as 'Frame' and array 'FrameArray[0m
[32m[00:00:07.574] [DEBUG] [AutoNode] Defining data type 'half' as 'Half' and array 'HalfArray[0m
[32m[00:00:07.574] [DEBUG] [AutoNode] Defining data type 'half[2]' as 'Half2' and array 'Half2Array[0m
[32m[00:00:07.574] [DEBUG] [AutoNode] Defining data type 'half[3]' as 'Half3' and array 'Half3Array[0m
[32m[00:00:07.574] [DEBUG] [AutoNode] Defining data type 'half[4]' as 'Half4' and array 'Half4Array[0m
[32m[00:00:07.574] [DEBUG] [AutoNode] Defining data type 'int' as 'Int' and array 'IntArray[0m
[32m[00:00:07.574] [DEBUG] [AutoNode] Defining data type 'int[2]' as 'Int2' and array 'Int2Array[0m
[32m[00:00:07.574] [DEBUG] [AutoNode] Defining data type 'int[3]' as 'Int3' and array 'Int3Array[0m
[32m[00:00:07.574] [DEBUG] [AutoNode] Defining data type 'int[4]' as 'Int4' and array 'Int4Array[0m
[32m[00:00:07.574] [DEBUG] [AutoNode] Defining data type 'int64' as 'Int64' and array 'Int64Array[0m
[32m[00:00:07.574] [DEBUG] [AutoNode] Defining data type 'matrixd[2]' as 'Matrix2d' and array 'Matrix2dArray[0m
[32m[00:00:07.574] [DEBUG] [AutoNode] Defining data type 'matrixd[3]' as 'Matrix3d' and array 'Matrix3dArray[0m
[32m[00:00:07.574] [DEBUG] [AutoNode] Defining data type 'matrixd[4]' as 'Matrix4d' and array 'Matrix4dArray[0m
[32m[00:00:07.574] [DEBUG] [AutoNode] Defining data type 'normald[3]' as 'Normal3d' and array 'Normal3dArray[0m
[32m[00:00:07.574] [DEBUG] [AutoNode] Defining data type 'normalf[3]' as 'Normal3f' and array 'Normal3fArray[0m
[32m[00:00:07.574] [DEBUG] [AutoNode] Defining data type 'normalh[3]' as 'Normal3h' and array 'Normal3hArray[0m
[32m[00:00:07.574] [DEBUG] [AutoNode] Defining data type 'objectId' as 'ObjectId' and array 'ObjectIdArray[0m
[32m[00:00:07.574] [DEBUG] [AutoNode] Defining data type 'path' as 'Path'[0m
[32m[00:00:07.574] [DEBUG] [AutoNode] Defining data type 'pointd[3]' as 'Point3d' and array 'Point3dArray[0m
[32m[00:00:07.574] [DEBUG] [AutoNode] Defining data type 'pointf[3]' as 'Point3f' and array 'Point3fArray[0m
[32m[00:00:07.574] [DEBUG] [AutoNode] Defining data type 'pointh[3]' as 'Point3h' and array 'Point3hArray[0m
[32m[00:00:07.574] [DEBUG] [AutoNode] Defining data type 'quatd[4]' as 'Quatd' and array 'QuatdArray[0m
[32m[00:00:07.575] [DEBUG] [AutoNode] Defining data type 'quatf[4]' as 'Quatf' and array 'QuatfArray[0m
[32m[00:00:07.575] [DEBUG] [AutoNode] Defining data type 'quath[4]' as 'Quath' and array 'QuathArray[0m
[32m[00:00:07.575] [DEBUG] [AutoNode] Defining data type 'string' as 'String'[0m
[32m[00:00:07.575] [DEBUG] [AutoNode] Defining data type 'target' as 'Target'[0m
[32m[00:00:07.575] [DEBUG] [AutoNode] Defining data type 'texcoordd[2]' as 'TexCoord2d' and array 'TexCoord2dArray[0m
[32m[00:00:07.575] [DEBUG] [AutoNode] Defining data type 'texcoordf[2]' as 'TexCoord2f' and array 'TexCoord2fArray[0m
[32m[00:00:07.575] [DEBUG] [AutoNode] Defining data type 'texcoordh[2]' as 'TexCoord2h' and array 'TexCoord2hArray[0m
[32m[00:00:07.575] [DEBUG] [AutoNode] Defining data type 'texcoordd[3]' as 'TexCoord3d' and array 'TexCoord3dArray[0m
[32m[00:00:07.575] [DEBUG] [AutoNode] Defining data type 'texcoordf[3]' as 'TexCoord3f' and array 'TexCoord3fArray[0m
[32m[00:00:07.575] [DEBUG] [AutoNode] Defining data type 'texcoordh[3]' as 'TexCoord3h' and array 'TexCoord3hArray[0m
[32m[00:00:07.575] [DEBUG] [AutoNode] Defining data type 'timecode' as 'Timecode' and array 'TimecodeArray[0m
[32m[00:00:07.575] [DEBUG] [AutoNode] Defining data type 'token' as 'Token' and array 'TokenArray[0m
[32m[00:00:07.575] [DEBUG] [AutoNode] Defining data type 'uchar' as 'UChar' and array 'UCharArray[0m
[32m[00:00:07.575] [DEBUG] [AutoNode] Defining data type 'uint' as 'UInt' and array 'UIntArray[0m
[32m[00:00:07.575] [DEBUG] [AutoNode] Defining data type 'uint64' as 'UInt64' and array 'UInt64Array[0m
[32m[00:00:07.575] [DEBUG] [AutoNode] Defining data type 'vectord[3]' as 'Vector3d' and array 'Vector3dArray[0m
[32m[00:00:07.575] [DEBUG] [AutoNode] Defining data type 'vectorf[3]' as 'Vector3f' and array 'Vector3fArray[0m
[32m[00:00:07.575] [DEBUG] [AutoNode] Defining data type 'vectorh[3]' as 'Vector3h' and array 'Vector3hArray[0m
2s] [ext: isaacsim.robot.schema-3.1.2] startup
[3.811s] [ext: omni.usd.schema.omniscripting-1.0.0] startup
[3.819s] [ext: omni.usd.schema.isaac-3.0.2] startup
[3.819s] [ext: omni.usd.schema.anim-0.0.0] startup
[3.845s] [ext: omni.usd.schema.flow-107.0.0] startup
[3.846s] [ext: omni.graph.exec-0.9.4] startup
[3.846s] [ext: omni.kit.usd_undo-0.1.8] startup
[3.847s] [ext: omni.kit.actions.core-1.0.0] startup
[3.849s] [ext: omni.kit.exec.core-0.13.4] startup
[3.852s] [ext: omni.usd_resolver-1.0.0] startup
[3.857s] [ext: omni.kit.commands-1.4.9] startup
[3.860s] [ext: omni.activity.core-1.0.1] startup
[3.861s] [ext: omni.usd.core-1.4.2] startup
[3.865s] [ext: omni.resourcemonitor-107.0.0] startup
[3.867s] [ext: omni.kit.window.popup_dialog-2.0.24] startup
[3.871s] [ext: omni.timeline-1.0.11] startup
[3.872s] [ext: omni.kit.widget.nucleus_connector-1.1.10] startup
[3.874s] [ext: usdrt.scenegraph-7.5.1] startup
[3.909s] [ext: omni.kit.audiodeviceenum-1.0.1] startup
[3.911s] [ext: omni.hydra.usdrt_delegate-7.5.1] startup
[3.925s] [ext: omni.hydra.scene_delegate-0.3.3] startup
[3.932s] [ext: omni.usd-1.12.4] startup
[3.970s] [ext: omni.inspect-1.0.1] startup
[3.971s] [ext: omni.kit.notification_manager-1.0.9] startup
[3.973s] [ext: omni.graph.core-2.181.8] startup
[3.976s] [ext: isaacsim.core.deprecation_manager-0.2.2] startup
[3.977s] [ext: omni.kit.asset_converter-2.8.3] startup
[3.990s] [ext: omni.kit.widget.path_field-2.0.11] startup
[3.990s] [ext: omni.kit.helper.file_utils-0.1.9] startup
[3.992s] [ext: omni.kit.menu.core-1.1.2] startup
[3.992s] [ext: omni.kit.widget.browser_bar-2.0.10] startup
[3.993s] [ext: omni.kit.widget.filebrowser-2.10.52] startup
[3.996s] [ext: omni.kit.widget.context_menu-1.2.4] startup
[3.997s] [ext: omni.kit.clipboard-1.0.5] startup
[3.998s] [ext: omni.kit.widget.options_menu-1.1.6] startup
[4.001s] [ext: omni.graph.tools-1.79.1] startup
[4.021s] [ext: omni.ui.scene-1.11.2] startup
[4.025s] [ext: omni.kit.widget.options_button-1.0.3] startup
[4.025s] [ext: omni.kit.property.adapter.core-1.0.2] startup
[4.027s] [ext: omni.graph-1.140.2] startup
[4.062s] [ext: omni.kit.window.filepicker-2.11.7] startup
[4.069s] [ext: omni.kit.property.adapter.usd-1.0.2] startup
[4.070s] [ext: omni.kit.property.adapter.fabric-1.0.3] startup
[4.072s] [ext: omni.kit.widget.text_editor-1.0.2] startup
[4.074s] [ext: omni.kit.hotkeys.core-1.3.10] startup
[4.077s] [ext: omni.kit.window.content_browser_registry-0.0.6] startup
[4.078s] [ext: omni.kit.widget.filter-1.1.4] startup
[4.079s] [ext: omni.kit.widget.searchfield-1.1.8] startup
[4.080s] [ext: omni.kit.widget.highlight_label-1.0.3] startup
[4.081s] [ext: omni.ujitso.processor.texture-1.0.0] startup
[4.083s] [ext: omni.index.libs-380600.1777.0] startup
[4.083s] [ext: omni.volume-0.5.0] startup
[4.088s] [ext: omni.ujitso.client-0.0.0] startup
[4.089s] [ext: omni.index-1.0.1] startup
[4.090s] [ext: omni.hydra.rtx.shadercache.vulkan-1.0.0] startup
[4.091s] [ext: omni.kit.usd.layers-2.2.0] startup
[4.099s] [ext: omni.hydra.rtx-1.0.0] startup
2026-05-12 16:17:57 [4,101ms] [Warning] [omni.log] Source: omni.hydra was already registered.
[4.135s] [ext: omni.kit.context_menu-1.8.3] startup
[4.137s] [ext: omni.kit.viewport.scene_camera_model-1.0.5] startup
[4.144s] [ext: omni.kit.hydra_texture-1.4.0] startup
[4.149s] [ext: omni.kit.window.file_importer-1.1.14] startup
[4.151s] [ext: omni.kit.menu.utils-1.7.7] startup
[4.157s] [ext: omni.kit.viewport.legacy_gizmos-1.0.16] startup
[4.160s] [ext: omni.kit.raycast.query-1.0.5] startup
[4.168s] [ext: omni.kit.material.library-1.5.15] startup
[4.173s] [ext: omni.kit.widget.viewport-107.0.7] startup
[4.177s] [ext: omni.kit.window.file_exporter-1.0.31] startup
[4.179s] [ext: omni.kit.stage_template.core-1.1.22] startup
[4.180s] [ext: omni.kit.window.drop_support-1.0.4] startup
[4.181s] [ext: omni.kit.viewport.registry-104.0.6] startup
[4.182s] [ext: omni.hydra.engine.stats-1.0.3] startup
[4.187s] [ext: omni.kit.window.file-1.3.57] startup
[4.190s] [ext: omni.kit.viewport.window-107.0.8] startup
[4.208s] [ext: omni.kit.window.content_browser-2.10.3] startup
[4.222s] [ext: omni.kit.window.property-1.11.5] startup
[4.224s] [ext: omni.kit.widget.stage-2.11.6] startup
[4.233s] [ext: omni.kit.viewport.utility-1.0.18] startup
[4.234s] [ext: omni.kit.manipulator.viewport-107.0.1] startup
[4.235s] [ext: omni.kit.property.usd-4.2.16] startup
[4.243s] [ext: omni.kit.xr.telemetry-106.5.13] startup
[4.246s] [ext: omni.kit.window.extensions-1.4.25] startup
[4.250s] [ext: omni.graph.visualization.nodes-2.1.1] startup
[4.256s] [ext: omni.kit.widget.stage_icons-1.0.6] startup
[4.258s] [ext: omni.kit.widget.zoombar-1.0.5] startup
[4.260s] [ext: omni.kit.widget.searchable_combobox-1.0.6] startup
[4.262s] [ext: omni.kit.window.stage-2.5.11] startup
[4.270s] [ext: omni.kit.browser.core-2.3.11] startup
[4.277s] [ext: omni.kit.widget.settings-1.2.2] startup
[4.279s] [ext: omni.kit.menu.stage-1.2.5] startup
[4.280s] [ext: omni.kit.browser.folder.core-1.10.1] startup
[4.284s] [ext: omni.kit.widget.prompt-1.0.7] startup
[4.286s] [ext: omni.kit.window.preferences-1.7.0] startup
[4.290s] [ext: omni.kit.xr.configurations-106.5.13] startup
[4.291s] [ext: omni.convexdecomposition-106.5.7] startup
[4.297s] [ext: omni.kit.usd.collect-2.2.22] startup
[4.300s] [ext: omni.rtx.window.settings-0.6.17] startup
[4.303s] [ext: omni.kit.manipulator.camera-106.0.3] startup
[4.307s] [ext: omni.kit.xr.core-106.5.13] startup
[4.344s] [ext: omni.kvdb-106.5.7] startup
[4.348s] [ext: omni.services.facilities.base-1.0.4] startup
[4.349s] [ext: omni.usdphysics-106.5.7] startup
[4.356s] [ext: omni.physx.foundation-106.5.7] startup
[4.357s] [ext: omni.localcache-106.5.7] startup
[4.359s] [ext: omni.services.core-1.9.0] startup
[4.640s] [ext: omni.physx.cooking-106.5.7] startup
[4.653s] [ext: omni.kit.tool.collect-2.2.16] startup
[4.655s] [ext: omni.kit.xr.ui.window.viewport-106.5.13] startup
[4.661s] [ext: omni.services.transport.server.base-1.1.1] startup
[4.664s] [ext: omni.physx-106.5.7] startup
[4.680s] [ext: isaacsim.examples.browser-0.1.8] startup
[4.682s] [ext: omni.graph.action_core-1.1.7] startup
[4.687s] [ext: omni.ui_query-1.1.7] startup
[4.688s] [ext: omni.services.transport.server.zeroconf-1.0.9] startup
[4.700s] [ext: omni.graph.action_nodes-1.40.1] startup
[4.705s] [ext: omni.kit.ui_test-1.3.3] startup
[4.708s] [ext: omni.kit.xr.advertise-106.5.13] startup
[4.710s] [ext: omni.graph.action-1.120.0] startup
[4.712s] [ext: omni.kit.xr.ui.window.profile-106.5.13] startup
[4.898s] [ext: omni.kit.xr.system.cloudxr-106.5.13] startup
[4.902s] [ext: omni.kit.tool.asset_importer-2.12.2] startup
[4.907s] [ext: isaacsim.gui.components-1.0.9] startup
[4.910s] [ext: omni.kit.xr.profile.common-106.5.13] startup
[4.914s] [ext: isaacsim.asset.importer.urdf-2.3.10] startup
[4.992s] [ext: omni.graph.image.core-0.6.0] startup
[4.993s] [ext: isaacsim.core.version-2.0.2] startup
[4.994s] [ext: omni.graph.image.nodes-1.3.0] startup
[4.998s] [ext: isaacsim.storage.native-1.0.6] startup
[5.003s] [ext: omni.kit.data2ui.core-1.0.27] startup
[5.007s] [ext: omni.graph.nodes-1.162.1] startup
[5.020s] [ext: omni.physx.stageupdate-106.5.7] startup
[5.022s] [ext: omni.kit.numpy.common-0.1.2] startup
[5.025s] [ext: omni.kit.data2ui.usd-1.0.27] startup
[5.033s] [ext: omni.warp.core-1.5.0] startup
[5.035s] [ext: omni.isaac.dynamic_control-1.3.15] startup
2026-05-12 16:17:58 [5,031ms] [Warning] [omni.isaac.dynamic_control] omni.isaac.dynamic_control is deprecated as of Isaac Sim 4.5. No action is needed from end-users.
[5.042s] [ext: omni.no_code_ui.bundle-1.0.27] startup
[5.044s] [ext: omni.kit.xr.scene_view.core-106.5.13] startup
[5.058s] [ext: isaacsim.core.utils-2.2.8] startup
[5.062s] [ext: omni.kit.xr.scene_view.utils-106.5.13] startup
[5.781s] [ext: omni.kit.xr.system.steamvr-106.5.13] startup
[5.783s] [ext: isaacsim.asset.browser-1.3.4] startup
[5.787s] [ext: omni.kit.xr.ui.stage-106.5.13] startup
[5.797s] [ext: omni.kit.xr.system.openxr-106.5.13] startup
[5.805s] [ext: omni.isaac.asset_browser-1.0.2] startup
2026-05-12 16:17:58 [5,796ms] [Warning] [omni.isaac.asset_browser] omni.isaac.asset_browser has been deprecated in favor of isaacsim.asset.browser. Please update your code accordingly.
[5.807s] [ext: omni.kit.xr.profile.vr-106.5.13] startup
[5.810s] [ext: omni.physics.tensors-106.5.7] startup
[5.821s] [ext: omni.graph.ui_nodes-1.40.1] startup
[5.827s] [ext: omni.physx.tensors-106.5.7] startup
[5.836s] [ext: omni.kit.primitive.mesh-1.0.17] startup
[5.840s] [ext: isaacsim.core.simulation_manager-0.3.3] startup
[5.997s] [ext: omni.kit.stage_templates-1.2.6] startup
[6.002s] [ext: isaacsim.core.prims-0.3.7] startup
[6.021s] [ext: omni.kit.widget.graph-1.12.17] startup
[6.026s] [ext: isaacsim.core.api-4.2.16] startup
[6.036s] [ext: omni.kit.graph.delegate.default-1.2.2] startup
[6.039s] [ext: omni.graph.scriptnode-1.40.1] startup
[6.040s] [ext: omni.kit.graph.editor.core-1.5.3] startup
[6.044s] [ext: isaacsim.core.cloner-1.3.4] startup
[6.047s] [ext: omni.kit.graph.usd.commands-1.3.1] startup
[6.049s] [ext: omni.isaac.assets_check-0.3.9] startup
2026-05-12 16:17:59 [6,041ms] [Warning] [omni.isaac.assets_check] omni.isaac.assets_check has been deprecated in favor of isaacsim.asset.browser. Please update your code accordingly.
[6.051s] [ext: omni.kit.widget.material_preview-1.0.16] startup
[6.054s] [ext: omni.kit.viewport.menubar.core-107.1.2] startup
[6.066s] [ext: omni.isaac.cloner-1.0.2] startup
2026-05-12 16:17:59 [6,057ms] [Warning] [omni.isaac.cloner] omni.isaac.cloner has been deprecated in favor of isaacsim.core.cloner. Please update your code accordingly.
[6.067s] [ext: isaacsim.core.throttling-2.0.2] startup
[6.068s] [ext: omni.flowusd-106.5.2] startup
2026-05-12 16:17:59 [6,065ms] [Warning] [omni.stageupdate.plugin] Deprecated: direct use of IStageUpdate callbacks is deprecated. Use IStageUpdate::getStageUpdate instead.
[6.077s] [ext: omni.kit.window.material_graph-1.8.19] startup
[6.087s] [ext: omni.syntheticdata-0.6.10] startup
[6.101s] [ext: omni.warp-1.5.0] startup
[6.108s] [ext: isaacsim.simulation_app-2.4.2] startup
[6.110s] [ext: isaacsim.robot_motion.lula-4.0.4] startup
[6.124s] [ext: omni.replicator.core-1.11.35] startup
2026-05-12 16:17:59 [6,253ms] [Warning] [omni.replicator.core.scripts.extension] No material configuration file, adding configuration to material settings directly.
[6.266s] [ext: omni.isaac.kit-2.0.3] startup
2026-05-12 16:17:59 [6,257ms] [Warning] [omni.isaac.kit] omni.isaac.kit has been deprecated in favor of isaacsim.simulation_app. Please update your code accordingly.
[6.268s] [ext: omni.isaac.lula-4.0.2] startup
2026-05-12 16:17:59 [6,258ms] [Warning] [omni.isaac.lula] omni.isaac.lula has been deprecated in favor of isaacsim.robot_motion.lula. Please update your code accordingly.
[6.269s] [ext: isaacsim.core.nodes-2.1.4] startup
[6.279s] [ext: isaacsim.robot_motion.motion_generation-8.0.6] startup
[6.301s] [ext: isaacsim.robot.surface_gripper-2.0.6] startup
[6.313s] [ext: omni.kit.selection-0.1.5] startup
[6.318s] [ext: isaacsim.robot_motion.lula_test_widget-1.0.5] startup
[6.333s] [ext: isaacsim.robot.manipulators-3.0.4] startup
[6.349s] [ext: isaacsim.gui.menu-2.0.9] startup
[6.376s] [ext: omni.isaac.lula_test_widget-1.0.2] startup
2026-05-12 16:17:59 [6,367ms] [Warning] [omni.isaac.lula_test_widget] omni.isaac.lula_test_widget has been deprecated in favor of isaacsim.robot_motion.lula_test_widget. Please update your code accordingly.
[6.378s] [ext: omni.isaac.manipulators-3.0.3] startup
2026-05-12 16:17:59 [6,370ms] [Warning] [omni.isaac.manipulators] omni.isaac.manipulators has been deprecated in favor of isaacsim.robot.manipulators. Please update your code accordingly.
2026-05-12 16:17:59 [6,370ms] [Warning] [omni.isaac.manipulators.controllers] omni.isaac.manipulators has been deprecated in favor of isaacsim.robot.manipulators. Please update your code accordingly.
2026-05-12 16:17:59 [6,371ms] [Warning] [omni.isaac.manipulators.controllers.pick_place_controller] omni.isaac.manipulators has been deprecated in favor of isaacsim.robot.manipulators. Please update your code accordingly.
2026-05-12 16:17:59 [6,373ms] [Warning] [omni.isaac.manipulators.controllers.stacking_controller] omni.isaac.manipulators has been deprecated in favor of isaacsim.robot.manipulators. Please update your code accordingly.
2026-05-12 16:17:59 [6,375ms] [Warning] [omni.isaac.manipulators.grippers] omni.isaac.manipulators has been deprecated in favor of isaacsim.robot.manipulators. Please update your code accordingly.
2026-05-12 16:17:59 [6,375ms] [Warning] [omni.isaac.manipulators.grippers.gripper] omni.isaac.manipulators has been deprecated in favor of isaacsim.robot.manipulators. Please update your code accordingly.
2026-05-12 16:17:59 [6,376ms] [Warning] [omni.isaac.manipulators.grippers.parallel_gripper] omni.isaac.manipulators has been deprecated in favor of isaacsim.robot.manipulators. Please update your code accordingly.
2026-05-12 16:17:59 [6,377ms] [Warning] [omni.isaac.manipulators.grippers.surface_gripper] omni.isaac.manipulators has been deprecated in favor of isaacsim.robot.manipulators. Please update your code accordingly.
2026-05-12 16:17:59 [6,378ms] [Warning] [omni.isaac.manipulators.manipulators] omni.isaac.manipulators has been deprecated in favor of isaacsim.robot.manipulators. Please update your code accordingly.
2026-05-12 16:17:59 [6,378ms] [Warning] [omni.isaac.manipulators.manipulators.single_manipulator] omni.isaac.manipulators has been deprecated in favor of isaacsim.robot.manipulators. Please update your code accordingly.
[6.389s] [ext: omni.isaac.menu-1.0.2] startup
2026-05-12 16:17:59 [6,386ms] [Warning] [omni.isaac.menu] omni.isaac.menu has been deprecated in favor of isaacsim.gui.menu. Please update your code accordingly.
[6.397s] [ext: isaacsim.util.debug_draw-2.0.2] startup
[6.404s] [ext: omni.isaac.motion_generation-8.0.2] startup
2026-05-12 16:17:59 [6,395ms] [Warning] [omni.isaac.motion_generation] omni.isaac.motion_generation has been deprecated in favor of isaacsim.robot_motion.motion_generation. Please update your code accordingly.
2026-05-12 16:17:59 [6,395ms] [Warning] [omni.isaac.motion_generation.articulation_kinematics_solver] omni.isaac.motion_generation has been deprecated in favor of isaacsim.robot_motion.motion_generation. Please update your code accordingly.
2026-05-12 16:17:59 [6,396ms] [Warning] [omni.isaac.motion_generation.articulation_motion_policy] omni.isaac.motion_generation has been deprecated in favor of isaacsim.robot_motion.motion_generation. Please update your code accordingly.
2026-05-12 16:17:59 [6,396ms] [Warning] [omni.isaac.motion_generation.articulation_trajectory] omni.isaac.motion_generation has been deprecated in favor of isaacsim.robot_motion.motion_generation. Please update your code accordingly.
2026-05-12 16:17:59 [6,396ms] [Warning] [omni.isaac.motion_generation.kinematics_interface] omni.isaac.motion_generation has been deprecated in favor of isaacsim.robot_motion.motion_generation. Please update your code accordingly.
2026-05-12 16:17:59 [6,397ms] [Warning] [omni.isaac.motion_generation.lula] omni.isaac.motion_generation has been deprecated in favor of isaacsim.robot_motion.motion_generation. Please update your code accordingly.
2026-05-12 16:17:59 [6,397ms] [Warning] [omni.isaac.motion_generation.lula.kinematics] omni.isaac.motion_generation has been deprecated in favor of isaacsim.robot_motion.motion_generation. Please update your code accordingly.
2026-05-12 16:17:59 [6,397ms] [Warning] [omni.isaac.motion_generation.lula.motion_policies] omni.isaac.motion_generation has been deprecated in favor of isaacsim.robot_motion.motion_generation. Please update your code accordingly.
2026-05-12 16:17:59 [6,397ms] [Warning] [omni.isaac.motion_generation.lula.path_planners] omni.isaac.motion_generation has been deprecated in favor of isaacsim.robot_motion.motion_generation. Please update your code accordingly.
2026-05-12 16:17:59 [6,398ms] [Warning] [omni.isaac.motion_generation.lula.trajectory_generator] omni.isaac.motion_generation has been deprecated in favor of isaacsim.robot_motion.motion_generation. Please update your code accordingly.
2026-05-12 16:17:59 [6,398ms] [Warning] [omni.isaac.motion_generation.motion_policy_controller] omni.isaac.motion_generation has been deprecated in favor of isaacsim.robot_motion.motion_generation. Please update your code accordingly.
2026-05-12 16:17:59 [6,398ms] [Warning] [omni.isaac.motion_generation.motion_policy_interface] omni.isaac.motion_generation has been deprecated in favor of isaacsim.robot_motion.motion_generation. Please update your code accordingly.
2026-05-12 16:17:59 [6,398ms] [Warning] [omni.isaac.motion_generation.path_planner_visualizer] omni.isaac.motion_generation has been deprecated in favor of isaacsim.robot_motion.motion_generation. Please update your code accordingly.
2026-05-12 16:17:59 [6,398ms] [Warning] [omni.isaac.motion_generation.path_planning_interface] omni.isaac.motion_generation has been deprecated in favor of isaacsim.robot_motion.motion_generation. Please update your code accordingly.
2026-05-12 16:17:59 [6,399ms] [Warning] [omni.isaac.motion_generation.trajectory] omni.isaac.motion_generation has been deprecated in favor of isaacsim.robot_motion.motion_generation. Please update your code accordingly.
2026-05-12 16:17:59 [6,399ms] [Warning] [omni.isaac.motion_generation.world_interface] omni.isaac.motion_generation has been deprecated in favor of isaacsim.robot_motion.motion_generation. Please update your code accordingly.
[6.410s] [ext: isaacsim.sensors.physics-0.3.5] startup
[6.421s] [ext: omni.sensors.nv.common-2.5.0-coreapi] startup
[6.454s] [ext: isaacsim.sensors.physx-2.2.4] startup
[6.466s] [ext: omni.isaac.nucleus-1.0.3] startup
2026-05-12 16:17:59 [6,456ms] [Warning] [omni.isaac.nucleus] omni.isaac.nucleus has been deprecated in favor of isaacsim.storage.native. Please update your code accordingly.
2026-05-12 16:17:59 [6,456ms] [Warning] [omni.isaac.nucleus.nucleus] omni.isaac.nucleus.nucleus has been deprecated in favor of isaacsim.storage.native. Please update your code accordingly.
[6.467s] [ext: isaacsim.robot.policy.examples-4.0.3] startup
[6.475s] [ext: omni.sensors.nv.materials-1.4.0-coreapi] startup
[6.479s] [ext: omni.isaac.range_sensor-4.0.2] startup
[6.497s] [ext: isaacsim.sensors.camera-0.2.9] startup
[6.513s] [ext: omni.isaac.quadruped-3.0.2] startup
2026-05-12 16:17:59 [6,505ms] [Warning] [omni.isaac.quadruped] omni.isaac.quadruped has been deprecated in favor of isaacsim.robot.policy.examples. Please update your code accordingly.
[6.516s] [ext: omni.sensors.nv.ids-1.4.0-coreapi] startup
[6.525s] [ext: omni.kit.menu.create-1.0.17] startup
[6.527s] [ext: omni.sensors.nv.wpm-2.4.0-coreapi] startup
[6.530s] [ext: omni.kit.manipulator.transform-106.0.1] startup
[6.534s] [ext: omni.kit.widget.toolbar-1.7.3] startup
[6.541s] [ext: omni.sensors.nv.radar-2.6.1-coreapi] startup
[6.552s] [ext: omni.sensors.tiled-0.0.6] startup
[6.556s] [ext: omni.sensors.nv.lidar-2.6.3-coreapi] startup
[6.567s] [ext: omni.kit.manipulator.tool.snap-1.5.12] startup
[6.572s] [ext: omni.kit.manipulator.selector-1.1.1] startup
[6.574s] [ext: isaacsim.sensors.rtx-13.6.3] startup
[6.582s] [ext: omni.isaac.core-4.0.3] startup
2026-05-12 16:17:59 [6,575ms] [Warning] [omni.isaac.core.physics_context.physics_context] omni.isaac.core.physics_context.physics_context has been deprecated in favor of isaacsim.core.api.physics_context.physics_context. Please update your code accordingly.
2026-05-12 16:17:59 [6,576ms] [Warning] [omni.isaac.core.simulation_context.simulation_context] omni.isaac.core.simulation_context.simulation_context has been deprecated in favor of isaacsim.core.api.simulation_context.simulation_context. Please update your code accordingly.
2026-05-12 16:17:59 [6,576ms] [Warning] [omni.isaac.core.world.world] omni.isaac.core.world.world has been deprecated in favor of isaacsim.core.api.world.world. Please update your code accordingly.
2026-05-12 16:17:59 [6,576ms] [Warning] [omni.isaac.core] omni.isaac.core has been deprecated in favor of isaacsim.core.api. Please update your code accordingly.
[6.587s] [ext: omni.kit.scripting-106.5.2] startup
[6.597s] [ext: omni.kit.viewport.manipulator.transform-107.0.4] startup
[6.604s] [ext: omni.isaac.sensor-13.0.3] startup
2026-05-12 16:17:59 [6,594ms] [Warning] [omni.isaac.sensor] omni.isaac.sensor has been deprecated in favor of isaacsim.sensors.camera, isaacsim.sensors.physics, isaacsim.sensors.physx, and isaacsim.sensors.rtx. Please update your code accordingly.
2026-05-12 16:17:59 [6,594ms] [Warning] [omni.isaac.sensor.camera] omni.isaac.sensor.camera has been deprecated in favor of isaacsim.sensors.camera.camera. Please update your code accordingly.
2026-05-12 16:17:59 [6,594ms] [Warning] [omni.isaac.sensor.camera_view] omni.isaac.sensor.camera_view has been deprecated in favor of isaacsim.sensors.camera.camera_view. Please update your code accordingly.
2026-05-12 16:17:59 [6,594ms] [Warning] [omni.isaac.sensor.commands] omni.isaac.sensor.commands has been deprecated in favor of isaacsim.sensors.physics.commands, isaacsim.sensors.physx.commands, and isaacsim.sensors.rtx.commands. Please update your code accordingly.
2026-05-12 16:17:59 [6,595ms] [Warning] [omni.isaac.sensor.contact_sensor] omni.isaac.sensor.contact_sensor has been deprecated in favor of isaacsim.sensors.physics.contact_sensor. Please update your code accordingly.
2026-05-12 16:17:59 [6,595ms] [Warning] [omni.isaac.sensor.imu_sensor] omni.isaac.sensor.imu_sensor has been deprecated in favor of isaacsim.sensors.physics.imu_sensor. Please update your code accordingly.
2026-05-12 16:17:59 [6,595ms] [Warning] [omni.isaac.sensor.lidar_rtx] omni.isaac.sensor.lidar_rtx has been deprecated in favor of isaacsim.sensors.rtx.lidar_rtx. Please update your code accordingly.
2026-05-12 16:17:59 [6,595ms] [Warning] [omni.isaac.sensor.rotating_lidar_physX] omni.isaac.sensor.imu_sensor has been deprecated in favor of isaacsim.sensors.physix.rotating_lidar_physX. Please update your code accordingly.
2026-05-12 16:17:59 [6,595ms] [Warning] [omni.isaac.sensor.scripts.samples.contact_sensor] omni.isaac.sensor.scripts.samples.contact_sensor has been deprecated in favor of isaacsim.sensors.physics.scripts.samples.contact_sensor. Please update your code accordingly.
2026-05-12 16:17:59 [6,595ms] [Warning] [omni.isaac.sensor.scripts.samples.imu_sensor] omni.isaac.sensor.scripts.samples.imu_sensor has been deprecated in favor of isaacsim.sensors.physics.scripts.samples.imu_sensor. Please update your code accordingly.
2026-05-12 16:17:59 [6,596ms] [Warning] [omni.isaac.sensor.scripts.samples.lightbeam_sensor] omni.isaac.sensor.scripts.samples.lightbeam_sensor has been deprecated in favor of isaacsim.sensors.physx.scripts.samples.lightbeam_sensor. Please update your code accordingly.
[6.606s] [ext: omni.isaac.surface_gripper-2.0.2] startup
2026-05-12 16:17:59 [6,598ms] [Warning] [omni.isaac.surface_gripper] omni.isaac.surface_gripper has been deprecated in favor of isaacsim.robot.surface_gripper. Please update your code accordingly.
[6.608s] [ext: omni.isaac.core_nodes-2.0.2] startup
2026-05-12 16:17:59 [6,605ms] [Warning] [omni.isaac.core_nodes] omni.isaac.core_nodes has been deprecated in favor of isaacsim.core.nodes. Please update your code accordingly.
[6.616s] [ext: isaacsim.replicator.behavior-1.0.8] startup
[6.618s] [ext: omni.kit.manipulator.prim.core-107.0.7] startup
[6.625s] [ext: omni.fabric.commands-1.1.5] startup
[6.629s] [ext: omni.kit.viewport.actions-107.0.0] startup
[6.633s] [ext: omni.kit.manipulator.prim.usd-107.0.3] startup
[6.635s] [ext: omni.kit.manipulator.prim.fabric-107.0.4] startup
[6.637s] [ext: isaacsim.app.about-2.0.7] startup
[6.639s] [ext: omni.kit.manipulator.selection-106.0.1] startup
[6.641s] [ext: omni.kit.viewport.menubar.display-107.0.3] startup
[6.642s] [ext: omni.kit.widget.layers-1.8.2] startup
[6.655s] [ext: omni.kit.manipulator.prim-107.0.0] startup
[6.656s] [ext: omni.debugdraw-0.1.3] startup
[6.661s] [ext: omni.isaac.window.about-2.0.2] startup
2026-05-12 16:17:59 [6,651ms] [Warning] [omni.isaac.window.about] omni.isaac.window.about has been deprecated in favor of isaacsim.app.about. Please update your code accordingly.
2026-05-12 16:17:59 [6,651ms] [Warning] [omni.isaac.window.about.about] omni.isaac.window.about.about has been deprecated in favor of isaacsim.app.about.about. Please update your code accordingly.
[6.662s] [ext: omni.kit.property.audio-1.0.16] startup
[6.664s] [ext: omni.physx.commands-106.5.7] startup
[6.668s] [ext: omni.usdphysics.ui-106.5.7] startup
[6.703s] [ext: omni.kit.property.camera-1.0.9] startup
[6.705s] [ext: omni.kit.property.geometry-1.3.3] startup
[6.708s] [ext: omni.kit.property.light-1.0.11] startup
[6.710s] [ext: omni.hydra.scene_api-0.1.2] startup
[6.719s] [ext: omni.physx.ui-106.5.7] startup
[6.754s] [ext: omni.kit.property.material-1.10.17] startup
[6.760s] [ext: omni.kit.property.render-1.1.3] startup
[6.762s] [ext: isaacsim.robot.manipulators.examples-1.0.3] startup
[6.763s] [ext: omni.kit.property.transform-1.5.10] startup
[6.769s] [ext: omni.physx.demos-106.5.7] startup
[6.788s] [ext: omni.kit.property.physx-106.5.7] startup
[6.831s] [ext: isaacsim.gui.property-1.0.4] startup
[6.835s] [ext: omni.isaac.franka-1.0.2] startup
2026-05-12 16:17:59 [6,825ms] [Warning] [omni.isaac.franka] omni.isaac.franka has been deprecated in favor of isaacsim.robot.manipulators.examples.franka. Please update your code accordingly.
2026-05-12 16:17:59 [6,825ms] [Warning] [omni.isaac.franka.franka] omni.isaac.franka has been deprecated in favor of isaacsim.robot.manipulators.examples.franka. Please update your code accordingly.
2026-05-12 16:17:59 [6,826ms] [Warning] [omni.isaac.franka.kinematics_solver] omni.isaac.franka has been deprecated in favor of isaacsim.robot.manipulators.examples.franka. Please update your code accordingly.
[6.836s] [ext: omni.kit.property.bundle-1.3.2] startup
[6.839s] [ext: omni.physx.vehicle-106.5.7] startup
[6.859s] [ext: omni.kit.property.isaac-1.0.2] startup
2026-05-12 16:17:59 [6,851ms] [Warning] [omni.kit.property.isaac] omni.kit.property.isaac has been deprecated in favor of isaacsim.gui.property. Please update your code accordingly.
2026-05-12 16:17:59 [6,851ms] [Warning] [omni.kit.property.isaac.widgets] omni.kit.property.isaac.widgets has been deprecated in favor of isaacsim.gui.property.widgets. Please update your code accordingly.
[6.861s] [ext: omni.kit.viewport.menubar.camera-107.0.2] startup
[6.867s] [ext: omni.kit.viewport.menubar.lighting-106.0.2] startup
[6.870s] [ext: omni.kit.viewport.menubar.render-107.0.8] startup
[6.872s] [ext: isaacsim.replicator.domain_randomization-1.0.2] startup
[6.874s] [ext: omni.physx.camera-106.5.7] startup
[6.891s] [ext: omni.kit.window.toolbar-1.6.2] startup
[6.897s] [ext: omni.physx.cct-106.5.7] startup
[6.913s] [ext: isaacsim.cortex.framework-1.0.2] startup
[6.915s] [ext: omni.isaac.universal_robots-1.0.2] startup
2026-05-12 16:18:00 [6,905ms] [Warning] [omni.isaac.universal_robots] omni.isaac.universal_robots has been deprecated in favor of isaacsim.robot.manipulators.examples.universal_robots. Please update your code accordingly.
2026-05-12 16:18:00 [6,907ms] [Warning] [omni.isaac.universal_robots.kinematics_solver] omni.isaac.franka has been deprecated in favor of isaacsim.robot.manipulators.examples.universal_robots. Please update your code accordingly.
2026-05-12 16:18:00 [6,909ms] [Warning] [omni.isaac.universal_robots.ur10] omni.isaac.franka has been deprecated in favor of isaacsim.robot.manipulators.examples.universal_robots. Please update your code accordingly.
[6.919s] [ext: isaacsim.replicator.writers-1.0.1] startup
[6.943s] [ext: omni.physx.graph-106.5.7] startup
[6.971s] [ext: omni.physx.supportui-106.5.7] startup
[6.996s] [ext: omni.isaac.utils-2.0.2] startup
[6.998s] [ext: omni.isaac.cortex-1.0.2] startup
2026-05-12 16:18:00 [6,989ms] [Warning] [omni.isaac.cortex] omni.isaac.cortex has been deprecated in favor of isaacsim.cortex.framework. Please update your code accordingly.
[7.000s] [ext: omni.physx.telemetry-106.5.7] startup
[7.003s] [ext: isaacsim.replicator.examples-1.1.2] startup
[7.006s] [ext: omni.kit.viewport.menubar.settings-107.0.3] startup
[7.023s] [ext: omni.kit.window.console-0.2.14] startup
[7.037s] [ext: omni.usd.metrics.assembler-106.5.0] startup
[7.051s] [ext: omni.kit.window.status_bar-0.1.7] startup
[7.060s] [ext: omni.physx.bundle-106.5.7] startup
[7.060s] [ext: omni.replicator.isaac-2.0.3] startup
2026-05-12 16:18:00 [7,050ms] [Warning] [omni.replicator.isaac] omni.replicator.isaac has been deprecated in favor of isaacsim.replicator.domain_randomization, isaacsim.replicator.examples, isaacsim.replicator.writers. Please update your code accordingly.
[7.060s] [ext: omni.replicator.replicator_yaml-2.0.10] startup
[7.067s] [ext: omni.rtx.settings.core-0.6.3] startup
[7.073s] [ext: omni.usd.metrics.assembler.ui-106.5.0] startup
[7.081s] [ext: isaacsim.robot.wheeled_robots-4.0.3] startup
[7.094s] [ext: isaacsim.cortex.behaviors-2.0.3] startup
[7.096s] [ext: omni.isaac.version-2.0.2] startup
2026-05-12 16:18:00 [7,088ms] [Warning] [omni.isaac.version] omni.isaac.version has been deprecated in favor of isaacsim.core.version. Please update your code accordingly.
[7.099s] [ext: semantics.schema.editor-0.3.10] startup
[7.107s] [ext: omni.kit.ui.actions-1.0.2] startup
[7.109s] [ext: semantics.schema.property-1.0.5] startup
[7.111s] [ext: omni.isaac.wheeled_robots-3.0.3] startup
2026-05-12 16:18:00 [7,102ms] [Warning] [omni.isaac.wheeled_robots] omni.isaac.wheeled_robots has been deprecated in favor of isaacsim.robot.wheeled_robots. Please update your code accordingly.
2026-05-12 16:18:00 [7,102ms] [Warning] [omni.isaac.wheeled_robots.controllers] omni.isaac.wheeled_robots has been deprecated in favor of isaacsim.robot.wheeled_robots. Please update your code accordingly.
2026-05-12 16:18:00 [7,103ms] [Warning] [omni.isaac.wheeled_robots.controllers.ackermann_controller] omni.isaac.wheeled_robots has been deprecated in favor of isaacsim.robot.wheeled_robots. Please update your code accordingly.
2026-05-12 16:18:00 [7,104ms] [Warning] [omni.isaac.wheeled_robots.controllers.differential_controller] omni.isaac.wheeled_robots has been deprecated in favor of isaacsim.robot.wheeled_robots. Please update your code accordingly.
2026-05-12 16:18:00 [7,105ms] [Warning] [omni.isaac.wheeled_robots.controllers.holonomic_controller] omni.isaac.wheeled_robots has been deprecated in favor of isaacsim.robot.wheeled_robots. Please update your code accordingly.
2026-05-12 16:18:00 [7,106ms] [Warning] [omni.isaac.wheeled_robots.controllers.quintic_path_planner] omni.isaac.wheeled_robots has been deprecated in favor of isaacsim.robot.wheeled_robots. Please update your code accordingly.
2026-05-12 16:18:00 [7,107ms] [Warning] [omni.isaac.wheeled_robots.controllers.stanley_control] omni.isaac.wheeled_robots has been deprecated in favor of isaacsim.robot.wheeled_robots. Please update your code accordingly.
2026-05-12 16:18:00 [7,107ms] [Warning] [omni.isaac.wheeled_robots.controllers.wheel_base_pose_controller] omni.isaac.wheeled_robots has been deprecated in favor of isaacsim.robot.wheeled_robots. Please update your code accordingly.
2026-05-12 16:18:00 [7,108ms] [Warning] [omni.isaac.wheeled_robots.impl] omni.isaac.wheeled_robots has been deprecated in favor of isaacsim.robot.wheeled_robots. Please update your code accordingly.
2026-05-12 16:18:00 [7,108ms] [Warning] [omni.isaac.wheeled_robots.robots] omni.isaac.wheeled_robots has been deprecated in favor of isaacsim.robot.wheeled_robots. Please update your code accordingly.
2026-05-12 16:18:00 [7,108ms] [Warning] [omni.isaac.wheeled_robots.robots.holonomic_robot_usd_setup] omni.isaac.wheeled_robots has been deprecated in favor of isaacsim.robot.wheeled_robots. Please update your code accordingly.
2026-05-12 16:18:00 [7,109ms] [Warning] [omni.isaac.wheeled_robots.robots.wheeled_robot] omni.isaac.wheeled_robots has been deprecated in favor of isaacsim.robot.wheeled_robots. Please update your code accordingly.
[7.119s] [ext: omni.isaac.cortex.sample_behaviors-2.0.2] startup
2026-05-12 16:18:00 [7,111ms] [Warning] [omni.isaac.cortex.sample_behaviors] omni.isaac.cortex.sample_behaviors has been deprecated in favor of isaacsim.cortex.behaviors. Please update your code accordingly.
[7.122s] [ext: omni.anim.curve.core-1.2.0] startup
[7.142s] [ext: isaacsim.asset.importer.mjcf-2.3.3] startup
[7.151s] [ext: omni.kit.menu.common-1.1.9] startup
[7.153s] [ext: isaacsim.exp.base-4.5.0] startup
[7.154s] [ext: omnigibson_4_5_0-1.5.0] startup
[7.155s] Simulation App Starting
[7.590s] app ready
2026-05-12 16:18:00 [7,602ms] [Warning] [rtx.scenedb.plugin] SceneDbContext : TLAS limit buffer size 7508933632
2026-05-12 16:18:00 [7,602ms] [Warning] [rtx.scenedb.plugin] SceneDbContext : TLAS limit : valid false, within: false
2026-05-12 16:18:00 [7,602ms] [Warning] [rtx.scenedb.plugin] SceneDbContext : TLAS limit : decrement: 167690, decrement size: 7433845248
2026-05-12 16:18:00 [7,602ms] [Warning] [rtx.scenedb.plugin] SceneDbContext : New limit 9574251 (slope: 447, intercept: 13179904)
2026-05-12 16:18:00 [7,602ms] [Warning] [rtx.scenedb.plugin] SceneDbContext : TLAS limit buffer size 4287216384
2026-05-12 16:18:00 [7,602ms] [Warning] [rtx.scenedb.plugin] SceneDbContext : TLAS limit : valid true, within: true
[0m[00:00:18.994] [INFO] [omnigibson.simulator] ---------- Welcome to OmniGibson! ----------[0m
[0m[00:00:51.829] [INFO] [omnigibson.simulator] Imported scene 0.[0m
Starting kit application with the following args:  ['/home/yininghong/miniconda3/envs/behavior/lib/python3.10/site-packages/isaacsim/exts/isaacsim.simulation_app/isaacsim/simulation_app/simulation_app.py', '/home/yininghong/miniconda3/envs/behavior/lib/python3.10/site-packages/isaacsim/apps/omnigibson_4_5_0.kit', '--/app/tokens/exe-path=/home/yininghong/miniconda3/envs/behavior/lib/python3.10/site-packages/omni', '--/persistent/app/viewport/displayOptions=3094', '--/rtx/materialDb/syncLoads=True', '--/rtx/hydra/materialSyncLoads=True', '--/omni.kit.plugin/syncUsdLoads=True', '--/app/renderer/resolution/width=1280', '--/app/renderer/resolution/height=720', '--/app/window/width=1440', '--/app/window/height=900', '--/renderer/multiGpu/enabled=False', '--/app/fastShutdown=True', '--/app/installSignalHandlers=0', '--ext-folder', '/home/yininghong/miniconda3/envs/behavior/lib/python3.10/site-packages/isaacsim/exts', '--ext-folder', '/home/yininghong/miniconda3/envs/behavior/lib/python3.10/site-packages/isaacsim/apps', '--/physics/cudaDevice=0', '--portable']
Passing the following args to the base kit application:  ['--task', 'deformable', '--metadata', 'json-tmp/deformable/cover_small_item_cloth/Ihlen_1_int/bedroom_1/q_001.json', '--output', 'outputs/qualitative_task_demo/smoke2/deformable_bottle_runtime_target_smoke.mp4', '--motion', 'task-demo', '--frames', '36', '--fps', '12']
Warp 1.5.0 initialized:
   CUDA Toolkit 11.8, Driver 13.0
   Devices:
     "cpu"      : "x86_64"
     "cuda:0"   : "NVIDIA GeForce RTX 3080 Ti" (12 GiB, sm_86, mempool enabled)
   Kernel cache:
     /home/yininghong/.cache/warp/1.5.0

                   ____________
                  /          / \
                 /          / /__
                /          / /  /\
               /__________/ /__/  \
               \   _____  \ \__\  /
                \  \  / \  \ \_/ /
                 \  \/___\  \   /
                  \__________\_/  
       ___                  _  ____ _ _                     
      / _ \ _ __ ___  _ __ (_)/ ___(_) |__  ___  ___  _ __  
     | | | | '_ ` _ \| '_ \| | |  _| | '_ \/ __|/ _ \| '_ \ 
     | |_| | | | | | | | | | | |_| | | |_) \__ \ (_) | | | |
      \___/|_| |_| |_|_| |_|_|\____|_|_.__/|___/\___/|_| |_|

[record_scene_video] environment loaded
[record_scene_video] opened doors=13
[record_scene_video] settled 30 steps
[record_scene_video] running task setup for task=deformable
[33m[00:01:05.783] [WARNING] [omnigibson.objects.object_base] An object's articulation root API was changed while simulation is playing. This may cause issues.[0m
2026-05-12 16:18:00 [7,757ms] [Warning] [omni.usd-abi.plugin] No setting was found for '/rtx-defaults-transient/meshlights/forceDisable'
2026-05-12 16:18:00 [7,814ms] [Warning] [omni.usd-abi.plugin] No setting was found for '/rtx-defaults/post/dlss/execMode'
[11.301s] Simulation App Startup Complete
2026-05-12 16:18:08 [15,237ms] [Warning] [omni.syntheticdata.plugin] OgnSdPostRenderVarToHost : rendervar copy from texture directly to host buffer is counter-performant. Please use copy from texture to device buffer first.
2026-05-12 16:18:08 [15,275ms] [Warning] [omni.fabric.plugin] removePath called on non-existent path /Render/OmniverseKit/HydraTextures/Replicator/PostRender/SDGPipeline/Replicator_GpuInteropEntry 

2026-05-12 16:18:14 [21,857ms] [Warning] [carb.imaging.plugin] Could not find suitable channels to load in EXR File. The first four channels will be loaded.
2026-05-12 16:18:41 [48,054ms] [Warning] [omni.syntheticdata.plugin] SdRenderVarPtr missing valid input renderVar LdrColorSDhost
2026-05-12 16:18:46 [53,201ms] [Warning] [rtx.postprocessing.plugin] DLSS increasing input dimensions: Render resolution of (64, 64) is below minimal input resolution of 300.
2026-05-12 16:18:47 [53,947ms] [Warning] [carb] Client omni.hydratexture.plugin has acquired [carb::settings::ISettings v1.0] 100 times. Consider accessing this interface with carb::getCachedInterface() (Performance warning)
2026-05-12 16:18:47 [53,963ms] [Warning] [carb] Client omni.hydratexture.plugin has acquired [carb::dictionary::IDictionary v1.1] 100 times. Consider accessing this interface with carb::getCachedInterface() (Performance warning)
2026-05-12 16:18:47 [54,125ms] [Warning] [carb] Plugin interface for a client: omni.hydratexture.plugin was already released.
2026-05-12 16:18:47 [54,179ms] [Warning] [carb] Client omni.kit.viewport.legacy_gizmos has acquired [carb::settings::ISettings v1.0] 100 times. Consider accessing this interface with carb::getCachedInterface() (Performance warning)
2026-05-12 16:18:53 [59,902ms] [Warning] [omni.syntheticdata.plugin] SdPostRenderVarToHost missing valid input renderVar 
2026-05-12 16:18:55 [62,216ms] [Warning] [omnigibson.objects.object_base] An object's articulation root API was changed while simulation is playing. This may cause issues.
2026-05-12 16:18:57 [64,707ms] [Warning] [omni.physx.plugin] Invalid PhysX transform detected for /World/scene_0/cover_small_item_render_item_4175346132/glass.
2026-05-12 16:18:57 [64,707ms] [Warning] [omni.physx.plugin] Invalid PhysX transform detected for /World/scene_0/controllable__r1__robot_xblfuw/base_footprint_y.
2026-05-12 16:18:57 [64,707ms] [Warning] [omni.physx.plugin] Invalid PhysX transform detected for /World/scene_0/controllable__r1__robot_xblfuw/base_footprint_z.
2026-05-12 16:18:57 [64,707ms] [Warning] [omni.physx.plugin] Invalid PhysX transform detected for /World/scene_0/controllable__r1__robot_xblfuw/base_footprint_rx.
2026-05-12 16:18:57 [64,707ms] [Warning] [omni.physx.plugin] Invalid PhysX transform detected for /World/scene_0/controllable__r1__robot_xblfuw/base_footprint_ry.
2026-05-12 16:18:57 [64,707ms] [Warning] [omni.physx.plugin] Invalid PhysX transform detected for /World/scene_0/controllable__r1__robot_xblfuw/base_footprint_rz.
2026-05-12 16:18:57 [64,707ms] [Warning] [omni.physx.plugin] Invalid PhysX transform detected for /World/scene_0/controllable__r1__robot_xblfuw/base_link.
2026-05-12 16:18:57 [64,707ms] [Warning] [omni.physx.plugin] Invalid PhysX transform detected for /World/scene_0/controllable__r1__robot_xblfuw/servo_link1.
2026-05-12 16:18:57 [64,707ms] [Warning] [omni.physx.plugin] Invalid PhysX transform detected for /World/scene_0/controllable__r1__robot_xblfuw/servo_link2.
2026-05-12 16:18:57 [64,707ms] [Warning] [omni.physx.plugin] Invalid PhysX transform detected for /World/scene_0/controllable__r1__robot_xblfuw/servo_link3.
2026-05-12 16:18:57 [64,707ms] [Warning] [omni.physx.plugin] Invalid PhysX transform detected for /World/scene_0/controllable__r1__robot_xblfuw/torso_link1.
2026-05-12 16:18:57 [64,707ms] [Warning] [omni.physx.plugin] Invalid PhysX transform detected for /World/scene_0/controllable__r1__robot_xblfuw/wheel_link1.
2026-05-12 16:18:57 [64,707ms] [Warning] [omni.physx.plugin] Invalid PhysX transform detected for /World/scene_0/controllable__r1__robot_xblfuw/wheel_link2.
2026-05-12 16:18:57 [64,707ms] [Warning] [omni.physx.plugin] Invalid PhysX transform detected for /World/scene_0/controllable__r1__robot_xblfuw/wheel_link3.
2026-05-12 16:18:57 [64,707ms] [Warning] [omni.physx.plugin] Invalid PhysX transform detected for /World/scene_0/controllable__r1__robot_xblfuw/torso_link2.
2026-05-12 16:18:57 [64,707ms] [Warning] [omni.physx.plugin] Invalid PhysX transform detected for /World/scene_0/controllable__r1__robot_xblfuw/torso_link3.
2026-05-12 16:18:57 [64,707ms] [Warning] [omni.physx.plugin] Invalid PhysX transform detected for /World/scene_0/controllable__r1__robot_xblfuw/torso_link4.
2026-05-12 16:18:57 [64,707ms] [Warning] [omni.physx.plugin] Invalid PhysX transform detected for /World/scene_0/controllable__r1__robot_xblfuw/left_arm_link1.
2026-05-12 16:18:57 [64,707ms] [Warning] [omni.physx.plugin] Invalid PhysX transform detected for /World/scene_0/controllable__r1__robot_xblfuw/right_arm_link1.
2026-05-12 16:18:57 [64,707ms] [Warning] [omni.physx.plugin] Invalid PhysX transform detected for /World/scene_0/controllable__r1__robot_xblfuw/eyes.
2026-05-12 16:18:57 [64,707ms] [Warning] [omni.physx.plugin] Invalid PhysX transform detected for /World/scene_0/controllable__r1__robot_xblfuw/left_arm_link2.
2026-05-12 16:18:57 [64,707ms] [Warning] [omni.physx.plugin] Invalid PhysX transform detected for /World/scene_0/controllable__r1__robot_xblfuw/right_arm_link2.
2026-05-12 16:18:57 [64,707ms] [Warning] [omni.physx.plugin] Invalid PhysX transform detected for /World/scene_0/controllable__r1__robot_xblfuw/left_arm_link3.
2026-05-12 16:18:57 [64,707ms] [Warning] [omni.physx.plugin] Invalid PhysX transform detected for /World/scene_0/controllable__r1__robot_xblfuw/right_arm_link3.
2026-05-12 16:18:57 [64,707ms] [Warning] [omni.physx.plugin] Invalid PhysX transform detected for /World/scene_0/controllable__r1__robot_xblfuw/left_arm_link4.
2026-05-12 16:18:57 [64,707ms] [Warning] [omni.physx.plugin] Invalid PhysX transform detected for /World/scene_0/controllable__r1__robot_xblfuw/right_arm_link4.
2026-05-12 16:18:57 [64,707ms] [Warning] [omni.physx.plugin] Invalid PhysX transform detected for /World/scene_0/controllable__r1__robot_xblfuw/left_arm_link5.
2026-05-12 16:18:57 [64,707ms] [Warning] [omni.physx.plugin] Invalid PhysX transform detected for /World/scene_0/controllable__r1__robot_xblfuw/right_arm_link5.
2026-05-12 16:18:57 [64,707ms] [Warning] [omni.physx.plugin] Invalid PhysX transform detected for /World/scene_0/controllable__r1__robot_xblfuw/left_arm_link6.
2026-05-12 16:18:57 [64,707ms] [Warning] [omni.physx.plugin] Invalid PhysX transform detected for /World/scene_0/controllable__r1__robot_xblfuw/right_arm_link6.
2026-05-12 16:18:57 [64,707ms] [Warning] [omni.physx.plugin] Invalid PhysX transform detected for /World/scene_0/controllable__r1__robot_xblfuw/left_gripper_link1.
2026-05-12 16:18:57 [64,707ms] [Warning] [omni.physx.plugin] Invalid PhysX transform detected for /World/scene_0/controllable__r1__robot_xblfuw/left_gripper_link2.
2026-05-12 16:18:57 [64,707ms] [Warning] [omni.physx.plugin] Invalid PhysX transform detected for /World/scene_0/controllable__r1__robot_xblfuw/left_eef_link.
2026-05-12 16:18:57 [64,707ms] [Warning] [omni.physx.plugin] Invalid PhysX transform detected for /World/scene_0/controllable__r1__robot_xblfuw/right_gripper_link1.
2026-05-12 16:18:57 [64,707ms] [Warning] [omni.physx.plugin] Invalid PhysX transform detected for /World/scene_0/controllable__r1__robot_xblfuw/right_gripper_link2.
2026-05-12 16:18:57 [64,707ms] [Warning] [omni.physx.plugin] Invalid PhysX transform detected for /World/scene_0/controllable__r1__robot_xblfuw/right_eef_link.
2026-05-12 16:18:57 [64,707ms] [Warning] [omni.physx.plugin] Invalid PhysX transform detected for /World/scene_0/cover_small_item_render_item_4175346132/base_link.
2026-05-12 16:18:57 [64,787ms] [Warning] [omni.physx.plugin] Invalid PhysX transform detected for /World/scene_0/cover_small_item_render_item_4175346132/glass.
2026-05-12 16:18:57 [64,787ms] [Warning] [omni.physx.plugin] Invalid PhysX transform detected for /World/scene_0/controllable__r1__robot_xblfuw/base_footprint_y.
2026-05-12 16:18:57 [64,787ms] [Warning] [omni.physx.plugin] Invalid PhysX transform detected for /World/scene_0/controllable__r1__robot_xblfuw/base_footprint_z.
2026-05-12 16:18:57 [64,787ms] [Warning] [omni.physx.plugin] Invalid PhysX transform detected for /World/scene_0/controllable__r1__robot_xblfuw/base_footprint_rx.
2026-05-12 16:18:57 [64,787ms] [Warning] [omni.physx.plugin] Invalid PhysX transform detected for /World/scene_0/controllable__r1__robot_xblfuw/base_footprint_ry.
2026-05-12 16:18:57 [64,787ms] [Warning] [omni.physx.plugin] Invalid PhysX transform detected for /World/scene_0/controllable__r1__robot_xblfuw/base_footprint_rz.
2026-05-12 16:18:57 [64,787ms] [Warning] [omni.physx.plugin] Invalid PhysX transform detected for /World/scene_0/controllable__r1__robot_xblfuw/base_link.
2026-05-12 16:18:57 [64,787ms] [Warning] [omni.physx.plugin] Invalid PhysX transform detected for /World/scene_0/controllable__r1__robot_xblfuw/servo_link1.
2026-05-12 16:18:57 [64,787ms] [Warning] [omni.physx.plugin] Invalid PhysX transform detected for /World/scene_0/controllable__r1__robot_xblfuw/servo_link2.
2026-05-12 16:18:57 [64,787ms] [Warning] [omni.physx.plugin] Invalid PhysX transform detected for /World/scene_0/controllable__r1__robot_xblfuw/servo_link3.
2026-05-12 16:18:57 [64,787ms] [Warning] [omni.physx.plugin] Invalid PhysX transform detected for /World/scene_0/controllable__r1__robot_xblfuw/torso_link1.
2026-05-12 16:18:57 [64,787ms] [Warning] [omni.physx.plugin] Invalid PhysX transform detected for /World/scene_0/controllable__r1__robot_xblfuw/wheel_link1.
2026-05-12 16:18:57 [64,787ms] [Warning] [omni.physx.plugin] Invalid PhysX transform detected for /World/scene_0/controllable__r1__robot_xblfuw/wheel_link2.
2026-05-12 16:18:57 [64,787ms] [Warning] [omni.physx.plugin] Invalid PhysX transform detected for /World/scene_0/controllable__r1__robot_xblfuw/wheel_link3.
2026-05-12 16:18:57 [64,787ms] [Warning] [omni.physx.plugin] Invalid PhysX transform detected for /World/scene_0/controllable__r1__robot_xblfuw/torso_link2.
2026-05-12 16:18:57 [64,787ms] [Warning] [omni.physx.plugin] Invalid PhysX transform detected for /World/scene_0/controllable__r1__robot_xblfuw/torso_link3.
2026-05-12 16:18:57 [64,787ms] [Warning] [omni.physx.plugin] Invalid PhysX transform detected for /World/scene_0/controllable__r1__robot_xblfuw/torso_link4.
2026-05-12 16:18:57 [64,787ms] [Warning] [omni.physx.plugin] Invalid PhysX transform detected for /World/scene_0/controllable__r1__robot_xblfuw/left_arm_link1.
2026-05-12 16:18:57 [64,787ms] [Warning] [omni.physx.plugin] Invalid PhysX transform detected for /World/scene_0/controllable__r1__robot_xblfuw/right_arm_link1.
2026-05-12 16:18:57 [64,787ms] [Warning] [omni.physx.plugin] Invalid PhysX transform detected for /World/scene_0/controllable__r1__robot_xblfuw/eyes.
2026-05-12 16:18:57 [64,787ms] [Warning] [omni.physx.plugin] Invalid PhysX transform detected for /World/scene_0/controllable__r1__robot_xblfuw/left_arm_link2.
2026-05-12 16:18:57 [64,787ms] [Warning] [omni.physx.plugin] Invalid PhysX transform detected for /World/scene_0/controllable__r1__robot_xblfuw/right_arm_link2.
2026-05-12 16:18:57 [64,787ms] [Warning] [omni.physx.plugin] Invalid PhysX transform detected for /World/scene_0/controllable__r1__robot_xblfuw/left_arm_link3.
2026-05-12 16:18:57 [64,787ms] [Warning] [omni.physx.plugin] Invalid PhysX transform detected for /World/scene_0/controllable__r1__robot_xblfuw/right_arm_link3.
2026-05-12 16:18:57 [64,787ms] [Warning] [omni.physx.plugin] Invalid PhysX transform detected for /World/scene_0/controllable__r1__robot_xblfuw/left_arm_link4.
2026-05-12 16:18:57 [64,787ms] [Warning] [omni.physx.plugin] Invalid PhysX transform detected for /World/scene_0/controllable__r1__robot_xblfuw/right_arm_link4.
2026-05-12 16:18:57 [64,787ms] [Warning] [omni.physx.plugin] Invalid PhysX transform detected for /World/scene_0/controllable__r1__robot_xblfuw/left_arm_link5.
2026-05-12 16:18:57 [64,787ms] [Warning] [omni.physx.plugin] Invalid PhysX transform detected for /World/scene_0/controllable__r1__robot_xblfuw/right_arm_link5.
2026-05-12 16:18:57 [64,787ms] [Warning] [omni.physx.plugin] Invalid PhysX transform detected for /World/scene_0/controllable__r1__robot_xblfuw/left_arm_link6.
2026-05-12 16:18:57 [64,787ms] [Warning] [omni.physx.plugin] Invalid PhysX transform detected for /World/scene_0/controllable__r1__robot_xblfuw/right_arm_link6.
2026-05-12 16:18:57 [64,787ms] [Warning] [omni.physx.plugin] Invalid PhysX transform detected for /World/scene_0/controllable__r1__robot_xblfuw/left_gripper_link1.
2026-05-12 16:18:57 [64,787ms] [Warning] [omni.physx.plugin] Invalid PhysX transform detected for /World/scene_0/controllable__r1__robot_xblfuw/left_gripper_link2.
2026-05-12 16:18:57 [64,787ms] [Warning] [omni.physx.plugin] Invalid PhysX transform detected for /World/scene_0/controllable__r1__robot_xblfuw/left_eef_link.
2026-05-12 16:18:57 [64,787ms] [Warning] [omni.physx.plugin] Invalid PhysX transform detected for /World/scene_0/controllable__r1__robot_xblfuw/right_gripper_link1.
2026-05-12 16:18:57 [64,787ms] [Warning] [omni.physx.plugin] Invalid PhysX transform detected for /World/scene_0/controllable__r1__robot_xblfuw/right_gripper_link2.
2026-05-12 16:18:57 [64,787ms] [Warning] [omni.physx.plugin] Invalid PhysX transform detected for /World/scene_0/controllable__r1__robot_xblfuw/right_eef_link.
2026-05-12 16:18:57 [64,787ms] [Warning] [omni.physx.plugin] Invalid PhysX transform detected for /World/scene_0/cover_small_item_render_item_4175346132/base_link.
2026-05-12 16:18:57 [64,862ms] [Warning] [omni.physx.plugin] Invalid PhysX transform detected for /World/scene_0/cover_small_item_render_item_4175346132/glass.
2026-05-12 16:18:57 [64,862ms] [Warning] [omni.physx.plugin] Invalid PhysX transform detected for /World/scene_0/controllable__r1__robot_xblfuw/base_footprint_y.
2026-05-12 16:18:57 [64,862ms] [Warning] [omni.physx.plugin] Invalid PhysX transform detected for /World/scene_0/controllable__r1__robot_xblfuw/base_footprint_z.
2026-05-12 16:18:57 [64,862ms] [Warning] [omni.physx.plugin] Invalid PhysX transform detected for /World/scene_0/controllable__r1__robot_xblfuw/base_footprint_rx.
2026-05-12 16:18:57 [64,862ms] [Warning] [omni.physx.plugin] Invalid PhysX transform detected for /World/scene_0/controllable__r1__robot_xblfuw/base_footprint_ry.
2026-05-12 16:18:57 [64,862ms] [Warning] [omni.physx.plugin] Invalid PhysX transform detected for /World/scene_0/controllable__r1__robot_xblfuw/base_footprint_rz.
2026-05-12 16:18:57 [64,862ms] [Warning] [omni.physx.plugin] Invalid PhysX transform detected for /World/scene_0/controllable__r1__robot_xblfuw/base_link.
2026-05-12 16:18:57 [64,862ms] [Warning] [omni.physx.plugin] Invalid PhysX transform detected for /World/scene_0/controllable__r1__robot_xblfuw/servo_link1.
2026-05-12 16:18:57 [64,862ms] [Warning] [omni.physx.plugin] Invalid PhysX transform detected for /World/scene_0/controllable__r1__robot_xblfuw/servo_link2.
2026-05-12 16:18:57 [64,862ms] [Warning] [omni.physx.plugin] Invalid PhysX transform detected for /World/scene_0/controllable__r1__robot_xblfuw/servo_link3.
2026-05-12 16:18:57 [64,862ms] [Warning] [omni.physx.plugin] Invalid PhysX transform detected for /World/scene_0/controllable__r1__robot_xblfuw/torso_link1.
2026-05-12 16:18:57 [64,862ms] [Warning] [omni.physx.plugin] Invalid PhysX transform detected for /World/scene_0/controllable__r1__robot_xblfuw/wheel_link1.
2026-05-12 16:18:57 [64,862ms] [Warning] [omni.physx.plugin] Invalid PhysX transform detected for /World/scene_0/controllable__r1__robot_xblfuw/wheel_link2.
2026-05-12 16:18:57 [64,862ms] [Warning] [omni.physx.plugin] Invalid PhysX transform detected for /World/scene_0/controllable__r1__robot_xblfuw/wheel_link3.
2026-05-12 16:18:57 [64,862ms] [Warning] [omni.physx.plugin] Invalid PhysX transform detected for /World/scene_0/controllable__r1__robot_xblfuw/torso_link2.
2026-05-12 16:18:57 [64,862ms] [Warning] [omni.physx.plugin] Invalid PhysX transform detected for /World/scene_0/controllable__r1__robot_xblfuw/torso_link3.
2026-05-12 16:18:57 [64,862ms] [Warning] [omni.physx.plugin] Invalid PhysX transform detected for /World/scene_0/controllable__r1__robot_xblfuw/torso_link4.
2026-05-12 16:18:57 [64,862ms] [Warning] [omni.physx.plugin] Invalid PhysX transform detected for /World/scene_0/controllable__r1__robot_xblfuw/left_arm_link1.
2026-05-12 16:18:57 [64,862ms] [Warning] [omni.physx.plugin] Invalid PhysX transform detected for /World/scene_0/controllable__r1__robot_xblfuw/right_arm_link1.
2026-05-12 16:18:57 [64,862ms] [Warning] [omni.physx.plugin] Invalid PhysX transform detected for /World/scene_0/controllable__r1__robot_xblfuw/eyes.
2026-05-12 16:18:57 [64,862ms] [Warning] [omni.physx.plugin] Invalid PhysX transform detected for /World/scene_0/controllable__r1__robot_xblfuw/left_arm_link2.
2026-05-12 16:18:57 [64,862ms] [Warning] [omni.physx.plugin] Invalid PhysX transform detected for /World/scene_0/controllable__r1__robot_xblfuw/right_arm_link2.
2026-05-12 16:18:57 [64,862ms] [Warning] [omni.physx.plugin] Invalid PhysX transform detected for /World/scene_0/controllable__r1__robot_xblfuw/left_arm_link3.
2026-05-12 16:18:57 [64,862ms] [Warning] [omni.physx.plugin] Invalid PhysX transform detected for /World/scene_0/controllable__r1__robot_xblfuw/right_arm_link3.
2026-05-12 16:18:57 [64,862ms] [Warning] [omni.physx.plugin] Invalid PhysX transform detected for /World/scene_0/controllable__r1__robot_xblfuw/left_arm_link4.
2026-05-12 16:18:57 [64,862ms] [Warning] [omni.physx.plugin] Invalid PhysX transform detected for /World/scene_0/controllable__r1__robot_xblfuw/right_arm_link4.
2026-05-12 16:18:57 [64,862ms] [Warning] [omni.physx.plugin] Invalid PhysX transform detected for /World/scene_0/controllable__r1__robot_xblfuw/left_arm_link5.
2026-05-12 16:18:57 [64,862ms] [Warning] [omni.physx.plugin] Invalid PhysX transform detected for /World/scene_0/controllable__r1__robot_xblfuw/right_arm_link5.
2026-05-12 16:18:57 [64,862ms] [Warning] [omni.physx.plugin] Invalid PhysX transform detected for /World/scene_0/controllable__r1__robot_xblfuw/left_arm_link6.
2026-05-12 16:18:57 [64,862ms] [Warning] [omni.physx.plugin] Invalid PhysX transform detected for /World/scene_0/controllable__r1__robot_xblfuw/right_arm_link6.
2026-05-12 16:18:57 [64,862ms] [Warning] [omni.physx.plugin] Invalid PhysX transform detected for /World/scene_0/controllable__r1__robot_xblfuw/left_gripper_link1.
2026-05-12 16:18:57 [64,862ms] [Warning] [omni.physx.plugin] Invalid PhysX transform detected for /World/scene_0/controllable__r1__robot_xblfuw/left_gripper_link2.
2026-05-12 16:18:57 [64,862ms] [Warning] [omni.physx.plugin] Invalid PhysX transform detected for /World/scene_0/controllable__r1__robot_xblfuw/left_eef_link.
2026-05-12 16:18:57 [64,862ms] [Warning] [omni.physx.plugin] Invalid PhysX transform detected for /World/scene_0/controllable__r1__robot_xblfuw/right_gripper_link1.
2026-05-12 16:18:57 [64,862ms] [Warning] [omni.physx.plugin] Invalid PhysX transform detected for /World/scene_0/controllable__r1__robot_xblfuw/right_gripper_link2.
2026-05-12 16:18:57 [64,862ms] [Warning] [omni.physx.plugin] Invalid PhysX transform detected for /World/scene_0/controllable__r1__robot_xblfuw/right_eef_link.
2026-05-12 16:18:57 [64,862ms] [Warning] [omni.physx.plugin] Invalid PhysX transform detected for /World/scene_0/cover_small_item_render_item_4175346132/base_link.
2026-05-12 16:18:58 [64,938ms] [Warning] [omni.physx.plugin] Invalid PhysX transform detected for /World/scene_0/cover_small_item_render_item_4175346132/glass.
2026-05-12 16:18:58 [64,938ms] [Warning] [omni.physx.plugin] Invalid PhysX transform detected for /World/scene_0/controllable__r1__robot_xblfuw/base_footprint_y.
2026-05-12 16:18:58 [64,938ms] [Warning] [omni.physx.plugin] Invalid PhysX transform detected for /World/scene_0/controllable__r1__robot_xblfuw/base_footprint_z.
2026-05-12 16:18:58 [64,939ms] [Warning] [omni.physx.plugin] Invalid PhysX transform detected for /World/scene_0/controllable__r1__robot_xblfuw/base_footprint_rx.
2026-05-12 16:18:58 [64,939ms] [Warning] [omni.physx.plugin] Invalid PhysX transform detected for /World/scene_0/controllable__r1__robot_xblfuw/base_footprint_ry.
2026-05-12 16:18:58 [64,939ms] [Warning] [omni.physx.plugin] Invalid PhysX transform detected for /World/scene_0/controllable__r1__robot_xblfuw/base_footprint_rz.
2026-05-12 16:18:58 [64,939ms] [Warning] [omni.physx.plugin] Invalid PhysX transform detected for /World/scene_0/controllable__r1__robot_xblfuw/base_link.
2026-05-12 16:18:58 [64,939ms] [Warning] [omni.physx.plugin] Invalid PhysX transform detected for /World/scene_0/controllable__r1__robot_xblfuw/servo_link1.
2026-05-12 16:18:58 [64,939ms] [Warning] [omni.physx.plugin] Invalid PhysX transform detected for /World/scene_0/controllable__r1__robot_xblfuw/servo_link2.
2026-05-12 16:18:58 [64,939ms] [Warning] [omni.physx.plugin] Invalid PhysX transform detected for /World/scene_0/controllable__r1__robot_xblfuw/servo_link3.
2026-05-12 16:18:58 [64,939ms] [Warning] [omni.physx.plugin] Invalid PhysX transform detected for /World/scene_0/controllable__r1__robot_xblfuw/torso_link1.
2026-05-12 16:18:58 [64,939ms] [Warning] [omni.physx.plugin] Invalid PhysX transform detected for /World/scene_0/controllable__r1__robot_xblfuw/wheel_link1.
2026-05-12 16:18:58 [64,939ms] [Warning] [omni.physx.plugin] Invalid PhysX transform detected for /World/scene_0/controllable__r1__robot_xblfuw/wheel_link2.
2026-05-12 16:18:58 [64,939ms] [Warning] [omni.physx.plugin] Invalid PhysX transform detected for /World/scene_0/controllable__r1__robot_xblfuw/wheel_link3.
2026-05-12 16:18:58 [64,939ms] [Warning] [omni.physx.plugin] Invalid PhysX transform detected for /World/scene_0/controllable__r1__robot_xblfuw/torso_link2.
2026-05-12 16:18:58 [64,939ms] [Warning] [omni.physx.plugin] Invalid PhysX transform detected for /World/scene_0/controllable__r1__robot_xblfuw/torso_link3.
2026-05-12 16:18:58 [64,939ms] [Warning] [omni.physx.plugin] Invalid PhysX transform detected for /World/scene_0/controllable__r1__robot_xblfuw/torso_link4.
2026-05-12 16:18:58 [64,939ms] [Warning] [omni.physx.plugin] Invalid PhysX transform detected for /World/scene_0/controllable__r1__robot_xblfuw/left_arm_link1.
2026-05-12 16:18:58 [64,939ms] [Warning] [omni.physx.plugin] Invalid PhysX transform detected for /World/scene_0/controllable__r1__robot_xblfuw/right_arm_link1.
2026-05-12 16:18:58 [64,939ms] [Warning] [omni.physx.plugin] Invalid PhysX transform detected for /World/scene_0/controllable__r1__robot_xblfuw/eyes.
2026-05-12 16:18:58 [64,939ms] [Warning] [omni.physx.plugin] Invalid PhysX transform detected for /World/scene_0/controllable__r1__robot_xblfuw/left_arm_link2.
2026-05-12 16:18:58 [64,939ms] [Warning] [omni.physx.plugin] Invalid PhysX transform detected for /World/scene_0/controllable__r1__robot_xblfuw/right_arm_link2.
2026-05-12 16:18:58 [64,939ms] [Warning] [omni.physx.plugin] Invalid PhysX transform detected for /World/scene_0/controllable__r1__robot_xblfuw/left_arm_link3.
2026-05-12 16:18:58 [64,939ms] [Warning] [omni.physx.plugin] Invalid PhysX transform detected for /World/scene_0/controllable__r1__robot_xblfuw/right_arm_link3.
2026-05-12 16:18:58 [64,939ms] [Warning] [omni.physx.plugin] Invalid PhysX transform detected for /World/scene_0/controllable__r1__robot_xblfuw/left_arm_link4.
2026-05-12 16:18:58 [64,939ms] [Warning] [omni.physx.plugin] Invalid PhysX transform detected for /World/scene_0/controllable__r1__robot_xblfuw/right_arm_link4.
2026-05-12 16:18:58 [64,939ms] [Warning] [omni.physx.plugin] Invalid PhysX transform detected for /World/scene_0/controllable__r1__robot_xblfuw/left_arm_link5.
2026-05-12 16:18:58 [64,939ms] [Warning] [omni.physx.plugin] Invalid PhysX transform detected for /World/scene_0/controllable__r1__robot_xblfuw/right_arm_link5.
2026-05-12 16:18:58 [64,939ms] [Warning] [omni.physx.plugin] Invalid PhysX transform detected for /World/scene_0/controllable__r1__robot_xblfuw/left_arm_link6.
2026-05-12 16:18:58 [64,939ms] [Warning] [omni.physx.plugin] Invalid PhysX transform detected for /World/scene_0/controllable__r1__robot_xblfuw/right_arm_link6.
2026-05-12 16:18:58 [64,939ms] [Warning] [omni.physx.plugin] Invalid PhysX transform detected for /World/scene_0/controllable__r1__robot_xblfuw/left_gripper_link1.
2026-05-12 16:18:58 [64,939ms] [Warning] [omni.physx.plugin] Invalid PhysX transform detected for /World/scene_0/controllable__r1__robot_xblfuw/left_gripper_link2.
2026-05-12 16:18:58 [64,939ms] [Warning] [omni.physx.plugin] Invalid PhysX transform detected for /World/scene_0/controllable__r1__robot_xblfuw/left_eef_link.
2026-05-12 16:18:58 [64,939ms] [Warning] [omni.physx.plugin] Invalid PhysX transform detected for /World/scene_0/controllable__r1__robot_xblfuw/right_gripper_link1.
2026-05-12 16:18:58 [64,939ms] [Warning] [omni.physx.plugin] Invalid PhysX transform detected for /World/scene_0/controllable__r1__robot_xblfuw/right_gripper_link2.
2026-05-12 16:18:58 [64,939ms] [Warning] [omni.physx.plugin] Invalid PhysX transform detected for /World/scene_0/controllable__r1__robot_xblfuw/right_eef_link.
2026-05-12 16:18:58 [64,939ms] [Warning] [omni.physx.plugin] Invalid PhysX transform detected for /World/scene_0/cover_small_item_render_item_4175346132/base_link.
2026-05-12 16:18:58 [65,012ms] [Warning] [omni.physx.plugin] Invalid PhysX transform detected for /World/scene_0/cover_small_item_render_item_4175346132/glass.
2026-05-12 16:18:58 [65,012ms] [Warning] [omni.physx.plugin] Invalid PhysX transform detected for /World/scene_0/controllable__r1__robot_xblfuw/base_footprint_y.
2026-05-12 16:18:58 [65,012ms] [Warning] [omni.physx.plugin] Invalid PhysX transform detected for /World/scene_0/controllable__r1__robot_xblfuw/base_footprint_z.
2026-05-12 16:18:58 [65,012ms] [Warning] [omni.physx.plugin] Invalid PhysX transform detected for /World/scene_0/controllable__r1__robot_xblfuw/base_footprint_rx.
2026-05-12 16:18:58 [65,012ms] [Warning] [omni.physx.plugin] Invalid PhysX transform detected for /World/scene_0/controllable__r1__robot_xblfuw/base_footprint_ry.
2026-05-12 16:18:58 [65,012ms] [Warning] [omni.physx.plugin] Invalid PhysX transform detected for /World/scene_0/controllable__r1__robot_xblfuw/base_footprint_rz.
2026-05-12 16:18:58 [65,012ms] [Warning] [omni.physx.plugin] Invalid PhysX transform detected for /World/scene_0/controllable__r1__robot_xblfuw/base_link.
2026-05-12 16:18:58 [65,012ms] [Warning] [omni.physx.plugin] Invalid PhysX transform detected for /World/scene_0/controllable__r1__robot_xblfuw/servo_link1.
2026-05-12 16:18:58 [65,012ms] [Warning] [omni.physx.plugin] Invalid PhysX transform detected for /World/scene_0/controllable__r1__robot_xblfuw/servo_link2.
2026-05-12 16:18:58 [65,012ms] [Warning] [omni.physx.plugin] Invalid PhysX transform detected for /World/scene_0/controllable__r1__robot_xblfuw/servo_link3.
2026-05-12 16:18:58 [65,012ms] [Warning] [omni.physx.plugin] Invalid PhysX transform detected for /World/scene_0/controllable__r1__robot_xblfuw/torso_link1.
2026-05-12 16:18:58 [65,012ms] [Warning] [omni.physx.plugin] Invalid PhysX transform detected for /World/scene_0/controllable__r1__robot_xblfuw/wheel_link1.
2026-05-12 16:18:58 [65,012ms] [Warning] [omni.physx.plugin] Invalid PhysX transform detected for /World/scene_0/controllable__r1__robot_xblfuw/wheel_link2.
2026-05-12 16:18:58 [65,012ms] [Warning] [omni.physx.plugin] Invalid PhysX transform detected for /World/scene_0/controllable__r1__robot_xblfuw/wheel_link3.
2026-05-12 16:18:58 [65,012ms] [Warning] [omni.physx.plugin] Invalid PhysX transform detected for /World/scene_0/controllable__r1__robot_xblfuw/torso_link2.
2026-05-12 16:18:58 [65,012ms] [Warning] [omni.physx.plugin] Invalid PhysX transform detected for /World/scene_0/controllable__r1__robot_xblfuw/torso_link3.
2026-05-12 16:18:58 [65,012ms] [Warning] [omni.physx.plugin] Invalid PhysX transform detected for /World/scene_0/controllable__r1__robot_xblfuw/torso_link4.
2026-05-12 16:18:58 [65,012ms] [Warning] [omni.physx.plugin] Invalid PhysX transform detected for /World/scene_0/controllable__r1__robot_xblfuw/left_arm_link1.
2026-05-12 16:18:58 [65,012ms] [Warning] [omni.physx.plugin] Invalid PhysX transform detected for /World/scene_0/controllable__r1__robot_xblfuw/right_arm_link1.
2026-05-12 16:18:58 [65,012ms] [Warning] [omni.physx.plugin] Invalid PhysX transform detected for /World/scene_0/controllable__r1__robot_xblfuw/eyes.
2026-05-12 16:18:58 [65,012ms] [Warning] [omni.physx.plugin] Invalid PhysX transform detected for /World/scene_0/controllable__r1__robot_xblfuw/left_arm_link2.
2026-05-12 16:18:58 [65,012ms] [Warning] [omni.physx.plugin] Invalid PhysX transform detected for /World/scene_0/controllable__r1__robot_xblfuw/right_arm_link2.
2026-05-12 16:18:58 [65,012ms] [Warning] [omni.physx.plugin] Invalid PhysX transform detected for /World/scene_0/controllable__r1__robot_xblfuw/left_arm_link3.
2026-05-12 16:18:58 [65,012ms] [Warning] [omni.physx.plugin] Invalid PhysX transform detected for /World/scene_0/controllable__r1__robot_xblfuw/right_arm_link3.
2026-05-12 16:18:58 [65,012ms] [Warning] [omni.physx.plugin] Invalid PhysX transform detected for /World/scene_0/controllable__r1__robot_xblfuw/left_arm_link4.
2026-05-12 16:18:58 [65,012ms] [Warning] [omni.physx.plugin] Invalid PhysX transform detected for /World/scene_0/controllable__r1__robot_xblfuw/right_arm_link4.
2026-05-12 16:18:58 [65,012ms] [Warning] [omni.physx.plugin] Invalid PhysX transform detected for /World/scene_0/controllable__r1__robot_xblfuw/left_arm_link5.
2026-05-12 16:18:58 [65,012ms] [Warning] [omni.physx.plugin] Invalid PhysX transform detected for /World/scene_0/controllable__r1__robot_xblfuw/right_arm_link5.
2026-05-12 16:18:58 [65,012ms] [Warning] [omni.physx.plugin] Invalid PhysX transform detected for /World/scene_0/controllable__r1__robot_xblfuw/left_arm_link6.
2026-05-12 16:18:58 [65,012ms] [Warning] [omni.physx.plugin] Invalid PhysX transform detected for /World/scene_0/controllable__r1__robot_xblfuw/right_arm_link6.
2026-05-12 16:18:58 [65,012ms] [Warning] [omni.physx.plugin] Invalid PhysX transform detected for /World/scene_0/controllable__r1__robot_xblfuw/left_gripper_link1.
2026-05-12 16:18:58 [65,012ms] [Warning] [omni.physx.plugin] Invalid PhysX transform detected for /World/scene_0/controllable__r1__robot_xblfuw/left_gripper_link2.
2026-05-12 16:18:58 [65,012ms] [Warning] [omni.physx.plugin] Invalid PhysX transform detected for /World/scene_0/controllable__r1__robot_xblfuw/left_eef_link.
2026-05-12 16:18:58 [65,012ms] [Warning] [omni.physx.plugin] Invalid PhysX transform detected for /World/scene_0/controllable__r1__robot_xblfuw/right_gripper_link1.
2026-05-12 16:18:58 [65,012ms] [Warning] [omni.physx.plugin] Invalid PhysX transform detected for /World/scene_0/controllable__r1__robot_xblfuw/right_gripper_link2.
2026-05-12 16:18:58 [65,012ms] [Warning] [omni.physx.plugin] Invalid PhysX transform detected for /World/scene_0/controllable__r1__robot_xblfuw/right_eef_link.
2026-05-12 16:18:58 [65,012ms] [Warning] [omni.physx.plugin] Invalid PhysX transform detected for /World/scene_0/cover_small_item_render_item_4175346132/base_link.
2026-05-12 16:18:58 [65,088ms] [Warning] [omni.physx.plugin] Invalid PhysX transform detected for /World/scene_0/cover_small_item_render_item_4175346132/glass.
2026-05-12 16:18:58 [65,088ms] [Warning] [omni.physx.plugin] Invalid PhysX transform detected for /World/scene_0/controllable__r1__robot_xblfuw/base_footprint_y.
2026-05-12 16:18:58 [65,088ms] [Warning] [omni.physx.plugin] Invalid PhysX transform detected for /World/scene_0/controllable__r1__robot_xblfuw/base_footprint_z.
2026-05-12 16:18:58 [65,088ms] [Warning] [omni.physx.plugin] Invalid PhysX transform detected for /World/scene_0/controllable__r1__robot_xblfuw/base_footprint_rx.
2026-05-12 16:18:58 [65,088ms] [Warning] [omni.physx.plugin] Invalid PhysX transform detected for /World/scene_0/controllable__r1__robot_xblfuw/base_footprint_ry.
2026-05-12 16:18:58 [65,088ms] [Warning] [omni.physx.plugin] Invalid PhysX transform detected for /World/scene_0/controllable__r1__robot_xblfuw/base_footprint_rz.
2026-05-12 16:18:58 [65,088ms] [Warning] [omni.physx.plugin] Invalid PhysX transform detected for /World/scene_0/controllable__r1__robot_xblfuw/base_link.
2026-05-12 16:18:58 [65,088ms] [Warning] [omni.physx.plugin] Invalid PhysX transform detected for /World/scene_0/controllable__r1__robot_xblfuw/servo_link1.
2026-05-12 16:18:58 [65,088ms] [Warning] [omni.physx.plugin] Invalid PhysX transform detected for /World/scene_0/controllable__r1__robot_xblfuw/servo_link2.
2026-05-12 16:18:58 [65,088ms] [Warning] [omni.physx.plugin] Invalid PhysX transform detected for /World/scene_0/controllable__r1__robot_xblfuw/servo_link3.
2026-05-12 16:18:58 [65,088ms] [Warning] [omni.physx.plugin] Invalid PhysX transform detected for /World/scene_0/controllable__r1__robot_xblfuw/torso_link1.
2026-05-12 16:18:58 [65,088ms] [Warning] [omni.physx.plugin] Invalid PhysX transform detected for /World/scene_0/controllable__r1__robot_xblfuw/wheel_link1.
2026-05-12 16:18:58 [65,088ms] [Warning] [omni.physx.plugin] Invalid PhysX transform detected for /World/scene_0/controllable__r1__robot_xblfuw/wheel_link2.
2026-05-12 16:18:58 [65,088ms] [Warning] [omni.physx.plugin] Invalid PhysX transform detected for /World/scene_0/controllable__r1__robot_xblfuw/wheel_link3.
2026-05-12 16:18:58 [65,088ms] [Warning] [omni.physx.plugin] Invalid PhysX transform detected for /World/scene_0/controllable__r1__robot_xblfuw/torso_link2.
2026-05-12 16:18:58 [65,088ms] [Warning] [omni.physx.plugin] Invalid PhysX transform detected for /World/scene_0/controllable__r1__robot_xblfuw/torso_link3.
2026-05-12 16:18:58 [65,088ms] [Warning] [omni.physx.plugin] Invalid PhysX transform detected for /World/scene_0/controllable__r1__robot_xblfuw/torso_link4.
2026-05-12 16:18:58 [65,088ms] [Warning] [omni.physx.plugin] Invalid PhysX transform detected for /World/scene_0/controllable__r1__robot_xblfuw/left_arm_link1.
2026-05-12 16:18:58 [65,088ms] [Warning] [omni.physx.plugin] Invalid PhysX transform detected for /World/scene_0/controllable__r1__robot_xblfuw/right_arm_link1.
2026-05-12 16:18:58 [65,088ms] [Warning] [omni.physx.plugin] Invalid PhysX transform detected for /World/scene_0/controllable__r1__robot_xblfuw/eyes.
2026-05-12 16:18:58 [65,088ms] [Warning] [omni.physx.plugin] Invalid PhysX transform detected for /World/scene_0/controllable__r1__robot_xblfuw/left_arm_link2.
2026-05-12 16:18:58 [65,088ms] [Warning] [omni.physx.plugin] Invalid PhysX transform detected for /World/scene_0/controllable__r1__robot_xblfuw/right_arm_link2.
2026-05-12 16:18:58 [65,088ms] [Warning] [omni.physx.plugin] Invalid PhysX transform detected for /World/scene_0/controllable__r1__robot_xblfuw/left_arm_link3.
2026-05-12 16:18:58 [65,088ms] [Warning] [omni.physx.plugin] Invalid PhysX transform detected for /World/scene_0/controllable__r1__robot_xblfuw/right_arm_link3.
2026-05-12 16:18:58 [65,088ms] [Warning] [omni.physx.plugin] Invalid PhysX transform detected for /World/scene_0/controllable__r1__robot_xblfuw/left_arm_link4.
2026-05-12 16:18:58 [65,088ms] [Warning] [omni.physx.plugin] Invalid PhysX transform detected for /World/scene_0/controllable__r1__robot_xblfuw/right_arm_link4.
2026-05-12 16:18:58 [65,088ms] [Warning] [omni.physx.plugin] Invalid PhysX transform detected for /World/scene_0/controllable__r1__robot_xblfuw/left_arm_link5.
2026-05-12 16:18:58 [65,088ms] [Warning] [omni.physx.plugin] Invalid PhysX transform detected for /World/scene_0/controllable__r1__robot_xblfuw/right_arm_link5.
2026-05-12 16:18:58 [65,088ms] [Warning] [omni.physx.plugin] Invalid PhysX transform detected for /World/scene_0/controllable__r1__robot_xblfuw/left_arm_link6.
2026-05-12 16:18:58 [65,088ms] [Warning] [omni.physx.plugin] Invalid PhysX transform detected for /World/scene_0/controllable__r1__robot_xblfuw/right_arm_link6.
2026-05-12 16:18:58 [65,088ms] [Warning] [omni.physx.plugin] Invalid PhysX transform detected for /World/scene_0/controllable__r1__robot_xblfuw/left_gripper_link1.
2026-05-12 16:18:58 [65,088ms] [Warning] [omni.physx.plugin] Invalid PhysX transform detected for /World/scene_0/controllable__r1__robot_xblfuw/left_gripper_link2.
2026-05-12 16:18:58 [65,088ms] [Warning] [omni.physx.plugin] Invalid PhysX transform detected for /World/scene_0/controllable__r1__robot_xblfuw/left_eef_link.
2026-05-12 16:18:58 [65,088ms] [Warning] [omni.physx.plugin] Invalid PhysX transform detected for /World/scene_0/controllable__r1__robot_xblfuw/right_gripper_link1.
2026-05-12 16:18:58 [65,088ms] [Warning] [omni.physx.plugin] Invalid PhysX transform detected for /World/scene_0/controllable__r1__robot_xblfuw/right_gripper_link2.
2026-05-12 16:18:58 [65,088ms] [Warning] [omni.physx.plugin] Invalid PhysX transform detected for /World/scene_0/controllable__r1__robot_xblfuw/right_eef_link.
2026-05-12 16:18:58 [65,088ms] [Warning] [omni.physx.plugin] Invalid PhysX transform detected for /World/scene_0/cover_small_item_render_item_4175346132/base_link.
2026-05-12 16:18:58 [65,162ms] [Warning] [omni.physx.plugin] Invalid PhysX transform detected for /World/scene_0/cover_small_item_render_item_4175346132/glass.
2026-05-12 16:18:58 [65,162ms] [Warning] [omni.physx.plugin] Invalid PhysX transform detected for /World/scene_0/controllable__r1__robot_xblfuw/base_footprint_y.
2026-05-12 16:18:58 [65,162ms] [Warning] [omni.physx.plugin] Invalid PhysX transform detected for /World/scene_0/controllable__r1__robot_xblfuw/base_footprint_z.
2026-05-12 16:18:58 [65,162ms] [Warning] [omni.physx.plugin] Invalid PhysX transform detected for /World/scene_0/controllable__r1__robot_xblfuw/base_footprint_rx.
2026-05-12 16:18:58 [65,162ms] [Warning] [omni.physx.plugin] Invalid PhysX transform detected for /World/scene_0/controllable__r1__robot_xblfuw/base_footprint_ry.
2026-05-12 16:18:58 [65,162ms] [Warning] [omni.physx.plugin] Invalid PhysX transform detected for /World/scene_0/controllable__r1__robot_xblfuw/base_footprint_rz.
2026-05-12 16:18:58 [65,162ms] [Warning] [omni.physx.plugin] Invalid PhysX transform detected for /World/scene_0/controllable__r1__robot_xblfuw/base_link.
2026-05-12 16:18:58 [65,162ms] [Warning] [omni.physx.plugin] Invalid PhysX transform detected for /World/scene_0/controllable__r1__robot_xblfuw/servo_link1.
2026-05-12 16:18:58 [65,162ms] [Warning] [omni.physx.plugin] Invalid PhysX transform detected for /World/scene_0/controllable__r1__robot_xblfuw/servo_link2.
2026-05-12 16:18:58 [65,162ms] [Warning] [omni.physx.plugin] Invalid PhysX transform detected for /World/scene_0/controllable__r1__robot_xblfuw/servo_link3.
2026-05-12 16:18:58 [65,162ms] [Warning] [omni.physx.plugin] Invalid PhysX transform detected for /World/scene_0/controllable__r1__robot_xblfuw/torso_link1.
2026-05-12 16:18:58 [65,162ms] [Warning] [omni.physx.plugin] Invalid PhysX transform detected for /World/scene_0/controllable__r1__robot_xblfuw/wheel_link1.
2026-05-12 16:18:58 [65,162ms] [Warning] [omni.physx.plugin] Invalid PhysX transform detected for /World/scene_0/controllable__r1__robot_xblfuw/wheel_link2.
2026-05-12 16:18:58 [65,162ms] [Warning] [omni.physx.plugin] Invalid PhysX transform detected for /World/scene_0/controllable__r1__robot_xblfuw/wheel_link3.
2026-05-12 16:18:58 [65,162ms] [Warning] [omni.physx.plugin] Invalid PhysX transform detected for /World/scene_0/controllable__r1__robot_xblfuw/torso_link2.
2026-05-12 16:18:58 [65,162ms] [Warning] [omni.physx.plugin] Invalid PhysX transform detected for /World/scene_0/controllable__r1__robot_xblfuw/torso_link3.
2026-05-12 16:18:58 [65,162ms] [Warning] [omni.physx.plugin] Invalid PhysX transform detected for /World/scene_0/controllable__r1__robot_xblfuw/torso_link4.
2026-05-12 16:18:58 [65,162ms] [Warning] [omni.physx.plugin] Invalid PhysX transform detected for /World/scene_0/controllable__r1__robot_xblfuw/left_arm_link1.
2026-05-12 16:18:58 [65,163ms] [Warning] [omni.physx.plugin] Invalid PhysX transform detected for /World/scene_0/controllable__r1__robot_xblfuw/right_arm_link1.
2026-05-12 16:18:58 [65,163ms] [Warning] [omni.physx.plugin] Invalid PhysX transform detected for /World/scene_0/controllable__r1__robot_xblfuw/eyes.
2026-05-12 16:18:58 [65,163ms] [Warning] [omni.physx.plugin] Invalid PhysX transform detected for /World/scene_0/controllable__r1__robot_xblfuw/left_arm_link2.
2026-05-12 16:18:58 [65,163ms] [Warning] [omni.physx.plugin] Invalid PhysX transform detected for /World/scene_0/controllable__r1__robot_xblfuw/right_arm_link2.
2026-05-12 16:18:58 [65,163ms] [Warning] [omni.physx.plugin] Invalid PhysX transform detected for /World/scene_0/controllable__r1__robot_xblfuw/left_arm_link3.
2026-05-12 16:18:58 [65,163ms] [Warning] [omni.physx.plugin] Invalid PhysX transform detected for /World/scene_0/controllable__r1__robot_xblfuw/right_arm_link3.
2026-05-12 16:18:58 [65,163ms] [Warning] [omni.physx.plugin] Invalid PhysX transform detected for /World/scene_0/controllable__r1__robot_xblfuw/left_arm_link4.
2026-05-12 16:18:58 [65,163ms] [Warning] [omni.physx.plugin] Invalid PhysX transform detected for /World/scene_0/controllable__r1__robot_xblfuw/right_arm_link4.
2026-05-12 16:18:58 [65,163ms] [Warning] [omni.physx.plugin] Invalid PhysX transform detected for /World/scene_0/controllable__r1__robot_xblfuw/left_arm_link5.
2026-05-12 16:18:58 [65,163ms] [Warning] [omni.physx.plugin] Invalid PhysX transform detected for /World/scene_0/controllable__r1__robot_xblfuw/right_arm_link5.
2026-05-12 16:18:58 [65,163ms] [Warning] [omni.physx.plugin] Invalid PhysX transform detected for /World/scene_0/controllable__r1__robot_xblfuw/left_arm_link6.
2026-05-12 16:18:58 [65,163ms] [Warning] [omni.physx.plugin] Invalid PhysX transform detected for /World/scene_0/controllable__r1__robot_xblfuw/right_arm_link6.
2026-05-12 16:18:58 [65,163ms] [Warning] [omni.physx.plugin] Invalid PhysX transform detected for /World/scene_0/controllable__r1__robot_xblfuw/left_gripper_link1.
2026-05-12 16:18:58 [65,163ms] [Warning] [omni.physx.plugin] Invalid PhysX transform detected for /World/scene_0/controllable__r1__robot_xblfuw/left_gripper_link2.
2026-05-12 16:18:58 [65,163ms] [Warning] [omni.physx.plugin] Invalid PhysX transform detected for /World/scene_0/controllable__r1__robot_xblfuw/left_eef_link.
2026-05-12 16:18:58 [65,163ms] [Warning] [omni.physx.plugin] Invalid PhysX transform detected for /World/scene_0/controllable__r1__robot_xblfuw/right_gripper_link1.
2026-05-12 16:18:58 [65,163ms] [Warning] [omni.physx.plugin] Invalid PhysX transform detected for /World/scene_0/controllable__r1__robot_xblfuw/right_gripper_link2.
2026-05-12 16:18:58 [65,163ms] [Warning] [omni.physx.plugin] Invalid PhysX transform detected for /World/scene_0/controllable__r1__robot_xblfuw/right_eef_link.
2026-05-12 16:18:58 [65,163ms] [Warning] [omni.physx.plugin] Invalid PhysX transform detected for /World/scene_0/cover_small_item_render_item_4175346132/base_link.
2026-05-12 16:18:58 [65,236ms] [Warning] [omni.physx.plugin] Invalid PhysX transform detected for /World/scene_0/cover_small_item_render_item_4175346132/glass.
2026-05-12 16:18:58 [65,237ms] [Warning] [omni.physx.plugin] Invalid PhysX transform detected for /World/scene_0/controllable__r1__robot_xblfuw/base_footprint_y.
2026-05-12 16:18:58 [65,237ms] [Warning] [omni.physx.plugin] Invalid PhysX transform detected for /World/scene_0/controllable__r1__robot_xblfuw/base_footprint_z.
2026-05-12 16:18:58 [65,237ms] [Warning] [omni.physx.plugin] Invalid PhysX transform detected for /World/scene_0/controllable__r1__robot_xblfuw/base_footprint_rx.
2026-05-12 16:18:58 [65,237ms] [Warning] [omni.physx.plugin] Invalid PhysX transform detected for /World/scene_0/controllable__r1__robot_xblfuw/base_footprint_ry.
2026-05-12 16:18:58 [65,237ms] [Warning] [omni.physx.plugin] Invalid PhysX transform detected for /World/scene_0/controllable__r1__robot_xblfuw/base_footprint_rz.
2026-05-12 16:18:58 [65,237ms] [Warning] [omni.physx.plugin] Invalid PhysX transform detected for /World/scene_0/controllable__r1__robot_xblfuw/base_link.
2026-05-12 16:18:58 [65,237ms] [Warning] [omni.physx.plugin] Invalid PhysX transform detected for /World/scene_0/controllable__r1__robot_xblfuw/servo_link1.
2026-05-12 16:18:58 [65,237ms] [Warning] [omni.physx.plugin] Invalid PhysX transform detected for /World/scene_0/controllable__r1__robot_xblfuw/servo_link2.
2026-05-12 16:18:58 [65,237ms] [Warning] [omni.physx.plugin] Invalid PhysX transform detected for /World/scene_0/controllable__r1__robot_xblfuw/servo_link3.
2026-05-12 16:18:58 [65,237ms] [Warning] [omni.physx.plugin] Invalid PhysX transform detected for /World/scene_0/controllable__r1__robot_xblfuw/torso_link1.
2026-05-12 16:18:58 [65,237ms] [Warning] [omni.physx.plugin] Invalid PhysX transform detected for /World/scene_0/controllable__r1__robot_xblfuw/wheel_link1.
2026-05-12 16:18:58 [65,237ms] [Warning] [omni.physx.plugin] Invalid PhysX transform detected for /World/scene_0/controllable__r1__robot_xblfuw/wheel_link2.
2026-05-12 16:18:58 [65,237ms] [Warning] [omni.physx.plugin] Invalid PhysX transform detected for /World/scene_0/controllable__r1__robot_xblfuw/wheel_link3.
2026-05-12 16:18:58 [65,237ms] [Warning] [omni.physx.plugin] Invalid PhysX transform detected for /World/scene_0/controllable__r1__robot_xblfuw/torso_link2.
2026-05-12 16:18:58 [65,237ms] [Warning] [omni.physx.plugin] Invalid PhysX transform detected for /World/scene_0/controllable__r1__robot_xblfuw/torso_link3.
2026-05-12 16:18:58 [65,237ms] [Warning] [omni.physx.plugin] Invalid PhysX transform detected for /World/scene_0/controllable__r1__robot_xblfuw/torso_link4.
2026-05-12 16:18:58 [65,237ms] [Warning] [omni.physx.plugin] Invalid PhysX transform detected for /World/scene_0/controllable__r1__robot_xblfuw/left_arm_link1.
2026-05-12 16:18:58 [65,237ms] [Warning] [omni.physx.plugin] Invalid PhysX transform detected for /World/scene_0/controllable__r1__robot_xblfuw/right_arm_link1.
2026-05-12 16:18:58 [65,237ms] [Warning] [omni.physx.plugin] Invalid PhysX transform detected for /World/scene_0/controllable__r1__robot_xblfuw/eyes.
2026-05-12 16:18:58 [65,237ms] [Warning] [omni.physx.plugin] Invalid PhysX transform detected for /World/scene_0/controllable__r1__robot_xblfuw/left_arm_link2.
2026-05-12 16:18:58 [65,237ms] [Warning] [omni.physx.plugin] Invalid PhysX transform detected for /World/scene_0/controllable__r1__robot_xblfuw/right_arm_link2.
2026-05-12 16:18:58 [65,237ms] [Warning] [omni.physx.plugin] Invalid PhysX transform detected for /World/scene_0/controllable__r1__robot_xblfuw/left_arm_link3.
2026-05-12 16:18:58 [65,237ms] [Warning] [omni.physx.plugin] Invalid PhysX transform detected for /World/scene_0/controllable__r1__robot_xblfuw/right_arm_link3.
2026-05-12 16:18:58 [65,237ms] [Warning] [omni.physx.plugin] Invalid PhysX transform detected for /World/scene_0/controllable__r1__robot_xblfuw/left_arm_link4.
2026-05-12 16:18:58 [65,237ms] [Warning] [omni.physx.plugin] Invalid PhysX transform detected for /World/scene_0/controllable__r1__robot_xblfuw/right_arm_link4.
2026-05-12 16:18:58 [65,237ms] [Warning] [omni.physx.plugin] Invalid PhysX transform detected for /World/scene_0/controllable__r1__robot_xblfuw/left_arm_link5.
2026-05-12 16:18:58 [65,237ms] [Warning] [omni.physx.plugin] Invalid PhysX transform detected for /World/scene_0/controllable__r1__robot_xblfuw/right_arm_link5.
2026-05-12 16:18:58 [65,237ms] [Warning] [omni.physx.plugin] Invalid PhysX transform detected for /World/scene_0/controllable__r1__robot_xblfuw/left_arm_link6.
2026-05-12 16:18:58 [65,237ms] [Warning] [omni.physx.plugin] Invalid PhysX transform detected for /World/scene_0/controllable__r1__robot_xblfuw/right_arm_link6.
2026-05-12 16:18:58 [65,237ms] [Warning] [omni.physx.plugin] Invalid PhysX transform detected for /World/scene_0/controllable__r1__robot_xblfuw/left_gripper_link1.
2026-05-12 16:18:58 [65,237ms] [Warning] [omni.physx.plugin] Invalid PhysX transform detected for /World/scene_0/controllable__r1__robot_xblfuw/left_gripper_link2.
2026-05-12 16:18:58 [65,237ms] [Warning] [omni.physx.plugin] Invalid PhysX transform detected for /World/scene_0/controllable__r1__robot_xblfuw/left_eef_link.
2026-05-12 16:18:58 [65,237ms] [Warning] [omni.physx.plugin] Invalid PhysX transform detected for /World/scene_0/controllable__r1__robot_xblfuw/right_gripper_link1.
2026-05-12 16:18:58 [65,237ms] [Warning] [omni.physx.plugin] Invalid PhysX transform detected for /World/scene_0/controllable__r1__robot_xblfuw/right_gripper_link2.
2026-05-12 16:18:58 [65,237ms] [Warning] [omni.physx.plugin] Invalid PhysX transform detected for /World/scene_0/controllable__r1__robot_xblfuw/right_eef_link.
2026-05-12 16:18:58 [65,237ms] [Warning] [omni.physx.plugin] Invalid PhysX transform detected for /World/scene_0/cover_small_item_render_item_4175346132/base_link.
2026-05-12 16:18:58 [65,310ms] [Warning] [omni.physx.plugin] Invalid PhysX transform detected for /World/scene_0/cover_small_item_render_item_4175346132/glass.
2026-05-12 16:18:58 [65,310ms] [Warning] [omni.physx.plugin] Invalid PhysX transform detected for /World/scene_0/controllable__r1__robot_xblfuw/base_footprint_y.
2026-05-12 16:18:58 [65,310ms] [Warning] [omni.physx.plugin] Invalid PhysX transform detected for /World/scene_0/controllable__r1__robot_xblfuw/base_footprint_z.
2026-05-12 16:18:58 [65,310ms] [Warning] [omni.physx.plugin] Invalid PhysX transform detected for /World/scene_0/controllable__r1__robot_xblfuw/base_footprint_rx.
2026-05-12 16:18:58 [65,310ms] [Warning] [omni.physx.plugin] Invalid PhysX transform detected for /World/scene_0/controllable__r1__robot_xblfuw/base_footprint_ry.
2026-05-12 16:18:58 [65,310ms] [Warning] [omni.physx.plugin] Invalid PhysX transform detected for /World/scene_0/controllable__r1__robot_xblfuw/base_footprint_rz.
2026-05-12 16:18:58 [65,310ms] [Warning] [omni.physx.plugin] Invalid PhysX transform detected for /World/scene_0/controllable__r1__robot_xblfuw/base_link.
2026-05-12 16:18:58 [65,310ms] [Warning] [omni.physx.plugin] Invalid PhysX transform detected for /World/scene_0/controllable__r1__robot_xblfuw/servo_link1.
2026-05-12 16:18:58 [65,310ms] [Warning] [omni.physx.plugin] Invalid PhysX transform detected for /World/scene_0/controllable__r1__robot_xblfuw/servo_link2.
2026-05-12 16:18:58 [65,310ms] [Warning] [omni.physx.plugin] Invalid PhysX transform detected for /World/scene_0/controllable__r1__robot_xblfuw/servo_link3.
2026-05-12 16:18:58 [65,310ms] [Warning] [omni.physx.plugin] Invalid PhysX transform detected for /World/scene_0/controllable__r1__robot_xblfuw/torso_link1.
2026-05-12 16:18:58 [65,310ms] [Warning] [omni.physx.plugin] Invalid PhysX transform detected for /World/scene_0/controllable__r1__robot_xblfuw/wheel_link1.
2026-05-12 16:18:58 [65,310ms] [Warning] [omni.physx.plugin] Invalid PhysX transform detected for /World/scene_0/controllable__r1__robot_xblfuw/wheel_link2.
2026-05-12 16:18:58 [65,310ms] [Warning] [omni.physx.plugin] Invalid PhysX transform detected for /World/scene_0/controllable__r1__robot_xblfuw/wheel_link3.
2026-05-12 16:18:58 [65,310ms] [Warning] [omni.physx.plugin] Invalid PhysX transform detected for /World/scene_0/controllable__r1__robot_xblfuw/torso_link2.
2026-05-12 16:18:58 [65,310ms] [Warning] [omni.physx.plugin] Invalid PhysX transform detected for /World/scene_0/controllable__r1__robot_xblfuw/torso_link3.
2026-05-12 16:18:58 [65,310ms] [Warning] [omni.physx.plugin] Invalid PhysX transform detected for /World/scene_0/controllable__r1__robot_xblfuw/torso_link4.
2026-05-12 16:18:58 [65,310ms] [Warning] [omni.physx.plugin] Invalid PhysX transform detected for /World/scene_0/controllable__r1__robot_xblfuw/left_arm_link1.
2026-05-12 16:18:58 [65,310ms] [Warning] [omni.physx.plugin] Invalid PhysX transform detected for /World/scene_0/controllable__r1__robot_xblfuw/right_arm_link1.
2026-05-12 16:18:58 [65,310ms] [Warning] [omni.physx.plugin] Invalid PhysX transform detected for /World/scene_0/controllable__r1__robot_xblfuw/eyes.
2026-05-12 16:18:58 [65,310ms] [Warning] [omni.physx.plugin] Invalid PhysX transform detected for /World/scene_0/controllable__r1__robot_xblfuw/left_arm_link2.
2026-05-12 16:18:58 [65,310ms] [Warning] [omni.physx.plugin] Invalid PhysX transform detected for /World/scene_0/controllable__r1__robot_xblfuw/right_arm_link2.
2026-05-12 16:18:58 [65,310ms] [Warning] [omni.physx.plugin] Invalid PhysX transform detected for /World/scene_0/controllable__r1__robot_xblfuw/left_arm_link3.
2026-05-12 16:18:58 [65,310ms] [Warning] [omni.physx.plugin] Invalid PhysX transform detected for /World/scene_0/controllable__r1__robot_xblfuw/right_arm_link3.
2026-05-12 16:18:58 [65,310ms] [Warning] [omni.physx.plugin] Invalid PhysX transform detected for /World/scene_0/controllable__r1__robot_xblfuw/left_arm_link4.
2026-05-12 16:18:58 [65,310ms] [Warning] [omni.physx.plugin] Invalid PhysX transform detected for /World/scene_0/controllable__r1__robot_xblfuw/right_arm_link4.
2026-05-12 16:18:58 [65,310ms] [Warning] [omni.physx.plugin] Invalid PhysX transform detected for /World/scene_0/controllable__r1__robot_xblfuw/left_arm_link5.
2026-05-12 16:18:58 [65,310ms] [Warning] [omni.physx.plugin] Invalid PhysX transform detected for /World/scene_0/controllable__r1__robot_xblfuw/right_arm_link5.
2026-05-12 16:18:58 [65,310ms] [Warning] [omni.physx.plugin] Invalid PhysX transform detected for /World/scene_0/controllable__r1__robot_xblfuw/left_arm_link6.
2026-05-12 16:18:58 [65,310ms] [Warning] [omni.physx.plugin] Invalid PhysX transform detected for /World/scene_0/controllable__r1__robot_xblfuw/right_arm_link6.
2026-05-12 16:18:58 [65,310ms] [Warning] [omni.physx.plugin] Invalid PhysX transform detected for /World/scene_0/controllable__r1__robot_xblfuw/left_gripper_link1.
2026-05-12 16:18:58 [65,310ms] [Warning] [omni.physx.plugin] Invalid PhysX transform detected for /World/scene_0/controllable__r1__robot_xblfuw/left_gripper_link2.
2026-05-12 16:18:58 [65,310ms] [Warning] [omni.physx.plugin] Invalid PhysX transform detected for /World/scene_0/controllable__r1__robot_xblfuw/left_eef_link.
2026-05-12 16:18:58 [65,310ms] [Warning] [omni.physx.plugin] Invalid PhysX transform detected for /World/scene_0/controllable__r1__robot_xblfuw/right_gripper_link1.
2026-05-12 16:18:58 [65,310ms] [Warning] [omni.physx.plugin] Invalid PhysX transform detected for /World/scene_0/controllable__r1__robot_xblfuw/right_gripper_link2.
2026-05-12 16:18:58 [65,310ms] [Warning] [omni.physx.plugin] Invalid PhysX transform detected for /World/scene_0/controllable__r1__robot_xblfuw/right_eef_link.
2026-05-12 16:18:58 [65,310ms] [Warning] [omni.physx.plugin] Invalid PhysX transform detected for /World/scene_0/cover_small_item_render_item_4175346132/base_link.
2026-05-12 16:18:58 [65,383ms] [Warning] [omni.physx.plugin] Invalid PhysX transform detected for /World/scene_0/cover_small_item_render_item_4175346132/glass.
2026-05-12 16:18:58 [65,384ms] [Warning] [omni.physx.plugin] Invalid PhysX transform detected for /World/scene_0/controllable__r1__robot_xblfuw/base_footprint_y.
2026-05-12 16:18:58 [65,384ms] [Warning] [omni.physx.plugin] Invalid PhysX transform detected for /World/scene_0/controllable__r1__robot_xblfuw/base_footprint_z.
2026-05-12 16:18:58 [65,384ms] [Warning] [omni.physx.plugin] Invalid PhysX transform detected for /World/scene_0/controllable__r1__robot_xblfuw/base_footprint_rx.
2026-05-12 16:18:58 [65,384ms] [Warning] [omni.physx.plugin] Invalid PhysX transform detected for /World/scene_0/controllable__r1__robot_xblfuw/base_footprint_ry.
2026-05-12 16:18:58 [65,384ms] [Warning] [omni.physx.plugin] Invalid PhysX transform detected for /World/scene_0/controllable__r1__robot_xblfuw/base_footprint_rz.
2026-05-12 16:18:58 [65,384ms] [Warning] [omni.physx.plugin] Invalid PhysX transform detected for /World/scene_0/controllable__r1__robot_xblfuw/base_link.
2026-05-12 16:18:58 [65,384ms] [Warning] [omni.physx.plugin] Invalid PhysX transform detected for /World/scene_0/controllable__r1__robot_xblfuw/servo_link1.
2026-05-12 16:18:58 [65,384ms] [Warning] [omni.physx.plugin] Invalid PhysX transform detected for /World/scene_0/controllable__r1__robot_xblfuw/servo_link2.
2026-05-12 16:18:58 [65,384ms] [Warning] [omni.physx.plugin] Invalid PhysX transform detected for /World/scene_0/controllable__r1__robot_xblfuw/servo_link3.
2026-05-12 16:18:58 [65,384ms] [Warning] [omni.physx.plugin] Invalid PhysX transform detected for /World/scene_0/controllable__r1__robot_xblfuw/torso_link1.
2026-05-12 16:18:58 [65,384ms] [Warning] [omni.physx.plugin] Invalid PhysX transform detected for /World/scene_0/controllable__r1__robot_xblfuw/wheel_link1.
2026-05-12 16:18:58 [65,384ms] [Warning] [omni.physx.plugin] Invalid PhysX transform detected for /World/scene_0/controllable__r1__robot_xblfuw/wheel_link2.
2026-05-12 16:18:58 [65,384ms] [Warning] [omni.physx.plugin] Invalid PhysX transform detected for /World/scene_0/controllable__r1__robot_xblfuw/wheel_link3.
2026-05-12 16:18:58 [65,384ms] [Warning] [omni.physx.plugin] Invalid PhysX transform detected for /World/scene_0/controllable__r1__robot_xblfuw/torso_link2.
2026-05-12 16:18:58 [65,384ms] [Warning] [omni.physx.plugin] Invalid PhysX transform detected for /World/scene_0/controllable__r1__robot_xblfuw/torso_link3.
2026-05-12 16:18:58 [65,384ms] [Warning] [omni.physx.plugin] Invalid PhysX transform detected for /World/scene_0/controllable__r1__robot_xblfuw/torso_link4.
2026-05-12 16:18:58 [65,384ms] [Warning] [omni.physx.plugin] Invalid PhysX transform detected for /World/scene_0/controllable__r1__robot_xblfuw/left_arm_link1.
2026-05-12 16:18:58 [65,384ms] [Warning] [omni.physx.plugin] Invalid PhysX transform detected for /World/scene_0/controllable__r1__robot_xblfuw/right_arm_link1.
2026-05-12 16:18:58 [65,384ms] [Warning] [omni.physx.plugin] Invalid PhysX transform detected for /World/scene_0/controllable__r1__robot_xblfuw/eyes.
2026-05-12 16:18:58 [65,384ms] [Warning] [omni.physx.plugin] Invalid PhysX transform detected for /World/scene_0/controllable__r1__robot_xblfuw/left_arm_link2.
2026-05-12 16:18:58 [65,384ms] [Warning] [omni.physx.plugin] Invalid PhysX transform detected for /World/scene_0/controllable__r1__robot_xblfuw/right_arm_link2.
2026-05-12 16:18:58 [65,384ms] [Warning] [omni.physx.plugin] Invalid PhysX transform detected for /World/scene_0/controllable__r1__robot_xblfuw/left_arm_link3.
2026-05-12 16:18:58 [65,384ms] [Warning] [omni.physx.plugin] Invalid PhysX transform detected for /World/scene_0/controllable__r1__robot_xblfuw/right_arm_link3.
2026-05-12 16:18:58 [65,384ms] [Warning] [omni.physx.plugin] Invalid PhysX transform detected for /World/scene_0/controllable__r1__robot_xblfuw/left_arm_link4.
2026-05-12 16:18:58 [65,384ms] [Warning] [omni.physx.plugin] Invalid PhysX transform detected for /World/scene_0/controllable__r1__robot_xblfuw/right_arm_link4.
2026-05-12 16:18:58 [65,384ms] [Warning] [omni.physx.plugin] Invalid PhysX transform detected for /World/scene_0/controllable__r1__robot_xblfuw/left_arm_link5.
2026-05-12 16:18:58 [65,384ms] [Warning] [omni.physx.plugin] Invalid PhysX transform detected for /World/scene_0/controllable__r1__robot_xblfuw/right_arm_link5.
2026-05-12 16:18:58 [65,384ms] [Warning] [omni.physx.plugin] Invalid PhysX transform detected for /World/scene_0/controllable__r1__robot_xblfuw/left_arm_link6.
2026-05-12 16:18:58 [65,384ms] [Warning] [omni.physx.plugin] Invalid PhysX transform detected for /World/scene_0/controllable__r1__robot_xblfuw/right_arm_link6.
2026-05-12 16:18:58 [65,384ms] [Warning] [omni.physx.plugin] Invalid PhysX transform detected for /World/scene_0/controllable__r1__robot_xblfuw/left_gripper_link1.
2026-05-12 16:18:58 [65,384ms] [Warning] [omni.physx.plugin] Invalid PhysX transform detected for /World/scene_0/controllable__r1__robot_xblfuw/left_gripper_link2.
2026-05-12 16:18:58 [65,384ms] [Warning] [omni.physx.plugin] Invalid PhysX transform detected for /World/scene_0/controllable__r1__robot_xblfuw/left_eef_link.
2026-05-12 16:18:58 [65,384ms] [Warning] [omni.physx.plugin] Invalid PhysX transform detected for /World/scene_0/controllable__r1__robot_xblfuw/right_gripper_link1.
2026-05-12 16:18:58 [65,384ms] [Warning] [omni.physx.plugin] Invalid PhysX transform detected for /World/scene_0/controllable__r1__robot_xblfuw/right_gripper_link2.
2026-05-12 16:18:58 [65,384ms] [Warning] [omni.physx.plugin] Invalid PhysX transform detected for /World/scene_0/controllable__r1__robot_xblfuw/right_eef_link.
2026-05-12 16:18:58 [65,384ms] [Warning] [omni.physx.plugin] Invalid PhysX transform detected for /World/scene_0/cover_small_item_render_item_4175346132/base_link.
2026-05-12 16:18:58 [65,459ms] [Warning] [omni.physx.plugin] Invalid PhysX transform detected for /World/scene_0/cover_small_item_render_item_4175346132/glass.
2026-05-12 16:18:58 [65,459ms] [Warning] [omni.physx.plugin] Invalid PhysX transform detected for /World/scene_0/controllable__r1__robot_xblfuw/base_footprint_y.
2026-05-12 16:18:58 [65,459ms] [Warning] [omni.physx.plugin] Invalid PhysX transform detected for /World/scene_0/controllable__r1__robot_xblfuw/base_footprint_z.
2026-05-12 16:18:58 [65,459ms] [Warning] [omni.physx.plugin] Invalid PhysX transform detected for /World/scene_0/controllable__r1__robot_xblfuw/base_footprint_rx.
2026-05-12 16:18:58 [65,459ms] [Warning] [omni.physx.plugin] Invalid PhysX transform detected for /World/scene_0/controllable__r1__robot_xblfuw/base_footprint_ry.
2026-05-12 16:18:58 [65,459ms] [Warning] [omni.physx.plugin] Invalid PhysX transform detected for /World/scene_0/controllable__r1__robot_xblfuw/base_footprint_rz.
2026-05-12 16:18:58 [65,459ms] [Warning] [omni.physx.plugin] Invalid PhysX transform detected for /World/scene_0/controllable__r1__robot_xblfuw/base_link.
2026-05-12 16:18:58 [65,459ms] [Warning] [omni.physx.plugin] Invalid PhysX transform detected for /World/scene_0/controllable__r1__robot_xblfuw/servo_link1.
2026-05-12 16:18:58 [65,459ms] [Warning] [omni.physx.plugin] Invalid PhysX transform detected for /World/scene_0/controllable__r1__robot_xblfuw/servo_link2.
2026-05-12 16:18:58 [65,459ms] [Warning] [omni.physx.plugin] Invalid PhysX transform detected for /World/scene_0/controllable__r1__robot_xblfuw/servo_link3.
2026-05-12 16:18:58 [65,459ms] [Warning] [omni.physx.plugin] Invalid PhysX transform detected for /World/scene_0/controllable__r1__robot_xblfuw/torso_link1.
2026-05-12 16:18:58 [65,459ms] [Warning] [omni.physx.plugin] Invalid PhysX transform detected for /World/scene_0/controllable__r1__robot_xblfuw/wheel_link1.
2026-05-12 16:18:58 [65,459ms] [Warning] [omni.physx.plugin] Invalid PhysX transform detected for /World/scene_0/controllable__r1__robot_xblfuw/wheel_link2.
2026-05-12 16:18:58 [65,459ms] [Warning] [omni.physx.plugin] Invalid PhysX transform detected for /World/scene_0/controllable__r1__robot_xblfuw/wheel_link3.
2026-05-12 16:18:58 [65,459ms] [Warning] [omni.physx.plugin] Invalid PhysX transform detected for /World/scene_0/controllable__r1__robot_xblfuw/torso_link2.
2026-05-12 16:18:58 [65,459ms] [Warning] [omni.physx.plugin] Invalid PhysX transform detected for /World/scene_0/controllable__r1__robot_xblfuw/torso_link3.
2026-05-12 16:18:58 [65,459ms] [Warning] [omni.physx.plugin] Invalid PhysX transform detected for /World/scene_0/controllable__r1__robot_xblfuw/torso_link4.
2026-05-12 16:18:58 [65,459ms] [Warning] [omni.physx.plugin] Invalid PhysX transform detected for /World/scene_0/controllable__r1__robot_xblfuw/left_arm_link1.
2026-05-12 16:18:58 [65,459ms] [Warning] [omni.physx.plugin] Invalid PhysX transform detected for /World/scene_0/controllable__r1__robot_xblfuw/right_arm_link1.
2026-05-12 16:18:58 [65,459ms] [Warning] [omni.physx.plugin] Invalid PhysX transform detected for /World/scene_0/controllable__r1__robot_xblfuw/eyes.
2026-05-12 16:18:58 [65,459ms] [Warning] [omni.physx.plugin] Invalid PhysX transform detected for /World/scene_0/controllable__r1__robot_xblfuw/left_arm_link2.
2026-05-12 16:18:58 [65,459ms] [Warning] [omni.physx.plugin] Invalid PhysX transform detected for /World/scene_0/controllable__r1__robot_xblfuw/right_arm_link2.
2026-05-12 16:18:58 [65,459ms] [Warning] [omni.physx.plugin] Invalid PhysX transform detected for /World/scene_0/controllable__r1__robot_xblfuw/left_arm_link3.
2026-05-12 16:18:58 [65,459ms] [Warning] [omni.physx.plugin] Invalid PhysX transform detected for /World/scene_0/controllable__r1__robot_xblfuw/right_arm_link3.
2026-05-12 16:18:58 [65,459ms] [Warning] [omni.physx.plugin] Invalid PhysX transform detected for /World/scene_0/controllable__r1__robot_xblfuw/left_arm_link4.
2026-05-12 16:18:58 [65,459ms] [Warning] [omni.physx.plugin] Invalid PhysX transform detected for /World/scene_0/controllable__r1__robot_xblfuw/right_arm_link4.
2026-05-12 16:18:58 [65,459ms] [Warning] [omni.physx.plugin] Invalid PhysX transform detected for /World/scene_0/controllable__r1__robot_xblfuw/left_arm_link5.
2026-05-12 16:18:58 [65,459ms] [Warning] [omni.physx.plugin] Invalid PhysX transform detected for /World/scene_0/controllable__r1__robot_xblfuw/right_arm_link5.
2026-05-12 16:18:58 [65,459ms] [Warning] [omni.physx.plugin] Invalid PhysX transform detected for /World/scene_0/controllable__r1__robot_xblfuw/left_arm_link6.
2026-05-12 16:18:58 [65,459ms] [Warning] [omni.physx.plugin] Invalid PhysX transform detected for /World/scene_0/controllable__r1__robot_xblfuw/right_arm_link6.
2026-05-12 16:18:58 [65,459ms] [Warning] [omni.physx.plugin] Invalid PhysX transform detected for /World/scene_0/controllable__r1__robot_xblfuw/left_gripper_link1.
2026-05-12 16:18:58 [65,459ms] [Warning] [omni.physx.plugin] Invalid PhysX transform detected for /World/scene_0/controllable__r1__robot_xblfuw/left_gripper_link2.
2026-05-12 16:18:58 [65,459ms] [Warning] [omni.physx.plugin] Invalid PhysX transform detected for /World/scene_0/controllable__r1__robot_xblfuw/left_eef_link.
2026-05-12 16:18:58 [65,459ms] [Warning] [omni.physx.plugin] Invalid PhysX transform detected for /World/scene_0/controllable__r1__robot_xblfuw/right_gripper_link1.
2026-05-12 16:18:58 [65,459ms] [Warning] [omni.physx.plugin] Invalid PhysX transform detected for /World/scene_0/controllable__r1__robot_xblfuw/right_gripper_link2.
2026-05-12 16:18:58 [65,459ms] [Warning] [omni.physx.plugin] Invalid PhysX transform detected for /World/scene_0/controllable__r1__robot_xblfuw/right_eef_link.
2026-05-12 16:18:58 [65,459ms] [Warning] [omni.physx.plugin] Invalid PhysX transform detected for /World/scene_0/cover_small_item_render_item_4175346132/base_link.
2026-05-12 16:18:58 [65,534ms] [Warning] [omni.physx.plugin] Invalid PhysX transform detected for /World/scene_0/cover_small_item_render_item_4175346132/glass.
2026-05-12 16:18:58 [65,535ms] [Warning] [omni.physx.plugin] Invalid PhysX transform detected for /World/scene_0/controllable__r1__robot_xblfuw/base_footprint_y.
2026-05-12 16:18:58 [65,535ms] [Warning] [omni.physx.plugin] Invalid PhysX transform detected for /World/scene_0/controllable__r1__robot_xblfuw/base_footprint_z.
2026-05-12 16:18:58 [65,535ms] [Warning] [omni.physx.plugin] Invalid PhysX transform detected for /World/scene_0/controllable__r1__robot_xblfuw/base_footprint_rx.
2026-05-12 16:18:58 [65,535ms] [Warning] [omni.physx.plugin] Invalid PhysX transform detected for /World/scene_0/controllable__r1__robot_xblfuw/base_footprint_ry.
2026-05-12 16:18:58 [65,535ms] [Warning] [omni.physx.plugin] Invalid PhysX transform detected for /World/scene_0/controllable__r1__robot_xblfuw/base_footprint_rz.
2026-05-12 16:18:58 [65,535ms] [Warning] [omni.physx.plugin] Invalid PhysX transform detected for /World/scene_0/controllable__r1__robot_xblfuw/base_link.
2026-05-12 16:18:58 [65,535ms] [Warning] [omni.physx.plugin] Invalid PhysX transform detected for /World/scene_0/controllable__r1__robot_xblfuw/servo_link1.
2026-05-12 16:18:58 [65,535ms] [Warning] [omni.physx.plugin] Invalid PhysX transform detected for /World/scene_0/controllable__r1__robot_xblfuw/servo_link2.
2026-05-12 16:18:58 [65,535ms] [Warning] [omni.physx.plugin] Invalid PhysX transform detected for /World/scene_0/controllable__r1__robot_xblfuw/servo_link3.
2026-05-12 16:18:58 [65,535ms] [Warning] [omni.physx.plugin] Invalid PhysX transform detected for /World/scene_0/controllable__r1__robot_xblfuw/torso_link1.
2026-05-12 16:18:58 [65,535ms] [Warning] [omni.physx.plugin] Invalid PhysX transform detected for /World/scene_0/controllable__r1__robot_xblfuw/wheel_link1.
2026-05-12 16:18:58 [65,535ms] [Warning] [omni.physx.plugin] Invalid PhysX transform detected for /World/scene_0/controllable__r1__robot_xblfuw/wheel_link2.
2026-05-12 16:18:58 [65,535ms] [Warning] [omni.physx.plugin] Invalid PhysX transform detected for /World/scene_0/controllable__r1__robot_xblfuw/wheel_link3.
2026-05-12 16:18:58 [65,535ms] [Warning] [omni.physx.plugin] Invalid PhysX transform detected for /World/scene_0/controllable__r1__robot_xblfuw/torso_link2.
2026-05-12 16:18:58 [65,535ms] [Warning] [omni.physx.plugin] Invalid PhysX transform detected for /World/scene_0/controllable__r1__robot_xblfuw/torso_link3.
2026-05-12 16:18:58 [65,535ms] [Warning] [omni.physx.plugin] Invalid PhysX transform detected for /World/scene_0/controllable__r1__robot_xblfuw/torso_link4.
2026-05-12 16:18:58 [65,535ms] [Warning] [omni.physx.plugin] Invalid PhysX transform detected for /World/scene_0/controllable__r1__robot_xblfuw/left_arm_link1.
2026-05-12 16:18:58 [65,535ms] [Warning] [omni.physx.plugin] Invalid PhysX transform detected for /World/scene_0/controllable__r1__robot_xblfuw/right_arm_link1.
2026-05-12 16:18:58 [65,535ms] [Warning] [omni.physx.plugin] Invalid PhysX transform detected for /World/scene_0/controllable__r1__robot_xblfuw/eyes.
2026-05-12 16:18:58 [65,535ms] [Warning] [omni.physx.plugin] Invalid PhysX transform detected for /World/scene_0/controllable__r1__robot_xblfuw/left_arm_link2.
2026-05-12 16:18:58 [65,535ms] [Warning] [omni.physx.plugin] Invalid PhysX transform detected for /World/scene_0/controllable__r1__robot_xblfuw/right_arm_link2.
2026-05-12 16:18:58 [65,535ms] [Warning] [omni.physx.plugin] Invalid PhysX transform detected for /World/scene_0/controllable__r1__robot_xblfuw/left_arm_link3.
2026-05-12 16:18:58 [65,535ms] [Warning] [omni.physx.plugin] Invalid PhysX transform detected for /World/scene_0/controllable__r1__robot_xblfuw/right_arm_link3.
2026-05-12 16:18:58 [65,535ms] [Warning] [omni.physx.plugin] Invalid PhysX transform detected for /World/scene_0/controllable__r1__robot_xblfuw/left_arm_link4.
2026-05-12 16:18:58 [65,535ms] [Warning] [omni.physx.plugin] Invalid PhysX transform detected for /World/scene_0/controllable__r1__robot_xblfuw/right_arm_link4.
2026-05-12 16:18:58 [65,535ms] [Warning] [omni.physx.plugin] Invalid PhysX transform detected for /World/scene_0/controllable__r1__robot_xblfuw/left_arm_link5.
2026-05-12 16:18:58 [65,535ms] [Warning] [omni.physx.plugin] Invalid PhysX transform detected for /World/scene_0/controllable__r1__robot_xblfuw/right_arm_link5.
2026-05-12 16:18:58 [65,535ms] [Warning] [omni.physx.plugin] Invalid PhysX transform detected for /World/scene_0/controllable__r1__robot_xblfuw/left_arm_link6.
2026-05-12 16:18:58 [65,535ms] [Warning] [omni.physx.plugin] Invalid PhysX transform detected for /World/scene_0/controllable__r1__robot_xblfuw/right_arm_link6.
2026-05-12 16:18:58 [65,535ms] [Warning] [omni.physx.plugin] Invalid PhysX transform detected for /World/scene_0/controllable__r1__robot_xblfuw/left_gripper_link1.
2026-05-12 16:18:58 [65,535ms] [Warning] [omni.physx.plugin] Invalid PhysX transform detected for /World/scene_0/controllable__r1__robot_xblfuw/left_gripper_link2.
2026-05-12 16:18:58 [65,535ms] [Warning] [omni.physx.plugin] Invalid PhysX transform detected for /World/scene_0/controllable__r1__robot_xblfuw/left_eef_link.
2026-05-12 16:18:58 [65,535ms] [Warning] [omni.physx.plugin] Invalid PhysX transform detected for /World/scene_0/controllable__r1__robot_xblfuw/right_gripper_link1.
2026-05-12 16:18:58 [65,535ms] [Warning] [omni.physx.plugin] Invalid PhysX transform detected for /World/scene_0/controllable__r1__robot_xblfuw/right_gripper_link2.
2026-05-12 16:18:58 [65,535ms] [Warning] [omni.physx.plugin] Invalid PhysX transform detected for /World/scene_0/controllable__r1__robot_xblfuw/right_eef_link.
2026-05-12 16:18:58 [65,535ms] [Warning] [omni.physx.plugin] Invalid PhysX transform detected for /World/scene_0/cover_small_item_render_item_4175346132/base_link.
2026-05-12 16:18:58 [65,610ms] [Warning] [omni.physx.plugin] Invalid PhysX transform detected for /World/scene_0/cover_small_item_render_item_4175346132/glass.
2026-05-12 16:18:58 [65,610ms] [Warning] [omni.physx.plugin] Invalid PhysX transform detected for /World/scene_0/controllable__r1__robot_xblfuw/base_footprint_y.
2026-05-12 16:18:58 [65,610ms] [Warning] [omni.physx.plugin] Invalid PhysX transform detected for /World/scene_0/controllable__r1__robot_xblfuw/base_footprint_z.
2026-05-12 16:18:58 [65,610ms] [Warning] [omni.physx.plugin] Invalid PhysX transform detected for /World/scene_0/controllable__r1__robot_xblfuw/base_footprint_rx.
2026-05-12 16:18:58 [65,610ms] [Warning] [omni.physx.plugin] Invalid PhysX transform detected for /World/scene_0/controllable__r1__robot_xblfuw/base_footprint_ry.
2026-05-12 16:18:58 [65,610ms] [Warning] [omni.physx.plugin] Invalid PhysX transform detected for /World/scene_0/controllable__r1__robot_xblfuw/base_footprint_rz.
2026-05-12 16:18:58 [65,610ms] [Warning] [omni.physx.plugin] Invalid PhysX transform detected for /World/scene_0/controllable__r1__robot_xblfuw/base_link.
2026-05-12 16:18:58 [65,610ms] [Warning] [omni.physx.plugin] Invalid PhysX transform detected for /World/scene_0/controllable__r1__robot_xblfuw/servo_link1.
2026-05-12 16:18:58 [65,610ms] [Warning] [omni.physx.plugin] Invalid PhysX transform detected for /World/scene_0/controllable__r1__robot_xblfuw/servo_link2.
2026-05-12 16:18:58 [65,610ms] [Warning] [omni.physx.plugin] Invalid PhysX transform detected for /World/scene_0/controllable__r1__robot_xblfuw/servo_link3.
2026-05-12 16:18:58 [65,610ms] [Warning] [omni.physx.plugin] Invalid PhysX transform detected for /World/scene_0/controllable__r1__robot_xblfuw/torso_link1.
2026-05-12 16:18:58 [65,610ms] [Warning] [omni.physx.plugin] Invalid PhysX transform detected for /World/scene_0/controllable__r1__robot_xblfuw/wheel_link1.
2026-05-12 16:18:58 [65,610ms] [Warning] [omni.physx.plugin] Invalid PhysX transform detected for /World/scene_0/controllable__r1__robot_xblfuw/wheel_link2.
2026-05-12 16:18:58 [65,610ms] [Warning] [omni.physx.plugin] Invalid PhysX transform detected for /World/scene_0/controllable__r1__robot_xblfuw/wheel_link3.
2026-05-12 16:18:58 [65,610ms] [Warning] [omni.physx.plugin] Invalid PhysX transform detected for /World/scene_0/controllable__r1__robot_xblfuw/torso_link2.
2026-05-12 16:18:58 [65,610ms] [Warning] [omni.physx.plugin] Invalid PhysX transform detected for /World/scene_0/controllable__r1__robot_xblfuw/torso_link3.
2026-05-12 16:18:58 [65,610ms] [Warning] [omni.physx.plugin] Invalid PhysX transform detected for /World/scene_0/controllable__r1__robot_xblfuw/torso_link4.
2026-05-12 16:18:58 [65,610ms] [Warning] [omni.physx.plugin] Invalid PhysX transform detected for /World/scene_0/controllable__r1__robot_xblfuw/left_arm_link1.
2026-05-12 16:18:58 [65,610ms] [Warning] [omni.physx.plugin] Invalid PhysX transform detected for /World/scene_0/controllable__r1__robot_xblfuw/right_arm_link1.
2026-05-12 16:18:58 [65,610ms] [Warning] [omni.physx.plugin] Invalid PhysX transform detected for /World/scene_0/controllable__r1__robot_xblfuw/eyes.
2026-05-12 16:18:58 [65,610ms] [Warning] [omni.physx.plugin] Invalid PhysX transform detected for /World/scene_0/controllable__r1__robot_xblfuw/left_arm_link2.
2026-05-12 16:18:58 [65,610ms] [Warning] [omni.physx.plugin] Invalid PhysX transform detected for /World/scene_0/controllable__r1__robot_xblfuw/right_arm_link2.
2026-05-12 16:18:58 [65,610ms] [Warning] [omni.physx.plugin] Invalid PhysX transform detected for /World/scene_0/controllable__r1__robot_xblfuw/left_arm_link3.
2026-05-12 16:18:58 [65,610ms] [Warning] [omni.physx.plugin] Invalid PhysX transform detected for /World/scene_0/controllable__r1__robot_xblfuw/right_arm_link3.
2026-05-12 16:18:58 [65,610ms] [Warning] [omni.physx.plugin] Invalid PhysX transform detected for /World/scene_0/controllable__r1__robot_xblfuw/left_arm_link4.
2026-05-12 16:18:58 [65,610ms] [Warning] [omni.physx.plugin] Invalid PhysX transform detected for /World/scene_0/controllable__r1__robot_xblfuw/right_arm_link4.
2026-05-12 16:18:58 [65,611ms] [Warning] [omni.physx.plugin] Invalid PhysX transform detected for /World/scene_0/controllable__r1__robot_xblfuw/left_arm_link5.
2026-05-12 16:18:58 [65,611ms] [Warning] [omni.physx.plugin] Invalid PhysX transform detected for /World/scene_0/controllable__r1__robot_xblfuw/right_arm_link5.
2026-05-12 16:18:58 [65,611ms] [Warning] [omni.physx.plugin] Invalid PhysX transform detected for /World/scene_0/controllable__r1__robot_xblfuw/left_arm_link6.
2026-05-12 16:18:58 [65,611ms] [Warning] [omni.physx.plugin] Invalid PhysX transform detected for /World/scene_0/controllable__r1__robot_xblfuw/right_arm_link6.
2026-05-12 16:18:58 [65,611ms] [Warning] [omni.physx.plugin] Invalid PhysX transform detected for /World/scene_0/controllable__r1__robot_xblfuw/left_gripper_link1.
2026-05-12 16:18:58 [65,611ms] [Warning] [omni.physx.plugin] Invalid PhysX transform detected for /World/scene_0/controllable__r1__robot_xblfuw/left_gripper_link2.
2026-05-12 16:18:58 [65,611ms] [Warning] [omni.physx.plugin] Invalid PhysX transform detected for /World/scene_0/controllable__r1__robot_xblfuw/left_eef_link.
2026-05-12 16:18:58 [65,611ms] [Warning] [omni.physx.plugin] Invalid PhysX transform detected for /World/scene_0/controllable__r1__robot_xblfuw/right_gripper_link1.
2026-05-12 16:18:58 [65,611ms] [Warning] [omni.physx.plugin] Invalid PhysX transform detected for /World/scene_0/controllable__r1__robot_xblfuw/right_gripper_link2.
2026-05-12 16:18:58 [65,611ms] [Warning] [omni.physx.plugin] Invalid PhysX transform detected for /World/scene_0/controllable__r1__robot_xblfuw/right_eef_link.
2026-05-12 16:18:58 [65,611ms] [Warning] [omni.physx.plugin] Invalid PhysX transform detected for /World/scene_0/cover_small_item_render_item_4175346132/base_link.
2026-05-12 16:18:58 [65,686ms] [Warning] [omni.physx.plugin] Invalid PhysX transform detected for /World/scene_0/cover_small_item_render_item_4175346132/glass.
2026-05-12 16:18:58 [65,686ms] [Warning] [omni.physx.plugin] Invalid PhysX transform detected for /World/scene_0/controllable__r1__robot_xblfuw/base_footprint_y.
2026-05-12 16:18:58 [65,686ms] [Warning] [omni.physx.plugin] Invalid PhysX transform detected for /World/scene_0/controllable__r1__robot_xblfuw/base_footprint_z.
2026-05-12 16:18:58 [65,686ms] [Warning] [omni.physx.plugin] Invalid PhysX transform detected for /World/scene_0/controllable__r1__robot_xblfuw/base_footprint_rx.
2026-05-12 16:18:58 [65,686ms] [Warning] [omni.physx.plugin] Invalid PhysX transform detected for /World/scene_0/controllable__r1__robot_xblfuw/base_footprint_ry.
2026-05-12 16:18:58 [65,686ms] [Warning] [omni.physx.plugin] Invalid PhysX transform detected for /World/scene_0/controllable__r1__robot_xblfuw/base_footprint_rz.
2026-05-12 16:18:58 [65,686ms] [Warning] [omni.physx.plugin] Invalid PhysX transform detected for /World/scene_0/controllable__r1__robot_xblfuw/base_link.
2026-05-12 16:18:58 [65,686ms] [Warning] [omni.physx.plugin] Invalid PhysX transform detected for /World/scene_0/controllable__r1__robot_xblfuw/servo_link1.
2026-05-12 16:18:58 [65,686ms] [Warning] [omni.physx.plugin] Invalid PhysX transform detected for /World/scene_0/controllable__r1__robot_xblfuw/servo_link2.
2026-05-12 16:18:58 [65,686ms] [Warning] [omni.physx.plugin] Invalid PhysX transform detected for /World/scene_0/controllable__r1__robot_xblfuw/servo_link3.
2026-05-12 16:18:58 [65,686ms] [Warning] [omni.physx.plugin] Invalid PhysX transform detected for /World/scene_0/controllable__r1__robot_xblfuw/torso_link1.
2026-05-12 16:18:58 [65,686ms] [Warning] [omni.physx.plugin] Invalid PhysX transform detected for /World/scene_0/controllable__r1__robot_xblfuw/wheel_link1.
2026-05-12 16:18:58 [65,686ms] [Warning] [omni.physx.plugin] Invalid PhysX transform detected for /World/scene_0/controllable__r1__robot_xblfuw/wheel_link2.
2026-05-12 16:18:58 [65,686ms] [Warning] [omni.physx.plugin] Invalid PhysX transform detected for /World/scene_0/controllable__r1__robot_xblfuw/wheel_link3.
2026-05-12 16:18:58 [65,686ms] [Warning] [omni.physx.plugin] Invalid PhysX transform detected for /World/scene_0/controllable__r1__robot_xblfuw/torso_link2.
2026-05-12 16:18:58 [65,686ms] [Warning] [omni.physx.plugin] Invalid PhysX transform detected for /World/scene_0/controllable__r1__robot_xblfuw/torso_link3.
2026-05-12 16:18:58 [65,686ms] [Warning] [omni.physx.plugin] Invalid PhysX transform detected for /World/scene_0/controllable__r1__robot_xblfuw/torso_link4.
2026-05-12 16:18:58 [65,686ms] [Warning] [omni.physx.plugin] Invalid PhysX transform detected for /World/scene_0/controllable__r1__robot_xblfuw/left_arm_link1.
2026-05-12 16:18:58 [65,686ms] [Warning] [omni.physx.plugin] Invalid PhysX transform detected for /World/scene_0/controllable__r1__robot_xblfuw/right_arm_link1.
2026-05-12 16:18:58 [65,686ms] [Warning] [omni.physx.plugin] Invalid PhysX transform detected for /World/scene_0/controllable__r1__robot_xblfuw/eyes.
2026-05-12 16:18:58 [65,686ms] [Warning] [omni.physx.plugin] Invalid PhysX transform detected for /World/scene_0/controllable__r1__robot_xblfuw/left_arm_link2.
2026-05-12 16:18:58 [65,686ms] [Warning] [omni.physx.plugin] Invalid PhysX transform detected for /World/scene_0/controllable__r1__robot_xblfuw/right_arm_link2.
2026-05-12 16:18:58 [65,686ms] [Warning] [omni.physx.plugin] Invalid PhysX transform detected for /World/scene_0/controllable__r1__robot_xblfuw/left_arm_link3.
2026-05-12 16:18:58 [65,686ms] [Warning] [omni.physx.plugin] Invalid PhysX transform detected for /World/scene_0/controllable__r1__robot_xblfuw/right_arm_link3.
2026-05-12 16:18:58 [65,686ms] [Warning] [omni.physx.plugin] Invalid PhysX transform detected for /World/scene_0/controllable__r1__robot_xblfuw/left_arm_link4.
2026-05-12 16:18:58 [65,686ms] [Warning] [omni.physx.plugin] Invalid PhysX transform detected for /World/scene_0/controllable__r1__robot_xblfuw/right_arm_link4.
2026-05-12 16:18:58 [65,686ms] [Warning] [omni.physx.plugin] Invalid PhysX transform detected for /World/scene_0/controllable__r1__robot_xblfuw/left_arm_link5.
2026-05-12 16:18:58 [65,686ms] [Warning] [omni.physx.plugin] Invalid PhysX transform detected for /World/scene_0/controllable__r1__robot_xblfuw/right_arm_link5.
2026-05-12 16:18:58 [65,686ms] [Warning] [omni.physx.plugin] Invalid PhysX transform detected for /World/scene_0/controllable__r1__robot_xblfuw/left_arm_link6.
2026-05-12 16:18:58 [65,686ms] [Warning] [omni.physx.plugin] Invalid PhysX transform detected for /World/scene_0/controllable__r1__robot_xblfuw/right_arm_link6.
2026-05-12 16:18:58 [65,686ms] [Warning] [omni.physx.plugin] Invalid PhysX transform detected for /World/scene_0/controllable__r1__robot_xblfuw/left_gripper_link1.
2026-05-12 16:18:58 [65,686ms] [Warning] [omni.physx.plugin] Invalid PhysX transform detected for /World/scene_0/controllable__r1__robot_xblfuw/left_gripper_link2.
2026-05-12 16:18:58 [65,686ms] [Warning] [omni.physx.plugin] Invalid PhysX transform detected for /World/scene_0/controllable__r1__robot_xblfuw/left_eef_link.
2026-05-12 16:18:58 [65,686ms] [Warning] [omni.physx.plugin] Invalid PhysX transform detected for /World/scene_0/controllable__r1__robot_xblfuw/right_gripper_link1.
2026-05-12 16:18:58 [65,686ms] [Warning] [omni.physx.plugin] Invalid PhysX transform detected for /World/scene_0/controllable__r1__robot_xblfuw/right_gripper_link2.
2026-05-12 16:18:58 [65,686ms] [Warning] [omni.physx.plugin] Invalid PhysX transform detected for /World/scene_0/controllable__r1__robot_xblfuw/right_eef_link.
2026-05-12 16:18:58 [65,686ms] [Warning] [omni.physx.plugin] Invalid PhysX transform detected for /World/scene_0/cover_small_item_render_item_4175346132/base_link.
2026-05-12 16:18:58 [65,763ms] [Warning] [omni.physx.plugin] Invalid PhysX transform detected for /World/scene_0/cover_small_item_render_item_4175346132/glass.
2026-05-12 16:18:58 [65,763ms] [Warning] [omni.physx.plugin] Invalid PhysX transform detected for /World/scene_0/controllable__r1__robot_xblfuw/base_footprint_y.
2026-05-12 16:18:58 [65,763ms] [Warning] [omni.physx.plugin] Invalid PhysX transform detected for /World/scene_0/controllable__r1__robot_xblfuw/base_footprint_z.
2026-05-12 16:18:58 [65,763ms] [Warning] [omni.physx.plugin] Invalid PhysX transform detected for /World/scene_0/controllable__r1__robot_xblfuw/base_footprint_rx.
2026-05-12 16:18:58 [65,763ms] [Warning] [omni.physx.plugin] Invalid PhysX transform detected for /World/scene_0/controllable__r1__robot_xblfuw/base_footprint_ry.
2026-05-12 16:18:58 [65,763ms] [Warning] [omni.physx.plugin] Invalid PhysX transform detected for /World/scene_0/controllable__r1__robot_xblfuw/base_footprint_rz.
2026-05-12 16:18:58 [65,763ms] [Warning] [omni.physx.plugin] Invalid PhysX transform detected for /World/scene_0/controllable__r1__robot_xblfuw/base_link.
2026-05-12 16:18:58 [65,763ms] [Warning] [omni.physx.plugin] Invalid PhysX transform detected for /World/scene_0/controllable__r1__robot_xblfuw/servo_link1.
2026-05-12 16:18:58 [65,763ms] [Warning] [omni.physx.plugin] Invalid PhysX transform detected for /World/scene_0/controllable__r1__robot_xblfuw/servo_link2.
2026-05-12 16:18:58 [65,763ms] [Warning] [omni.physx.plugin] Invalid PhysX transform detected for /World/scene_0/controllable__r1__robot_xblfuw/servo_link3.
2026-05-12 16:18:58 [65,763ms] [Warning] [omni.physx.plugin] Invalid PhysX transform detected for /World/scene_0/controllable__r1__robot_xblfuw/torso_link1.
2026-05-12 16:18:58 [65,763ms] [Warning] [omni.physx.plugin] Invalid PhysX transform detected for /World/scene_0/controllable__r1__robot_xblfuw/wheel_link1.
2026-05-12 16:18:58 [65,763ms] [Warning] [omni.physx.plugin] Invalid PhysX transform detected for /World/scene_0/controllable__r1__robot_xblfuw/wheel_link2.
2026-05-12 16:18:58 [65,763ms] [Warning] [omni.physx.plugin] Invalid PhysX transform detected for /World/scene_0/controllable__r1__robot_xblfuw/wheel_link3.
2026-05-12 16:18:58 [65,763ms] [Warning] [omni.physx.plugin] Invalid PhysX transform detected for /World/scene_0/controllable__r1__robot_xblfuw/torso_link2.
2026-05-12 16:18:58 [65,763ms] [Warning] [omni.physx.plugin] Invalid PhysX transform detected for /World/scene_0/controllable__r1__robot_xblfuw/torso_link3.
2026-05-12 16:18:58 [65,763ms] [Warning] [omni.physx.plugin] Invalid PhysX transform detected for /World/scene_0/controllable__r1__robot_xblfuw/torso_link4.
2026-05-12 16:18:58 [65,763ms] [Warning] [omni.physx.plugin] Invalid PhysX transform detected for /World/scene_0/controllable__r1__robot_xblfuw/left_arm_link1.
2026-05-12 16:18:58 [65,763ms] [Warning] [omni.physx.plugin] Invalid PhysX transform detected for /World/scene_0/controllable__r1__robot_xblfuw/right_arm_link1.
2026-05-12 16:18:58 [65,763ms] [Warning] [omni.physx.plugin] Invalid PhysX transform detected for /World/scene_0/controllable__r1__robot_xblfuw/eyes.
2026-05-12 16:18:58 [65,763ms] [Warning] [omni.physx.plugin] Invalid PhysX transform detected for /World/scene_0/controllable__r1__robot_xblfuw/left_arm_link2.
2026-05-12 16:18:58 [65,763ms] [Warning] [omni.physx.plugin] Invalid PhysX transform detected for /World/scene_0/controllable__r1__robot_xblfuw/right_arm_link2.
2026-05-12 16:18:58 [65,763ms] [Warning] [omni.physx.plugin] Invalid PhysX transform detected for /World/scene_0/controllable__r1__robot_xblfuw/left_arm_link3.
2026-05-12 16:18:58 [65,763ms] [Warning] [omni.physx.plugin] Invalid PhysX transform detected for /World/scene_0/controllable__r1__robot_xblfuw/right_arm_link3.
2026-05-12 16:18:58 [65,763ms] [Warning] [omni.physx.plugin] Invalid PhysX transform detected for /World/scene_0/controllable__r1__robot_xblfuw/left_arm_link4.
2026-05-12 16:18:58 [65,763ms] [Warning] [omni.physx.plugin] Invalid PhysX transform detected for /World/scene_0/controllable__r1__robot_xblfuw/right_arm_link4.
2026-05-12 16:18:58 [65,763ms] [Warning] [omni.physx.plugin] Invalid PhysX transform detected for /World/scene_0/controllable__r1__robot_xblfuw/left_arm_link5.
2026-05-12 16:18:58 [65,763ms] [Warning] [omni.physx.plugin] Invalid PhysX transform detected for /World/scene_0/controllable__r1__robot_xblfuw/right_arm_link5.
2026-05-12 16:18:58 [65,763ms] [Warning] [omni.physx.plugin] Invalid PhysX transform detected for /World/scene_0/controllable__r1__robot_xblfuw/left_arm_link6.
2026-05-12 16:18:58 [65,763ms] [Warning] [omni.physx.plugin] Invalid PhysX transform detected for /World/scene_0/controllable__r1__robot_xblfuw/right_arm_link6.
2026-05-12 16:18:58 [65,763ms] [Warning] [omni.physx.plugin] Invalid PhysX transform detected for /World/scene_0/controllable__r1__robot_xblfuw/left_gripper_link1.
2026-05-12 16:18:58 [65,763ms] [Warning] [omni.physx.plugin] Invalid PhysX transform detected for /World/scene_0/controllable__r1__robot_xblfuw/left_gripper_link2.
2026-05-12 16:18:58 [65,763ms] [Warning] [omni.physx.plugin] Invalid PhysX transform detected for /World/scene_0/controllable__r1__robot_xblfuw/left_eef_link.
2026-05-12 16:18:58 [65,763ms] [Warning] [omni.physx.plugin] Invalid PhysX transform detected for /World/scene_0/controllable__r1__robot_xblfuw/right_gripper_link1.
2026-05-12 16:18:58 [65,763ms] [Warning] [omni.physx.plugin] Invalid PhysX transform detected for /World/scene_0/controllable__r1__robot_xblfuw/right_gripper_link2.
2026-05-12 16:18:58 [65,763ms] [Warning] [omni.physx.plugin] Invalid PhysX transform detected for /World/scene_0/controllable__r1__robot_xblfuw/right_eef_link.
2026-05-12 16:18:58 [65,763ms] [Warning] [omni.physx.plugin] Invalid PhysX transform detected for /World/scene_0/cover_small_item_render_item_4175346132/base_link.
2026-05-12 16:18:58 [65,838ms] [Warning] [omni.physx.plugin] Invalid PhysX transform detected for /World/scene_0/cover_small_item_render_item_4175346132/glass.
2026-05-12 16:18:58 [65,839ms] [Warning] [omni.physx.plugin] Invalid PhysX transform detected for /World/scene_0/controllable__r1__robot_xblfuw/base_footprint_y.
2026-05-12 16:18:58 [65,839ms] [Warning] [omni.physx.plugin] Invalid PhysX transform detected for /World/scene_0/controllable__r1__robot_xblfuw/base_footprint_z.
2026-05-12 16:18:58 [65,839ms] [Warning] [omni.physx.plugin] Invalid PhysX transform detected for /World/scene_0/controllable__r1__robot_xblfuw/base_footprint_rx.
2026-05-12 16:18:58 [65,839ms] [Warning] [omni.physx.plugin] Invalid PhysX transform detected for /World/scene_0/controllable__r1__robot_xblfuw/base_footprint_ry.
2026-05-12 16:18:58 [65,839ms] [Warning] [omni.physx.plugin] Invalid PhysX transform detected for /World/scene_0/controllable__r1__robot_xblfuw/base_footprint_rz.
2026-05-12 16:18:58 [65,839ms] [Warning] [omni.physx.plugin] Invalid PhysX transform detected for /World/scene_0/controllable__r1__robot_xblfuw/base_link.
2026-05-12 16:18:58 [65,839ms] [Warning] [omni.physx.plugin] Invalid PhysX transform detected for /World/scene_0/controllable__r1__robot_xblfuw/servo_link1.
2026-05-12 16:18:58 [65,839ms] [Warning] [omni.physx.plugin] Invalid PhysX transform detected for /World/scene_0/controllable__r1__robot_xblfuw/servo_link2.
2026-05-12 16:18:58 [65,839ms] [Warning] [omni.physx.plugin] Invalid PhysX transform detected for /World/scene_0/controllable__r1__robot_xblfuw/servo_link3.
2026-05-12 16:18:58 [65,839ms] [Warning] [omni.physx.plugin] Invalid PhysX transform detected for /World/scene_0/controllable__r1__robot_xblfuw/torso_link1.
2026-05-12 16:18:58 [65,839ms] [Warning] [omni.physx.plugin] Invalid PhysX transform detected for /World/scene_0/controllable__r1__robot_xblfuw/wheel_link1.
2026-05-12 16:18:58 [65,839ms] [Warning] [omni.physx.plugin] Invalid PhysX transform detected for /World/scene_0/controllable__r1__robot_xblfuw/wheel_link2.
2026-05-12 16:18:58 [65,839ms] [Warning] [omni.physx.plugin] Invalid PhysX transform detected for /World/scene_0/controllable__r1__robot_xblfuw/wheel_link3.
2026-05-12 16:18:58 [65,839ms] [Warning] [omni.physx.plugin] Invalid PhysX transform detected for /World/scene_0/controllable__r1__robot_xblfuw/torso_link2.
2026-05-12 16:18:58 [65,839ms] [Warning] [omni.physx.plugin] Invalid PhysX transform detected for /World/scene_0/controllable__r1__robot_xblfuw/torso_link3.
2026-05-12 16:18:58 [65,839ms] [Warning] [omni.physx.plugin] Invalid PhysX transform detected for /World/scene_0/controllable__r1__robot_xblfuw/torso_link4.
2026-05-12 16:18:58 [65,839ms] [Warning] [omni.physx.plugin] Invalid PhysX transform detected for /World/scene_0/controllable__r1__robot_xblfuw/left_arm_link1.
2026-05-12 16:18:58 [65,839ms] [Warning] [omni.physx.plugin] Invalid PhysX transform detected for /World/scene_0/controllable__r1__robot_xblfuw/right_arm_link1.
2026-05-12 16:18:58 [65,839ms] [Warning] [omni.physx.plugin] Invalid PhysX transform detected for /World/scene_0/controllable__r1__robot_xblfuw/eyes.
2026-05-12 16:18:58 [65,839ms] [Warning] [omni.physx.plugin] Invalid PhysX transform detected for /World/scene_0/controllable__r1__robot_xblfuw/left_arm_link2.
2026-05-12 16:18:58 [65,839ms] [Warning] [omni.physx.plugin] Invalid PhysX transform detected for /World/scene_0/controllable__r1__robot_xblfuw/right_arm_link2.
2026-05-12 16:18:58 [65,839ms] [Warning] [omni.physx.plugin] Invalid PhysX transform detected for /World/scene_0/controllable__r1__robot_xblfuw/left_arm_link3.
2026-05-12 16:18:58 [65,839ms] [Warning] [omni.physx.plugin] Invalid PhysX transform detected for /World/scene_0/controllable__r1__robot_xblfuw/right_arm_link3.
2026-05-12 16:18:58 [65,839ms] [Warning] [omni.physx.plugin] Invalid PhysX transform detected for /World/scene_0/controllable__r1__robot_xblfuw/left_arm_link4.
2026-05-12 16:18:58 [65,839ms] [Warning] [omni.physx.plugin] Invalid PhysX transform detected for /World/scene_0/controllable__r1__robot_xblfuw/right_arm_link4.
2026-05-12 16:18:58 [65,839ms] [Warning] [omni.physx.plugin] Invalid PhysX transform detected for /World/scene_0/controllable__r1__robot_xblfuw/left_arm_link5.
2026-05-12 16:18:58 [65,839ms] [Warning] [omni.physx.plugin] Invalid PhysX transform detected for /World/scene_0/controllable__r1__robot_xblfuw/right_arm_link5.
2026-05-12 16:18:58 [65,839ms] [Warning] [omni.physx.plugin] Invalid PhysX transform detected for /World/scene_0/controllable__r1__robot_xblfuw/left_arm_link6.
2026-05-12 16:18:58 [65,839ms] [Warning] [omni.physx.plugin] Invalid PhysX transform detected for /World/scene_0/controllable__r1__robot_xblfuw/right_arm_link6.
2026-05-12 16:18:58 [65,839ms] [Warning] [omni.physx.plugin] Invalid PhysX transform detected for /World/scene_0/controllable__r1__robot_xblfuw/left_gripper_link1.
2026-05-12 16:18:58 [65,839ms] [Warning] [omni.physx.plugin] Invalid PhysX transform detected for /World/scene_0/controllable__r1__robot_xblfuw/left_gripper_link2.
2026-05-12 16:18:58 [65,839ms] [Warning] [omni.physx.plugin] Invalid PhysX transform detected for /World/scene_0/controllable__r1__robot_xblfuw/left_eef_link.
2026-05-12 16:18:58 [65,839ms] [Warning] [omni.physx.plugin] Invalid PhysX transform detected for /World/scene_0/controllable__r1__robot_xblfuw/right_gripper_link1.
2026-05-12 16:18:58 [65,839ms] [Warning] [omni.physx.plugin] Invalid PhysX transform detected for /World/scene_0/controllable__r1__robot_xblfuw/right_gripper_link2.
2026-05-12 16:18:58 [65,839ms] [Warning] [omni.physx.plugin] Invalid PhysX transform detected for /World/scene_0/controllable__r1__robot_xblfuw/right_eef_link.
2026-05-12 16:18:58 [65,839ms] [Warning] [omni.physx.plugin] Invalid PhysX transform detected for /World/scene_0/cover_small_item_render_item_4175346132/base_link.
2026-05-12 16:18:59 [65,915ms] [Warning] [omni.physx.plugin] Invalid PhysX transform detected for /World/scene_0/cover_small_item_render_item_4175346132/glass.
2026-05-12 16:18:59 [65,916ms] [Warning] [omni.physx.plugin] Invalid PhysX transform detected for /World/scene_0/controllable__r1__robot_xblfuw/base_footprint_y.
2026-05-12 16:18:59 [65,916ms] [Warning] [omni.physx.plugin] Invalid PhysX transform detected for /World/scene_0/controllable__r1__robot_xblfuw/base_footprint_z.
2026-05-12 16:18:59 [65,916ms] [Warning] [omni.physx.plugin] Invalid PhysX transform detected for /World/scene_0/controllable__r1__robot_xblfuw/base_footprint_rx.
2026-05-12 16:18:59 [65,916ms] [Warning] [omni.physx.plugin] Invalid PhysX transform detected for /World/scene_0/controllable__r1__robot_xblfuw/base_footprint_ry.
2026-05-12 16:18:59 [65,916ms] [Warning] [omni.physx.plugin] Invalid PhysX transform detected for /World/scene_0/controllable__r1__robot_xblfuw/base_footprint_rz.
2026-05-12 16:18:59 [65,916ms] [Warning] [omni.physx.plugin] Invalid PhysX transform detected for /World/scene_0/controllable__r1__robot_xblfuw/base_link.
2026-05-12 16:18:59 [65,916ms] [Warning] [omni.physx.plugin] Invalid PhysX transform detected for /World/scene_0/controllable__r1__robot_xblfuw/servo_link1.
2026-05-12 16:18:59 [65,916ms] [Warning] [omni.physx.plugin] Invalid PhysX transform detected for /World/scene_0/controllable__r1__robot_xblfuw/servo_link2.
2026-05-12 16:18:59 [65,916ms] [Warning] [omni.physx.plugin] Invalid PhysX transform detected for /World/scene_0/controllable__r1__robot_xblfuw/servo_link3.
2026-05-12 16:18:59 [65,916ms] [Warning] [omni.physx.plugin] Invalid PhysX transform detected for /World/scene_0/controllable__r1__robot_xblfuw/torso_link1.
2026-05-12 16:18:59 [65,916ms] [Warning] [omni.physx.plugin] Invalid PhysX transform detected for /World/scene_0/controllable__r1__robot_xblfuw/wheel_link1.
2026-05-12 16:18:59 [65,916ms] [Warning] [omni.physx.plugin] Invalid PhysX transform detected for /World/scene_0/controllable__r1__robot_xblfuw/wheel_link2.
2026-05-12 16:18:59 [65,916ms] [Warning] [omni.physx.plugin] Invalid PhysX transform detected for /World/scene_0/controllable__r1__robot_xblfuw/wheel_link3.
2026-05-12 16:18:59 [65,916ms] [Warning] [omni.physx.plugin] Invalid PhysX transform detected for /World/scene_0/controllable__r1__robot_xblfuw/torso_link2.
2026-05-12 16:18:59 [65,916ms] [Warning] [omni.physx.plugin] Invalid PhysX transform detected for /World/scene_0/controllable__r1__robot_xblfuw/torso_link3.
2026-05-12 16:18:59 [65,916ms] [Warning] [omni.physx.plugin] Invalid PhysX transform detected for /World/scene_0/controllable__r1__robot_xblfuw/torso_link4.
2026-05-12 16:18:59 [65,916ms] [Warning] [omni.physx.plugin] Invalid PhysX transform detected for /World/scene_0/controllable__r1__robot_xblfuw/left_arm_link1.
2026-05-12 16:18:59 [65,916ms] [Warning] [omni.physx.plugin] Invalid PhysX transform detected for /World/scene_0/controllable__r1__robot_xblfuw/right_arm_link1.
2026-05-12 16:18:59 [65,916ms] [Warning] [omni.physx.plugin] Invalid PhysX transform detected for /World/scene_0/controllable__r1__robot_xblfuw/eyes.
2026-05-12 16:18:59 [65,916ms] [Warning] [omni.physx.plugin] Invalid PhysX transform detected for /World/scene_0/controllable__r1__robot_xblfuw/left_arm_link2.
2026-05-12 16:18:59 [65,916ms] [Warning] [omni.physx.plugin] Invalid PhysX transform detected for /World/scene_0/controllable__r1__robot_xblfuw/right_arm_link2.
2026-05-12 16:18:59 [65,916ms] [Warning] [omni.physx.plugin] Invalid PhysX transform detected for /World/scene_0/controllable__r1__robot_xblfuw/left_arm_link3.
2026-05-12 16:18:59 [65,916ms] [Warning] [omni.physx.plugin] Invalid PhysX transform detected for /World/scene_0/controllable__r1__robot_xblfuw/right_arm_link3.
2026-05-12 16:18:59 [65,916ms] [Warning] [omni.physx.plugin] Invalid PhysX transform detected for /World/scene_0/controllable__r1__robot_xblfuw/left_arm_link4.
2026-05-12 16:18:59 [65,916ms] [Warning] [omni.physx.plugin] Invalid PhysX transform detected for /World/scene_0/controllable__r1__robot_xblfuw/right_arm_link4.
2026-05-12 16:18:59 [65,916ms] [Warning] [omni.physx.plugin] Invalid PhysX transform detected for /World/scene_0/controllable__r1__robot_xblfuw/left_arm_link5.
2026-05-12 16:18:59 [65,916ms] [Warning] [omni.physx.plugin] Invalid PhysX transform detected for /World/scene_0/controllable__r1__robot_xblfuw/right_arm_link5.
2026-05-12 16:18:59 [65,916ms] [Warning] [omni.physx.plugin] Invalid PhysX transform detected for /World/scene_0/controllable__r1__robot_xblfuw/left_arm_link6.
2026-05-12 16:18:59 [65,916ms] [Warning] [omni.physx.plugin] Invalid PhysX transform detected for /World/scene_0/controllable__r1__robot_xblfuw/right_arm_link6.
2026-05-12 16:18:59 [65,916ms] [Warning] [omni.physx.plugin] Invalid PhysX transform detected for /World/scene_0/controllable__r1__robot_xblfuw/left_gripper_link1.
2026-05-12 16:18:59 [65,916ms] [Warning] [omni.physx.plugin] Invalid PhysX transform detected for /World/scene_0/controllable__r1__robot_xblfuw/left_gripper_link2.
2026-05-12 16:18:59 [65,916ms] [Warning] [omni.physx.plugin] Invalid PhysX transform detected for /World/scene_0/controllable__r1__robot_xblfuw/left_eef_link.
2026-05-12 16:18:59 [65,916ms] [Warning] [omni.physx.plugin] Invalid PhysX transform detected for /World/scene_0/controllable__r1__robot_xblfuw/right_gripper_link1.
2026-05-12 16:18:59 [65,916ms] [Warning] [omni.physx.plugin] Invalid PhysX transform detected for /World/scene_0/controllable__r1__robot_xblfuw/right_gripper_link2.
2026-05-12 16:18:59 [65,916ms] [Warning] [omni.physx.plugin] Invalid PhysX transform detected for /World/scene_0/controllable__r1__robot_xblfuw/right_eef_link.
2026-05-12 16:18:59 [65,916ms] [Warning] [omni.physx.plugin] Invalid PhysX transform detected for /World/scene_0/cover_small_item_render_item_4175346132/base_link.
2026-05-12 16:18:59 [65,991ms] [Warning] [omni.physx.plugin] Invalid PhysX transform detected for /World/scene_0/cover_small_item_render_item_4175346132/glass.
2026-05-12 16:18:59 [65,991ms] [Warning] [omni.physx.plugin] Invalid PhysX transform detected for /World/scene_0/controllable__r1__robot_xblfuw/base_footprint_y.
2026-05-12 16:18:59 [65,991ms] [Warning] [omni.physx.plugin] Invalid PhysX transform detected for /World/scene_0/controllable__r1__robot_xblfuw/base_footprint_z.
2026-05-12 16:18:59 [65,991ms] [Warning] [omni.physx.plugin] Invalid PhysX transform detected for /World/scene_0/controllable__r1__robot_xblfuw/base_footprint_rx.
2026-05-12 16:18:59 [65,991ms] [Warning] [omni.physx.plugin] Invalid PhysX transform detected for /World/scene_0/controllable__r1__robot_xblfuw/base_footprint_ry.
2026-05-12 16:18:59 [65,991ms] [Warning] [omni.physx.plugin] Invalid PhysX transform detected for /World/scene_0/controllable__r1__robot_xblfuw/base_footprint_rz.
2026-05-12 16:18:59 [65,991ms] [Warning] [omni.physx.plugin] Invalid PhysX transform detected for /World/scene_0/controllable__r1__robot_xblfuw/base_link.
2026-05-12 16:18:59 [65,991ms] [Warning] [omni.physx.plugin] Invalid PhysX transform detected for /World/scene_0/controllable__r1__robot_xblfuw/servo_link1.
2026-05-12 16:18:59 [65,991ms] [Warning] [omni.physx.plugin] Invalid PhysX transform detected for /World/scene_0/controllable__r1__robot_xblfuw/servo_link2.
2026-05-12 16:18:59 [65,992ms] [Warning] [omni.physx.plugin] Invalid PhysX transform detected for /World/scene_0/controllable__r1__robot_xblfuw/servo_link3.
2026-05-12 16:18:59 [65,992ms] [Warning] [omni.physx.plugin] Invalid PhysX transform detected for /World/scene_0/controllable__r1__robot_xblfuw/torso_link1.
2026-05-12 16:18:59 [65,992ms] [Warning] [omni.physx.plugin] Invalid PhysX transform detected for /World/scene_0/controllable__r1__robot_xblfuw/wheel_link1.
2026-05-12 16:18:59 [65,992ms] [Warning] [omni.physx.plugin] Invalid PhysX transform detected for /World/scene_0/controllable__r1__robot_xblfuw/wheel_link2.
2026-05-12 16:18:59 [65,992ms] [Warning] [omni.physx.plugin] Invalid PhysX transform detected for /World/scene_0/controllable__r1__robot_xblfuw/wheel_link3.
2026-05-12 16:18:59 [65,992ms] [Warning] [omni.physx.plugin] Invalid PhysX transform detected for /World/scene_0/controllable__r1__robot_xblfuw/torso_link2.
2026-05-12 16:18:59 [65,992ms] [Warning] [omni.physx.plugin] Invalid PhysX transform detected for /World/scene_0/controllable__r1__robot_xblfuw/torso_link3.
2026-05-12 16:18:59 [65,992ms] [Warning] [omni.physx.plugin] Invalid PhysX transform detected for /World/scene_0/controllable__r1__robot_xblfuw/torso_link4.
2026-05-12 16:18:59 [65,992ms] [Warning] [omni.physx.plugin] Invalid PhysX transform detected for /World/scene_0/controllable__r1__robot_xblfuw/left_arm_link1.
2026-05-12 16:18:59 [65,992ms] [Warning] [omni.physx.plugin] Invalid PhysX transform detected for /World/scene_0/controllable__r1__robot_xblfuw/right_arm_link1.
2026-05-12 16:18:59 [65,992ms] [Warning] [omni.physx.plugin] Invalid PhysX transform detected for /World/scene_0/controllable__r1__robot_xblfuw/eyes.
2026-05-12 16:18:59 [65,992ms] [Warning] [omni.physx.plugin] Invalid PhysX transform detected for /World/scene_0/controllable__r1__robot_xblfuw/left_arm_link2.
2026-05-12 16:18:59 [65,992ms] [Warning] [omni.physx.plugin] Invalid PhysX transform detected for /World/scene_0/controllable__r1__robot_xblfuw/right_arm_link2.
2026-05-12 16:18:59 [65,992ms] [Warning] [omni.physx.plugin] Invalid PhysX transform detected for /World/scene_0/controllable__r1__robot_xblfuw/left_arm_link3.
2026-05-12 16:18:59 [65,992ms] [Warning] [omni.physx.plugin] Invalid PhysX transform detected for /World/scene_0/controllable__r1__robot_xblfuw/right_arm_link3.
2026-05-12 16:18:59 [65,992ms] [Warning] [omni.physx.plugin] Invalid PhysX transform detected for /World/scene_0/controllable__r1__robot_xblfuw/left_arm_link4.
2026-05-12 16:18:59 [65,992ms] [Warning] [omni.physx.plugin] Invalid PhysX transform detected for /World/scene_0/controllable__r1__robot_xblfuw/right_arm_link4.
2026-05-12 16:18:59 [65,992ms] [Warning] [omni.physx.plugin] Invalid PhysX transform detected for /World/scene_0/controllable__r1__robot_xblfuw/left_arm_link5.
2026-05-12 16:18:59 [65,992ms] [Warning] [omni.physx.plugin] Invalid PhysX transform detected for /World/scene_0/controllable__r1__robot_xblfuw/right_arm_link5.
2026-05-12 16:18:59 [65,992ms] [Warning] [omni.physx.plugin] Invalid PhysX transform detected for /World/scene_0/controllable__r1__robot_xblfuw/left_arm_link6.
2026-05-12 16:18:59 [65,992ms] [Warning] [omni.physx.plugin] Invalid PhysX transform detected for /World/scene_0/controllable__r1__robot_xblfuw/right_arm_link6.
2026-05-12 16:18:59 [65,992ms] [Warning] [omni.physx.plugin] Invalid PhysX transform detected for /World/scene_0/controllable__r1__robot_xblfuw/left_gripper_link1.
2026-05-12 16:18:59 [65,992ms] [Warning] [omni.physx.plugin] Invalid PhysX transform detected for /World/scene_0/controllable__r1__robot_xblfuw/left_gripper_link2.
2026-05-12 16:18:59 [65,992ms] [Warning] [omni.physx.plugin] Invalid PhysX transform detected for /World/scene_0/controllable__r1__robot_xblfuw/left_eef_link.
2026-05-12 16:18:59 [65,992ms] [Warning] [omni.physx.plugin] Invalid PhysX transform detected for /World/scene_0/controllable__r1__robot_xblfuw/right_gripper_link1.
2026-05-12 16:18:59 [65,992ms] [Warning] [omni.physx.plugin] Invalid PhysX transform detected for /World/scene_0/controllable__r1__robot_xblfuw/right_gripper_link2.
2026-05-12 16:18:59 [65,992ms] [Warning] [omni.physx.plugin] Invalid PhysX transform detected for /World/scene_0/controllable__r1__robot_xblfuw/right_eef_link.
2026-05-12 16:18:59 [65,992ms] [Warning] [omni.physx.plugin] Invalid PhysX transform detected for /World/scene_0/cover_small_item_render_item_4175346132/base_link.
2026-05-12 16:18:59 [66,068ms] [Warning] [omni.physx.plugin] Invalid PhysX transform detected for /World/scene_0/cover_small_item_render_item_4175346132/glass.
2026-05-12 16:18:59 [66,069ms] [Warning] [omni.physx.plugin] Invalid PhysX transform detected for /World/scene_0/controllable__r1__robot_xblfuw/base_footprint_y.
2026-05-12 16:18:59 [66,069ms] [Warning] [omni.physx.plugin] Invalid PhysX transform detected for /World/scene_0/controllable__r1__robot_xblfuw/base_footprint_z.
2026-05-12 16:18:59 [66,069ms] [Warning] [omni.physx.plugin] Invalid PhysX transform detected for /World/scene_0/controllable__r1__robot_xblfuw/base_footprint_rx.
2026-05-12 16:18:59 [66,069ms] [Warning] [omni.physx.plugin] Invalid PhysX transform detected for /World/scene_0/controllable__r1__robot_xblfuw/base_footprint_ry.
2026-05-12 16:18:59 [66,069ms] [Warning] [omni.physx.plugin] Invalid PhysX transform detected for /World/scene_0/controllable__r1__robot_xblfuw/base_footprint_rz.
2026-05-12 16:18:59 [66,069ms] [Warning] [omni.physx.plugin] Invalid PhysX transform detected for /World/scene_0/controllable__r1__robot_xblfuw/base_link.
2026-05-12 16:18:59 [66,069ms] [Warning] [omni.physx.plugin] Invalid PhysX transform detected for /World/scene_0/controllable__r1__robot_xblfuw/servo_link1.
2026-05-12 16:18:59 [66,069ms] [Warning] [omni.physx.plugin] Invalid PhysX transform detected for /World/scene_0/controllable__r1__robot_xblfuw/servo_link2.
2026-05-12 16:18:59 [66,069ms] [Warning] [omni.physx.plugin] Invalid PhysX transform detected for /World/scene_0/controllable__r1__robot_xblfuw/servo_link3.
2026-05-12 16:18:59 [66,069ms] [Warning] [omni.physx.plugin] Invalid PhysX transform detected for /World/scene_0/controllable__r1__robot_xblfuw/torso_link1.
2026-05-12 16:18:59 [66,069ms] [Warning] [omni.physx.plugin] Invalid PhysX transform detected for /World/scene_0/controllable__r1__robot_xblfuw/wheel_link1.
2026-05-12 16:18:59 [66,069ms] [Warning] [omni.physx.plugin] Invalid PhysX transform detected for /World/scene_0/controllable__r1__robot_xblfuw/wheel_link2.
2026-05-12 16:18:59 [66,069ms] [Warning] [omni.physx.plugin] Invalid PhysX transform detected for /World/scene_0/controllable__r1__robot_xblfuw/wheel_link3.
2026-05-12 16:18:59 [66,069ms] [Warning] [omni.physx.plugin] Invalid PhysX transform detected for /World/scene_0/controllable__r1__robot_xblfuw/torso_link2.
2026-05-12 16:18:59 [66,069ms] [Warning] [omni.physx.plugin] Invalid PhysX transform detected for /World/scene_0/controllable__r1__robot_xblfuw/torso_link3.
2026-05-12 16:18:59 [66,069ms] [Warning] [omni.physx.plugin] Invalid PhysX transform detected for /World/scene_0/controllable__r1__robot_xblfuw/torso_link4.
2026-05-12 16:18:59 [66,069ms] [Warning] [omni.physx.plugin] Invalid PhysX transform detected for /World/scene_0/controllable__r1__robot_xblfuw/left_arm_link1.
2026-05-12 16:18:59 [66,069ms] [Warning] [omni.physx.plugin] Invalid PhysX transform detected for /World/scene_0/controllable__r1__robot_xblfuw/right_arm_link1.
2026-05-12 16:18:59 [66,069ms] [Warning] [omni.physx.plugin] Invalid PhysX transform detected for /World/scene_0/controllable__r1__robot_xblfuw/eyes.
2026-05-12 16:18:59 [66,069ms] [Warning] [omni.physx.plugin] Invalid PhysX transform detected for /World/scene_0/controllable__r1__robot_xblfuw/left_arm_link2.
2026-05-12 16:18:59 [66,069ms] [Warning] [omni.physx.plugin] Invalid PhysX transform detected for /World/scene_0/controllable__r1__robot_xblfuw/right_arm_link2.
2026-05-12 16:18:59 [66,069ms] [Warning] [omni.physx.plugin] Invalid PhysX transform detected for /World/scene_0/controllable__r1__robot_xblfuw/left_arm_link3.
2026-05-12 16:18:59 [66,069ms] [Warning] [omni.physx.plugin] Invalid PhysX transform detected for /World/scene_0/controllable__r1__robot_xblfuw/right_arm_link3.
2026-05-12 16:18:59 [66,069ms] [Warning] [omni.physx.plugin] Invalid PhysX transform detected for /World/scene_0/controllable__r1__robot_xblfuw/left_arm_link4.
2026-05-12 16:18:59 [66,069ms] [Warning] [omni.physx.plugin] Invalid PhysX transform detected for /World/scene_0/controllable__r1__robot_xblfuw/right_arm_link4.
2026-05-12 16:18:59 [66,069ms] [Warning] [omni.physx.plugin] Invalid PhysX transform detected for /World/scene_0/controllable__r1__robot_xblfuw/left_arm_link5.
2026-05-12 16:18:59 [66,069ms] [Warning] [omni.physx.plugin] Invalid PhysX transform detected for /World/scene_0/controllable__r1__robot_xblfuw/right_arm_link5.
2026-05-12 16:18:59 [66,069ms] [Warning] [omni.physx.plugin] Invalid PhysX transform detected for /World/scene_0/controllable__r1__robot_xblfuw/left_arm_link6.
2026-05-12 16:18:59 [66,069ms] [Warning] [omni.physx.plugin] Invalid PhysX transform detected for /World/scene_0/controllable__r1__robot_xblfuw/right_arm_link6.
2026-05-12 16:18:59 [66,069ms] [Warning] [omni.physx.plugin] Invalid PhysX transform detected for /World/scene_0/controllable__r1__robot_xblfuw/left_gripper_link1.
2026-05-12 16:18:59 [66,069ms] [Warning] [omni.physx.plugin] Invalid PhysX transform detected for /World/scene_0/controllable__r1__robot_xblfuw/left_gripper_link2.
2026-05-12 16:18:59 [66,069ms] [Warning] [omni.physx.plugin] Invalid PhysX transform detected for /World/scene_0/controllable__r1__robot_xblfuw/left_eef_link.
2026-05-12 16:18:59 [66,069ms] [Warning] [omni.physx.plugin] Invalid PhysX transform detected for /World/scene_0/controllable__r1__robot_xblfuw/right_gripper_link1.
2026-05-12 16:18:59 [66,069ms] [Warning] [omni.physx.plugin] Invalid PhysX transform detected for /World/scene_0/controllable__r1__robot_xblfuw/right_gripper_link2.
2026-05-12 16:18:59 [66,069ms] [Warning] [omni.physx.plugin] Invalid PhysX transform detected for /World/scene_0/controllable__r1__robot_xblfuw/right_eef_link.
2026-05-12 16:18:59 [66,069ms] [Warning] [omni.physx.plugin] Invalid PhysX transform detected for /World/scene_0/cover_small_item_render_item_4175346132/base_link.
2026-05-12 16:18:59 [66,145ms] [Warning] [omni.physx.plugin] Invalid PhysX transform detected for /World/scene_0/cover_small_item_render_item_4175346132/glass.
2026-05-12 16:18:59 [66,145ms] [Warning] [omni.physx.plugin] Invalid PhysX transform detected for /World/scene_0/controllable__r1__robot_xblfuw/base_footprint_y.
2026-05-12 16:18:59 [66,145ms] [Warning] [omni.physx.plugin] Invalid PhysX transform detected for /World/scene_0/controllable__r1__robot_xblfuw/base_footprint_z.
2026-05-12 16:18:59 [66,145ms] [Warning] [omni.physx.plugin] Invalid PhysX transform detected for /World/scene_0/controllable__r1__robot_xblfuw/base_footprint_rx.
2026-05-12 16:18:59 [66,145ms] [Warning] [omni.physx.plugin] Invalid PhysX transform detected for /World/scene_0/controllable__r1__robot_xblfuw/base_footprint_ry.
2026-05-12 16:18:59 [66,145ms] [Warning] [omni.physx.plugin] Invalid PhysX transform detected for /World/scene_0/controllable__r1__robot_xblfuw/base_footprint_rz.
2026-05-12 16:18:59 [66,145ms] [Warning] [omni.physx.plugin] Invalid PhysX transform detected for /World/scene_0/controllable__r1__robot_xblfuw/base_link.
2026-05-12 16:18:59 [66,145ms] [Warning] [omni.physx.plugin] Invalid PhysX transform detected for /World/scene_0/controllable__r1__robot_xblfuw/servo_link1.
2026-05-12 16:18:59 [66,145ms] [Warning] [omni.physx.plugin] Invalid PhysX transform detected for /World/scene_0/controllable__r1__robot_xblfuw/servo_link2.
2026-05-12 16:18:59 [66,145ms] [Warning] [omni.physx.plugin] Invalid PhysX transform detected for /World/scene_0/controllable__r1__robot_xblfuw/servo_link3.
2026-05-12 16:18:59 [66,145ms] [Warning] [omni.physx.plugin] Invalid PhysX transform detected for /World/scene_0/controllable__r1__robot_xblfuw/torso_link1.
2026-05-12 16:18:59 [66,145ms] [Warning] [omni.physx.plugin] Invalid PhysX transform detected for /World/scene_0/controllable__r1__robot_xblfuw/wheel_link1.
2026-05-12 16:18:59 [66,145ms] [Warning] [omni.physx.plugin] Invalid PhysX transform detected for /World/scene_0/controllable__r1__robot_xblfuw/wheel_link2.
2026-05-12 16:18:59 [66,145ms] [Warning] [omni.physx.plugin] Invalid PhysX transform detected for /World/scene_0/controllable__r1__robot_xblfuw/wheel_link3.
2026-05-12 16:18:59 [66,145ms] [Warning] [omni.physx.plugin] Invalid PhysX transform detected for /World/scene_0/controllable__r1__robot_xblfuw/torso_link2.
2026-05-12 16:18:59 [66,145ms] [Warning] [omni.physx.plugin] Invalid PhysX transform detected for /World/scene_0/controllable__r1__robot_xblfuw/torso_link3.
2026-05-12 16:18:59 [66,145ms] [Warning] [omni.physx.plugin] Invalid PhysX transform detected for /World/scene_0/controllable__r1__robot_xblfuw/torso_link4.
2026-05-12 16:18:59 [66,145ms] [Warning] [omni.physx.plugin] Invalid PhysX transform detected for /World/scene_0/controllable__r1__robot_xblfuw/left_arm_link1.
2026-05-12 16:18:59 [66,145ms] [Warning] [omni.physx.plugin] Invalid PhysX transform detected for /World/scene_0/controllable__r1__robot_xblfuw/right_arm_link1.
2026-05-12 16:18:59 [66,145ms] [Warning] [omni.physx.plugin] Invalid PhysX transform detected for /World/scene_0/controllable__r1__robot_xblfuw/eyes.
2026-05-12 16:18:59 [66,146ms] [Warning] [omni.physx.plugin] Invalid PhysX transform detected for /World/scene_0/controllable__r1__robot_xblfuw/left_arm_link2.
2026-05-12 16:18:59 [66,146ms] [Warning] [omni.physx.plugin] Invalid PhysX transform detected for /World/scene_0/controllable__r1__robot_xblfuw/right_arm_link2.
2026-05-12 16:18:59 [66,146ms] [Warning] [omni.physx.plugin] Invalid PhysX transform detected for /World/scene_0/controllable__r1__robot_xblfuw/left_arm_link3.
2026-05-12 16:18:59 [66,146ms] [Warning] [omni.physx.plugin] Invalid PhysX transform detected for /World/scene_0/controllable__r1__robot_xblfuw/right_arm_link3.
2026-05-12 16:18:59 [66,146ms] [Warning] [omni.physx.plugin] Invalid PhysX transform detected for /World/scene_0/controllable__r1__robot_xblfuw/left_arm_link4.
2026-05-12 16:18:59 [66,146ms] [Warning] [omni.physx.plugin] Invalid PhysX transform detected for /World/scene_0/controllable__r1__robot_xblfuw/right_arm_link4.
2026-05-12 16:18:59 [66,146ms] [Warning] [omni.physx.plugin] Invalid PhysX transform detected for /World/scene_0/controllable__r1__robot_xblfuw/left_arm_link5.
2026-05-12 16:18:59 [66,146ms] [Warning] [omni.physx.plugin] Invalid PhysX transform detected for /World/scene_0/controllable__r1__robot_xblfuw/right_arm_link5.
2026-05-12 16:18:59 [66,146ms] [Warning] [omni.physx.plugin] Invalid PhysX transform detected for /World/scene_0/controllable__r1__robot_xblfuw/left_arm_link6.
2026-05-12 16:18:59 [66,146ms] [Warning] [omni.physx.plugin] Invalid PhysX transform detected for /World/scene_0/controllable__r1__robot_xblfuw/right_arm_link6.
2026-05-12 16:18:59 [66,146ms] [Warning] [omni.physx.plugin] Invalid PhysX transform detected for /World/scene_0/controllable__r1__robot_xblfuw/left_gripper_link1.
2026-05-12 16:18:59 [66,146ms] [Warning] [omni.physx.plugin] Invalid PhysX transform detected for /World/scene_0/controllable__r1__robot_xblfuw/left_gripper_link2.
2026-05-12 16:18:59 [66,146ms] [Warning] [omni.physx.plugin] Invalid PhysX transform detected for /World/scene_0/controllable__r1__robot_xblfuw/left_eef_link.
2026-05-12 16:18:59 [66,146ms] [Warning] [omni.physx.plugin] Invalid PhysX transform detected for /World/scene_0/controllable__r1__robot_xblfuw/right_gripper_link1.
2026-05-12 16:18:59 [66,146ms] [Warning] [omni.physx.plugin] Invalid PhysX transform detected for /World/scene_0/controllable__r1__robot_xblfuw/right_gripper_link2.
2026-05-12 16:18:59 [66,146ms] [Warning] [omni.physx.plugin] Invalid PhysX transform detected for /World/scene_0/controllable__r1__robot_xblfuw/right_eef_link.
2026-05-12 16:18:59 [66,146ms] [Warning] [omni.physx.plugin] Invalid PhysX transform detected for /World/scene_0/cover_small_item_render_item_4175346132/base_link.
2026-05-12 16:18:59 [66,222ms] [Warning] [omni.physx.plugin] Invalid PhysX transform detected for /World/scene_0/cover_small_item_render_item_4175346132/glass.
2026-05-12 16:18:59 [66,223ms] [Warning] [omni.physx.plugin] Invalid PhysX transform detected for /World/scene_0/controllable__r1__robot_xblfuw/base_footprint_y.
2026-05-12 16:18:59 [66,223ms] [Warning] [omni.physx.plugin] Invalid PhysX transform detected for /World/scene_0/controllable__r1__robot_xblfuw/base_footprint_z.
2026-05-12 16:18:59 [66,223ms] [Warning] [omni.physx.plugin] Invalid PhysX transform detected for /World/scene_0/controllable__r1__robot_xblfuw/base_footprint_rx.
2026-05-12 16:18:59 [66,223ms] [Warning] [omni.physx.plugin] Invalid PhysX transform detected for /World/scene_0/controllable__r1__robot_xblfuw/base_footprint_ry.
2026-05-12 16:18:59 [66,223ms] [Warning] [omni.physx.plugin] Invalid PhysX transform detected for /World/scene_0/controllable__r1__robot_xblfuw/base_footprint_rz.
2026-05-12 16:18:59 [66,223ms] [Warning] [omni.physx.plugin] Invalid PhysX transform detected for /World/scene_0/controllable__r1__robot_xblfuw/base_link.
2026-05-12 16:18:59 [66,223ms] [Warning] [omni.physx.plugin] Invalid PhysX transform detected for /World/scene_0/controllable__r1__robot_xblfuw/servo_link1.
2026-05-12 16:18:59 [66,223ms] [Warning] [omni.physx.plugin] Invalid PhysX transform detected for /World/scene_0/controllable__r1__robot_xblfuw/servo_link2.
2026-05-12 16:18:59 [66,223ms] [Warning] [omni.physx.plugin] Invalid PhysX transform detected for /World/scene_0/controllable__r1__robot_xblfuw/servo_link3.
2026-05-12 16:18:59 [66,223ms] [Warning] [omni.physx.plugin] Invalid PhysX transform detected for /World/scene_0/controllable__r1__robot_xblfuw/torso_link1.
2026-05-12 16:18:59 [66,223ms] [Warning] [omni.physx.plugin] Invalid PhysX transform detected for /World/scene_0/controllable__r1__robot_xblfuw/wheel_link1.
2026-05-12 16:18:59 [66,223ms] [Warning] [omni.physx.plugin] Invalid PhysX transform detected for /World/scene_0/controllable__r1__robot_xblfuw/wheel_link2.
2026-05-12 16:18:59 [66,223ms] [Warning] [omni.physx.plugin] Invalid PhysX transform detected for /World/scene_0/controllable__r1__robot_xblfuw/wheel_link3.
2026-05-12 16:18:59 [66,223ms] [Warning] [omni.physx.plugin] Invalid PhysX transform detected for /World/scene_0/controllable__r1__robot_xblfuw/torso_link2.
2026-05-12 16:18:59 [66,223ms] [Warning] [omni.physx.plugin] Invalid PhysX transform detected for /World/scene_0/controllable__r1__robot_xblfuw/torso_link3.
2026-05-12 16:18:59 [66,223ms] [Warning] [omni.physx.plugin] Invalid PhysX transform detected for /World/scene_0/controllable__r1__robot_xblfuw/torso_link4.
2026-05-12 16:18:59 [66,223ms] [Warning] [omni.physx.plugin] Invalid PhysX transform detected for /World/scene_0/controllable__r1__robot_xblfuw/left_arm_link1.
2026-05-12 16:18:59 [66,223ms] [Warning] [omni.physx.plugin] Invalid PhysX transform detected for /World/scene_0/controllable__r1__robot_xblfuw/right_arm_link1.
2026-05-12 16:18:59 [66,223ms] [Warning] [omni.physx.plugin] Invalid PhysX transform detected for /World/scene_0/controllable__r1__robot_xblfuw/eyes.
2026-05-12 16:18:59 [66,223ms] [Warning] [omni.physx.plugin] Invalid PhysX transform detected for /World/scene_0/controllable__r1__robot_xblfuw/left_arm_link2.
2026-05-12 16:18:59 [66,223ms] [Warning] [omni.physx.plugin] Invalid PhysX transform detected for /World/scene_0/controllable__r1__robot_xblfuw/right_arm_link2.
2026-05-12 16:18:59 [66,223ms] [Warning] [omni.physx.plugin] Invalid PhysX transform detected for /World/scene_0/controllable__r1__robot_xblfuw/left_arm_link3.
2026-05-12 16:18:59 [66,223ms] [Warning] [omni.physx.plugin] Invalid PhysX transform detected for /World/scene_0/controllable__r1__robot_xblfuw/right_arm_link3.
2026-05-12 16:18:59 [66,223ms] [Warning] [omni.physx.plugin] Invalid PhysX transform detected for /World/scene_0/controllable__r1__robot_xblfuw/left_arm_link4.
2026-05-12 16:18:59 [66,223ms] [Warning] [omni.physx.plugin] Invalid PhysX transform detected for /World/scene_0/controllable__r1__robot_xblfuw/right_arm_link4.
2026-05-12 16:18:59 [66,223ms] [Warning] [omni.physx.plugin] Invalid PhysX transform detected for /World/scene_0/controllable__r1__robot_xblfuw/left_arm_link5.
2026-05-12 16:18:59 [66,223ms] [Warning] [omni.physx.plugin] Invalid PhysX transform detected for /World/scene_0/controllable__r1__robot_xblfuw/right_arm_link5.
2026-05-12 16:18:59 [66,223ms] [Warning] [omni.physx.plugin] Invalid PhysX transform detected for /World/scene_0/controllable__r1__robot_xblfuw/left_arm_link6.
2026-05-12 16:18:59 [66,223ms] [Warning] [omni.physx.plugin] Invalid PhysX transform detected for /World/scene_0/controllable__r1__robot_xblfuw/right_arm_link6.
2026-05-12 16:18:59 [66,223ms] [Warning] [omni.physx.plugin] Invalid PhysX transform detected for /World/scene_0/controllable__r1__robot_xblfuw/left_gripper_link1.
2026-05-12 16:18:59 [66,223ms] [Warning] [omni.physx.plugin] Invalid PhysX transform detected for /World/scene_0/controllable__r1__robot_xblfuw/left_gripper_link2.
2026-05-12 16:18:59 [66,223ms] [Warning] [omni.physx.plugin] Invalid PhysX transform detected for /World/scene_0/controllable__r1__robot_xblfuw/left_eef_link.
2026-05-12 16:18:59 [66,223ms] [Warning] [omni.physx.plugin] Invalid PhysX transform detected for /World/scene_0/controllable__r1__robot_xblfuw/right_gripper_link1.
2026-05-12 16:18:59 [66,223ms] [Warning] [omni.physx.plugin] Invalid PhysX transform detected for /World/scene_0/controllable__r1__robot_xblfuw/right_gripper_link2.
2026-05-12 16:18:59 [66,223ms] [Warning] [omni.physx.plugin] Invalid PhysX transform detected for /World/scene_0/controllable__r1__robot_xblfuw/right_eef_link.
2026-05-12 16:18:59 [66,223ms] [Warning] [omni.physx.plugin] Invalid PhysX transform detected for /World/scene_0/cover_small_item_render_item_4175346132/base_link.
2026-05-12 16:18:59 [66,299ms] [Warning] [omni.physx.plugin] Invalid PhysX transform detected for /World/scene_0/cover_small_item_render_item_4175346132/glass.
2026-05-12 16:18:59 [66,300ms] [Warning] [omni.physx.plugin] Invalid PhysX transform detected for /World/scene_0/controllable__r1__robot_xblfuw/base_footprint_y.
2026-05-12 16:18:59 [66,300ms] [Warning] [omni.physx.plugin] Invalid PhysX transform detected for /World/scene_0/controllable__r1__robot_xblfuw/base_footprint_z.
2026-05-12 16:18:59 [66,300ms] [Warning] [omni.physx.plugin] Invalid PhysX transform detected for /World/scene_0/controllable__r1__robot_xblfuw/base_footprint_rx.
2026-05-12 16:18:59 [66,300ms] [Warning] [omni.physx.plugin] Invalid PhysX transform detected for /World/scene_0/controllable__r1__robot_xblfuw/base_footprint_ry.
2026-05-12 16:18:59 [66,300ms] [Warning] [omni.physx.plugin] Invalid PhysX transform detected for /World/scene_0/controllable__r1__robot_xblfuw/base_footprint_rz.
2026-05-12 16:18:59 [66,300ms] [Warning] [omni.physx.plugin] Invalid PhysX transform detected for /World/scene_0/controllable__r1__robot_xblfuw/base_link.
2026-05-12 16:18:59 [66,300ms] [Warning] [omni.physx.plugin] Invalid PhysX transform detected for /World/scene_0/controllable__r1__robot_xblfuw/servo_link1.
2026-05-12 16:18:59 [66,300ms] [Warning] [omni.physx.plugin] Invalid PhysX transform detected for /World/scene_0/controllable__r1__robot_xblfuw/servo_link2.
2026-05-12 16:18:59 [66,300ms] [Warning] [omni.physx.plugin] Invalid PhysX transform detected for /World/scene_0/controllable__r1__robot_xblfuw/servo_link3.
2026-05-12 16:18:59 [66,300ms] [Warning] [omni.physx.plugin] Invalid PhysX transform detected for /World/scene_0/controllable__r1__robot_xblfuw/torso_link1.
2026-05-12 16:18:59 [66,300ms] [Warning] [omni.physx.plugin] Invalid PhysX transform detected for /World/scene_0/controllable__r1__robot_xblfuw/wheel_link1.
2026-05-12 16:18:59 [66,300ms] [Warning] [omni.physx.plugin] Invalid PhysX transform detected for /World/scene_0/controllable__r1__robot_xblfuw/wheel_link2.
2026-05-12 16:18:59 [66,300ms] [Warning] [omni.physx.plugin] Invalid PhysX transform detected for /World/scene_0/controllable__r1__robot_xblfuw/wheel_link3.
2026-05-12 16:18:59 [66,300ms] [Warning] [omni.physx.plugin] Invalid PhysX transform detected for /World/scene_0/controllable__r1__robot_xblfuw/torso_link2.
2026-05-12 16:18:59 [66,300ms] [Warning] [omni.physx.plugin] Invalid PhysX transform detected for /World/scene_0/controllable__r1__robot_xblfuw/torso_link3.
2026-05-12 16:18:59 [66,300ms] [Warning] [omni.physx.plugin] Invalid PhysX transform detected for /World/scene_0/controllable__r1__robot_xblfuw/torso_link4.
2026-05-12 16:18:59 [66,300ms] [Warning] [omni.physx.plugin] Invalid PhysX transform detected for /World/scene_0/controllable__r1__robot_xblfuw/left_arm_link1.
2026-05-12 16:18:59 [66,300ms] [Warning] [omni.physx.plugin] Invalid PhysX transform detected for /World/scene_0/controllable__r1__robot_xblfuw/right_arm_link1.
2026-05-12 16:18:59 [66,300ms] [Warning] [omni.physx.plugin] Invalid PhysX transform detected for /World/scene_0/controllable__r1__robot_xblfuw/eyes.
2026-05-12 16:18:59 [66,300ms] [Warning] [omni.physx.plugin] Invalid PhysX transform detected for /World/scene_0/controllable__r1__robot_xblfuw/left_arm_link2.
2026-05-12 16:18:59 [66,300ms] [Warning] [omni.physx.plugin] Invalid PhysX transform detected for /World/scene_0/controllable__r1__robot_xblfuw/right_arm_link2.
2026-05-12 16:18:59 [66,300ms] [Warning] [omni.physx.plugin] Invalid PhysX transform detected for /World/scene_0/controllable__r1__robot_xblfuw/left_arm_link3.
2026-05-12 16:18:59 [66,300ms] [Warning] [omni.physx.plugin] Invalid PhysX transform detected for /World/scene_0/controllable__r1__robot_xblfuw/right_arm_link3.
2026-05-12 16:18:59 [66,300ms] [Warning] [omni.physx.plugin] Invalid PhysX transform detected for /World/scene_0/controllable__r1__robot_xblfuw/left_arm_link4.
2026-05-12 16:18:59 [66,300ms] [Warning] [omni.physx.plugin] Invalid PhysX transform detected for /World/scene_0/controllable__r1__robot_xblfuw/right_arm_link4.
2026-05-12 16:18:59 [66,300ms] [Warning] [omni.physx.plugin] Invalid PhysX transform detected for /World/scene_0/controllable__r1__robot_xblfuw/left_arm_link5.
2026-05-12 16:18:59 [66,300ms] [Warning] [omni.physx.plugin] Invalid PhysX transform detected for /World/scene_0/controllable__r1__robot_xblfuw/right_arm_link5.
2026-05-12 16:18:59 [66,300ms] [Warning] [omni.physx.plugin] Invalid PhysX transform detected for /World/scene_0/controllable__r1__robot_xblfuw/left_arm_link6.
2026-05-12 16:18:59 [66,300ms] [Warning] [omni.physx.plugin] Invalid PhysX transform detected for /World/scene_0/controllable__r1__robot_xblfuw/right_arm_link6.
2026-05-12 16:18:59 [66,300ms] [Warning] [omni.physx.plugin] Invalid PhysX transform detected for /World/scene_0/controllable__r1__robot_xblfuw/left_gripper_link1.
2026-05-12 16:18:59 [66,300ms] [Warning] [omni.physx.plugin] Invalid PhysX transform detected for /World/scene_0/controllable__r1__robot_xblfuw/left_gripper_link2.
2026-05-12 16:18:59 [66,300ms] [Warning] [omni.physx.plugin] Invalid PhysX transform detected for /World/scene_0/controllable__r1__robot_xblfuw/left_eef_link.
2026-05-12 16:18:59 [66,300ms] [Warning] [omni.physx.plugin] Invalid PhysX transform detected for /World/scene_0/controllable__r1__robot_xblfuw/right_gripper_link1.
2026-05-12 16:18:59 [66,300ms] [Warning] [omni.physx.plugin] Invalid PhysX transform detected for /World/scene_0/controllable__r1__robot_xblfuw/right_gripper_link2.
2026-05-12 16:18:59 [66,300ms] [Warning] [omni.physx.plugin] Invalid PhysX transform detected for /World/scene_0/controllable__r1__robot_xblfuw/right_eef_link.
2026-05-12 16:18:59 [66,300ms] [Warning] [omni.physx.plugin] Invalid PhysX transform detected for /World/scene_0/cover_small_item_render_item_4175346132/base_link.
2026-05-12 16:18:59 [66,375ms] [Warning] [omni.physx.plugin] Invalid PhysX transform detected for /World/scene_0/cover_small_item_render_item_4175346132/glass.
2026-05-12 16:18:59 [66,376ms] [Warning] [omni.physx.plugin] Invalid PhysX transform detected for /World/scene_0/controllable__r1__robot_xblfuw/base_footprint_y.
2026-05-12 16:18:59 [66,376ms] [Warning] [omni.physx.plugin] Invalid PhysX transform detected for /World/scene_0/controllable__r1__robot_xblfuw/base_footprint_z.
2026-05-12 16:18:59 [66,376ms] [Warning] [omni.physx.plugin] Invalid PhysX transform detected for /World/scene_0/controllable__r1__robot_xblfuw/base_footprint_rx.
2026-05-12 16:18:59 [66,376ms] [Warning] [omni.physx.plugin] Invalid PhysX transform detected for /World/scene_0/controllable__r1__robot_xblfuw/base_footprint_ry.
2026-05-12 16:18:59 [66,376ms] [Warning] [omni.physx.plugin] Invalid PhysX transform detected for /World/scene_0/controllable__r1__robot_xblfuw/base_footprint_rz.
2026-05-12 16:18:59 [66,376ms] [Warning] [omni.physx.plugin] Invalid PhysX transform detected for /World/scene_0/controllable__r1__robot_xblfuw/base_link.
2026-05-12 16:18:59 [66,376ms] [Warning] [omni.physx.plugin] Invalid PhysX transform detected for /World/scene_0/controllable__r1__robot_xblfuw/servo_link1.
2026-05-12 16:18:59 [66,376ms] [Warning] [omni.physx.plugin] Invalid PhysX transform detected for /World/scene_0/controllable__r1__robot_xblfuw/servo_link2.
2026-05-12 16:18:59 [66,376ms] [Warning] [omni.physx.plugin] Invalid PhysX transform detected for /World/scene_0/controllable__r1__robot_xblfuw/servo_link3.
2026-05-12 16:18:59 [66,376ms] [Warning] [omni.physx.plugin] Invalid PhysX transform detected for /World/scene_0/controllable__r1__robot_xblfuw/torso_link1.
2026-05-12 16:18:59 [66,376ms] [Warning] [omni.physx.plugin] Invalid PhysX transform detected for /World/scene_0/controllable__r1__robot_xblfuw/wheel_link1.
2026-05-12 16:18:59 [66,376ms] [Warning] [omni.physx.plugin] Invalid PhysX transform detected for /World/scene_0/controllable__r1__robot_xblfuw/wheel_link2.
2026-05-12 16:18:59 [66,376ms] [Warning] [omni.physx.plugin] Invalid PhysX transform detected for /World/scene_0/controllable__r1__robot_xblfuw/wheel_link3.
2026-05-12 16:18:59 [66,376ms] [Warning] [omni.physx.plugin] Invalid PhysX transform detected for /World/scene_0/controllable__r1__robot_xblfuw/torso_link2.
2026-05-12 16:18:59 [66,376ms] [Warning] [omni.physx.plugin] Invalid PhysX transform detected for /World/scene_0/controllable__r1__robot_xblfuw/torso_link3.
2026-05-12 16:18:59 [66,376ms] [Warning] [omni.physx.plugin] Invalid PhysX transform detected for /World/scene_0/controllable__r1__robot_xblfuw/torso_link4.
2026-05-12 16:18:59 [66,376ms] [Warning] [omni.physx.plugin] Invalid PhysX transform detected for /World/scene_0/controllable__r1__robot_xblfuw/left_arm_link1.
2026-05-12 16:18:59 [66,376ms] [Warning] [omni.physx.plugin] Invalid PhysX transform detected for /World/scene_0/controllable__r1__robot_xblfuw/right_arm_link1.
2026-05-12 16:18:59 [66,376ms] [Warning] [omni.physx.plugin] Invalid PhysX transform detected for /World/scene_0/controllable__r1__robot_xblfuw/eyes.
2026-05-12 16:18:59 [66,376ms] [Warning] [omni.physx.plugin] Invalid PhysX transform detected for /World/scene_0/controllable__r1__robot_xblfuw/left_arm_link2.
2026-05-12 16:18:59 [66,376ms] [Warning] [omni.physx.plugin] Invalid PhysX transform detected for /World/scene_0/controllable__r1__robot_xblfuw/right_arm_link2.
2026-05-12 16:18:59 [66,376ms] [Warning] [omni.physx.plugin] Invalid PhysX transform detected for /World/scene_0/controllable__r1__robot_xblfuw/left_arm_link3.
2026-05-12 16:18:59 [66,376ms] [Warning] [omni.physx.plugin] Invalid PhysX transform detected for /World/scene_0/controllable__r1__robot_xblfuw/right_arm_link3.
2026-05-12 16:18:59 [66,376ms] [Warning] [omni.physx.plugin] Invalid PhysX transform detected for /World/scene_0/controllable__r1__robot_xblfuw/left_arm_link4.
2026-05-12 16:18:59 [66,376ms] [Warning] [omni.physx.plugin] Invalid PhysX transform detected for /World/scene_0/controllable__r1__robot_xblfuw/right_arm_link4.
2026-05-12 16:18:59 [66,376ms] [Warning] [omni.physx.plugin] Invalid PhysX transform detected for /World/scene_0/controllable__r1__robot_xblfuw/left_arm_link5.
2026-05-12 16:18:59 [66,376ms] [Warning] [omni.physx.plugin] Invalid PhysX transform detected for /World/scene_0/controllable__r1__robot_xblfuw/right_arm_link5.
2026-05-12 16:18:59 [66,376ms] [Warning] [omni.physx.plugin] Invalid PhysX transform detected for /World/scene_0/controllable__r1__robot_xblfuw/left_arm_link6.
2026-05-12 16:18:59 [66,376ms] [Warning] [omni.physx.plugin] Invalid PhysX transform detected for /World/scene_0/controllable__r1__robot_xblfuw/right_arm_link6.
2026-05-12 16:18:59 [66,376ms] [Warning] [omni.physx.plugin] Invalid PhysX transform detected for /World/scene_0/controllable__r1__robot_xblfuw/left_gripper_link1.
2026-05-12 16:18:59 [66,376ms] [Warning] [omni.physx.plugin] Invalid PhysX transform detected for /World/scene_0/controllable__r1__robot_xblfuw/left_gripper_link2.
2026-05-12 16:18:59 [66,376ms] [Warning] [omni.physx.plugin] Invalid PhysX transform detected for /World/scene_0/controllable__r1__robot_xblfuw/left_eef_link.
2026-05-12 16:18:59 [66,376ms] [Warning] [omni.physx.plugin] Invalid PhysX transform detected for /World/scene_0/controllable__r1__robot_xblfuw/right_gripper_link1.
2026-05-12 16:18:59 [66,376ms] [Warning] [omni.physx.plugin] Invalid PhysX transform detected for /World/scene_0/controllable__r1__robot_xblfuw/right_gripper_link2.
2026-05-12 16:18:59 [66,376ms] [Warning] [omni.physx.plugin] Invalid PhysX transform detected for /World/scene_0/controllable__r1__robot_xblfuw/right_eef_link.
2026-05-12 16:18:59 [66,376ms] [Warning] [omni.physx.plugin] Invalid PhysX transform detected for /World/scene_0/cover_small_item_render_item_4175346132/base_link.
2026-05-12 16:18:59 [66,451ms] [Warning] [omni.physx.plugin] Invalid PhysX transform detected for /World/scene_0/cover_small_item_render_item_4175346132/glass.
2026-05-12 16:18:59 [66,451ms] [Warning] [omni.physx.plugin] Invalid PhysX transform detected for /World/scene_0/controllable__r1__robot_xblfuw/base_footprint_y.
2026-05-12 16:18:59 [66,451ms] [Warning] [omni.physx.plugin] Invalid PhysX transform detected for /World/scene_0/controllable__r1__robot_xblfuw/base_footprint_z.
2026-05-12 16:18:59 [66,451ms] [Warning] [omni.physx.plugin] Invalid PhysX transform detected for /World/scene_0/controllable__r1__robot_xblfuw/base_footprint_rx.
2026-05-12 16:18:59 [66,451ms] [Warning] [omni.physx.plugin] Invalid PhysX transform detected for /World/scene_0/controllable__r1__robot_xblfuw/base_footprint_ry.
2026-05-12 16:18:59 [66,451ms] [Warning] [omni.physx.plugin] Invalid PhysX transform detected for /World/scene_0/controllable__r1__robot_xblfuw/base_footprint_rz.
2026-05-12 16:18:59 [66,451ms] [Warning] [omni.physx.plugin] Invalid PhysX transform detected for /World/scene_0/controllable__r1__robot_xblfuw/base_link.
2026-05-12 16:18:59 [66,451ms] [Warning] [omni.physx.plugin] Invalid PhysX transform detected for /World/scene_0/controllable__r1__robot_xblfuw/servo_link1.
2026-05-12 16:18:59 [66,451ms] [Warning] [omni.physx.plugin] Invalid PhysX transform detected for /World/scene_0/controllable__r1__robot_xblfuw/servo_link2.
2026-05-12 16:18:59 [66,451ms] [Warning] [omni.physx.plugin] Invalid PhysX transform detected for /World/scene_0/controllable__r1__robot_xblfuw/servo_link3.
2026-05-12 16:18:59 [66,451ms] [Warning] [omni.physx.plugin] Invalid PhysX transform detected for /World/scene_0/controllable__r1__robot_xblfuw/torso_link1.
2026-05-12 16:18:59 [66,451ms] [Warning] [omni.physx.plugin] Invalid PhysX transform detected for /World/scene_0/controllable__r1__robot_xblfuw/wheel_link1.
2026-05-12 16:18:59 [66,451ms] [Warning] [omni.physx.plugin] Invalid PhysX transform detected for /World/scene_0/controllable__r1__robot_xblfuw/wheel_link2.
2026-05-12 16:18:59 [66,451ms] [Warning] [omni.physx.plugin] Invalid PhysX transform detected for /World/scene_0/controllable__r1__robot_xblfuw/wheel_link3.
2026-05-12 16:18:59 [66,451ms] [Warning] [omni.physx.plugin] Invalid PhysX transform detected for /World/scene_0/controllable__r1__robot_xblfuw/torso_link2.
2026-05-12 16:18:59 [66,451ms] [Warning] [omni.physx.plugin] Invalid PhysX transform detected for /World/scene_0/controllable__r1__robot_xblfuw/torso_link3.
2026-05-12 16:18:59 [66,451ms] [Warning] [omni.physx.plugin] Invalid PhysX transform detected for /World/scene_0/controllable__r1__robot_xblfuw/torso_link4.
2026-05-12 16:18:59 [66,451ms] [Warning] [omni.physx.plugin] Invalid PhysX transform detected for /World/scene_0/controllable__r1__robot_xblfuw/left_arm_link1.
2026-05-12 16:18:59 [66,451ms] [Warning] [omni.physx.plugin] Invalid PhysX transform detected for /World/scene_0/controllable__r1__robot_xblfuw/right_arm_link1.
2026-05-12 16:18:59 [66,451ms] [Warning] [omni.physx.plugin] Invalid PhysX transform detected for /World/scene_0/controllable__r1__robot_xblfuw/eyes.
2026-05-12 16:18:59 [66,451ms] [Warning] [omni.physx.plugin] Invalid PhysX transform detected for /World/scene_0/controllable__r1__robot_xblfuw/left_arm_link2.
2026-05-12 16:18:59 [66,451ms] [Warning] [omni.physx.plugin] Invalid PhysX transform detected for /World/scene_0/controllable__r1__robot_xblfuw/right_arm_link2.
2026-05-12 16:18:59 [66,451ms] [Warning] [omni.physx.plugin] Invalid PhysX transform detected for /World/scene_0/controllable__r1__robot_xblfuw/left_arm_link3.
2026-05-12 16:18:59 [66,451ms] [Warning] [omni.physx.plugin] Invalid PhysX transform detected for /World/scene_0/controllable__r1__robot_xblfuw/right_arm_link3.
2026-05-12 16:18:59 [66,451ms] [Warning] [omni.physx.plugin] Invalid PhysX transform detected for /World/scene_0/controllable__r1__robot_xblfuw/left_arm_link4.
2026-05-12 16:18:59 [66,451ms] [Warning] [omni.physx.plugin] Invalid PhysX transform detected for /World/scene_0/controllable__r1__robot_xblfuw/right_arm_link4.
2026-05-12 16:18:59 [66,451ms] [Warning] [omni.physx.plugin] Invalid PhysX transform detected for /World/scene_0/controllable__r1__robot_xblfuw/left_arm_link5.
2026-05-12 16:18:59 [66,451ms] [Warning] [omni.physx.plugin] Invalid PhysX transform detected for /World/scene_0/controllable__r1__robot_xblfuw/right_arm_link5.
2026-05-12 16:18:59 [66,451ms] [Warning] [omni.physx.plugin] Invalid PhysX transform detected for /World/scene_0/controllable__r1__robot_xblfuw/left_arm_link6.
2026-05-12 16:18:59 [66,451ms] [Warning] [omni.physx.plugin] Invalid PhysX transform detected for /World/scene_0/controllable__r1__robot_xblfuw/right_arm_link6.
2026-05-12 16:18:59 [66,451ms] [Warning] [omni.physx.plugin] Invalid PhysX transform detected for /World/scene_0/controllable__r1__robot_xblfuw/left_gripper_link1.
2026-05-12 16:18:59 [66,451ms] [Warning] [omni.physx.plugin] Invalid PhysX transform detected for /World/scene_0/controllable__r1__robot_xblfuw/left_gripper_link2.
2026-05-12 16:18:59 [66,451ms] [Warning] [omni.physx.plugin] Invalid PhysX transform detected for /World/scene_0/controllable__r1__robot_xblfuw/left_eef_link.
2026-05-12 16:18:59 [66,451ms] [Warning] [omni.physx.plugin] Invalid PhysX transform detected for /World/scene_0/controllable__r1__robot_xblfuw/right_gripper_link1.
2026-05-12 16:18:59 [66,451ms] [Warning] [omni.physx.plugin] Invalid PhysX transform detected for /World/scene_0/controllable__r1__robot_xblfuw/right_gripper_link2.
2026-05-12 16:18:59 [66,451ms] [Warning] [omni.physx.plugin] Invalid PhysX transform detected for /World/scene_0/controllable__r1__robot_xblfuw/right_eef_link.
2026-05-12 16:18:59 [66,451ms] [Warning] [omni.physx.plugin] Invalid PhysX transform detected for /World/scene_0/cover_small_item_render_item_4175346132/base_link.
2026-05-12 16:18:59 [66,529ms] [Warning] [omni.physx.plugin] Invalid PhysX transform detected for /World/scene_0/cover_small_item_render_item_4175346132/glass.
2026-05-12 16:18:59 [66,529ms] [Warning] [omni.physx.plugin] Invalid PhysX transform detected for /World/scene_0/controllable__r1__robot_xblfuw/base_footprint_y.
2026-05-12 16:18:59 [66,529ms] [Warning] [omni.physx.plugin] Invalid PhysX transform detected for /World/scene_0/controllable__r1__robot_xblfuw/base_footprint_z.
2026-05-12 16:18:59 [66,529ms] [Warning] [omni.physx.plugin] Invalid PhysX transform detected for /World/scene_0/controllable__r1__robot_xblfuw/base_footprint_rx.
2026-05-12 16:18:59 [66,529ms] [Warning] [omni.physx.plugin] Invalid PhysX transform detected for /World/scene_0/controllable__r1__robot_xblfuw/base_footprint_ry.
2026-05-12 16:18:59 [66,529ms] [Warning] [omni.physx.plugin] Invalid PhysX transform detected for /World/scene_0/controllable__r1__robot_xblfuw/base_footprint_rz.
2026-05-12 16:18:59 [66,529ms] [Warning] [omni.physx.plugin] Invalid PhysX transform detected for /World/scene_0/controllable__r1__robot_xblfuw/base_link.
2026-05-12 16:18:59 [66,529ms] [Warning] [omni.physx.plugin] Invalid PhysX transform detected for /World/scene_0/controllable__r1__robot_xblfuw/servo_link1.
2026-05-12 16:18:59 [66,529ms] [Warning] [omni.physx.plugin] Invalid PhysX transform detected for /World/scene_0/controllable__r1__robot_xblfuw/servo_link2.
2026-05-12 16:18:59 [66,529ms] [Warning] [omni.physx.plugin] Invalid PhysX transform detected for /World/scene_0/controllable__r1__robot_xblfuw/servo_link3.
2026-05-12 16:18:59 [66,529ms] [Warning] [omni.physx.plugin] Invalid PhysX transform detected for /World/scene_0/controllable__r1__robot_xblfuw/torso_link1.
2026-05-12 16:18:59 [66,529ms] [Warning] [omni.physx.plugin] Invalid PhysX transform detected for /World/scene_0/controllable__r1__robot_xblfuw/wheel_link1.
2026-05-12 16:18:59 [66,529ms] [Warning] [omni.physx.plugin] Invalid PhysX transform detected for /World/scene_0/controllable__r1__robot_xblfuw/wheel_link2.
2026-05-12 16:18:59 [66,529ms] [Warning] [omni.physx.plugin] Invalid PhysX transform detected for /World/scene_0/controllable__r1__robot_xblfuw/wheel_link3.
2026-05-12 16:18:59 [66,529ms] [Warning] [omni.physx.plugin] Invalid PhysX transform detected for /World/scene_0/controllable__r1__robot_xblfuw/torso_link2.
2026-05-12 16:18:59 [66,529ms] [Warning] [omni.physx.plugin] Invalid PhysX transform detected for /World/scene_0/controllable__r1__robot_xblfuw/torso_link3.
2026-05-12 16:18:59 [66,529ms] [Warning] [omni.physx.plugin] Invalid PhysX transform detected for /World/scene_0/controllable__r1__robot_xblfuw/torso_link4.
2026-05-12 16:18:59 [66,529ms] [Warning] [omni.physx.plugin] Invalid PhysX transform detected for /World/scene_0/controllable__r1__robot_xblfuw/left_arm_link1.
2026-05-12 16:18:59 [66,529ms] [Warning] [omni.physx.plugin] Invalid PhysX transform detected for /World/scene_0/controllable__r1__robot_xblfuw/right_arm_link1.
2026-05-12 16:18:59 [66,529ms] [Warning] [omni.physx.plugin] Invalid PhysX transform detected for /World/scene_0/controllable__r1__robot_xblfuw/eyes.
2026-05-12 16:18:59 [66,529ms] [Warning] [omni.physx.plugin] Invalid PhysX transform detected for /World/scene_0/controllable__r1__robot_xblfuw/left_arm_link2.
2026-05-12 16:18:59 [66,529ms] [Warning] [omni.physx.plugin] Invalid PhysX transform detected for /World/scene_0/controllable__r1__robot_xblfuw/right_arm_link2.
2026-05-12 16:18:59 [66,529ms] [Warning] [omni.physx.plugin] Invalid PhysX transform detected for /World/scene_0/controllable__r1__robot_xblfuw/left_arm_link3.
2026-05-12 16:18:59 [66,529ms] [Warning] [omni.physx.plugin] Invalid PhysX transform detected for /World/scene_0/controllable__r1__robot_xblfuw/right_arm_link3.
2026-05-12 16:18:59 [66,529ms] [Warning] [omni.physx.plugin] Invalid PhysX transform detected for /World/scene_0/controllable__r1__robot_xblfuw/left_arm_link4.
2026-05-12 16:18:59 [66,529ms] [Warning] [omni.physx.plugin] Invalid PhysX transform detected for /World/scene_0/controllable__r1__robot_xblfuw/right_arm_link4.
2026-05-12 16:18:59 [66,529ms] [Warning] [omni.physx.plugin] Invalid PhysX transform detected for /World/scene_0/controllable__r1__robot_xblfuw/left_arm_link5.
2026-05-12 16:18:59 [66,529ms] [Warning] [omni.physx.plugin] Invalid PhysX transform detected for /World/scene_0/controllable__r1__robot_xblfuw/right_arm_link5.
2026-05-12 16:18:59 [66,529ms] [Warning] [omni.physx.plugin] Invalid PhysX transform detected for /World/scene_0/controllable__r1__robot_xblfuw/left_arm_link6.
2026-05-12 16:18:59 [66,529ms] [Warning] [omni.physx.plugin] Invalid PhysX transform detected for /World/scene_0/controllable__r1__robot_xblfuw/right_arm_link6.
2026-05-12 16:18:59 [66,529ms] [Warning] [omni.physx.plugin] Invalid PhysX transform detected for /World/scene_0/controllable__r1__robot_xblfuw/left_gripper_link1.
2026-05-12 16:18:59 [66,529ms] [Warning] [omni.physx.plugin] Invalid PhysX transform detected for /World/scene_0/controllable__r1__robot_xblfuw/left_gripper_link2.
2026-05-12 16:18:59 [66,529ms] [Warning] [omni.physx.plugin] Invalid PhysX transform detected for /World/scene_0/controllable__r1__robot_xblfuw/left_eef_link.
2026-05-12 16:18:59 [66,529ms] [Warning] [omni.physx.plugin] Invalid PhysX transform detected for /World/scene_0/controllable__r1__robot_xblfuw/right_gripper_link1.
2026-05-12 16:18:59 [66,529ms] [Warning] [omni.physx.plugin] Invalid PhysX transform detected for /World/scene_0/controllable__r1__robot_xblfuw/right_gripper_link2.
2026-05-12 16:18:59 [66,529ms] [Warning] [omni.physx.plugin] Invalid PhysX transform detected for /World/scene_0/controllable__r1__robot_xblfuw/right_eef_link.
2026-05-12 16:18:59 [66,529ms] [Warning] [omni.physx.plugin] Invalid PhysX transform detected for /World/scene_0/cover_small_item_render_item_4175346132/base_link.
2026-05-12 16:18:59 [66,605ms] [Warning] [omni.physx.plugin] Invalid PhysX transform detected for /World/scene_0/cover_small_item_render_item_4175346132/glass.
2026-05-12 16:18:59 [66,605ms] [Warning] [omni.physx.plugin] Invalid PhysX transform detected for /World/scene_0/controllable__r1__robot_xblfuw/base_footprint_y.
2026-05-12 16:18:59 [66,605ms] [Warning] [omni.physx.plugin] Invalid PhysX transform detected for /World/scene_0/controllable__r1__robot_xblfuw/base_footprint_z.
2026-05-12 16:18:59 [66,605ms] [Warning] [omni.physx.plugin] Invalid PhysX transform detected for /World/scene_0/controllable__r1__robot_xblfuw/base_footprint_rx.
2026-05-12 16:18:59 [66,605ms] [Warning] [omni.physx.plugin] Invalid PhysX transform detected for /World/scene_0/controllable__r1__robot_xblfuw/base_footprint_ry.
2026-05-12 16:18:59 [66,605ms] [Warning] [omni.physx.plugin] Invalid PhysX transform detected for /World/scene_0/controllable__r1__robot_xblfuw/base_footprint_rz.
2026-05-12 16:18:59 [66,605ms] [Warning] [omni.physx.plugin] Invalid PhysX transform detected for /World/scene_0/controllable__r1__robot_xblfuw/base_link.
2026-05-12 16:18:59 [66,605ms] [Warning] [omni.physx.plugin] Invalid PhysX transform detected for /World/scene_0/controllable__r1__robot_xblfuw/servo_link1.
2026-05-12 16:18:59 [66,605ms] [Warning] [omni.physx.plugin] Invalid PhysX transform detected for /World/scene_0/controllable__r1__robot_xblfuw/servo_link2.
2026-05-12 16:18:59 [66,605ms] [Warning] [omni.physx.plugin] Invalid PhysX transform detected for /World/scene_0/controllable__r1__robot_xblfuw/servo_link3.
2026-05-12 16:18:59 [66,605ms] [Warning] [omni.physx.plugin] Invalid PhysX transform detected for /World/scene_0/controllable__r1__robot_xblfuw/torso_link1.
2026-05-12 16:18:59 [66,605ms] [Warning] [omni.physx.plugin] Invalid PhysX transform detected for /World/scene_0/controllable__r1__robot_xblfuw/wheel_link1.
2026-05-12 16:18:59 [66,605ms] [Warning] [omni.physx.plugin] Invalid PhysX transform detected for /World/scene_0/controllable__r1__robot_xblfuw/wheel_link2.
2026-05-12 16:18:59 [66,605ms] [Warning] [omni.physx.plugin] Invalid PhysX transform detected for /World/scene_0/controllable__r1__robot_xblfuw/wheel_link3.
2026-05-12 16:18:59 [66,605ms] [Warning] [omni.physx.plugin] Invalid PhysX transform detected for /World/scene_0/controllable__r1__robot_xblfuw/torso_link2.
2026-05-12 16:18:59 [66,605ms] [Warning] [omni.physx.plugin] Invalid PhysX transform detected for /World/scene_0/controllable__r1__robot_xblfuw/torso_link3.
2026-05-12 16:18:59 [66,605ms] [Warning] [omni.physx.plugin] Invalid PhysX transform detected for /World/scene_0/controllable__r1__robot_xblfuw/torso_link4.
2026-05-12 16:18:59 [66,605ms] [Warning] [omni.physx.plugin] Invalid PhysX transform detected for /World/scene_0/controllable__r1__robot_xblfuw/left_arm_link1.
2026-05-12 16:18:59 [66,605ms] [Warning] [omni.physx.plugin] Invalid PhysX transform detected for /World/scene_0/controllable__r1__robot_xblfuw/right_arm_link1.
2026-05-12 16:18:59 [66,605ms] [Warning] [omni.physx.plugin] Invalid PhysX transform detected for /World/scene_0/controllable__r1__robot_xblfuw/eyes.
2026-05-12 16:18:59 [66,605ms] [Warning] [omni.physx.plugin] Invalid PhysX transform detected for /World/scene_0/controllable__r1__robot_xblfuw/left_arm_link2.
2026-05-12 16:18:59 [66,605ms] [Warning] [omni.physx.plugin] Invalid PhysX transform detected for /World/scene_0/controllable__r1__robot_xblfuw/right_arm_link2.
2026-05-12 16:18:59 [66,605ms] [Warning] [omni.physx.plugin] Invalid PhysX transform detected for /World/scene_0/controllable__r1__robot_xblfuw/left_arm_link3.
2026-05-12 16:18:59 [66,605ms] [Warning] [omni.physx.plugin] Invalid PhysX transform detected for /World/scene_0/controllable__r1__robot_xblfuw/right_arm_link3.
2026-05-12 16:18:59 [66,605ms] [Warning] [omni.physx.plugin] Invalid PhysX transform detected for /World/scene_0/controllable__r1__robot_xblfuw/left_arm_link4.
2026-05-12 16:18:59 [66,605ms] [Warning] [omni.physx.plugin] Invalid PhysX transform detected for /World/scene_0/controllable__r1__robot_xblfuw/right_arm_link4.
2026-05-12 16:18:59 [66,605ms] [Warning] [omni.physx.plugin] Invalid PhysX transform detected for /World/scene_0/controllable__r1__robot_xblfuw/left_arm_link5.
2026-05-12 16:18:59 [66,605ms] [Warning] [omni.physx.plugin] Invalid PhysX transform detected for /World/scene_0/controllable__r1__robot_xblfuw/right_arm_link5.
2026-05-12 16:18:59 [66,606ms] [Warning] [omni.physx.plugin] Invalid PhysX transform detected for /World/scene_0/controllable__r1__robot_xblfuw/left_arm_link6.
2026-05-12 16:18:59 [66,606ms] [Warning] [omni.physx.plugin] Invalid PhysX transform detected for /World/scene_0/controllable__r1__robot_xblfuw/right_arm_link6.
2026-05-12 16:18:59 [66,606ms] [Warning] [omni.physx.plugin] Invalid PhysX transform detected for /World/scene_0/controllable__r1__robot_xblfuw/left_gripper_link1.
2026-05-12 16:18:59 [66,606ms] [Warning] [omni.physx.plugin] Invalid PhysX transform detected for /World/scene_0/controllable__r1__robot_xblfuw/left_gripper_link2.
2026-05-12 16:18:59 [66,606ms] [Warning] [omni.physx.plugin] Invalid PhysX transform detected for /World/scene_0/controllable__r1__robot_xblfuw/left_eef_link.
2026-05-12 16:18:59 [66,606ms] [Warning] [omni.physx.plugin] Invalid PhysX transform detected for /World/scene_0/controllable__r1__robot_xblfuw/right_gripper_link1.
2026-05-12 16:18:59 [66,606ms] [Warning] [omni.physx.plugin] Invalid PhysX transform detected for /World/scene_0/controllable__r1__robot_xblfuw/right_gripper_link2.
2026-05-12 16:18:59 [66,606ms] [Warning] [omni.physx.plugin] Invalid PhysX transform detected for /World/scene_0/controllable__r1__robot_xblfuw/right_eef_link.
2026-05-12 16:18:59 [66,606ms] [Warning] [omni.physx.plugin] Invalid PhysX transform detected for /World/scene_0/cover_small_item_render_item_4175346132/base_link.
2026-05-12 16:18:59 [66,680ms] [Warning] [omni.physx.plugin] Invalid PhysX transform detected for /World/scene_0/cover_small_item_render_item_4175346132/glass.
2026-05-12 16:18:59 [66,680ms] [Warning] [omni.physx.plugin] Invalid PhysX transform detected for /World/scene_0/controllable__r1__robot_xblfuw/base_footprint_y.
2026-05-12 16:18:59 [66,680ms] [Warning] [omni.physx.plugin] Invalid PhysX transform detected for /World/scene_0/controllable__r1__robot_xblfuw/base_footprint_z.
2026-05-12 16:18:59 [66,680ms] [Warning] [omni.physx.plugin] Invalid PhysX transform detected for /World/scene_0/controllable__r1__robot_xblfuw/base_footprint_rx.
2026-05-12 16:18:59 [66,680ms] [Warning] [omni.physx.plugin] Invalid PhysX transform detected for /World/scene_0/controllable__r1__robot_xblfuw/base_footprint_ry.
2026-05-12 16:18:59 [66,680ms] [Warning] [omni.physx.plugin] Invalid PhysX transform detected for /World/scene_0/controllable__r1__robot_xblfuw/base_footprint_rz.
2026-05-12 16:18:59 [66,680ms] [Warning] [omni.physx.plugin] Invalid PhysX transform detected for /World/scene_0/controllable__r1__robot_xblfuw/base_link.
2026-05-12 16:18:59 [66,680ms] [Warning] [omni.physx.plugin] Invalid PhysX transform detected for /World/scene_0/controllable__r1__robot_xblfuw/servo_link1.
2026-05-12 16:18:59 [66,680ms] [Warning] [omni.physx.plugin] Invalid PhysX transform detected for /World/scene_0/controllable__r1__robot_xblfuw/servo_link2.
2026-05-12 16:18:59 [66,680ms] [Warning] [omni.physx.plugin] Invalid PhysX transform detected for /World/scene_0/controllable__r1__robot_xblfuw/servo_link3.
2026-05-12 16:18:59 [66,680ms] [Warning] [omni.physx.plugin] Invalid PhysX transform detected for /World/scene_0/controllable__r1__robot_xblfuw/torso_link1.
2026-05-12 16:18:59 [66,680ms] [Warning] [omni.physx.plugin] Invalid PhysX transform detected for /World/scene_0/controllable__r1__robot_xblfuw/wheel_link1.
2026-05-12 16:18:59 [66,680ms] [Warning] [omni.physx.plugin] Invalid PhysX transform detected for /World/scene_0/controllable__r1__robot_xblfuw/wheel_link2.
2026-05-12 16:18:59 [66,680ms] [Warning] [omni.physx.plugin] Invalid PhysX transform detected for /World/scene_0/controllable__r1__robot_xblfuw/wheel_link3.
2026-05-12 16:18:59 [66,680ms] [Warning] [omni.physx.plugin] Invalid PhysX transform detected for /World/scene_0/controllable__r1__robot_xblfuw/torso_link2.
2026-05-12 16:18:59 [66,680ms] [Warning] [omni.physx.plugin] Invalid PhysX transform detected for /World/scene_0/controllable__r1__robot_xblfuw/torso_link3.
2026-05-12 16:18:59 [66,680ms] [Warning] [omni.physx.plugin] Invalid PhysX transform detected for /World/scene_0/controllable__r1__robot_xblfuw/torso_link4.
2026-05-12 16:18:59 [66,680ms] [Warning] [omni.physx.plugin] Invalid PhysX transform detected for /World/scene_0/controllable__r1__robot_xblfuw/left_arm_link1.
2026-05-12 16:18:59 [66,680ms] [Warning] [omni.physx.plugin] Invalid PhysX transform detected for /World/scene_0/controllable__r1__robot_xblfuw/right_arm_link1.
2026-05-12 16:18:59 [66,680ms] [Warning] [omni.physx.plugin] Invalid PhysX transform detected for /World/scene_0/controllable__r1__robot_xblfuw/eyes.
2026-05-12 16:18:59 [66,680ms] [Warning] [omni.physx.plugin] Invalid PhysX transform detected for /World/scene_0/controllable__r1__robot_xblfuw/left_arm_link2.
2026-05-12 16:18:59 [66,681ms] [Warning] [omni.physx.plugin] Invalid PhysX transform detected for /World/scene_0/controllable__r1__robot_xblfuw/right_arm_link2.
2026-05-12 16:18:59 [66,681ms] [Warning] [omni.physx.plugin] Invalid PhysX transform detected for /World/scene_0/controllable__r1__robot_xblfuw/left_arm_link3.
2026-05-12 16:18:59 [66,681ms] [Warning] [omni.physx.plugin] Invalid PhysX transform detected for /World/scene_0/controllable__r1__robot_xblfuw/right_arm_link3.
2026-05-12 16:18:59 [66,681ms] [Warning] [omni.physx.plugin] Invalid PhysX transform detected for /World/scene_0/controllable__r1__robot_xblfuw/left_arm_link4.
2026-05-12 16:18:59 [66,681ms] [Warning] [omni.physx.plugin] Invalid PhysX transform detected for /World/scene_0/controllable__r1__robot_xblfuw/right_arm_link4.
2026-05-12 16:18:59 [66,681ms] [Warning] [omni.physx.plugin] Invalid PhysX transform detected for /World/scene_0/controllable__r1__robot_xblfuw/left_arm_link5.
2026-05-12 16:18:59 [66,681ms] [Warning] [omni.physx.plugin] Invalid PhysX transform detected for /World/scene_0/controllable__r1__robot_xblfuw/right_arm_link5.
2026-05-12 16:18:59 [66,681ms] [Warning] [omni.physx.plugin] Invalid PhysX transform detected for /World/scene_0/controllable__r1__robot_xblfuw/left_arm_link6.
2026-05-12 16:18:59 [66,681ms] [Warning] [omni.physx.plugin] Invalid PhysX transform detected for /World/scene_0/controllable__r1__robot_xblfuw/right_arm_link6.
2026-05-12 16:18:59 [66,681ms] [Warning] [omni.physx.plugin] Invalid PhysX transform detected for /World/scene_0/controllable__r1__robot_xblfuw/left_gripper_link1.
2026-05-12 16:18:59 [66,681ms] [Warning] [omni.physx.plugin] Invalid PhysX transform detected for /World/scene_0/controllable__r1__robot_xblfuw/left_gripper_link2.
2026-05-12 16:18:59 [66,681ms] [Warning] [omni.physx.plugin] Invalid PhysX transform detected for /World/scene_0/controllable__r1__robot_xblfuw/left_eef_link.
2026-05-12 16:18:59 [66,681ms] [Warning] [omni.physx.plugin] Invalid PhysX transform detected for /World/scene_0/controllable__r1__robot_xblfuw/right_gripper_link1.
2026-05-12 16:18:59 [66,681ms] [Warning] [omni.physx.plugin] Invalid PhysX transform detected for /World/scene_0/controllable__r1__robot_xblfuw/right_gripper_link2.
2026-05-12 16:18:59 [66,681ms] [Warning] [omni.physx.plugin] Invalid PhysX transform detected for /World/scene_0/controllable__r1__robot_xblfuw/right_eef_link.
2026-05-12 16:18:59 [66,681ms] [Warning] [omni.physx.plugin] Invalid PhysX transform detected for /World/scene_0/cover_small_item_render_item_4175346132/base_link.
2026-05-12 16:18:59 [66,756ms] [Warning] [omni.physx.plugin] Invalid PhysX transform detected for /World/scene_0/cover_small_item_render_item_4175346132/glass.
2026-05-12 16:18:59 [66,756ms] [Warning] [omni.physx.plugin] Invalid PhysX transform detected for /World/scene_0/controllable__r1__robot_xblfuw/base_footprint_y.
2026-05-12 16:18:59 [66,756ms] [Warning] [omni.physx.plugin] Invalid PhysX transform detected for /World/scene_0/controllable__r1__robot_xblfuw/base_footprint_z.
2026-05-12 16:18:59 [66,756ms] [Warning] [omni.physx.plugin] Invalid PhysX transform detected for /World/scene_0/controllable__r1__robot_xblfuw/base_footprint_rx.
2026-05-12 16:18:59 [66,756ms] [Warning] [omni.physx.plugin] Invalid PhysX transform detected for /World/scene_0/controllable__r1__robot_xblfuw/base_footprint_ry.
2026-05-12 16:18:59 [66,756ms] [Warning] [omni.physx.plugin] Invalid PhysX transform detected for /World/scene_0/controllable__r1__robot_xblfuw/base_footprint_rz.
2026-05-12 16:18:59 [66,756ms] [Warning] [omni.physx.plugin] Invalid PhysX transform detected for /World/scene_0/controllable__r1__robot_xblfuw/base_link.
2026-05-12 16:18:59 [66,756ms] [Warning] [omni.physx.plugin] Invalid PhysX transform detected for /World/scene_0/controllable__r1__robot_xblfuw/servo_link1.
2026-05-12 16:18:59 [66,756ms] [Warning] [omni.physx.plugin] Invalid PhysX transform detected for /World/scene_0/controllable__r1__robot_xblfuw/servo_link2.
2026-05-12 16:18:59 [66,756ms] [Warning] [omni.physx.plugin] Invalid PhysX transform detected for /World/scene_0/controllable__r1__robot_xblfuw/servo_link3.
2026-05-12 16:18:59 [66,756ms] [Warning] [omni.physx.plugin] Invalid PhysX transform detected for /World/scene_0/controllable__r1__robot_xblfuw/torso_link1.
2026-05-12 16:18:59 [66,756ms] [Warning] [omni.physx.plugin] Invalid PhysX transform detected for /World/scene_0/controllable__r1__robot_xblfuw/wheel_link1.
2026-05-12 16:18:59 [66,756ms] [Warning] [omni.physx.plugin] Invalid PhysX transform detected for /World/scene_0/controllable__r1__robot_xblfuw/wheel_link2.
2026-05-12 16:18:59 [66,756ms] [Warning] [omni.physx.plugin] Invalid PhysX transform detected for /World/scene_0/controllable__r1__robot_xblfuw/wheel_link3.
2026-05-12 16:18:59 [66,756ms] [Warning] [omni.physx.plugin] Invalid PhysX transform detected for /World/scene_0/controllable__r1__robot_xblfuw/torso_link2.
2026-05-12 16:18:59 [66,756ms] [Warning] [omni.physx.plugin] Invalid PhysX transform detected for /World/scene_0/controllable__r1__robot_xblfuw/torso_link3.
2026-05-12 16:18:59 [66,756ms] [Warning] [omni.physx.plugin] Invalid PhysX transform detected for /World/scene_0/controllable__r1__robot_xblfuw/torso_link4.
2026-05-12 16:18:59 [66,756ms] [Warning] [omni.physx.plugin] Invalid PhysX transform detected for /World/scene_0/controllable__r1__robot_xblfuw/left_arm_link1.
2026-05-12 16:18:59 [66,756ms] [Warning] [omni.physx.plugin] Invalid PhysX transform detected for /World/scene_0/controllable__r1__robot_xblfuw/right_arm_link1.
2026-05-12 16:18:59 [66,756ms] [Warning] [omni.physx.plugin] Invalid PhysX transform detected for /World/scene_0/controllable__r1__robot_xblfuw/eyes.
2026-05-12 16:18:59 [66,757ms] [Warning] [omni.physx.plugin] Invalid PhysX transform detected for /World/scene_0/controllable__r1__robot_xblfuw/left_arm_link2.
2026-05-12 16:18:59 [66,757ms] [Warning] [omni.physx.plugin] Invalid PhysX transform detected for /World/scene_0/controllable__r1__robot_xblfuw/right_arm_link2.
2026-05-12 16:18:59 [66,757ms] [Warning] [omni.physx.plugin] Invalid PhysX transform detected for /World/scene_0/controllable__r1__robot_xblfuw/left_arm_link3.
2026-05-12 16:18:59 [66,757ms] [Warning] [omni.physx.plugin] Invalid PhysX transform detected for /World/scene_0/controllable__r1__robot_xblfuw/right_arm_link3.
2026-05-12 16:18:59 [66,757ms] [Warning] [omni.physx.plugin] Invalid PhysX transform detected for /World/scene_0/controllable__r1__robot_xblfuw/left_arm_link4.
2026-05-12 16:18:59 [66,757ms] [Warning] [omni.physx.plugin] Invalid PhysX transform detected for /World/scene_0/controllable__r1__robot_xblfuw/right_arm_link4.
2026-05-12 16:18:59 [66,757ms] [Warning] [omni.physx.plugin] Invalid PhysX transform detected for /World/scene_0/controllable__r1__robot_xblfuw/left_arm_link5.
2026-05-12 16:18:59 [66,757ms] [Warning] [omni.physx.plugin] Invalid PhysX transform detected for /World/scene_0/controllable__r1__robot_xblfuw/right_arm_link5.
2026-05-12 16:18:59 [66,757ms] [Warning] [omni.physx.plugin] Invalid PhysX transform detected for /World/scene_0/controllable__r1__robot_xblfuw/left_arm_link6.
2026-05-12 16:18:59 [66,757ms] [Warning] [omni.physx.plugin] Invalid PhysX transform detected for /World/scene_0/controllable__r1__robot_xblfuw/right_arm_link6.
2026-05-12 16:18:59 [66,757ms] [Warning] [omni.physx.plugin] Invalid PhysX transform detected for /World/scene_0/controllable__r1__robot_xblfuw/left_gripper_link1.
2026-05-12 16:18:59 [66,757ms] [Warning] [omni.physx.plugin] Invalid PhysX transform detected for /World/scene_0/controllable__r1__robot_xblfuw/left_gripper_link2.
2026-05-12 16:18:59 [66,757ms] [Warning] [omni.physx.plugin] Invalid PhysX transform detected for /World/scene_0/controllable__r1__robot_xblfuw/left_eef_link.
2026-05-12 16:18:59 [66,757ms] [Warning] [omni.physx.plugin] Invalid PhysX transform detected for /World/scene_0/controllable__r1__robot_xblfuw/right_gripper_link1.
2026-05-12 16:18:59 [66,757ms] [Warning] [omni.physx.plugin] Invalid PhysX transform detected for /World/scene_0/controllable__r1__robot_xblfuw/right_gripper_link2.
2026-05-12 16:18:59 [66,757ms] [Warning] [omni.physx.plugin] Invalid PhysX transform detected for /World/scene_0/controllable__r1__robot_xblfuw/right_eef_link.
2026-05-12 16:18:59 [66,757ms] [Warning] [omni.physx.plugin] Invalid PhysX transform detected for /World/scene_0/cover_small_item_render_item_4175346132/base_link.
2026-05-12 16:18:59 [66,832ms] [Warning] [omni.physx.plugin] Invalid PhysX transform detected for /World/scene_0/cover_small_item_render_item_4175346132/glass.
2026-05-12 16:18:59 [66,832ms] [Warning] [omni.physx.plugin] Invalid PhysX transform detected for /World/scene_0/controllable__r1__robot_xblfuw/base_footprint_y.
2026-05-12 16:18:59 [66,832ms] [Warning] [omni.physx.plugin] Invalid PhysX transform detected for /World/scene_0/controllable__r1__robot_xblfuw/base_footprint_z.
2026-05-12 16:18:59 [66,832ms] [Warning] [omni.physx.plugin] Invalid PhysX transform detected for /World/scene_0/controllable__r1__robot_xblfuw/base_footprint_rx.
2026-05-12 16:18:59 [66,832ms] [Warning] [omni.physx.plugin] Invalid PhysX transform detected for /World/scene_0/controllable__r1__robot_xblfuw/base_footprint_ry.
2026-05-12 16:18:59 [66,832ms] [Warning] [omni.physx.plugin] Invalid PhysX transform detected for /World/scene_0/controllable__r1__robot_xblfuw/base_footprint_rz.
2026-05-12 16:18:59 [66,832ms] [Warning] [omni.physx.plugin] Invalid PhysX transform detected for /World/scene_0/controllable__r1__robot_xblfuw/base_link.
2026-05-12 16:18:59 [66,832ms] [Warning] [omni.physx.plugin] Invalid PhysX transform detected for /World/scene_0/controllable__r1__robot_xblfuw/servo_link1.
2026-05-12 16:18:59 [66,832ms] [Warning] [omni.physx.plugin] Invalid PhysX transform detected for /World/scene_0/controllable__r1__robot_xblfuw/servo_link2.
2026-05-12 16:18:59 [66,833ms] [Warning] [omni.physx.plugin] Invalid PhysX transform detected for /World/scene_0/controllable__r1__robot_xblfuw/servo_link3.
2026-05-12 16:18:59 [66,833ms] [Warning] [omni.physx.plugin] Invalid PhysX transform detected for /World/scene_0/controllable__r1__robot_xblfuw/torso_link1.
2026-05-12 16:18:59 [66,833ms] [Warning] [omni.physx.plugin] Invalid PhysX transform detected for /World/scene_0/controllable__r1__robot_xblfuw/wheel_link1.
2026-05-12 16:18:59 [66,833ms] [Warning] [omni.physx.plugin] Invalid PhysX transform detected for /World/scene_0/controllable__r1__robot_xblfuw/wheel_link2.
2026-05-12 16:18:59 [66,833ms] [Warning] [omni.physx.plugin] Invalid PhysX transform detected for /World/scene_0/controllable__r1__robot_xblfuw/wheel_link3.
2026-05-12 16:18:59 [66,833ms] [Warning] [omni.physx.plugin] Invalid PhysX transform detected for /World/scene_0/controllable__r1__robot_xblfuw/torso_link2.
2026-05-12 16:18:59 [66,833ms] [Warning] [omni.physx.plugin] Invalid PhysX transform detected for /World/scene_0/controllable__r1__robot_xblfuw/torso_link3.
2026-05-12 16:18:59 [66,833ms] [Warning] [omni.physx.plugin] Invalid PhysX transform detected for /World/scene_0/controllable__r1__robot_xblfuw/torso_link4.
2026-05-12 16:18:59 [66,833ms] [Warning] [omni.physx.plugin] Invalid PhysX transform detected for /World/scene_0/controllable__r1__robot_xblfuw/left_arm_link1.
2026-05-12 16:18:59 [66,833ms] [Warning] [omni.physx.plugin] Invalid PhysX transform detected for /World/scene_0/controllable__r1__robot_xblfuw/right_arm_link1.
2026-05-12 16:18:59 [66,833ms] [Warning] [omni.physx.plugin] Invalid PhysX transform detected for /World/scene_0/controllable__r1__robot_xblfuw/eyes.
2026-05-12 16:18:59 [66,833ms] [Warning] [omni.physx.plugin] Invalid PhysX transform detected for /World/scene_0/controllable__r1__robot_xblfuw/left_arm_link2.
2026-05-12 16:18:59 [66,833ms] [Warning] [omni.physx.plugin] Invalid PhysX transform detected for /World/scene_0/controllable__r1__robot_xblfuw/right_arm_link2.
2026-05-12 16:18:59 [66,833ms] [Warning] [omni.physx.plugin] Invalid PhysX transform detected for /World/scene_0/controllable__r1__robot_xblfuw/left_arm_link3.
2026-05-12 16:18:59 [66,833ms] [Warning] [omni.physx.plugin] Invalid PhysX transform detected for /World/scene_0/controllable__r1__robot_xblfuw/right_arm_link3.
2026-05-12 16:18:59 [66,833ms] [Warning] [omni.physx.plugin] Invalid PhysX transform detected for /World/scene_0/controllable__r1__robot_xblfuw/left_arm_link4.
2026-05-12 16:18:59 [66,833ms] [Warning] [omni.physx.plugin] Invalid PhysX transform detected for /World/scene_0/controllable__r1__robot_xblfuw/right_arm_link4.
2026-05-12 16:18:59 [66,833ms] [Warning] [omni.physx.plugin] Invalid PhysX transform detected for /World/scene_0/controllable__r1__robot_xblfuw/left_arm_link5.
2026-05-12 16:18:59 [66,833ms] [Warning] [omni.physx.plugin] Invalid PhysX transform detected for /World/scene_0/controllable__r1__robot_xblfuw/right_arm_link5.
2026-05-12 16:18:59 [66,833ms] [Warning] [omni.physx.plugin] Invalid PhysX transform detected for /World/scene_0/controllable__r1__robot_xblfuw/left_arm_link6.
2026-05-12 16:18:59 [66,833ms] [Warning] [omni.physx.plugin] Invalid PhysX transform detected for /World/scene_0/controllable__r1__robot_xblfuw/right_arm_link6.
2026-05-12 16:18:59 [66,833ms] [Warning] [omni.physx.plugin] Invalid PhysX transform detected for /World/scene_0/controllable__r1__robot_xblfuw/left_gripper_link1.
2026-05-12 16:18:59 [66,833ms] [Warning] [omni.physx.plugin] Invalid PhysX transform detected for /World/scene_0/controllable__r1__robot_xblfuw/left_gripper_link2.
2026-05-12 16:18:59 [66,833ms] [Warning] [omni.physx.plugin] Invalid PhysX transform detected for /World/scene_0/controllable__r1__robot_xblfuw/left_eef_link.
2026-05-12 16:18:59 [66,833ms] [Warning] [omni.physx.plugin] Invalid PhysX transform detected for /World/scene_0/controllable__r1__robot_xblfuw/right_gripper_link1.
2026-05-12 16:18:59 [66,833ms] [Warning] [omni.physx.plugin] Invalid PhysX transform detected for /World/scene_0/controllable__r1__robot_xblfuw/right_gripper_link2.
2026-05-12 16:18:59 [66,833ms] [Warning] [omni.physx.plugin] Invalid PhysX transform detected for /World/scene_0/controllable__r1__robot_xblfuw/right_eef_link.
2026-05-12 16:18:59 [66,833ms] [Warning] [omni.physx.plugin] Invalid PhysX transform detected for /World/scene_0/cover_small_item_render_item_4175346132/base_link.
2026-05-12 16:19:00 [66,909ms] [Warning] [omni.physx.plugin] Invalid PhysX transform detected for /World/scene_0/cover_small_item_render_item_4175346132/glass.
2026-05-12 16:19:00 [66,909ms] [Warning] [omni.physx.plugin] Invalid PhysX transform detected for /World/scene_0/controllable__r1__robot_xblfuw/base_footprint_y.
2026-05-12 16:19:00 [66,909ms] [Warning] [omni.physx.plugin] Invalid PhysX transform detected for /World/scene_0/controllable__r1__robot_xblfuw/base_footprint_z.
2026-05-12 16:19:00 [66,909ms] [Warning] [omni.physx.plugin] Invalid PhysX transform detected for /World/scene_0/controllable__r1__robot_xblfuw/base_footprint_rx.
2026-05-12 16:19:00 [66,909ms] [Warning] [omni.physx.plugin] Invalid PhysX transform detected for /World/scene_0/controllable__r1__robot_xblfuw/base_footprint_ry.
2026-05-12 16:19:00 [66,909ms] [Warning] [omni.physx.plugin] Invalid PhysX transform detected for /World/scene_0/controllable__r1__robot_xblfuw/base_footprint_rz.
2026-05-12 16:19:00 [66,909ms] [Warning] [omni.physx.plugin] Invalid PhysX transform detected for /World/scene_0/controllable__r1__robot_xblfuw/base_link.
2026-05-12 16:19:00 [66,909ms] [Warning] [omni.physx.plugin] Invalid PhysX transform detected for /World/scene_0/controllable__r1__robot_xblfuw/servo_link1.
2026-05-12 16:19:00 [66,909ms] [Warning] [omni.physx.plugin] Invalid PhysX transform detected for /World/scene_0/controllable__r1__robot_xblfuw/servo_link2.
2026-05-12 16:19:00 [66,909ms] [Warning] [omni.physx.plugin] Invalid PhysX transform detected for /World/scene_0/controllable__r1__robot_xblfuw/servo_link3.
2026-05-12 16:19:00 [66,909ms] [Warning] [omni.physx.plugin] Invalid PhysX transform detected for /World/scene_0/controllable__r1__robot_xblfuw/torso_link1.
2026-05-12 16:19:00 [66,909ms] [Warning] [omni.physx.plugin] Invalid PhysX transform detected for /World/scene_0/controllable__r1__robot_xblfuw/wheel_link1.
2026-05-12 16:19:00 [66,909ms] [Warning] [omni.physx.plugin] Invalid PhysX transform detected for /World/scene_0/controllable__r1__robot_xblfuw/wheel_link2.
2026-05-12 16:19:00 [66,909ms] [Warning] [omni.physx.plugin] Invalid PhysX transform detected for /World/scene_0/controllable__r1__robot_xblfuw/wheel_link3.
2026-05-12 16:19:00 [66,909ms] [Warning] [omni.physx.plugin] Invalid PhysX transform detected for /World/scene_0/controllable__r1__robot_xblfuw/torso_link2.
2026-05-12 16:19:00 [66,909ms] [Warning] [omni.physx.plugin] Invalid PhysX transform detected for /World/scene_0/controllable__r1__robot_xblfuw/torso_link3.
2026-05-12 16:19:00 [66,909ms] [Warning] [omni.physx.plugin] Invalid PhysX transform detected for /World/scene_0/controllable__r1__robot_xblfuw/torso_link4.
2026-05-12 16:19:00 [66,909ms] [Warning] [omni.physx.plugin] Invalid PhysX transform detected for /World/scene_0/controllable__r1__robot_xblfuw/left_arm_link1.
2026-05-12 16:19:00 [66,909ms] [Warning] [omni.physx.plugin] Invalid PhysX transform detected for /World/scene_0/controllable__r1__robot_xblfuw/right_arm_link1.
2026-05-12 16:19:00 [66,909ms] [Warning] [omni.physx.plugin] Invalid PhysX transform detected for /World/scene_0/controllable__r1__robot_xblfuw/eyes.
2026-05-12 16:19:00 [66,909ms] [Warning] [omni.physx.plugin] Invalid PhysX transform detected for /World/scene_0/controllable__r1__robot_xblfuw/left_arm_link2.
2026-05-12 16:19:00 [66,909ms] [Warning] [omni.physx.plugin] Invalid PhysX transform detected for /World/scene_0/controllable__r1__robot_xblfuw/right_arm_link2.
2026-05-12 16:19:00 [66,909ms] [Warning] [omni.physx.plugin] Invalid PhysX transform detected for /World/scene_0/controllable__r1__robot_xblfuw/left_arm_link3.
2026-05-12 16:19:00 [66,909ms] [Warning] [omni.physx.plugin] Invalid PhysX transform detected for /World/scene_0/controllable__r1__robot_xblfuw/right_arm_link3.
2026-05-12 16:19:00 [66,910ms] [Warning] [omni.physx.plugin] Invalid PhysX transform detected for /World/scene_0/controllable__r1__robot_xblfuw/left_arm_link4.
2026-05-12 16:19:00 [66,910ms] [Warning] [omni.physx.plugin] Invalid PhysX transform detected for /World/scene_0/controllable__r1__robot_xblfuw/right_arm_link4.
2026-05-12 16:19:00 [66,910ms] [Warning] [omni.physx.plugin] Invalid PhysX transform detected for /World/scene_0/controllable__r1__robot_xblfuw/left_arm_link5.
2026-05-12 16:19:00 [66,910ms] [Warning] [omni.physx.plugin] Invalid PhysX transform detected for /World/scene_0/controllable__r1__robot_xblfuw/right_arm_link5.
2026-05-12 16:19:00 [66,910ms] [Warning] [omni.physx.plugin] Invalid PhysX transform detected for /World/scene_0/controllable__r1__robot_xblfuw/left_arm_link6.
2026-05-12 16:19:00 [66,910ms] [Warning] [omni.physx.plugin] Invalid PhysX transform detected for /World/scene_0/controllable__r1__robot_xblfuw/right_arm_link6.
2026-05-12 16:19:00 [66,910ms] [Warning] [omni.physx.plugin] Invalid PhysX transform detected for /World/scene_0/controllable__r1__robot_xblfuw/left_gripper_link1.
2026-05-12 16:19:00 [66,910ms] [Warning] [omni.physx.plugin] Invalid PhysX transform detected for /World/scene_0/controllable__r1__robot_xblfuw/left_gripper_link2.
2026-05-12 16:19:00 [66,910ms] [Warning] [omni.physx.plugin] Invalid PhysX transform detected for /World/scene_0/controllable__r1__robot_xblfuw/left_eef_link.
2026-05-12 16:19:00 [66,910ms] [Warning] [omni.physx.plugin] Invalid PhysX transform detected for /World/scene_0/controllable__r1__robot_xblfuw/right_gripper_link1.
2026-05-12 16:19:00 [66,910ms] [Warning] [omni.physx.plugin] Invalid PhysX transform detected for /World/scene_0/controllable__r1__robot_xblfuw/right_gripper_link2.
2026-05-12 16:19:00 [66,910ms] [Warning] [omni.physx.plugin] Invalid PhysX transform detected for /World/scene_0/controllable__r1__robot_xblfuw/right_eef_link.
2026-05-12 16:19:00 [66,910ms] [Warning] [omni.physx.plugin] Invalid PhysX transform detected for /World/scene_0/cover_small_item_render_item_4175346132/base_link.
2026-05-12 16:19:00 [66,987ms] [Warning] [omni.physx.plugin] Invalid PhysX transform detected for /World/scene_0/cover_small_item_render_item_4175346132/glass.
2026-05-12 16:19:00 [66,987ms] [Warning] [omni.physx.plugin] Invalid PhysX transform detected for /World/scene_0/controllable__r1__robot_xblfuw/base_footprint_y.
2026-05-12 16:19:00 [66,987ms] [Warning] [omni.physx.plugin] Invalid PhysX transform detected for /World/scene_0/controllable__r1__robot_xblfuw/base_footprint_z.
2026-05-12 16:19:00 [66,987ms] [Warning] [omni.physx.plugin] Invalid PhysX transform detected for /World/scene_0/controllable__r1__robot_xblfuw/base_footprint_rx.
2026-05-12 16:19:00 [66,987ms] [Warning] [omni.physx.plugin] Invalid PhysX transform detected for /World/scene_0/controllable__r1__robot_xblfuw/base_footprint_ry.
2026-05-12 16:19:00 [66,987ms] [Warning] [omni.physx.plugin] Invalid PhysX transform detected for /World/scene_0/controllable__r1__robot_xblfuw/base_footprint_rz.
2026-05-12 16:19:00 [66,987ms] [Warning] [omni.physx.plugin] Invalid PhysX transform detected for /World/scene_0/controllable__r1__robot_xblfuw/base_link.
2026-05-12 16:19:00 [66,987ms] [Warning] [omni.physx.plugin] Invalid PhysX transform detected for /World/scene_0/controllable__r1__robot_xblfuw/servo_link1.
2026-05-12 16:19:00 [66,987ms] [Warning] [omni.physx.plugin] Invalid PhysX transform detected for /World/scene_0/controllable__r1__robot_xblfuw/servo_link2.
2026-05-12 16:19:00 [66,987ms] [Warning] [omni.physx.plugin] Invalid PhysX transform detected for /World/scene_0/controllable__r1__robot_xblfuw/servo_link3.
2026-05-12 16:19:00 [66,987ms] [Warning] [omni.physx.plugin] Invalid PhysX transform detected for /World/scene_0/controllable__r1__robot_xblfuw/torso_link1.
2026-05-12 16:19:00 [66,987ms] [Warning] [omni.physx.plugin] Invalid PhysX transform detected for /World/scene_0/controllable__r1__robot_xblfuw/wheel_link1.
2026-05-12 16:19:00 [66,987ms] [Warning] [omni.physx.plugin] Invalid PhysX transform detected for /World/scene_0/controllable__r1__robot_xblfuw/wheel_link2.
2026-05-12 16:19:00 [66,987ms] [Warning] [omni.physx.plugin] Invalid PhysX transform detected for /World/scene_0/controllable__r1__robot_xblfuw/wheel_link3.
2026-05-12 16:19:00 [66,987ms] [Warning] [omni.physx.plugin] Invalid PhysX transform detected for /World/scene_0/controllable__r1__robot_xblfuw/torso_link2.
2026-05-12 16:19:00 [66,987ms] [Warning] [omni.physx.plugin] Invalid PhysX transform detected for /World/scene_0/controllable__r1__robot_xblfuw/torso_link3.
2026-05-12 16:19:00 [66,987ms] [Warning] [omni.physx.plugin] Invalid PhysX transform detected for /World/scene_0/controllable__r1__robot_xblfuw/torso_link4.
2026-05-12 16:19:00 [66,987ms] [Warning] [omni.physx.plugin] Invalid PhysX transform detected for /World/scene_0/controllable__r1__robot_xblfuw/left_arm_link1.
2026-05-12 16:19:00 [66,987ms] [Warning] [omni.physx.plugin] Invalid PhysX transform detected for /World/scene_0/controllable__r1__robot_xblfuw/right_arm_link1.
2026-05-12 16:19:00 [66,987ms] [Warning] [omni.physx.plugin] Invalid PhysX transform detected for /World/scene_0/controllable__r1__robot_xblfuw/eyes.
2026-05-12 16:19:00 [66,987ms] [Warning] [omni.physx.plugin] Invalid PhysX transform detected for /World/scene_0/controllable__r1__robot_xblfuw/left_arm_link2.
2026-05-12 16:19:00 [66,987ms] [Warning] [omni.physx.plugin] Invalid PhysX transform detected for /World/scene_0/controllable__r1__robot_xblfuw/right_arm_link2.
2026-05-12 16:19:00 [66,987ms] [Warning] [omni.physx.plugin] Invalid PhysX transform detected for /World/scene_0/controllable__r1__robot_xblfuw/left_arm_link3.
2026-05-12 16:19:00 [66,987ms] [Warning] [omni.physx.plugin] Invalid PhysX transform detected for /World/scene_0/controllable__r1__robot_xblfuw/right_arm_link3.
2026-05-12 16:19:00 [66,987ms] [Warning] [omni.physx.plugin] Invalid PhysX transform detected for /World/scene_0/controllable__r1__robot_xblfuw/left_arm_link4.
2026-05-12 16:19:00 [66,988ms] [Warning] [omni.physx.plugin] Invalid PhysX transform detected for /World/scene_0/controllable__r1__robot_xblfuw/right_arm_link4.
2026-05-12 16:19:00 [66,988ms] [Warning] [omni.physx.plugin] Invalid PhysX transform detected for /World/scene_0/controllable__r1__robot_xblfuw/left_arm_link5.
2026-05-12 16:19:00 [66,988ms] [Warning] [omni.physx.plugin] Invalid PhysX transform detected for /World/scene_0/controllable__r1__robot_xblfuw/right_arm_link5.
2026-05-12 16:19:00 [66,988ms] [Warning] [omni.physx.plugin] Invalid PhysX transform detected for /World/scene_0/controllable__r1__robot_xblfuw/left_arm_link6.
2026-05-12 16:19:00 [66,988ms] [Warning] [omni.physx.plugin] Invalid PhysX transform detected for /World/scene_0/controllable__r1__robot_xblfuw/right_arm_link6.
2026-05-12 16:19:00 [66,988ms] [Warning] [omni.physx.plugin] Invalid PhysX transform detected for /World/scene_0/controllable__r1__robot_xblfuw/left_gripper_link1.
2026-05-12 16:19:00 [66,988ms] [Warning] [omni.physx.plugin] Invalid PhysX transform detected for /World/scene_0/controllable__r1__robot_xblfuw/left_gripper_link2.
2026-05-12 16:19:00 [66,988ms] [Warning] [omni.physx.plugin] Invalid PhysX transform detected for /World/scene_0/controllable__r1__robot_xblfuw/left_eef_link.
2026-05-12 16:19:00 [66,988ms] [Warning] [omni.physx.plugin] Invalid PhysX transform detected for /World/scene_0/controllable__r1__robot_xblfuw/right_gripper_link1.
2026-05-12 16:19:00 [66,988ms] [Warning] [omni.physx.plugin] Invalid PhysX transform detected for /World/scene_0/controllable__r1__robot_xblfuw/right_gripper_link2.
2026-05-12 16:19:00 [66,988ms] [Warning] [omni.physx.plugin] Invalid PhysX transform detected for /World/scene_0/controllable__r1__robot_xblfuw/right_eef_link.
2026-05-12 16:19:00 [66,988ms] [Warning] [omni.physx.plugin] Invalid PhysX transform detected for /World/scene_0/cover_small_item_render_item_4175346132/base_link.
2026-05-12 16:19:00 [67,065ms] [Warning] [omni.physx.plugin] Invalid PhysX transform detected for /World/scene_0/cover_small_item_render_item_4175346132/glass.
2026-05-12 16:19:00 [67,065ms] [Warning] [omni.physx.plugin] Invalid PhysX transform detected for /World/scene_0/controllable__r1__robot_xblfuw/base_footprint_y.
2026-05-12 16:19:00 [67,065ms] [Warning] [omni.physx.plugin] Invalid PhysX transform detected for /World/scene_0/controllable__r1__robot_xblfuw/base_footprint_z.
2026-05-12 16:19:00 [67,065ms] [Warning] [omni.physx.plugin] Invalid PhysX transform detected for /World/scene_0/controllable__r1__robot_xblfuw/base_footprint_rx.
2026-05-12 16:19:00 [67,065ms] [Warning] [omni.physx.plugin] Invalid PhysX transform detected for /World/scene_0/controllable__r1__robot_xblfuw/base_footprint_ry.
2026-05-12 16:19:00 [67,065ms] [Warning] [omni.physx.plugin] Invalid PhysX transform detected for /World/scene_0/controllable__r1__robot_xblfuw/base_footprint_rz.
2026-05-12 16:19:00 [67,065ms] [Warning] [omni.physx.plugin] Invalid PhysX transform detected for /World/scene_0/controllable__r1__robot_xblfuw/base_link.
2026-05-12 16:19:00 [67,065ms] [Warning] [omni.physx.plugin] Invalid PhysX transform detected for /World/scene_0/controllable__r1__robot_xblfuw/servo_link1.
2026-05-12 16:19:00 [67,065ms] [Warning] [omni.physx.plugin] Invalid PhysX transform detected for /World/scene_0/controllable__r1__robot_xblfuw/servo_link2.
2026-05-12 16:19:00 [67,065ms] [Warning] [omni.physx.plugin] Invalid PhysX transform detected for /World/scene_0/controllable__r1__robot_xblfuw/servo_link3.
2026-05-12 16:19:00 [67,065ms] [Warning] [omni.physx.plugin] Invalid PhysX transform detected for /World/scene_0/controllable__r1__robot_xblfuw/torso_link1.
2026-05-12 16:19:00 [67,065ms] [Warning] [omni.physx.plugin] Invalid PhysX transform detected for /World/scene_0/controllable__r1__robot_xblfuw/wheel_link1.
2026-05-12 16:19:00 [67,065ms] [Warning] [omni.physx.plugin] Invalid PhysX transform detected for /World/scene_0/controllable__r1__robot_xblfuw/wheel_link2.
2026-05-12 16:19:00 [67,065ms] [Warning] [omni.physx.plugin] Invalid PhysX transform detected for /World/scene_0/controllable__r1__robot_xblfuw/wheel_link3.
2026-05-12 16:19:00 [67,065ms] [Warning] [omni.physx.plugin] Invalid PhysX transform detected for /World/scene_0/controllable__r1__robot_xblfuw/torso_link2.
2026-05-12 16:19:00 [67,065ms] [Warning] [omni.physx.plugin] Invalid PhysX transform detected for /World/scene_0/controllable__r1__robot_xblfuw/torso_link3.
2026-05-12 16:19:00 [67,065ms] [Warning] [omni.physx.plugin] Invalid PhysX transform detected for /World/scene_0/controllable__r1__robot_xblfuw/torso_link4.
2026-05-12 16:19:00 [67,065ms] [Warning] [omni.physx.plugin] Invalid PhysX transform detected for /World/scene_0/controllable__r1__robot_xblfuw/left_arm_link1.
2026-05-12 16:19:00 [67,065ms] [Warning] [omni.physx.plugin] Invalid PhysX transform detected for /World/scene_0/controllable__r1__robot_xblfuw/right_arm_link1.
2026-05-12 16:19:00 [67,065ms] [Warning] [omni.physx.plugin] Invalid PhysX transform detected for /World/scene_0/controllable__r1__robot_xblfuw/eyes.
2026-05-12 16:19:00 [67,065ms] [Warning] [omni.physx.plugin] Invalid PhysX transform detected for /World/scene_0/controllable__r1__robot_xblfuw/left_arm_link2.
2026-05-12 16:19:00 [67,065ms] [Warning] [omni.physx.plugin] Invalid PhysX transform detected for /World/scene_0/controllable__r1__robot_xblfuw/right_arm_link2.
2026-05-12 16:19:00 [67,065ms] [Warning] [omni.physx.plugin] Invalid PhysX transform detected for /World/scene_0/controllable__r1__robot_xblfuw/left_arm_link3.
2026-05-12 16:19:00 [67,065ms] [Warning] [omni.physx.plugin] Invalid PhysX transform detected for /World/scene_0/controllable__r1__robot_xblfuw/right_arm_link3.
2026-05-12 16:19:00 [67,065ms] [Warning] [omni.physx.plugin] Invalid PhysX transform detected for /World/scene_0/controllable__r1__robot_xblfuw/left_arm_link4.
2026-05-12 16:19:00 [67,065ms] [Warning] [omni.physx.plugin] Invalid PhysX transform detected for /World/scene_0/controllable__r1__robot_xblfuw/right_arm_link4.
2026-05-12 16:19:00 [67,065ms] [Warning] [omni.physx.plugin] Invalid PhysX transform detected for /World/scene_0/controllable__r1__robot_xblfuw/left_arm_link5.
2026-05-12 16:19:00 [67,065ms] [Warning] [omni.physx.plugin] Invalid PhysX transform detected for /World/scene_0/controllable__r1__robot_xblfuw/right_arm_link5.
2026-05-12 16:19:00 [67,065ms] [Warning] [omni.physx.plugin] Invalid PhysX transform detected for /World/scene_0/controllable__r1__robot_xblfuw/left_arm_link6.
2026-05-12 16:19:00 [67,065ms] [Warning] [omni.physx.plugin] Invalid PhysX transform detected for /World/scene_0/controllable__r1__robot_xblfuw/right_arm_link6.
2026-05-12 16:19:00 [67,065ms] [Warning] [omni.physx.plugin] Invalid PhysX transform detected for /World/scene_0/controllable__r1__robot_xblfuw/left_gripper_link1.
2026-05-12 16:19:00 [67,065ms] [Warning] [omni.physx.plugin] Invalid PhysX transform detected for /World/scene_0/controllable__r1__robot_xblfuw/left_gripper_link2.
2026-05-12 16:19:00 [67,065ms] [Warning] [omni.physx.plugin] Invalid PhysX transform detected for /World/scene_0/controllable__r1__robot_xblfuw/left_eef_link.
2026-05-12 16:19:00 [67,065ms] [Warning] [omni.physx.plugin] Invalid PhysX transform detected for /World/scene_0/controllable__r1__robot_xblfuw/right_gripper_link1.
2026-05-12 16:19:00 [67,065ms] [Warning] [omni.physx.plugin] Invalid PhysX transform detected for /World/scene_0/controllable__r1__robot_xblfuw/right_gripper_link2.
2026-05-12 16:19:00 [67,065ms] [Warning] [omni.physx.plugin] Invalid PhysX transform detected for /World/scene_0/controllable__r1__robot_xblfuw/right_eef_link.
2026-05-12 16:19:00 [67,065ms] [Warning] [omni.physx.plugin] Invalid PhysX transform detected for /World/scene_0/cover_small_item_render_item_4175346132/base_link.
2026-05-12 16:19:00 [67,145ms] [Warning] [omni.physx.plugin] Invalid PhysX transform detected for /World/scene_0/controllable__r1__robot_xblfuw/base_footprint_y.
2026-05-12 16:19:00 [67,146ms] [Warning] [omni.physx.plugin] Invalid PhysX transform detected for /World/scene_0/controllable__r1__robot_xblfuw/base_footprint_z.
2026-05-12 16:19:00 [67,146ms] [Warning] [omni.physx.plugin] Invalid PhysX transform detected for /World/scene_0/controllable__r1__robot_xblfuw/base_footprint_rx.
2026-05-12 16:19:00 [67,146ms] [Warning] [omni.physx.plugin] Invalid PhysX transform detected for /World/scene_0/controllable__r1__robot_xblfuw/base_footprint_ry.
2026-05-12 16:19:00 [67,146ms] [Warning] [omni.physx.plugin] Invalid PhysX transform detected for /World/scene_0/controllable__r1__robot_xblfuw/base_footprint_rz.
2026-05-12 16:19:00 [67,146ms] [Warning] [omni.physx.plugin] Invalid PhysX transform detected for /World/scene_0/controllable__r1__robot_xblfuw/base_link.
2026-05-12 16:19:00 [67,146ms] [Warning] [omni.physx.plugin] Invalid PhysX transform detected for /World/scene_0/controllable__r1__robot_xblfuw/servo_link1.
2026-05-12 16:19:00 [67,146ms] [Warning] [omni.physx.plugin] Invalid PhysX transform detected for /World/scene_0/controllable__r1__robot_xblfuw/servo_link2.
2026-05-12 16:19:00 [67,146ms] [Warning] [omni.physx.plugin] Invalid PhysX transform detected for /World/scene_0/controllable__r1__robot_xblfuw/servo_link3.
2026-05-12 16:19:00 [67,146ms] [Warning] [omni.physx.plugin] Invalid PhysX transform detected for /World/scene_0/controllable__r1__robot_xblfuw/torso_link1.
2026-05-12 16:19:00 [67,146ms] [Warning] [omni.physx.plugin] Invalid PhysX transform detected for /World/scene_0/controllable__r1__robot_xblfuw/wheel_link1.
2026-05-12 16:19:00 [67,146ms] [Warning] [omni.physx.plugin] Invalid PhysX transform detected for /World/scene_0/controllable__r1__robot_xblfuw/wheel_link2.
2026-05-12 16:19:00 [67,146ms] [Warning] [omni.physx.plugin] Invalid PhysX transform detected for /World/scene_0/controllable__r1__robot_xblfuw/wheel_link3.
2026-05-12 16:19:00 [67,146ms] [Warning] [omni.physx.plugin] Invalid PhysX transform detected for /World/scene_0/controllable__r1__robot_xblfuw/torso_link2.
2026-05-12 16:19:00 [67,146ms] [Warning] [omni.physx.plugin] Invalid PhysX transform detected for /World/scene_0/controllable__r1__robot_xblfuw/torso_link3.
2026-05-12 16:19:00 [67,146ms] [Warning] [omni.physx.plugin] Invalid PhysX transform detected for /World/scene_0/controllable__r1__robot_xblfuw/torso_link4.
2026-05-12 16:19:00 [67,146ms] [Warning] [omni.physx.plugin] Invalid PhysX transform detected for /World/scene_0/controllable__r1__robot_xblfuw/left_arm_link1.
2026-05-12 16:19:00 [67,146ms] [Warning] [omni.physx.plugin] Invalid PhysX transform detected for /World/scene_0/controllable__r1__robot_xblfuw/right_arm_link1.
2026-05-12 16:19:00 [67,146ms] [Warning] [omni.physx.plugin] Invalid PhysX transform detected for /World/scene_0/controllable__r1__robot_xblfuw/eyes.
2026-05-12 16:19:00 [67,146ms] [Warning] [omni.physx.plugin] Invalid PhysX transform detected for /World/scene_0/controllable__r1__robot_xblfuw/left_arm_link2.
2026-05-12 16:19:00 [67,146ms] [Warning] [omni.physx.plugin] Invalid PhysX transform detected for /World/scene_0/controllable__r1__robot_xblfuw/right_arm_link2.
2026-05-12 16:19:00 [67,146ms] [Warning] [omni.physx.plugin] Invalid PhysX transform detected for /World/scene_0/controllable__r1__robot_xblfuw/left_arm_link3.
2026-05-12 16:19:00 [67,146ms] [Warning] [omni.physx.plugin] Invalid PhysX transform detected for /World/scene_0/controllable__r1__robot_xblfuw/right_arm_link3.
2026-05-12 16:19:00 [67,146ms] [Warning] [omni.physx.plugin] Invalid PhysX transform detected for /World/scene_0/controllable__r1__robot_xblfuw/left_arm_link4.
2026-05-12 16:19:00 [67,146ms] [Warning] [omni.physx.plugin] Invalid PhysX transform detected for /World/scene_0/controllable__r1__robot_xblfuw/right_arm_link4.
2026-05-12 16:19:00 [67,146ms] [Warning] [omni.physx.plugin] Invalid PhysX transform detected for /World/scene_0/controllable__r1__robot_xblfuw/left_arm_link5.
2026-05-12 16:19:00 [67,146ms] [Warning] [omni.physx.plugin] Invalid PhysX transform detected for /World/scene_0/controllable__r1__robot_xblfuw/right_arm_link5.
2026-05-12 16:19:00 [67,146ms] [Warning] [omni.physx.plugin] Invalid PhysX transform detected for /World/scene_0/controllable__r1__robot_xblfuw/left_arm_link6.
2026-05-12 16:19:00 [67,146ms] [Warning] [omni.physx.plugin] Invalid PhysX transform detected for /World/scene_0/controllable__r1__robot_xblfuw/right_arm_link6.
2026-05-12 16:19:00 [67,146ms] [Warning] [omni.physx.plugin] Invalid PhysX transform detected for /World/scene_0/controllable__r1__robot_xblfuw/left_gripper_link1.
2026-05-12 16:19:00 [67,146ms] [Warning] [omni.physx.plugin] Invalid PhysX transform detected for /World/scene_0/controllable__r1__robot_xblfuw/left_gripper_link2.
2026-05-12 16:19:00 [67,146ms] [Warning] [omni.physx.plugin] Invalid PhysX transform detected for /World/scene_0/controllable__r1__robot_xblfuw/left_eef_link.
2026-05-12 16:19:00 [67,146ms] [Warning] [omni.physx.plugin] Invalid PhysX transform detected for /World/scene_0/controllable__r1__robot_xblfuw/right_gripper_link1.
2026-05-12 16:19:00 [67,146ms] [Warning] [omni.physx.plugin] Invalid PhysX transform detected for /World/scene_0/controllable__r1__robot_xblfuw/right_gripper_link2.
2026-05-12 16:19:00 [67,146ms] [Warning] [omni.physx.plugin] Invalid PhysX transform detected for /World/scene_0/controllable__r1__robot_xblfuw/right_eef_link.
2026-05-12 16:19:00 [67,228ms] [Warning] [omni.physx.plugin] Invalid PhysX transform detected for /World/scene_0/controllable__r1__robot_xblfuw/base_footprint_y.
2026-05-12 16:19:00 [67,228ms] [Warning] [omni.physx.plugin] Invalid PhysX transform detected for /World/scene_0/controllable__r1__robot_xblfuw/base_footprint_z.
2026-05-12 16:19:00 [67,228ms] [Warning] [omni.physx.plugin] Invalid PhysX transform detected for /World/scene_0/controllable__r1__robot_xblfuw/base_footprint_rx.
2026-05-12 16:19:00 [67,228ms] [Warning] [omni.physx.plugin] Invalid PhysX transform detected for /World/scene_0/controllable__r1__robot_xblfuw/base_footprint_ry.
2026-05-12 16:19:00 [67,228ms] [Warning] [omni.physx.plugin] Invalid PhysX transform detected for /World/scene_0/controllable__r1__robot_xblfuw/base_footprint_rz.
2026-05-12 16:19:00 [67,228ms] [Warning] [omni.physx.plugin] Invalid PhysX transform detected for /World/scene_0/controllable__r1__robot_xblfuw/base_link.
2026-05-12 16:19:00 [67,228ms] [Warning] [omni.physx.plugin] Invalid PhysX transform detected for /World/scene_0/controllable__r1__robot_xblfuw/servo_link1.
2026-05-12 16:19:00 [67,228ms] [Warning] [omni.physx.plugin] Invalid PhysX transform detected for /World/scene_0/controllable__r1__robot_xblfuw/servo_link2.
2026-05-12 16:19:00 [67,228ms] [Warning] [omni.physx.plugin] Invalid PhysX transform detected for /World/scene_0/controllable__r1__robot_xblfuw/servo_link3.
2026-05-12 16:19:00 [67,228ms] [Warning] [omni.physx.plugin] Invalid PhysX transform detected for /World/scene_0/controllable__r1__robot_xblfuw/torso_link1.
2026-05-12 16:19:00 [67,228ms] [Warning] [omni.physx.plugin] Invalid PhysX transform detected for /World/scene_0/controllable__r1__robot_xblfuw/wheel_link1.
2026-05-12 16:19:00 [67,228ms] [Warning] [omni.physx.plugin] Invalid PhysX transform detected for /World/scene_0/controllable__r1__robot_xblfuw/wheel_link2.
2026-05-12 16:19:00 [67,228ms] [Warning] [omni.physx.plugin] Invalid PhysX transform detected for /World/scene_0/controllable__r1__robot_xblfuw/wheel_link3.
2026-05-12 16:19:00 [67,229ms] [Warning] [omni.physx.plugin] Invalid PhysX transform detected for /World/scene_0/controllable__r1__robot_xblfuw/torso_link2.
2026-05-12 16:19:00 [67,229ms] [Warning] [omni.physx.plugin] Invalid PhysX transform detected for /World/scene_0/controllable__r1__robot_xblfuw/torso_link3.
2026-05-12 16:19:00 [67,229ms] [Warning] [omni.physx.plugin] Invalid PhysX transform detected for /World/scene_0/controllable__r1__robot_xblfuw/torso_link4.
2026-05-12 16:19:00 [67,229ms] [Warning] [omni.physx.plugin] Invalid PhysX transform detected for /World/scene_0/controllable__r1__robot_xblfuw/left_arm_link1.
2026-05-12 16:19:00 [67,229ms] [Warning] [omni.physx.plugin] Invalid PhysX transform detected for /World/scene_0/controllable__r1__robot_xblfuw/right_arm_link1.
2026-05-12 16:19:00 [67,229ms] [Warning] [omni.physx.plugin] Invalid PhysX transform detected for /World/scene_0/controllable__r1__robot_xblfuw/eyes.
2026-05-12 16:19:00 [67,229ms] [Warning] [omni.physx.plugin] Invalid PhysX transform detected for /World/scene_0/controllable__r1__robot_xblfuw/left_arm_link2.
2026-05-12 16:19:00 [67,229ms] [Warning] [omni.physx.plugin] Invalid PhysX transform detected for /World/scene_0/controllable__r1__robot_xblfuw/right_arm_link2.
2026-05-12 16:19:00 [67,229ms] [Warning] [omni.physx.plugin] Invalid PhysX transform detected for /World/scene_0/controllable__r1__robot_xblfuw/left_arm_link3.
2026-05-12 16:19:00 [67,229ms] [Warning] [omni.physx.plugin] Invalid PhysX transform detected for /World/scene_0/controllable__r1__robot_xblfuw/right_arm_link3.
2026-05-12 16:19:00 [67,229ms] [Warning] [omni.physx.plugin] Invalid PhysX transform detected for /World/scene_0/controllable__r1__robot_xblfuw/left_arm_link4.
2026-05-12 16:19:00 [67,229ms] [Warning] [omni.physx.plugin] Invalid PhysX transform detected for /World/scene_0/controllable__r1__robot_xblfuw/right_arm_link4.
2026-05-12 16:19:00 [67,229ms] [Warning] [omni.physx.plugin] Invalid PhysX transform detected for /World/scene_0/controllable__r1__robot_xblfuw/left_arm_link5.
2026-05-12 16:19:00 [67,229ms] [Warning] [omni.physx.plugin] Invalid PhysX transform detected for /World/scene_0/controllable__r1__robot_xblfuw/right_arm_link5.
2026-05-12 16:19:00 [67,229ms] [Warning] [omni.physx.plugin] Invalid PhysX transform detected for /World/scene_0/controllable__r1__robot_xblfuw/left_arm_link6.
2026-05-12 16:19:00 [67,229ms] [Warning] [omni.physx.plugin] Invalid PhysX transform detected for /World/scene_0/controllable__r1__robot_xblfuw/right_arm_link6.
2026-05-12 16:19:00 [67,229ms] [Warning] [omni.physx.plugin] Invalid PhysX transform detected for /World/scene_0/controllable__r1__robot_xblfuw/left_gripper_link1.
2026-05-12 16:19:00 [67,229ms] [Warning] [omni.physx.plugin] Invalid PhysX transform detected for /World/scene_0/controllable__r1__robot_xblfuw/left_gripper_link2.
2026-05-12 16:19:00 [67,229ms] [Warning] [omni.physx.plugin] Invalid PhysX transform detected for /World/scene_0/controllable__r1__robot_xblfuw/left_eef_link.
2026-05-12 16:19:00 [67,229ms] [Warning] [omni.physx.plugin] Invalid PhysX transform detected for /World/scene_0/controllable__r1__robot_xblfuw/right_gripper_link1.
2026-05-12 16:19:00 [67,229ms] [Warning] [omni.physx.plugin] Invalid PhysX transform detected for /World/scene_0/controllable__r1__robot_xblfuw/right_gripper_link2.
2026-05-12 16:19:00 [67,229ms] [Warning] [omni.physx.plugin] Invalid PhysX transform detected for /World/scene_0/controllable__r1__robot_xblfuw/right_eef_link.
2026-05-12 16:19:00 [67,311ms] [Warning] [omni.physx.plugin] Invalid PhysX transform detected for /World/scene_0/controllable__r1__robot_xblfuw/base_footprint_y.
2026-05-12 16:19:00 [67,311ms] [Warning] [omni.physx.plugin] Invalid PhysX transform detected for /World/scene_0/controllable__r1__robot_xblfuw/base_footprint_z.
2026-05-12 16:19:00 [67,311ms] [Warning] [omni.physx.plugin] Invalid PhysX transform detected for /World/scene_0/controllable__r1__robot_xblfuw/base_footprint_rx.
2026-05-12 16:19:00 [67,311ms] [Warning] [omni.physx.plugin] Invalid PhysX transform detected for /World/scene_0/controllable__r1__robot_xblfuw/base_footprint_ry.
2026-05-12 16:19:00 [67,311ms] [Warning] [omni.physx.plugin] Invalid PhysX transform detected for /World/scene_0/controllable__r1__robot_xblfuw/base_footprint_rz.
2026-05-12 16:19:00 [67,311ms] [Warning] [omni.physx.plugin] Invalid PhysX transform detected for /World/scene_0/controllable__r1__robot_xblfuw/base_link.
2026-05-12 16:19:00 [67,311ms] [Warning] [omni.physx.plugin] Invalid PhysX transform detected for /World/scene_0/controllable__r1__robot_xblfuw/servo_link1.
2026-05-12 16:19:00 [67,311ms] [Warning] [omni.physx.plugin] Invalid PhysX transform detected for /World/scene_0/controllable__r1__robot_xblfuw/servo_link2.
2026-05-12 16:19:00 [67,311ms] [Warning] [omni.physx.plugin] Invalid PhysX transform detected for /World/scene_0/controllable__r1__robot_xblfuw/servo_link3.
2026-05-12 16:19:00 [67,311ms] [Warning] [omni.physx.plugin] Invalid PhysX transform detected for /World/scene_0/controllable__r1__robot_xblfuw/torso_link1.
2026-05-12 16:19:00 [67,311ms] [Warning] [omni.physx.plugin] Invalid PhysX transform detected for /World/scene_0/controllable__r1__robot_xblfuw/wheel_link1.
2026-05-12 16:19:00 [67,311ms] [Warning] [omni.physx.plugin] Invalid PhysX transform detected for /World/scene_0/controllable__r1__robot_xblfuw/wheel_link2.
2026-05-12 16:19:00 [67,311ms] [Warning] [omni.physx.plugin] Invalid PhysX transform detected for /World/scene_0/controllable__r1__robot_xblfuw/wheel_link3.
2026-05-12 16:19:00 [67,311ms] [Warning] [omni.physx.plugin] Invalid PhysX transform detected for /World/scene_0/controllable__r1__robot_xblfuw/torso_link2.
2026-05-12 16:19:00 [67,311ms] [Warning] [omni.physx.plugin] Invalid PhysX transform detected for /World/scene_0/controllable__r1__robot_xblfuw/torso_link3.
2026-05-12 16:19:00 [67,311ms] [Warning] [omni.physx.plugin] Invalid PhysX transform detected for /World/scene_0/controllable__r1__robot_xblfuw/torso_link4.
2026-05-12 16:19:00 [67,311ms] [Warning] [omni.physx.plugin] Invalid PhysX transform detected for /World/scene_0/controllable__r1__robot_xblfuw/left_arm_link1.
2026-05-12 16:19:00 [67,311ms] [Warning] [omni.physx.plugin] Invalid PhysX transform detected for /World/scene_0/controllable__r1__robot_xblfuw/right_arm_link1.
2026-05-12 16:19:00 [67,311ms] [Warning] [omni.physx.plugin] Invalid PhysX transform detected for /World/scene_0/controllable__r1__robot_xblfuw/eyes.
2026-05-12 16:19:00 [67,311ms] [Warning] [omni.physx.plugin] Invalid PhysX transform detected for /World/scene_0/controllable__r1__robot_xblfuw/left_arm_link2.
2026-05-12 16:19:00 [67,311ms] [Warning] [omni.physx.plugin] Invalid PhysX transform detected for /World/scene_0/controllable__r1__robot_xblfuw/right_arm_link2.
2026-05-12 16:19:00 [67,311ms] [Warning] [omni.physx.plugin] Invalid PhysX transform detected for /World/scene_0/controllable__r1__robot_xblfuw/left_arm_link3.
2026-05-12 16:19:00 [67,311ms] [Warning] [omni.physx.plugin] Invalid PhysX transform detected for /World/scene_0/controllable__r1__robot_xblfuw/right_arm_link3.
2026-05-12 16:19:00 [67,311ms] [Warning] [omni.physx.plugin] Invalid PhysX transform detected for /World/scene_0/controllable__r1__robot_xblfuw/left_arm_link4.
2026-05-12 16:19:00 [67,311ms] [Warning] [omni.physx.plugin] Invalid PhysX transform detected for /World/scene_0/controllable__r1__robot_xblfuw/right_arm_link4.
2026-05-12 16:19:00 [67,311ms] [Warning] [omni.physx.plugin] Invalid PhysX transform detected for /World/scene_0/controllable__r1__robot_xblfuw/left_arm_link5.
2026-05-12 16:19:00 [67,311ms] [Warning] [omni.physx.plugin] Invalid PhysX transform detected for /World/scene_0/controllable__r1__robot_xblfuw/right_arm_link5.
2026-05-12 16:19:00 [67,311ms] [Warning] [omni.physx.plugin] Invalid PhysX transform detected for /World/scene_0/controllable__r1__robot_xblfuw/left_arm_link6.
2026-05-12 16:19:00 [67,311ms] [Warning] [omni.physx.plugin] Invalid PhysX transform detected for /World/scene_0/controllable__r1__robot_xblfuw/right_arm_link6.
2026-05-12 16:19:00 [67,311ms] [Warning] [omni.physx.plugin] Invalid PhysX transform detected for /World/scene_0/controllable__r1__robot_xblfuw/left_gripper_link1.
2026-05-12 16:19:00 [67,311ms] [Warning] [omni.physx.plugin] Invalid PhysX transform detected for /World/scene_0/controllable__r1__robot_xblfuw/left_gripper_link2.
2026-05-12 16:19:00 [67,311ms] [Warning] [omni.physx.plugin] Invalid PhysX transform detected for /World/scene_0/controllable__r1__robot_xblfuw/left_eef_link.
2026-05-12 16:19:00 [67,311ms] [Warning] [omni.physx.plugin] Invalid PhysX transform detected for /World/scene_0/controllable__r1__robot_xblfuw/right_gripper_link1.
2026-05-12 16:19:00 [67,311ms] [Warning] [omni.physx.plugin] Invalid PhysX transform detected for /World/scene_0/controllable__r1__robot_xblfuw/right_gripper_link2.
2026-05-12 16:19:00 [67,311ms] [Warning] [omni.physx.plugin] Invalid PhysX transform detected for /World/scene_0/controllable__r1__robot_xblfuw/right_eef_link.
2026-05-12 16:19:00 [67,395ms] [Warning] [omni.physx.plugin] Invalid PhysX transform detected for /World/scene_0/controllable__r1__robot_xblfuw/base_footprint_y.
2026-05-12 16:19:00 [67,395ms] [Warning] [omni.physx.plugin] Invalid PhysX transform detected for /World/scene_0/controllable__r1__robot_xblfuw/base_footprint_z.
2026-05-12 16:19:00 [67,395ms] [Warning] [omni.physx.plugin] Invalid PhysX transform detected for /World/scene_0/controllable__r1__robot_xblfuw/base_footprint_rx.
2026-05-12 16:19:00 [67,395ms] [Warning] [omni.physx.plugin] Invalid PhysX transform detected for /World/scene_0/controllable__r1__robot_xblfuw/base_footprint_ry.
2026-05-12 16:19:00 [67,395ms] [Warning] [omni.physx.plugin] Invalid PhysX transform detected for /World/scene_0/controllable__r1__robot_xblfuw/base_footprint_rz.
2026-05-12 16:19:00 [67,395ms] [Warning] [omni.physx.plugin] Invalid PhysX transform detected for /World/scene_0/controllable__r1__robot_xblfuw/base_link.
2026-05-12 16:19:00 [67,395ms] [Warning] [omni.physx.plugin] Invalid PhysX transform detected for /World/scene_0/controllable__r1__robot_xblfuw/servo_link1.
2026-05-12 16:19:00 [67,395ms] [Warning] [omni.physx.plugin] Invalid PhysX transform detected for /World/scene_0/controllable__r1__robot_xblfuw/servo_link2.
2026-05-12 16:19:00 [67,395ms] [Warning] [omni.physx.plugin] Invalid PhysX transform detected for /World/scene_0/controllable__r1__robot_xblfuw/servo_link3.
2026-05-12 16:19:00 [67,395ms] [Warning] [omni.physx.plugin] Invalid PhysX transform detected for /World/scene_0/controllable__r1__robot_xblfuw/torso_link1.
2026-05-12 16:19:00 [67,395ms] [Warning] [omni.physx.plugin] Invalid PhysX transform detected for /World/scene_0/controllable__r1__robot_xblfuw/wheel_link1.
2026-05-12 16:19:00 [67,395ms] [Warning] [omni.physx.plugin] Invalid PhysX transform detected for /World/scene_0/controllable__r1__robot_xblfuw/wheel_link2.
2026-05-12 16:19:00 [67,395ms] [Warning] [omni.physx.plugin] Invalid PhysX transform detected for /World/scene_0/controllable__r1__robot_xblfuw/wheel_link3.
2026-05-12 16:19:00 [67,395ms] [Warning] [omni.physx.plugin] Invalid PhysX transform detected for /World/scene_0/controllable__r1__robot_xblfuw/torso_link2.
2026-05-12 16:19:00 [67,395ms] [Warning] [omni.physx.plugin] Invalid PhysX transform detected for /World/scene_0/controllable__r1__robot_xblfuw/torso_link3.
2026-05-12 16:19:00 [67,395ms] [Warning] [omni.physx.plugin] Invalid PhysX transform detected for /World/scene_0/controllable__r1__robot_xblfuw/torso_link4.
2026-05-12 16:19:00 [67,395ms] [Warning] [omni.physx.plugin] Invalid PhysX transform detected for /World/scene_0/controllable__r1__robot_xblfuw/left_arm_link1.
2026-05-12 16:19:00 [67,395ms] [Warning] [omni.physx.plugin] Invalid PhysX transform detected for /World/scene_0/controllable__r1__robot_xblfuw/right_arm_link1.
2026-05-12 16:19:00 [67,395ms] [Warning] [omni.physx.plugin] Invalid PhysX transform detected for /World/scene_0/controllable__r1__robot_xblfuw/eyes.
2026-05-12 16:19:00 [67,395ms] [Warning] [omni.physx.plugin] Invalid PhysX transform detected for /World/scene_0/controllable__r1__robot_xblfuw/left_arm_link2.
2026-05-12 16:19:00 [67,396ms] [Warning] [omni.physx.plugin] Invalid PhysX transform detected for /World/scene_0/controllable__r1__robot_xblfuw/right_arm_link2.
2026-05-12 16:19:00 [67,396ms] [Warning] [omni.physx.plugin] Invalid PhysX transform detected for /World/scene_0/controllable__r1__robot_xblfuw/left_arm_link3.
2026-05-12 16:19:00 [67,396ms] [Warning] [omni.physx.plugin] Invalid PhysX transform detected for /World/scene_0/controllable__r1__robot_xblfuw/right_arm_link3.
2026-05-12 16:19:00 [67,396ms] [Warning] [omni.physx.plugin] Invalid PhysX transform detected for /World/scene_0/controllable__r1__robot_xblfuw/left_arm_link4.
2026-05-12 16:19:00 [67,396ms] [Warning] [omni.physx.plugin] Invalid PhysX transform detected for /World/scene_0/controllable__r1__robot_xblfuw/right_arm_link4.
2026-05-12 16:19:00 [67,396ms] [Warning] [omni.physx.plugin] Invalid PhysX transform detected for /World/scene_0/controllable__r1__robot_xblfuw/left_arm_link5.
2026-05-12 16:19:00 [67,396ms] [Warning] [omni.physx.plugin] Invalid PhysX transform detected for /World/scene_0/controllable__r1__robot_xblfuw/right_arm_link5.
2026-05-12 16:19:00 [67,396ms] [Warning] [omni.physx.plugin] Invalid PhysX transform detected for /World/scene_0/controllable__r1__robot_xblfuw/left_arm_link6.
2026-05-12 16:19:00 [67,396ms] [Warning] [omni.physx.plugin] Invalid PhysX transform detected for /World/scene_0/controllable__r1__robot_xblfuw/right_arm_link6.
2026-05-12 16:19:00 [67,396ms] [Warning] [omni.physx.plugin] Invalid PhysX transform detected for /World/scene_0/controllable__r1__robot_xblfuw/left_gripper_link1.
2026-05-12 16:19:00 [67,396ms] [Warning] [omni.physx.plugin] Invalid PhysX transform detected for /World/scene_0/controllable__r1__robot_xblfuw/left_gripper_link2.
2026-05-12 16:19:00 [67,396ms] [Warning] [omni.physx.plugin] Invalid PhysX transform detected for /World/scene_0/controllable__r1__robot_xblfuw/left_eef_link.
2026-05-12 16:19:00 [67,396ms] [Warning] [omni.physx.plugin] Invalid PhysX transform detected for /World/scene_0/controllable__r1__robot_xblfuw/right_gripper_link1.
2026-05-12 16:19:00 [67,396ms] [Warning] [omni.physx.plugin] Invalid PhysX transform detected for /World/scene_0/controllable__r1__robot_xblfuw/right_gripper_link2.
2026-05-12 16:19:00 [67,396ms] [Warning] [omni.physx.plugin] Invalid PhysX transform detected for /World/scene_0/controllable__r1__robot_xblfuw/right_eef_link.
2026-05-12 16:19:00 [67,479ms] [Warning] [omni.physx.plugin] Invalid PhysX transform detected for /World/scene_0/controllable__r1__robot_xblfuw/base_footprint_y.
2026-05-12 16:19:00 [67,479ms] [Warning] [omni.physx.plugin] Invalid PhysX transform detected for /World/scene_0/controllable__r1__robot_xblfuw/base_footprint_z.
2026-05-12 16:19:00 [67,479ms] [Warning] [omni.physx.plugin] Invalid PhysX transform detected for /World/scene_0/controllable__r1__robot_xblfuw/base_footprint_rx.
2026-05-12 16:19:00 [67,479ms] [Warning] [omni.physx.plugin] Invalid PhysX transform detected for /World/scene_0/controllable__r1__robot_xblfuw/base_footprint_ry.
2026-05-12 16:19:00 [67,479ms] [Warning] [omni.physx.plugin] Invalid PhysX transform detected for /World/scene_0/controllable__r1__robot_xblfuw/base_footprint_rz.
2026-05-12 16:19:00 [67,479ms] [Warning] [omni.physx.plugin] Invalid PhysX transform detected for /World/scene_0/controllable__r1__robot_xblfuw/base_link.
2026-05-12 16:19:00 [67,479ms] [Warning] [omni.physx.plugin] Invalid PhysX transform detected for /World/scene_0/controllable__r1__robot_xblfuw/servo_link1.
2026-05-12 16:19:00 [67,479ms] [Warning] [omni.physx.plugin] Invalid PhysX transform detected for /World/scene_0/controllable__r1__robot_xblfuw/servo_link2.
2026-05-12 16:19:00 [67,479ms] [Warning] [omni.physx.plugin] Invalid PhysX transform detected for /World/scene_0/controllable__r1__robot_xblfuw/servo_link3.
2026-05-12 16:19:00 [67,479ms] [Warning] [omni.physx.plugin] Invalid PhysX transform detected for /World/scene_0/controllable__r1__robot_xblfuw/torso_link1.
2026-05-12 16:19:00 [67,479ms] [Warning] [omni.physx.plugin] Invalid PhysX transform detected for /World/scene_0/controllable__r1__robot_xblfuw/wheel_link1.
2026-05-12 16:19:00 [67,479ms] [Warning] [omni.physx.plugin] Invalid PhysX transform detected for /World/scene_0/controllable__r1__robot_xblfuw/wheel_link2.
2026-05-12 16:19:00 [67,479ms] [Warning] [omni.physx.plugin] Invalid PhysX transform detected for /World/scene_0/controllable__r1__robot_xblfuw/wheel_link3.
2026-05-12 16:19:00 [67,479ms] [Warning] [omni.physx.plugin] Invalid PhysX transform detected for /World/scene_0/controllable__r1__robot_xblfuw/torso_link2.
2026-05-12 16:19:00 [67,479ms] [Warning] [omni.physx.plugin] Invalid PhysX transform detected for /World/scene_0/controllable__r1__robot_xblfuw/torso_link3.
2026-05-12 16:19:00 [67,479ms] [Warning] [omni.physx.plugin] Invalid PhysX transform detected for /World/scene_0/controllable__r1__robot_xblfuw/torso_link4.
2026-05-12 16:19:00 [67,479ms] [Warning] [omni.physx.plugin] Invalid PhysX transform detected for /World/scene_0/controllable__r1__robot_xblfuw/left_arm_link1.
2026-05-12 16:19:00 [67,479ms] [Warning] [omni.physx.plugin] Invalid PhysX transform detected for /World/scene_0/controllable__r1__robot_xblfuw/right_arm_link1.
2026-05-12 16:19:00 [67,479ms] [Warning] [omni.physx.plugin] Invalid PhysX transform detected for /World/scene_0/controllable__r1__robot_xblfuw/eyes.
2026-05-12 16:19:00 [67,479ms] [Warning] [omni.physx.plugin] Invalid PhysX transform detected for /World/scene_0/controllable__r1__robot_xblfuw/left_arm_link2.
2026-05-12 16:19:00 [67,479ms] [Warning] [omni.physx.plugin] Invalid PhysX transform detected for /World/scene_0/controllable__r1__robot_xblfuw/right_arm_link2.
2026-05-12 16:19:00 [67,479ms] [Warning] [omni.physx.plugin] Invalid PhysX transform detected for /World/scene_0/controllable__r1__robot_xblfuw/left_arm_link3.
2026-05-12 16:19:00 [67,479ms] [Warning] [omni.physx.plugin] Invalid PhysX transform detected for /World/scene_0/controllable__r1__robot_xblfuw/right_arm_link3.
2026-05-12 16:19:00 [67,479ms] [Warning] [omni.physx.plugin] Invalid PhysX transform detected for /World/scene_0/controllable__r1__robot_xblfuw/left_arm_link4.
2026-05-12 16:19:00 [67,479ms] [Warning] [omni.physx.plugin] Invalid PhysX transform detected for /World/scene_0/controllable__r1__robot_xblfuw/right_arm_link4.
2026-05-12 16:19:00 [67,479ms] [Warning] [omni.physx.plugin] Invalid PhysX transform detected for /World/scene_0/controllable__r1__robot_xblfuw/left_arm_link5.
2026-05-12 16:19:00 [67,479ms] [Warning] [omni.physx.plugin] Invalid PhysX transform detected for /World/scene_0/controllable__r1__robot_xblfuw/right_arm_link5.
2026-05-12 16:19:00 [67,480ms] [Warning] [omni.physx.plugin] Invalid PhysX transform detected for /World/scene_0/controllable__r1__robot_xblfuw/left_arm_link6.
2026-05-12 16:19:00 [67,480ms] [Warning] [omni.physx.plugin] Invalid PhysX transform detected for /World/scene_0/controllable__r1__robot_xblfuw/right_arm_link6.
2026-05-12 16:19:00 [67,480ms] [Warning] [omni.physx.plugin] Invalid PhysX transform detected for /World/scene_0/controllable__r1__robot_xblfuw/left_gripper_link1.
2026-05-12 16:19:00 [67,480ms] [Warning] [omni.physx.plugin] Invalid PhysX transform detected for /World/scene_0/controllable__r1__robot_xblfuw/left_gripper_link2.
2026-05-12 16:19:00 [67,480ms] [Warning] [omni.physx.plugin] Invalid PhysX transform detected for /World/scene_0/controllable__r1__robot_xblfuw/left_eef_link.
2026-05-12 16:19:00 [67,480ms] [Warning] [omni.physx.plugin] Invalid PhysX transform detected for /World/scene_0/controllable__r1__robot_xblfuw/right_gripper_link1.
2026-05-12 16:19:00 [67,480ms] [Warning] [omni.physx.plugin] Invalid PhysX transform detected for /World/scene_0/controllable__r1__robot_xblfuw/right_gripper_link2.
2026-05-12 16:19:00 [67,480ms] [Warning] [omni.physx.plugin] Invalid PhysX transform detected for /World/scene_0/controllable__r1__robot_xblfuw/right_eef_link.
2026-05-12 16:19:00 [67,556ms] [Warning] [omni.physx.plugin] Invalid PhysX transform detected for /World/scene_0/controllable__r1__robot_xblfuw/base_footprint_y.
2026-05-12 16:19:00 [67,556ms] [Warning] [omni.physx.plugin] Invalid PhysX transform detected for /World/scene_0/controllable__r1__robot_xblfuw/base_footprint_z.
2026-05-12 16:19:00 [67,556ms] [Warning] [omni.physx.plugin] Invalid PhysX transform detected for /World/scene_0/controllable__r1__robot_xblfuw/base_footprint_rx.
2026-05-12 16:19:00 [67,556ms] [Warning] [omni.physx.plugin] Invalid PhysX transform detected for /World/scene_0/controllable__r1__robot_xblfuw/base_footprint_ry.
2026-05-12 16:19:00 [67,556ms] [Warning] [omni.physx.plugin] Invalid PhysX transform detected for /World/scene_0/controllable__r1__robot_xblfuw/base_footprint_rz.
2026-05-12 16:19:00 [67,556ms] [Warning] [omni.physx.plugin] Invalid PhysX transform detected for /World/scene_0/controllable__r1__robot_xblfuw/base_link.
2026-05-12 16:19:00 [67,556ms] [Warning] [omni.physx.plugin] Invalid PhysX transform detected for /World/scene_0/controllable__r1__robot_xblfuw/servo_link1.
2026-05-12 16:19:00 [67,556ms] [Warning] [omni.physx.plugin] Invalid PhysX transform detected for /World/scene_0/controllable__r1__robot_xblfuw/servo_link2.
2026-05-12 16:19:00 [67,556ms] [Warning] [omni.physx.plugin] Invalid PhysX transform detected for /World/scene_0/controllable__r1__robot_xblfuw/servo_link3.
2026-05-12 16:19:00 [67,556ms] [Warning] [omni.physx.plugin] Invalid PhysX transform detected for /World/scene_0/controllable__r1__robot_xblfuw/torso_link1.
2026-05-12 16:19:00 [67,556ms] [Warning] [omni.physx.plugin] Invalid PhysX transform detected for /World/scene_0/controllable__r1__robot_xblfuw/wheel_link1.
2026-05-12 16:19:00 [67,556ms] [Warning] [omni.physx.plugin] Invalid PhysX transform detected for /World/scene_0/controllable__r1__robot_xblfuw/wheel_link2.
2026-05-12 16:19:00 [67,556ms] [Warning] [omni.physx.plugin] Invalid PhysX transform detected for /World/scene_0/controllable__r1__robot_xblfuw/wheel_link3.
2026-05-12 16:19:00 [67,556ms] [Warning] [omni.physx.plugin] Invalid PhysX transform detected for /World/scene_0/controllable__r1__robot_xblfuw/torso_link2.
2026-05-12 16:19:00 [67,556ms] [Warning] [omni.physx.plugin] Invalid PhysX transform detected for /World/scene_0/controllable__r1__robot_xblfuw/torso_link3.
2026-05-12 16:19:00 [67,557ms] [Warning] [omni.physx.plugin] Invalid PhysX transform detected for /World/scene_0/controllable__r1__robot_xblfuw/torso_link4.
2026-05-12 16:19:00 [67,557ms] [Warning] [omni.physx.plugin] Invalid PhysX transform detected for /World/scene_0/controllable__r1__robot_xblfuw/left_arm_link1.
2026-05-12 16:19:00 [67,557ms] [Warning] [omni.physx.plugin] Invalid PhysX transform detected for /World/scene_0/controllable__r1__robot_xblfuw/right_arm_link1.
2026-05-12 16:19:00 [67,557ms] [Warning] [omni.physx.plugin] Invalid PhysX transform detected for /World/scene_0/controllable__r1__robot_xblfuw/eyes.
2026-05-12 16:19:00 [67,557ms] [Warning] [omni.physx.plugin] Invalid PhysX transform detected for /World/scene_0/controllable__r1__robot_xblfuw/left_arm_link2.
2026-05-12 16:19:00 [67,557ms] [Warning] [omni.physx.plugin] Invalid PhysX transform detected for /World/scene_0/controllable__r1__robot_xblfuw/right_arm_link2.
2026-05-12 16:19:00 [67,557ms] [Warning] [omni.physx.plugin] Invalid PhysX transform detected for /World/scene_0/controllable__r1__robot_xblfuw/left_arm_link3.
2026-05-12 16:19:00 [67,557ms] [Warning] [omni.physx.plugin] Invalid PhysX transform detected for /World/scene_0/controllable__r1__robot_xblfuw/right_arm_link3.
2026-05-12 16:19:00 [67,557ms] [Warning] [omni.physx.plugin] Invalid PhysX transform detected for /World/scene_0/controllable__r1__robot_xblfuw/left_arm_link4.
2026-05-12 16:19:00 [67,557ms] [Warning] [omni.physx.plugin] Invalid PhysX transform detected for /World/scene_0/controllable__r1__robot_xblfuw/right_arm_link4.
2026-05-12 16:19:00 [67,557ms] [Warning] [omni.physx.plugin] Invalid PhysX transform detected for /World/scene_0/controllable__r1__robot_xblfuw/left_arm_link5.
2026-05-12 16:19:00 [67,557ms] [Warning] [omni.physx.plugin] Invalid PhysX transform detected for /World/scene_0/controllable__r1__robot_xblfuw/right_arm_link5.
2026-05-12 16:19:00 [67,557ms] [Warning] [omni.physx.plugin] Invalid PhysX transform detected for /World/scene_0/controllable__r1__robot_xblfuw/left_arm_link6.
2026-05-12 16:19:00 [67,557ms] [Warning] [omni.physx.plugin] Invalid PhysX transform detected for /World/scene_0/controllable__r1__robot_xblfuw/right_arm_link6.
2026-05-12 16:19:00 [67,557ms] [Warning] [omni.physx.plugin] Invalid PhysX transform detected for /World/scene_0/controllable__r1__robot_xblfuw/left_gripper_link1.
2026-05-12 16:19:00 [67,557ms] [Warning] [omni.physx.plugin] Invalid PhysX transform detected for /World/scene_0/controllable__r1__robot_xblfuw/left_gripper_link2.
2026-05-12 16:19:00 [67,557ms] [Warning] [omni.physx.plugin] Invalid PhysX transform detected for /World/scene_0/controllable__r1__robot_xblfuw/left_eef_link.
2026-05-12 16:19:00 [67,557ms] [Warning] [omni.physx.plugin] Invalid PhysX transform detected for /World/scene_0/controllable__r1__robot_xblfuw/right_gripper_link1.
2026-05-12 16:19:00 [67,557ms] [Warning] [omni.physx.plugin] Invalid PhysX transform detected for /World/scene_0/controllable__r1__robot_xblfuw/right_gripper_link2.
2026-05-12 16:19:00 [67,557ms] [Warning] [omni.physx.plugin] Invalid PhysX transform detected for /World/scene_0/controllable__r1__robot_xblfuw/right_eef_link.
2026-05-12 16:19:00 [67,637ms] [Warning] [omni.physx.plugin] Invalid PhysX transform detected for /World/scene_0/controllable__r1__robot_xblfuw/base_footprint_y.
2026-05-12 16:19:00 [67,638ms] [Warning] [omni.physx.plugin] Invalid PhysX transform detected for /World/scene_0/controllable__r1__robot_xblfuw/base_footprint_z.
2026-05-12 16:19:00 [67,638ms] [Warning] [omni.physx.plugin] Invalid PhysX transform detected for /World/scene_0/controllable__r1__robot_xblfuw/base_footprint_rx.
2026-05-12 16:19:00 [67,638ms] [Warning] [omni.physx.plugin] Invalid PhysX transform detected for /World/scene_0/controllable__r1__robot_xblfuw/base_footprint_ry.
2026-05-12 16:19:00 [67,638ms] [Warning] [omni.physx.plugin] Invalid PhysX transform detected for /World/scene_0/controllable__r1__robot_xblfuw/base_footprint_rz.
2026-05-12 16:19:00 [67,638ms] [Warning] [omni.physx.plugin] Invalid PhysX transform detected for /World/scene_0/controllable__r1__robot_xblfuw/base_link.
2026-05-12 16:19:00 [67,638ms] [Warning] [omni.physx.plugin] Invalid PhysX transform detected for /World/scene_0/controllable__r1__robot_xblfuw/servo_link1.
2026-05-12 16:19:00 [67,638ms] [Warning] [omni.physx.plugin] Invalid PhysX transform detected for /World/scene_0/controllable__r1__robot_xblfuw/servo_link2.
2026-05-12 16:19:00 [67,638ms] [Warning] [omni.physx.plugin] Invalid PhysX transform detected for /World/scene_0/controllable__r1__robot_xblfuw/servo_link3.
2026-05-12 16:19:00 [67,638ms] [Warning] [omni.physx.plugin] Invalid PhysX transform detected for /World/scene_0/controllable__r1__robot_xblfuw/torso_link1.
2026-05-12 16:19:00 [67,638ms] [Warning] [omni.physx.plugin] Invalid PhysX transform detected for /World/scene_0/controllable__r1__robot_xblfuw/wheel_link1.
2026-05-12 16:19:00 [67,638ms] [Warning] [omni.physx.plugin] Invalid PhysX transform detected for /World/scene_0/controllable__r1__robot_xblfuw/wheel_link2.
2026-05-12 16:19:00 [67,638ms] [Warning] [omni.physx.plugin] Invalid PhysX transform detected for /World/scene_0/controllable__r1__robot_xblfuw/wheel_link3.
2026-05-12 16:19:00 [67,638ms] [Warning] [omni.physx.plugin] Invalid PhysX transform detected for /World/scene_0/controllable__r1__robot_xblfuw/torso_link2.
2026-05-12 16:19:00 [67,638ms] [Warning] [omni.physx.plugin] Invalid PhysX transform detected for /World/scene_0/controllable__r1__robot_xblfuw/torso_link3.
2026-05-12 16:19:00 [67,638ms] [Warning] [omni.physx.plugin] Invalid PhysX transform detected for /World/scene_0/controllable__r1__robot_xblfuw/torso_link4.
2026-05-12 16:19:00 [67,638ms] [Warning] [omni.physx.plugin] Invalid PhysX transform detected for /World/scene_0/controllable__r1__robot_xblfuw/left_arm_link1.
2026-05-12 16:19:00 [67,638ms] [Warning] [omni.physx.plugin] Invalid PhysX transform detected for /World/scene_0/controllable__r1__robot_xblfuw/right_arm_link1.
2026-05-12 16:19:00 [67,638ms] [Warning] [omni.physx.plugin] Invalid PhysX transform detected for /World/scene_0/controllable__r1__robot_xblfuw/eyes.
2026-05-12 16:19:00 [67,638ms] [Warning] [omni.physx.plugin] Invalid PhysX transform detected for /World/scene_0/controllable__r1__robot_xblfuw/left_arm_link2.
2026-05-12 16:19:00 [67,638ms] [Warning] [omni.physx.plugin] Invalid PhysX transform detected for /World/scene_0/controllable__r1__robot_xblfuw/right_arm_link2.
2026-05-12 16:19:00 [67,638ms] [Warning] [omni.physx.plugin] Invalid PhysX transform detected for /World/scene_0/controllable__r1__robot_xblfuw/left_arm_link3.
2026-05-12 16:19:00 [67,638ms] [Warning] [omni.physx.plugin] Invalid PhysX transform detected for /World/scene_0/controllable__r1__robot_xblfuw/right_arm_link3.
2026-05-12 16:19:00 [67,638ms] [Warning] [omni.physx.plugin] Invalid PhysX transform detected for /World/scene_0/controllable__r1__robot_xblfuw/left_arm_link4.
2026-05-12 16:19:00 [67,638ms] [Warning] [omni.physx.plugin] Invalid PhysX transform detected for /World/scene_0/controllable__r1__robot_xblfuw/right_arm_link4.
2026-05-12 16:19:00 [67,638ms] [Warning] [omni.physx.plugin] Invalid PhysX transform detected for /World/scene_0/controllable__r1__robot_xblfuw/left_arm_link5.
2026-05-12 16:19:00 [67,638ms] [Warning] [omni.physx.plugin] Invalid PhysX transform detected for /World/scene_0/controllable__r1__robot_xblfuw/right_arm_link5.
2026-05-12 16:19:00 [67,638ms] [Warning] [omni.physx.plugin] Invalid PhysX transform detected for /World/scene_0/controllable__r1__robot_xblfuw/left_arm_link6.
2026-05-12 16:19:00 [67,638ms] [Warning] [omni.physx.plugin] Invalid PhysX transform detected for /World/scene_0/controllable__r1__robot_xblfuw/right_arm_link6.
2026-05-12 16:19:00 [67,638ms] [Warning] [omni.physx.plugin] Invalid PhysX transform detected for /World/scene_0/controllable__r1__robot_xblfuw/left_gripper_link1.
2026-05-12 16:19:00 [67,638ms] [Warning] [omni.physx.plugin] Invalid PhysX transform detected for /World/scene_0/controllable__r1__robot_xblfuw/left_gripper_link2.
2026-05-12 16:19:00 [67,638ms] [Warning] [omni.physx.plugin] Invalid PhysX transform detected for /World/scene_0/controllable__r1__robot_xblfuw/left_eef_link.
2026-05-12 16:19:00 [67,638ms] [Warning] [omni.physx.plugin] Invalid PhysX transform detected for /World/scene_0/controllable__r1__robot_xblfuw/right_gripper_link1.
2026-05-12 16:19:00 [67,638ms] [Warning] [omni.physx.plugin] Invalid PhysX transform detected for /World/scene_0/controllable__r1__robot_xblfuw/right_gripper_link2.
2026-05-12 16:19:00 [67,638ms] [Warning] [omni.physx.plugin] Invalid PhysX transform detected for /World/scene_0/controllable__r1__robot_xblfuw/right_eef_link.
2026-05-12 16:19:00 [67,638ms] [Warning] [omni.physx.plugin] Invalid PhysX transform detected for /World/scene_0/cover_small_item_render_item_4175346132/base_link.
2026-05-12 16:19:00 [67,638ms] [Warning] [omni.physx.plugin] Invalid PhysX transform detected for /World/scene_0/cover_small_item_render_item_4175346132/glass.
2026-05-12 16:19:00 [67,725ms] [Warning] [omni.physx.plugin] Invalid PhysX transform detected for /World/scene_0/controllable__r1__robot_xblfuw/base_footprint_y.
2026-05-12 16:19:00 [67,725ms] [Warning] [omni.physx.plugin] Invalid PhysX transform detected for /World/scene_0/controllable__r1__robot_xblfuw/base_footprint_z.
2026-05-12 16:19:00 [67,725ms] [Warning] [omni.physx.plugin] Invalid PhysX transform detected for /World/scene_0/controllable__r1__robot_xblfuw/base_footprint_rx.
2026-05-12 16:19:00 [67,725ms] [Warning] [omni.physx.plugin] Invalid PhysX transform detected for /World/scene_0/controllable__r1__robot_xblfuw/base_footprint_ry.
2026-05-12 16:19:00 [67,725ms] [Warning] [omni.physx.plugin] Invalid PhysX transform detected for /World/scene_0/controllable__r1__robot_xblfuw/base_footprint_rz.
2026-05-12 16:19:00 [67,725ms] [Warning] [omni.physx.plugin] Invalid PhysX transform detected for /World/scene_0/controllable__r1__robot_xblfuw/base_link.
2026-05-12 16:19:00 [67,725ms] [Warning] [omni.physx.plugin] Invalid PhysX transform detected for /World/scene_0/controllable__r1__robot_xblfuw/servo_link1.
2026-05-12 16:19:00 [67,725ms] [Warning] [omni.physx.plugin] Invalid PhysX transform detected for /World/scene_0/controllable__r1__robot_xblfuw/servo_link2.
2026-05-12 16:19:00 [67,725ms] [Warning] [omni.physx.plugin] Invalid PhysX transform detected for /World/scene_0/controllable__r1__robot_xblfuw/servo_link3.
2026-05-12 16:19:00 [67,725ms] [Warning] [omni.physx.plugin] Invalid PhysX transform detected for /World/scene_0/controllable__r1__robot_xblfuw/torso_link1.
2026-05-12 16:19:00 [67,725ms] [Warning] [omni.physx.plugin] Invalid PhysX transform detected for /World/scene_0/controllable__r1__robot_xblfuw/wheel_link1.
2026-05-12 16:19:00 [67,725ms] [Warning] [omni.physx.plugin] Invalid PhysX transform detected for /World/scene_0/controllable__r1__robot_xblfuw/wheel_link2.
2026-05-12 16:19:00 [67,725ms] [Warning] [omni.physx.plugin] Invalid PhysX transform detected for /World/scene_0/controllable__r1__robot_xblfuw/wheel_link3.
2026-05-12 16:19:00 [67,725ms] [Warning] [omni.physx.plugin] Invalid PhysX transform detected for /World/scene_0/controllable__r1__robot_xblfuw/torso_link2.
2026-05-12 16:19:00 [67,725ms] [Warning] [omni.physx.plugin] Invalid PhysX transform detected for /World/scene_0/controllable__r1__robot_xblfuw/torso_link3.
2026-05-12 16:19:00 [67,725ms] [Warning] [omni.physx.plugin] Invalid PhysX transform detected for /World/scene_0/controllable__r1__robot_xblfuw/torso_link4.
2026-05-12 16:19:00 [67,725ms] [Warning] [omni.physx.plugin] Invalid PhysX transform detected for /World/scene_0/controllable__r1__robot_xblfuw/left_arm_link1.
2026-05-12 16:19:00 [67,725ms] [Warning] [omni.physx.plugin] Invalid PhysX transform detected for /World/scene_0/controllable__r1__robot_xblfuw/right_arm_link1.
2026-05-12 16:19:00 [67,725ms] [Warning] [omni.physx.plugin] Invalid PhysX transform detected for /World/scene_0/controllable__r1__robot_xblfuw/eyes.
2026-05-12 16:19:00 [67,725ms] [Warning] [omni.physx.plugin] Invalid PhysX transform detected for /World/scene_0/controllable__r1__robot_xblfuw/left_arm_link2.
2026-05-12 16:19:00 [67,725ms] [Warning] [omni.physx.plugin] Invalid PhysX transform detected for /World/scene_0/controllable__r1__robot_xblfuw/right_arm_link2.
2026-05-12 16:19:00 [67,725ms] [Warning] [omni.physx.plugin] Invalid PhysX transform detected for /World/scene_0/controllable__r1__robot_xblfuw/left_arm_link3.
2026-05-12 16:19:00 [67,725ms] [Warning] [omni.physx.plugin] Invalid PhysX transform detected for /World/scene_0/controllable__r1__robot_xblfuw/right_arm_link3.
2026-05-12 16:19:00 [67,725ms] [Warning] [omni.physx.plugin] Invalid PhysX transform detected for /World/scene_0/controllable__r1__robot_xblfuw/left_arm_link4.
2026-05-12 16:19:00 [67,725ms] [Warning] [omni.physx.plugin] Invalid PhysX transform detected for /World/scene_0/controllable__r1__robot_xblfuw/right_arm_link4.
2026-05-12 16:19:00 [67,725ms] [Warning] [omni.physx.plugin] Invalid PhysX transform detected for /World/scene_0/controllable__r1__robot_xblfuw/left_arm_link5.
2026-05-12 16:19:00 [67,725ms] [Warning] [omni.physx.plugin] Invalid PhysX transform detected for /World/scene_0/controllable__r1__robot_xblfuw/right_arm_link5.
2026-05-12 16:19:00 [67,725ms] [Warning] [omni.physx.plugin] Invalid PhysX transform detected for /World/scene_0/controllable__r1__robot_xblfuw/left_arm_link6.
2026-05-12 16:19:00 [67,725ms] [Warning] [omni.physx.plugin] Invalid PhysX transform detected for /World/scene_0/controllable__r1__robot_xblfuw/right_arm_link6.
2026-05-12 16:19:00 [67,725ms] [Warning] [omni.physx.plugin] Invalid PhysX transform detected for /World/scene_0/controllable__r1__robot_xblfuw/left_gripper_link1.
2026-05-12 16:19:00 [67,725ms] [Warning] [omni.physx.plugin] Invalid PhysX transform detected for /World/scene_0/controllable__r1__robot_xblfuw/left_gripper_link2.
2026-05-12 16:19:00 [67,725ms] [Warning] [omni.physx.plugin] Invalid PhysX transform detected for /World/scene_0/controllable__r1__robot_xblfuw/left_eef_link.
2026-05-12 16:19:00 [67,725ms] [Warning] [omni.physx.plugin] Invalid PhysX transform detected for /World/scene_0/controllable__r1__robot_xblfuw/right_gripper_link1.
2026-05-12 16:19:00 [67,725ms] [Warning] [omni.physx.plugin] Invalid PhysX transform detected for /World/scene_0/controllable__r1__robot_xblfuw/right_gripper_link2.
2026-05-12 16:19:00 [67,725ms] [Warning] [omni.physx.plugin] Invalid PhysX transform detected for /World/scene_0/controllable__r1__robot_xblfuw/right_eef_link.
2026-05-12 16:19:00 [67,725ms] [Warning] [omni.physx.plugin] Invalid PhysX transform detected for /World/scene_0/cover_small_item_render_item_4175346132/base_link.
2026-05-12 16:19:00 [67,725ms] [Warning] [omni.physx.plugin] Invalid PhysX transform detected for /World/scene_0/cover_small_item_render_item_4175346132/glass.
2026-05-12 16:19:00 [67,801ms] [Warning] [omni.physx.plugin] Invalid PhysX transform detected for /World/scene_0/controllable__r1__robot_xblfuw/base_footprint_y.
2026-05-12 16:19:00 [67,801ms] [Warning] [omni.physx.plugin] Invalid PhysX transform detected for /World/scene_0/controllable__r1__robot_xblfuw/base_footprint_z.
2026-05-12 16:19:00 [67,801ms] [Warning] [omni.physx.plugin] Invalid PhysX transform detected for /World/scene_0/controllable__r1__robot_xblfuw/base_footprint_rx.
2026-05-12 16:19:00 [67,801ms] [Warning] [omni.physx.plugin] Invalid PhysX transform detected for /World/scene_0/controllable__r1__robot_xblfuw/base_footprint_ry.
2026-05-12 16:19:00 [67,801ms] [Warning] [omni.physx.plugin] Invalid PhysX transform detected for /World/scene_0/controllable__r1__robot_xblfuw/base_footprint_rz.
2026-05-12 16:19:00 [67,801ms] [Warning] [omni.physx.plugin] Invalid PhysX transform detected for /World/scene_0/controllable__r1__robot_xblfuw/base_link.
2026-05-12 16:19:00 [67,801ms] [Warning] [omni.physx.plugin] Invalid PhysX transform detected for /World/scene_0/controllable__r1__robot_xblfuw/servo_link1.
2026-05-12 16:19:00 [67,801ms] [Warning] [omni.physx.plugin] Invalid PhysX transform detected for /World/scene_0/controllable__r1__robot_xblfuw/servo_link2.
2026-05-12 16:19:00 [67,801ms] [Warning] [omni.physx.plugin] Invalid PhysX transform detected for /World/scene_0/controllable__r1__robot_xblfuw/servo_link3.
2026-05-12 16:19:00 [67,801ms] [Warning] [omni.physx.plugin] Invalid PhysX transform detected for /World/scene_0/controllable__r1__robot_xblfuw/torso_link1.
2026-05-12 16:19:00 [67,801ms] [Warning] [omni.physx.plugin] Invalid PhysX transform detected for /World/scene_0/controllable__r1__robot_xblfuw/wheel_link1.
2026-05-12 16:19:00 [67,801ms] [Warning] [omni.physx.plugin] Invalid PhysX transform detected for /World/scene_0/controllable__r1__robot_xblfuw/wheel_link2.
2026-05-12 16:19:00 [67,801ms] [Warning] [omni.physx.plugin] Invalid PhysX transform detected for /World/scene_0/controllable__r1__robot_xblfuw/wheel_link3.
2026-05-12 16:19:00 [67,801ms] [Warning] [omni.physx.plugin] Invalid PhysX transform detected for /World/scene_0/controllable__r1__robot_xblfuw/torso_link2.
2026-05-12 16:19:00 [67,801ms] [Warning] [omni.physx.plugin] Invalid PhysX transform detected for /World/scene_0/controllable__r1__robot_xblfuw/torso_link3.
2026-05-12 16:19:00 [67,801ms] [Warning] [omni.physx.plugin] Invalid PhysX transform detected for /World/scene_0/controllable__r1__robot_xblfuw/torso_link4.
2026-05-12 16:19:00 [67,801ms] [Warning] [omni.physx.plugin] Invalid PhysX transform detected for /World/scene_0/controllable__r1__robot_xblfuw/left_arm_link1.
2026-05-12 16:19:00 [67,801ms] [Warning] [omni.physx.plugin] Invalid PhysX transform detected for /World/scene_0/controllable__r1__robot_xblfuw/right_arm_link1.
2026-05-12 16:19:00 [67,801ms] [Warning] [omni.physx.plugin] Invalid PhysX transform detected for /World/scene_0/controllable__r1__robot_xblfuw/eyes.
2026-05-12 16:19:00 [67,801ms] [Warning] [omni.physx.plugin] Invalid PhysX transform detected for /World/scene_0/controllable__r1__robot_xblfuw/left_arm_link2.
2026-05-12 16:19:00 [67,801ms] [Warning] [omni.physx.plugin] Invalid PhysX transform detected for /World/scene_0/controllable__r1__robot_xblfuw/right_arm_link2.
2026-05-12 16:19:00 [67,801ms] [Warning] [omni.physx.plugin] Invalid PhysX transform detected for /World/scene_0/controllable__r1__robot_xblfuw/left_arm_link3.
2026-05-12 16:19:00 [67,801ms] [Warning] [omni.physx.plugin] Invalid PhysX transform detected for /World/scene_0/controllable__r1__robot_xblfuw/right_arm_link3.
2026-05-12 16:19:00 [67,801ms] [Warning] [omni.physx.plugin] Invalid PhysX transform detected for /World/scene_0/controllable__r1__robot_xblfuw/left_arm_link4.
2026-05-12 16:19:00 [67,801ms] [Warning] [omni.physx.plugin] Invalid PhysX transform detected for /World/scene_0/controllable__r1__robot_xblfuw/right_arm_link4.
2026-05-12 16:19:00 [67,801ms] [Warning] [omni.physx.plugin] Invalid PhysX transform detected for /World/scene_0/controllable__r1__robot_xblfuw/left_arm_link5.
2026-05-12 16:19:00 [67,801ms] [Warning] [omni.physx.plugin] Invalid PhysX transform detected for /World/scene_0/controllable__r1__robot_xblfuw/right_arm_link5.
2026-05-12 16:19:00 [67,801ms] [Warning] [omni.physx.plugin] Invalid PhysX transform detected for /World/scene_0/controllable__r1__robot_xblfuw/left_arm_link6.
2026-05-12 16:19:00 [67,801ms] [Warning] [omni.physx.plugin] Invalid PhysX transform detected for /World/scene_0/controllable__r1__robot_xblfuw/right_arm_link6.
2026-05-12 16:19:00 [67,801ms] [Warning] [omni.physx.plugin] Invalid PhysX transform detected for /World/scene_0/controllable__r1__robot_xblfuw/left_gripper_link1.
2026-05-12 16:19:00 [67,801ms] [Warning] [omni.physx.plugin] Invalid PhysX transform detected for /World/scene_0/controllable__r1__robot_xblfuw/left_gripper_link2.
2026-05-12 16:19:00 [67,801ms] [Warning] [omni.physx.plugin] Invalid PhysX transform detected for /World/scene_0/controllable__r1__robot_xblfuw/left_eef_link.
2026-05-12 16:19:00 [67,801ms] [Warning] [omni.physx.plugin] Invalid PhysX transform detected for /World/scene_0/controllable__r1__robot_xblfuw/right_gripper_link1.
2026-05-12 16:19:00 [67,801ms] [Warning] [omni.physx.plugin] Invalid PhysX transform detected for /World/scene_0/controllable__r1__robot_xblfuw/right_gripper_link2.
2026-05-12 16:19:00 [67,801ms] [Warning] [omni.physx.plugin] Invalid PhysX transform detected for /World/scene_0/controllable__r1__robot_xblfuw/right_eef_link.
2026-05-12 16:19:00 [67,801ms] [Warning] [omni.physx.plugin] Invalid PhysX transform detected for /World/scene_0/cover_small_item_render_item_4175346132/base_link.
2026-05-12 16:19:00 [67,801ms] [Warning] [omni.physx.plugin] Invalid PhysX transform detected for /World/scene_0/cover_small_item_render_item_4175346132/glass.
2026-05-12 16:19:01 [67,877ms] [Warning] [omni.physx.plugin] Invalid PhysX transform detected for /World/scene_0/controllable__r1__robot_xblfuw/base_footprint_y.
2026-05-12 16:19:01 [67,877ms] [Warning] [omni.physx.plugin] Invalid PhysX transform detected for /World/scene_0/controllable__r1__robot_xblfuw/base_footprint_z.
2026-05-12 16:19:01 [67,877ms] [Warning] [omni.physx.plugin] Invalid PhysX transform detected for /World/scene_0/controllable__r1__robot_xblfuw/base_footprint_rx.
2026-05-12 16:19:01 [67,877ms] [Warning] [omni.physx.plugin] Invalid PhysX transform detected for /World/scene_0/controllable__r1__robot_xblfuw/base_footprint_ry.
2026-05-12 16:19:01 [67,877ms] [Warning] [omni.physx.plugin] Invalid PhysX transform detected for /World/scene_0/controllable__r1__robot_xblfuw/base_footprint_rz.
2026-05-12 16:19:01 [67,877ms] [Warning] [omni.physx.plugin] Invalid PhysX transform detected for /World/scene_0/controllable__r1__robot_xblfuw/base_link.
2026-05-12 16:19:01 [67,877ms] [Warning] [omni.physx.plugin] Invalid PhysX transform detected for /World/scene_0/controllable__r1__robot_xblfuw/servo_link1.
2026-05-12 16:19:01 [67,877ms] [Warning] [omni.physx.plugin] Invalid PhysX transform detected for /World/scene_0/controllable__r1__robot_xblfuw/servo_link2.
2026-05-12 16:19:01 [67,877ms] [Warning] [omni.physx.plugin] Invalid PhysX transform detected for /World/scene_0/controllable__r1__robot_xblfuw/servo_link3.
2026-05-12 16:19:01 [67,877ms] [Warning] [omni.physx.plugin] Invalid PhysX transform detected for /World/scene_0/controllable__r1__robot_xblfuw/torso_link1.
2026-05-12 16:19:01 [67,877ms] [Warning] [omni.physx.plugin] Invalid PhysX transform detected for /World/scene_0/controllable__r1__robot_xblfuw/wheel_link1.
2026-05-12 16:19:01 [67,877ms] [Warning] [omni.physx.plugin] Invalid PhysX transform detected for /World/scene_0/controllable__r1__robot_xblfuw/wheel_link2.
2026-05-12 16:19:01 [67,877ms] [Warning] [omni.physx.plugin] Invalid PhysX transform detected for /World/scene_0/controllable__r1__robot_xblfuw/wheel_link3.
2026-05-12 16:19:01 [67,877ms] [Warning] [omni.physx.plugin] Invalid PhysX transform detected for /World/scene_0/controllable__r1__robot_xblfuw/torso_link2.
2026-05-12 16:19:01 [67,877ms] [Warning] [omni.physx.plugin] Invalid PhysX transform detected for /World/scene_0/controllable__r1__robot_xblfuw/torso_link3.
2026-05-12 16:19:01 [67,877ms] [Warning] [omni.physx.plugin] Invalid PhysX transform detected for /World/scene_0/controllable__r1__robot_xblfuw/torso_link4.
2026-05-12 16:19:01 [67,877ms] [Warning] [omni.physx.plugin] Invalid PhysX transform detected for /World/scene_0/controllable__r1__robot_xblfuw/left_arm_link1.
2026-05-12 16:19:01 [67,877ms] [Warning] [omni.physx.plugin] Invalid PhysX transform detected for /World/scene_0/controllable__r1__robot_xblfuw/right_arm_link1.
2026-05-12 16:19:01 [67,877ms] [Warning] [omni.physx.plugin] Invalid PhysX transform detected for /World/scene_0/controllable__r1__robot_xblfuw/eyes.
2026-05-12 16:19:01 [67,877ms] [Warning] [omni.physx.plugin] Invalid PhysX transform detected for /World/scene_0/controllable__r1__robot_xblfuw/left_arm_link2.
2026-05-12 16:19:01 [67,877ms] [Warning] [omni.physx.plugin] Invalid PhysX transform detected for /World/scene_0/controllable__r1__robot_xblfuw/right_arm_link2.
2026-05-12 16:19:01 [67,877ms] [Warning] [omni.physx.plugin] Invalid PhysX transform detected for /World/scene_0/controllable__r1__robot_xblfuw/left_arm_link3.
2026-05-12 16:19:01 [67,877ms] [Warning] [omni.physx.plugin] Invalid PhysX transform detected for /World/scene_0/controllable__r1__robot_xblfuw/right_arm_link3.
2026-05-12 16:19:01 [67,877ms] [Warning] [omni.physx.plugin] Invalid PhysX transform detected for /World/scene_0/controllable__r1__robot_xblfuw/left_arm_link4.
2026-05-12 16:19:01 [67,877ms] [Warning] [omni.physx.plugin] Invalid PhysX transform detected for /World/scene_0/controllable__r1__robot_xblfuw/right_arm_link4.
2026-05-12 16:19:01 [67,877ms] [Warning] [omni.physx.plugin] Invalid PhysX transform detected for /World/scene_0/controllable__r1__robot_xblfuw/left_arm_link5.
2026-05-12 16:19:01 [67,877ms] [Warning] [omni.physx.plugin] Invalid PhysX transform detected for /World/scene_0/controllable__r1__robot_xblfuw/right_arm_link5.
2026-05-12 16:19:01 [67,877ms] [Warning] [omni.physx.plugin] Invalid PhysX transform detected for /World/scene_0/controllable__r1__robot_xblfuw/left_arm_link6.
2026-05-12 16:19:01 [67,877ms] [Warning] [omni.physx.plugin] Invalid PhysX transform detected for /World/scene_0/controllable__r1__robot_xblfuw/right_arm_link6.
2026-05-12 16:19:01 [67,877ms] [Warning] [omni.physx.plugin] Invalid PhysX transform detected for /World/scene_0/controllable__r1__robot_xblfuw/left_gripper_link1.
2026-05-12 16:19:01 [67,877ms] [Warning] [omni.physx.plugin] Invalid PhysX transform detected for /World/scene_0/controllable__r1__robot_xblfuw/left_gripper_link2.
2026-05-12 16:19:01 [67,877ms] [Warning] [omni.physx.plugin] Invalid PhysX transform detected for /World/scene_0/controllable__r1__robot_xblfuw/left_eef_link.
2026-05-12 16:19:01 [67,877ms] [Warning] [omni.physx.plugin] Invalid PhysX transform detected for /World/scene_0/controllable__r1__robot_xblfuw/right_gripper_link1.
2026-05-12 16:19:01 [67,877ms] [Warning] [omni.physx.plugin] Invalid PhysX transform detected for /World/scene_0/controllable__r1__robot_xblfuw/right_gripper_link2.
2026-05-12 16:19:01 [67,877ms] [Warning] [omni.physx.plugin] Invalid PhysX transform detected for /World/scene_0/controllable__r1__robot_xblfuw/right_eef_link.
2026-05-12 16:19:01 [67,877ms] [Warning] [omni.physx.plugin] Invalid PhysX transform detected for /World/scene_0/cover_small_item_render_item_4175346132/base_link.
2026-05-12 16:19:01 [67,877ms] [Warning] [omni.physx.plugin] Invalid PhysX transform detected for /World/scene_0/cover_small_item_render_item_4175346132/glass.
2026-05-12 16:19:01 [67,902ms] [Warning] [omni.physx.plugin] Invalid PhysX transform detected for /World/scene_0/controllable__r1__robot_xblfuw/base_footprint_y.
2026-05-12 16:19:01 [67,902ms] [Warning] [omni.physx.plugin] Invalid PhysX transform detected for /World/scene_0/controllable__r1__robot_xblfuw/base_footprint_z.
2026-05-12 16:19:01 [67,902ms] [Warning] [omni.physx.plugin] Invalid PhysX transform detected for /World/scene_0/controllable__r1__robot_xblfuw/base_footprint_rx.
2026-05-12 16:19:01 [67,902ms] [Warning] [omni.physx.plugin] Invalid PhysX transform detected for /World/scene_0/controllable__r1__robot_xblfuw/base_footprint_ry.
2026-05-12 16:19:01 [67,902ms] [Warning] [omni.physx.plugin] Invalid PhysX transform detected for /World/scene_0/controllable__r1__robot_xblfuw/base_footprint_rz.
2026-05-12 16:19:01 [67,902ms] [Warning] [omni.physx.plugin] Invalid PhysX transform detected for /World/scene_0/controllable__r1__robot_xblfuw/base_link.
2026-05-12 16:19:01 [67,902ms] [Warning] [omni.physx.plugin] Invalid PhysX transform detected for /World/scene_0/controllable__r1__robot_xblfuw/servo_link1.
2026-05-12 16:19:01 [67,902ms] [Warning] [omni.physx.plugin] Invalid PhysX transform detected for /World/scene_0/controllable__r1__robot_xblfuw/servo_link2.
2026-05-12 16:19:01 [67,902ms] [Warning] [omni.physx.plugin] Invalid PhysX transform detected for /World/scene_0/controllable__r1__robot_xblfuw/servo_link3.
2026-05-12 16:19:01 [67,902ms] [Warning] [omni.physx.plugin] Invalid PhysX transform detected for /World/scene_0/controllable__r1__robot_xblfuw/torso_link1.
2026-05-12 16:19:01 [67,902ms] [Warning] [omni.physx.plugin] Invalid PhysX transform detected for /World/scene_0/controllable__r1__robot_xblfuw/wheel_link1.
2026-05-12 16:19:01 [67,902ms] [Warning] [omni.physx.plugin] Invalid PhysX transform detected for /World/scene_0/controllable__r1__robot_xblfuw/wheel_link2.
2026-05-12 16:19:01 [67,902ms] [Warning] [omni.physx.plugin] Invalid PhysX transform detected for /World/scene_0/controllable__r1__robot_xblfuw/wheel_link3.
2026-05-12 16:19:01 [67,902ms] [Warning] [omni.physx.plugin] Invalid PhysX transform detected for /World/scene_0/controllable__r1__robot_xblfuw/torso_link2.
2026-05-12 16:19:01 [67,902ms] [Warning] [omni.physx.plugin] Invalid PhysX transform detected for /World/scene_0/controllable__r1__robot_xblfuw/torso_link3.
2026-05-12 16:19:01 [67,902ms] [Warning] [omni.physx.plugin] Invalid PhysX transform detected for /World/scene_0/controllable__r1__robot_xblfuw/torso_link4.
2026-05-12 16:19:01 [67,902ms] [Warning] [omni.physx.plugin] Invalid PhysX transform detected for /World/scene_0/controllable__r1__robot_xblfuw/left_arm_link1.
2026-05-12 16:19:01 [67,902ms] [Warning] [omni.physx.plugin] Invalid PhysX transform detected for /World/scene_0/controllable__r1__robot_xblfuw/right_arm_link1.
2026-05-12 16:19:01 [67,902ms] [Warning] [omni.physx.plugin] Invalid PhysX transform detected for /World/scene_0/controllable__r1__robot_xblfuw/eyes.
2026-05-12 16:19:01 [67,902ms] [Warning] [omni.physx.plugin] Invalid PhysX transform detected for /World/scene_0/controllable__r1__robot_xblfuw/left_arm_link2.
2026-05-12 16:19:01 [67,902ms] [Warning] [omni.physx.plugin] Invalid PhysX transform detected for /World/scene_0/controllable__r1__robot_xblfuw/right_arm_link2.
2026-05-12 16:19:01 [67,902ms] [Warning] [omni.physx.plugin] Invalid PhysX transform detected for /World/scene_0/controllable__r1__robot_xblfuw/left_arm_link3.
2026-05-12 16:19:01 [67,902ms] [Warning] [omni.physx.plugin] Invalid PhysX transform detected for /World/scene_0/controllable__r1__robot_xblfuw/right_arm_link3.
2026-05-12 16:19:01 [67,902ms] [Warning] [omni.physx.plugin] Invalid PhysX transform detected for /World/scene_0/controllable__r1__robot_xblfuw/left_arm_link4.
2026-05-12 16:19:01 [67,902ms] [Warning] [omni.physx.plugin] Invalid PhysX transform detected for /World/scene_0/controllable__r1__robot_xblfuw/right_arm_link4.
2026-05-12 16:19:01 [67,902ms] [Warning] [omni.physx.plugin] Invalid PhysX transform detected for /World/scene_0/controllable__r1__robot_xblfuw/left_arm_link5.
2026-05-12 16:19:01 [67,902ms] [Warning] [omni.physx.plugin] Invalid PhysX transform detected for /World/scene_0/controllable__r1__robot_xblfuw/right_arm_link5.
2026-05-12 16:19:01 [67,902ms] [Warning] [omni.physx.plugin] Invalid PhysX transform detected for /World/scene_0/controllable__r1__robot_xblfuw/left_arm_link6.
2026-05-12 16:19:01 [67,902ms] [Warning] [omni.physx.plugin] Invalid PhysX transform detected for /World/scene_0/controllable__r1__robot_xblfuw/right_arm_link6.
2026-05-12 16:19:01 [67,902ms] [Warning] [omni.physx.plugin] Invalid PhysX transform detected for /World/scene_0/controllable__r1__robot_xblfuw/left_gripper_link1.
2026-05-12 16:19:01 [67,902ms] [Warning] [omni.physx.plugin] Invalid PhysX transform detected for /World/scene_0/controllable__r1__robot_xblfuw/left_gripper_link2.
2026-05-12 16:19:01 [67,902ms] [Warning] [omni.physx.plugin] Invalid PhysX transform detected for /World/scene_0/controllable__r1__robot_xblfuw/left_eef_link.
2026-05-12 16:19:01 [67,902ms] [Warning] [omni.physx.plugin] Invalid PhysX transform detected for /World/scene_0/controllable__r1__robot_xblfuw/right_gripper_link1.
2026-05-12 16:19:01 [67,902ms] [Warning] [omni.physx.plugin] Invalid PhysX transform detected for /World/scene_0/controllable__r1__robot_xblfuw/right_gripper_link2.
2026-05-12 16:19:01 [67,902ms] [Warning] [omni.physx.plugin] Invalid PhysX transform detected for /World/scene_0/controllable__r1__robot_xblfuw/right_eef_link.
2026-05-12 16:19:01 [67,902ms] [Warning] [omni.physx.plugin] Invalid PhysX transform detected for /World/scene_0/cover_small_item_render_item_4175346132/base_link.
2026-05-12 16:19:01 [67,902ms] [Warning] [omni.physx.plugin] Invalid PhysX transform detected for /World/scene_0/cover_small_item_render_item_4175346132/glass.
2026-05-12 16:19:01 [67,950ms] [Warning] [omni.physx.plugin] Invalid PhysX transform detected for /World/scene_0/controllable__r1__robot_xblfuw/base_footprint_y.
2026-05-12 16:19:01 [67,950ms] [Warning] [omni.physx.plugin] Invalid PhysX transform detected for /World/scene_0/controllable__r1__robot_xblfuw/base_footprint_z.
2026-05-12 16:19:01 [67,950ms] [Warning] [omni.physx.plugin] Invalid PhysX transform detected for /World/scene_0/controllable__r1__robot_xblfuw/base_footprint_rx.
2026-05-12 16:19:01 [67,950ms] [Warning] [omni.physx.plugin] Invalid PhysX transform detected for /World/scene_0/controllable__r1__robot_xblfuw/base_footprint_ry.
2026-05-12 16:19:01 [67,950ms] [Warning] [omni.physx.plugin] Invalid PhysX transform detected for /World/scene_0/controllable__r1__robot_xblfuw/base_footprint_rz.
2026-05-12 16:19:01 [67,950ms] [Warning] [omni.physx.plugin] Invalid PhysX transform detected for /World/scene_0/controllable__r1__robot_xblfuw/base_link.
2026-05-12 16:19:01 [67,950ms] [Warning] [omni.physx.plugin] Invalid PhysX transform detected for /World/scene_0/controllable__r1__robot_xblfuw/servo_link1.
2026-05-12 16:19:01 [67,950ms] [Warning] [omni.physx.plugin] Invalid PhysX transform detected for /World/scene_0/controllable__r1__robot_xblfuw/servo_link2.
2026-05-12 16:19:01 [67,950ms] [Warning] [omni.physx.plugin] Invalid PhysX transform detected for /World/scene_0/controllable__r1__robot_xblfuw/servo_link3.
2026-05-12 16:19:01 [67,950ms] [Warning] [omni.physx.plugin] Invalid PhysX transform detected for /World/scene_0/controllable__r1__robot_xblfuw/torso_link1.
2026-05-12 16:19:01 [67,950ms] [Warning] [omni.physx.plugin] Invalid PhysX transform detected for /World/scene_0/controllable__r1__robot_xblfuw/wheel_link1.
2026-05-12 16:19:01 [67,950ms] [Warning] [omni.physx.plugin] Invalid PhysX transform detected for /World/scene_0/controllable__r1__robot_xblfuw/wheel_link2.
2026-05-12 16:19:01 [67,950ms] [Warning] [omni.physx.plugin] Invalid PhysX transform detected for /World/scene_0/controllable__r1__robot_xblfuw/wheel_link3.
2026-05-12 16:19:01 [67,950ms] [Warning] [omni.physx.plugin] Invalid PhysX transform detected for /World/scene_0/controllable__r1__robot_xblfuw/torso_link2.
2026-05-12 16:19:01 [67,950ms] [Warning] [omni.physx.plugin] Invalid PhysX transform detected for /World/scene_0/controllable__r1__robot_xblfuw/torso_link3.
2026-05-12 16:19:01 [67,950ms] [Warning] [omni.physx.plugin] Invalid PhysX transform detected for /World/scene_0/controllable__r1__robot_xblfuw/torso_link4.
2026-05-12 16:19:01 [67,950ms] [Warning] [omni.physx.plugin] Invalid PhysX transform detected for /World/scene_0/controllable__r1__robot_xblfuw/left_arm_link1.
2026-05-12 16:19:01 [67,950ms] [Warning] [omni.physx.plugin] Invalid PhysX transform detected for /World/scene_0/controllable__r1__robot_xblfuw/right_arm_link1.
2026-05-12 16:19:01 [67,950ms] [Warning] [omni.physx.plugin] Invalid PhysX transform detected for /World/scene_0/controllable__r1__robot_xblfuw/eyes.
2026-05-12 16:19:01 [67,950ms] [Warning] [omni.physx.plugin] Invalid PhysX transform detected for /World/scene_0/controllable__r1__robot_xblfuw/left_arm_link2.
2026-05-12 16:19:01 [67,950ms] [Warning] [omni.physx.plugin] Invalid PhysX transform detected for /World/scene_0/controllable__r1__robot_xblfuw/right_arm_link2.
2026-05-12 16:19:01 [67,950ms] [Warning] [omni.physx.plugin] Invalid PhysX transform detected for /World/scene_0/controllable__r1__robot_xblfuw/left_arm_link3.
2026-05-12 16:19:01 [67,950ms] [Warning] [omni.physx.plugin] Invalid PhysX transform detected for /World/scene_0/controllable__r1__robot_xblfuw/right_arm_link3.
2026-05-12 16:19:01 [67,950ms] [Warning] [omni.physx.plugin] Invalid PhysX transform detected for /World/scene_0/controllable__r1__robot_xblfuw/left_arm_link4.
2026-05-12 16:19:01 [67,950ms] [Warning] [omni.physx.plugin] Invalid PhysX transform detected for /World/scene_0/controllable__r1__robot_xblfuw/right_arm_link4.
2026-05-12 16:19:01 [67,950ms] [Warning] [omni.physx.plugin] Invalid PhysX transform detected for /World/scene_0/controllable__r1__robot_xblfuw/left_arm_link5.
2026-05-12 16:19:01 [67,950ms] [Warning] [omni.physx.plugin] Invalid PhysX transform detected for /World/scene_0/controllable__r1__robot_xblfuw/right_arm_link5.
2026-05-12 16:19:01 [67,950ms] [Warning] [omni.physx.plugin] Invalid PhysX transform detected for /World/scene_0/controllable__r1__robot_xblfuw/left_arm_link6.
2026-05-12 16:19:01 [67,950ms] [Warning] [omni.physx.plugin] Invalid PhysX transform detected for /World/scene_0/controllable__r1__robot_xblfuw/right_arm_link6.
2026-05-12 16:19:01 [67,950ms] [Warning] [omni.physx.plugin] Invalid PhysX transform detected for /World/scene_0/controllable__r1__robot_xblfuw/left_gripper_link1.
2026-05-12 16:19:01 [67,950ms] [Warning] [omni.physx.plugin] Invalid PhysX transform detected for /World/scene_0/controllable__r1__robot_xblfuw/left_gripper_link2.
2026-05-12 16:19:01 [67,950ms] [Warning] [omni.physx.plugin] Invalid PhysX transform detected for /World/scene_0/controllable__r1__robot_xblfuw/left_eef_link.
2026-05-12 16:19:01 [67,950ms] [Warning] [omni.physx.plugin] Invalid PhysX transform detected for /World/scene_0/controllable__r1__robot_xblfuw/right_gripper_link1.
2026-05-12 16:19:01 [67,950ms] [Warning] [omni.physx.plugin] Invalid PhysX transform detected for /World/scene_0/controllable__r1__robot_xblfuw/right_gripper_link2.
2026-05-12 16:19:01 [67,950ms] [Warning] [omni.physx.plugin] Invalid PhysX transform detected for /World/scene_0/controllable__r1__robot_xblfuw/right_eef_link.
2026-05-12 16:19:01 [67,950ms] [Warning] [omni.physx.plugin] Invalid PhysX transform detected for /World/scene_0/cover_small_item_render_item_4175346132/base_link.
2026-05-12 16:19:01 [67,950ms] [Warning] [omni.physx.plugin] Invalid PhysX transform detected for /World/scene_0/cover_small_item_render_item_4175346132/glass.
2026-05-12 16:19:01 [67,953ms] [Warning] [omni.physx.plugin] Invalid PhysX transform detected for /World/scene_0/controllable__r1__robot_xblfuw/base_footprint_y.
2026-05-12 16:19:01 [67,953ms] [Warning] [omni.physx.plugin] Invalid PhysX transform detected for /World/scene_0/controllable__r1__robot_xblfuw/base_footprint_z.
2026-05-12 16:19:01 [67,953ms] [Warning] [omni.physx.plugin] Invalid PhysX transform detected for /World/scene_0/controllable__r1__robot_xblfuw/base_footprint_rx.
2026-05-12 16:19:01 [67,953ms] [Warning] [omni.physx.plugin] Invalid PhysX transform detected for /World/scene_0/controllable__r1__robot_xblfuw/base_footprint_ry.
2026-05-12 16:19:01 [67,953ms] [Warning] [omni.physx.plugin] Invalid PhysX transform detected for /World/scene_0/controllable__r1__robot_xblfuw/base_footprint_rz.
2026-05-12 16:19:01 [67,953ms] [Warning] [omni.physx.plugin] Invalid PhysX transform detected for /World/scene_0/controllable__r1__robot_xblfuw/base_link.
2026-05-12 16:19:01 [67,953ms] [Warning] [omni.physx.plugin] Invalid PhysX transform detected for /World/scene_0/controllable__r1__robot_xblfuw/servo_link1.
2026-05-12 16:19:01 [67,953ms] [Warning] [omni.physx.plugin] Invalid PhysX transform detected for /World/scene_0/controllable__r1__robot_xblfuw/servo_link2.
2026-05-12 16:19:01 [67,953ms] [Warning] [omni.physx.plugin] Invalid PhysX transform detected for /World/scene_0/controllable__r1__robot_xblfuw/servo_link3.
2026-05-12 16:19:01 [67,953ms] [Warning] [omni.physx.plugin] Invalid PhysX transform detected for /World/scene_0/controllable__r1__robot_xblfuw/torso_link1.
2026-05-12 16:19:01 [67,953ms] [Warning] [omni.physx.plugin] Invalid PhysX transform detected for /World/scene_0/controllable__r1__robot_xblfuw/wheel_link1.
2026-05-12 16:19:01 [67,953ms] [Warning] [omni.physx.plugin] Invalid PhysX transform detected for /World/scene_0/controllable__r1__robot_xblfuw/wheel_link2.
2026-05-12 16:19:01 [67,953ms] [Warning] [omni.physx.plugin] Invalid PhysX transform detected for /World/scene_0/controllable__r1__robot_xblfuw/wheel_link3.
2026-05-12 16:19:01 [67,953ms] [Warning] [omni.physx.plugin] Invalid PhysX transform detected for /World/scene_0/controllable__r1__robot_xblfuw/torso_link2.
2026-05-12 16:19:01 [67,953ms] [Warning] [omni.physx.plugin] Invalid PhysX transform detected for /World/scene_0/controllable__r1__robot_xblfuw/torso_link3.
2026-05-12 16:19:01 [67,953ms] [Warning] [omni.physx.plugin] Invalid PhysX transform detected for /World/scene_0/controllable__r1__robot_xblfuw/torso_link4.
2026-05-12 16:19:01 [67,953ms] [Warning] [omni.physx.plugin] Invalid PhysX transform detected for /World/scene_0/controllable__r1__robot_xblfuw/left_arm_link1.
2026-05-12 16:19:01 [67,953ms] [Warning] [omni.physx.plugin] Invalid PhysX transform detected for /World/scene_0/controllable__r1__robot_xblfuw/right_arm_link1.
2026-05-12 16:19:01 [67,953ms] [Warning] [omni.physx.plugin] Invalid PhysX transform detected for /World/scene_0/controllable__r1__robot_xblfuw/eyes.
2026-05-12 16:19:01 [67,953ms] [Warning] [omni.physx.plugin] Invalid PhysX transform detected for /World/scene_0/controllable__r1__robot_xblfuw/left_arm_link2.
2026-05-12 16:19:01 [67,953ms] [Warning] [omni.physx.plugin] Invalid PhysX transform detected for /World/scene_0/controllable__r1__robot_xblfuw/right_arm_link2.
2026-05-12 16:19:01 [67,953ms] [Warning] [omni.physx.plugin] Invalid PhysX transform detected for /World/scene_0/controllable__r1__robot_xblfuw/left_arm_link3.
2026-05-12 16:19:01 [67,953ms] [Warning] [omni.physx.plugin] Invalid PhysX transform detected for /World/scene_0/controllable__r1__robot_xblfuw/right_arm_link3.
2026-05-12 16:19:01 [67,953ms] [Warning] [omni.physx.plugin] Invalid PhysX transform detected for /World/scene_0/controllable__r1__robot_xblfuw/left_arm_link4.
2026-05-12 16:19:01 [67,953ms] [Warning] [omni.physx.plugin] Invalid PhysX transform detected for /World/scene_0/controllable__r1__robot_xblfuw/right_arm_link4.
2026-05-12 16:19:01 [67,953ms] [Warning] [omni.physx.plugin] Invalid PhysX transform detected for /World/scene_0/controllable__r1__robot_xblfuw/left_arm_link5.
2026-05-12 16:19:01 [67,953ms] [Warning] [omni.physx.plugin] Invalid PhysX transform detected for /World/scene_0/controllable__r1__robot_xblfuw/right_arm_link5.
2026-05-12 16:19:01 [67,953ms] [Warning] [omni.physx.plugin] Invalid PhysX transform detected for /World/scene_0/controllable__r1__robot_xblfuw/left_arm_link6.
2026-05-12 16:19:01 [67,953ms] [Warning] [omni.physx.plugin] Invalid PhysX transform detected for /World/scene_0/controllable__r1__robot_xblfuw/right_arm_link6.
2026-05-12 16:19:01 [67,953ms] [Warning] [omni.physx.plugin] Invalid PhysX transform detected for /World/scene_0/controllable__r1__robot_xblfuw/left_gripper_link1.
2026-05-12 16:19:01 [67,953ms] [Warning] [omni.physx.plugin] Invalid PhysX transform detected for /World/scene_0/controllable__r1__robot_xblfuw/left_gripper_link2.
2026-05-12 16:19:01 [67,953ms] [Warning] [omni.physx.plugin] Invalid PhysX transform detected for /World/scene_0/controllable__r1__robot_xblfuw/left_eef_link.
2026-05-12 16:19:01 [67,953ms] [Warning] [omni.physx.plugin] Invalid PhysX transform detected for /World/scene_0/controllable__r1__robot_xblfuw/right_gripper_link1.
2026-05-12 16:19:01 [67,953ms] [Warning] [omni.physx.plugin] Invalid PhysX transform detected for /World/scene_0/controllable__r1__robot_xblfuw/right_gripper_link2.
2026-05-12 16:19:01 [67,953ms] [Warning] [omni.physx.plugin] Invalid PhysX transform detected for /World/scene_0/controllable__r1__robot_xblfuw/right_eef_link.
2026-05-12 16:19:01 [67,953ms] [Warning] [omni.physx.plugin] Invalid PhysX transform detected for /World/scene_0/cover_small_item_render_item_4175346132/base_link.
2026-05-12 16:19:01 [67,953ms] [Warning] [omni.physx.plugin] Invalid PhysX transform detected for /World/scene_0/cover_small_item_render_item_4175346132/glass.
2026-05-12 16:19:01 [68,120ms] [Warning] [omni.physx.plugin] Invalid PhysX transform detected for /World/scene_0/controllable__r1__robot_xblfuw/base_footprint_y.
2026-05-12 16:19:01 [68,120ms] [Warning] [omni.physx.plugin] Invalid PhysX transform detected for /World/scene_0/controllable__r1__robot_xblfuw/base_footprint_z.
2026-05-12 16:19:01 [68,120ms] [Warning] [omni.physx.plugin] Invalid PhysX transform detected for /World/scene_0/controllable__r1__robot_xblfuw/base_footprint_rx.
2026-05-12 16:19:01 [68,120ms] [Warning] [omni.physx.plugin] Invalid PhysX transform detected for /World/scene_0/controllable__r1__robot_xblfuw/base_footprint_ry.
2026-05-12 16:19:01 [68,120ms] [Warning] [omni.physx.plugin] Invalid PhysX transform detected for /World/scene_0/controllable__r1__robot_xblfuw/base_footprint_rz.
2026-05-12 16:19:01 [68,120ms] [Warning] [omni.physx.plugin] Invalid PhysX transform detected for /World/scene_0/controllable__r1__robot_xblfuw/base_link.
2026-05-12 16:19:01 [68,120ms] [Warning] [omni.physx.plugin] Invalid PhysX transform detected for /World/scene_0/controllable__r1__robot_xblfuw/servo_link1.
2026-05-12 16:19:01 [68,121ms] [Warning] [omni.physx.plugin] Invalid PhysX transform detected for /World/scene_0/controllable__r1__robot_xblfuw/servo_link2.
2026-05-12 16:19:01 [68,121ms] [Warning] [omni.physx.plugin] Invalid PhysX transform detected for /World/scene_0/controllable__r1__robot_xblfuw/servo_link3.
2026-05-12 16:19:01 [68,121ms] [Warning] [omni.physx.plugin] Invalid PhysX transform detected for /World/scene_0/controllable__r1__robot_xblfuw/torso_link1.
2026-05-12 16:19:01 [68,121ms] [Warning] [omni.physx.plugin] Invalid PhysX transform detected for /World/scene_0/controllable__r1__robot_xblfuw/wheel_link1.
2026-05-12 16:19:01 [68,121ms] [Warning] [omni.physx.plugin] Invalid PhysX transform detected for /World/scene_0/controllable__r1__robot_xblfuw/wheel_link2.
2026-05-12 16:19:01 [68,121ms] [Warning] [omni.physx.plugin] Invalid PhysX transform detected for /World/scene_0/controllable__r1__robot_xblfuw/wheel_link3.
2026-05-12 16:19:01 [68,121ms] [Warning] [omni.physx.plugin] Invalid PhysX transform detected for /World/scene_0/controllable__r1__robot_xblfuw/torso_link2.
2026-05-12 16:19:01 [68,121ms] [Warning] [omni.physx.plugin] Invalid PhysX transform detected for /World/scene_0/controllable__r1__robot_xblfuw/torso_link3.
2026-05-12 16:19:01 [68,121ms] [Warning] [omni.physx.plugin] Invalid PhysX transform detected for /World/scene_0/controllable__r1__robot_xblfuw/torso_link4.
2026-05-12 16:19:01 [68,121ms] [Warning] [omni.physx.plugin] Invalid PhysX transform detected for /World/scene_0/controllable__r1__robot_xblfuw/left_arm_link1.
2026-05-12 16:19:01 [68,121ms] [Warning] [omni.physx.plugin] Invalid PhysX transform detected for /World/scene_0/controllable__r1__robot_xblfuw/right_arm_link1.
2026-05-12 16:19:01 [68,121ms] [Warning] [omni.physx.plugin] Invalid PhysX transform detected for /World/scene_0/controllable__r1__robot_xblfuw/eyes.
2026-05-12 16:19:01 [68,121ms] [Warning] [omni.physx.plugin] Invalid PhysX transform detected for /World/scene_0/controllable__r1__robot_xblfuw/left_arm_link2.
2026-05-12 16:19:01 [68,121ms] [Warning] [omni.physx.plugin] Invalid PhysX transform detected for /World/scene_0/controllable__r1__robot_xblfuw/right_arm_link2.
2026-05-12 16:19:01 [68,121ms] [Warning] [omni.physx.plugin] Invalid PhysX transform detected for /World/scene_0/controllable__r1__robot_xblfuw/left_arm_link3.
2026-05-12 16:19:01 [68,121ms] [Warning] [omni.physx.plugin] Invalid PhysX transform detected for /World/scene_0/controllable__r1__robot_xblfuw/right_arm_link3.
2026-05-12 16:19:01 [68,121ms] [Warning] [omni.physx.plugin] Invalid PhysX transform detected for /World/scene_0/controllable__r1__robot_xblfuw/left_arm_link4.
2026-05-12 16:19:01 [68,121ms] [Warning] [omni.physx.plugin] Invalid PhysX transform detected for /World/scene_0/controllable__r1__robot_xblfuw/right_arm_link4.
2026-05-12 16:19:01 [68,121ms] [Warning] [omni.physx.plugin] Invalid PhysX transform detected for /World/scene_0/controllable__r1__robot_xblfuw/left_arm_link5.
2026-05-12 16:19:01 [68,121ms] [Warning] [omni.physx.plugin] Invalid PhysX transform detected for /World/scene_0/controllable__r1__robot_xblfuw/right_arm_link5.
2026-05-12 16:19:01 [68,121ms] [Warning] [omni.physx.plugin] Invalid PhysX transform detected for /World/scene_0/controllable__r1__robot_xblfuw/left_arm_link6.
2026-05-12 16:19:01 [68,121ms] [Warning] [omni.physx.plugin] Invalid PhysX transform detected for /World/scene_0/controllable__r1__robot_xblfuw/right_arm_link6.
2026-05-12 16:19:01 [68,121ms] [Warning] [omni.physx.plugin] Invalid PhysX transform detected for /World/scene_0/controllable__r1__robot_xblfuw/left_gripper_link1.
2026-05-12 16:19:01 [68,121ms] [Warning] [omni.physx.plugin] Invalid PhysX transform detected for /World/scene_0/controllable__r1__robot_xblfuw/left_gripper_link2.
2026-05-12 16:19:01 [68,121ms] [Warning] [omni.physx.plugin] Invalid PhysX transform detected for /World/scene_0/controllable__r1__robot_xblfuw/left_eef_link.
2026-05-12 16:19:01 [68,121ms] [Warning] [omni.physx.plugin] Invalid PhysX transform detected for /World/scene_0/controllable__r1__robot_xblfuw/right_gripper_link1.
2026-05-12 16:19:01 [68,121ms] [Warning] [omni.physx.plugin] Invalid PhysX transform detected for /World/scene_0/controllable__r1__robot_xblfuw/right_gripper_link2.
2026-05-12 16:19:01 [68,121ms] [Warning] [omni.physx.plugin] Invalid PhysX transform detected for /World/scene_0/controllable__r1__robot_xblfuw/right_eef_link.
2026-05-12 16:19:01 [68,121ms] [Warning] [omni.physx.plugin] Invalid PhysX transform detected for /World/scene_0/cover_small_item_render_item_4175346132/base_link.
2026-05-12 16:19:01 [68,121ms] [Warning] [omni.physx.plugin] Invalid PhysX transform detected for /World/scene_0/cover_small_item_render_item_4175346132/glass.
2026-05-12 16:19:01 [68,124ms] [Warning] [omni.physx.plugin] Invalid PhysX transform detected for /World/scene_0/controllable__r1__robot_xblfuw/base_footprint_y.
2026-05-12 16:19:01 [68,124ms] [Warning] [omni.physx.plugin] Invalid PhysX transform detected for /World/scene_0/controllable__r1__robot_xblfuw/base_footprint_z.
2026-05-12 16:19:01 [68,124ms] [Warning] [omni.physx.plugin] Invalid PhysX transform detected for /World/scene_0/controllable__r1__robot_xblfuw/base_footprint_rx.
2026-05-12 16:19:01 [68,124ms] [Warning] [omni.physx.plugin] Invalid PhysX transform detected for /World/scene_0/controllable__r1__robot_xblfuw/base_footprint_ry.
2026-05-12 16:19:01 [68,124ms] [Warning] [omni.physx.plugin] Invalid PhysX transform detected for /World/scene_0/controllable__r1__robot_xblfuw/base_footprint_rz.
2026-05-12 16:19:01 [68,124ms] [Warning] [omni.physx.plugin] Invalid PhysX transform detected for /World/scene_0/controllable__r1__robot_xblfuw/base_link.
2026-05-12 16:19:01 [68,124ms] [Warning] [omni.physx.plugin] Invalid PhysX transform detected for /World/scene_0/controllable__r1__robot_xblfuw/servo_link1.
2026-05-12 16:19:01 [68,124ms] [Warning] [omni.physx.plugin] Invalid PhysX transform detected for /World/scene_0/controllable__r1__robot_xblfuw/servo_link2.
2026-05-12 16:19:01 [68,124ms] [Warning] [omni.physx.plugin] Invalid PhysX transform detected for /World/scene_0/controllable__r1__robot_xblfuw/servo_link3.
2026-05-12 16:19:01 [68,124ms] [Warning] [omni.physx.plugin] Invalid PhysX transform detected for /World/scene_0/controllable__r1__robot_xblfuw/torso_link1.
2026-05-12 16:19:01 [68,124ms] [Warning] [omni.physx.plugin] Invalid PhysX transform detected for /World/scene_0/controllable__r1__robot_xblfuw/wheel_link1.
2026-05-12 16:19:01 [68,124ms] [Warning] [omni.physx.plugin] Invalid PhysX transform detected for /World/scene_0/controllable__r1__robot_xblfuw/wheel_link2.
2026-05-12 16:19:01 [68,124ms] [Warning] [omni.physx.plugin] Invalid PhysX transform [33m[00:01:11.694] [WARNING] [omnigibson.objects.object_base] An object's articulation root API was changed while simulation is playing. This may cause issues.[0m
detected for /World/scene_0/controllable__r1__robot_xblfuw/wheel_link3.
2026-05-12 16:19:01 [68,124ms] [Warning] [omni.physx.plugin] Invalid PhysX transform detected for /World/scene_0/controllable__r1__robot_xblfuw/torso_link2.
2026-05-12 16:19:01 [68,124ms] [Warning] [omni.physx.plugin] Invalid PhysX transform detected for /World/scene_0/controllable__r1__robot_xblfuw/torso_link3.
2026-05-12 16:19:01 [68,124ms] [Warning] [omni.physx.plugin] Invalid PhysX transform detected for /World/scene_0/controllable__r1__robot_xblfuw/torso_link4.
2026-05-12 16:19:01 [68,124ms] [Warning] [omni.physx.plugin] Invalid PhysX transform detected for /World/scene_0/controllable__r1__robot_xblfuw/left_arm_link1.
2026-05-12 16:19:01 [68,124ms] [Warning] [omni.physx.plugin] Invalid PhysX transform detected for /World/scene_0/controllable__r1__robot_xblfuw/right_arm_link1.
2026-05-12 16:19:01 [68,124ms] [Warning] [omni.physx.plugin] Invalid PhysX transform detected for /World/scene_0/controllable__r1__robot_xblfuw/eyes.
2026-05-12 16:19:01 [68,124ms] [Warning] [omni.physx.plugin] Invalid PhysX transform detected for /World/scene_0/controllable__r1__robot_xblfuw/left_arm_link2.
2026-05-12 16:19:01 [68,124ms] [Warning] [omni.physx.plugin] Invalid PhysX transform detected for /World/scene_0/controllable__r1__robot_xblfuw/right_arm_link2.
2026-05-12 16:19:01 [68,124ms] [Warning] [omni.physx.plugin] Invalid PhysX transform detected for /World/scene_0/controllable__r1__robot_xblfuw/left_arm_link3.
2026-05-12 16:19:01 [68,124ms] [Warning] [omni.physx.plugin] Invalid PhysX transform detected for /World/scene_0/controllable__r1__robot_xblfuw/right_arm_link3.
2026-05-12 16:19:01 [68,124ms] [Warning] [omni.physx.plugin] Invalid PhysX transform detected for /World/scene_0/controllable__r1__robot_xblfuw/left_arm_link4.
2026-05-12 16:19:01 [68,124ms] [Warning] [omni.physx.plugin] Invalid PhysX transform detected for /World/scene_0/controllable__r1__robot_xblfuw/right_arm_link4.
2026-05-12 16:19:01 [68,124ms] [Warning] [omni.physx.plugin] Invalid PhysX transform detected for /World/scene_0/controllable__r1__robot_xblfuw/left_arm_link5.
2026-05-12 16:19:01 [68,124ms] [Warning] [omni.physx.plugin] Invalid PhysX transform detected for /World/scene_0/controllable__r1__robot_xblfuw/right_arm_link5.
2026-05-12 16:19:01 [68,124ms] [Warning] [omni.physx.plugin] Invalid PhysX transform detected for /World/scene_0/controllable__r1__robot_xblfuw/left_arm_link6.
2026-05-12 16:19:01 [68,124ms] [Warning] [omni.physx.plugin] Invalid PhysX transform detected for /World/scene_0/controllable__r1__robot_xblfuw/right_arm_link6.
2026-05-12 16:19:01 [68,124ms] [Warning] [omni.physx.plugin] Invalid PhysX transform detected for /World/scene_0/controllable__r1__robot_xblfuw/left_gripper_link1.
2026-05-12 16:19:01 [68,124ms] [Warning] [omni.physx.plugin] Invalid PhysX transform detected for /World/scene_0/controllable__r1__robot_xblfuw/left_gripper_link2.
2026-05-12 16:19:01 [68,124ms] [Warning] [omni.physx.plugin] Invalid PhysX transform detected for /World/scene_0/controllable__r1__robot_xblfuw/left_eef_link.
2026-05-12 16:19:01 [68,124ms] [Warning] [omni.physx.plugin] Invalid PhysX transform detected for /World/scene_0/controllable__r1__robot_xblfuw/right_gripper_link1.
2026-05-12 16:19:01 [68,124ms] [Warning] [omni.physx.plugin] Invalid PhysX transform detected for /World/scene_0/controllable__r1__robot_xblfuw/right_gripper_link2.
2026-05-12 16:19:01 [68,124ms] [Warning] [omni.physx.plugin] Invalid PhysX transform detected for /World/scene_0/controllable__r1__robot_xblfuw/right_eef_link.
2026-05-12 16:19:01 [68,124ms] [Warning] [omni.physx.plugin] Invalid PhysX transform detected for /World/scene_0/cover_small_item_render_item_4175346132/base_link.
2026-05-12 16:19:01 [68,124ms] [Warning] [omni.physx.plugin] Invalid PhysX transform detected for /World/scene_0/cover_small_item_render_item_4175346132/glass.
2026-05-12 16:19:01 [68,127ms] [Warning] [omnigibson.objects.object_base] An object's articulation root API was changed while simulation is playing. This may cause issues.
2026-05-12 16:19:01 [68,481ms] [Warning] [omni.physx.plugin] Invalid PhysX transform detected for /World/scene_0/controllable__r1__robot_xblfuw/base_footprint_y.
2026-05-12 16:19:01 [68,481ms] [Warning] [omni.physx.plugin] Invalid PhysX transform detected for /World/scene_0/controllable__r1__robot_xblfuw/base_footprint_z.
2026-05-12 16:19:01 [68,481ms] [Warning] [omni.physx.plugin] Invalid PhysX transform detected for /World/scene_0/controllable__r1__robot_xblfuw/base_footprint_rx.
2026-05-12 16:19:01 [68,481ms] [Warning] [omni.physx.plugin] Invalid PhysX transform detected for /World/scene_0/controllable__r1__robot_xblfuw/base_footprint_ry.
2026-05-12 16:19:01 [68,481ms] [Warning] [omni.physx.plugin] Invalid PhysX transform detected for /World/scene_0/controllable__r1__robot_xblfuw/base_footprint_rz.
2026-05-12 16:19:01 [68,481ms] [Warning] [omni.physx.plugin] Invalid PhysX transform detected for /World/scene_0/controllable__r1__robot_xblfuw/base_link.
2026-05-12 16:19:01 [68,481ms] [Warning] [omni.physx.plugin] Invalid PhysX transform detected for /World/scene_0/controllable__r1__robot_xblfuw/servo_link1.
2026-05-12 16:19:01 [68,481ms] [Warning] [omni.physx.plugin] Invalid PhysX transform detected for /World/scene_0/controllable__r1__robot_xblfuw/servo_link2.
2026-05-12 16:19:01 [68,481ms] [Warning] [omni.physx.plugin] Invalid PhysX transform detected for /World/scene_0/controllable__r1__robot_xblfuw/servo_link3.
2026-05-12 16:19:01 [68,481ms] [Warning] [omni.physx.plugin] Invalid PhysX transform detected for /World/scene_0/controllable__r1__robot_xblfuw/torso_link1.
2026-05-12 16:19:01 [68,481ms] [Warning] [omni.physx.plugin] Invalid PhysX transform detected for /World/scene_0/controllable__r1__robot_xblfuw/wheel_link1.
2026-05-12 16:19:01 [68,481ms] [Warning] [omni.physx.plugin] Invalid PhysX transform detected for /World/scene_0/controllable__r1__robot_xblfuw/wheel_link2.
2026-05-12 16:19:01 [68,481ms] [Warning] [omni.physx.plugin] Invalid PhysX transform detected for /World/scene_0/controllable__r1__robot_xblfuw/wheel_link3.
2026-05-12 16:19:01 [68,481ms] [Warning] [omni.physx.plugin] Invalid PhysX transform detected for /World/scene_0/controllable__r1__robot_xblfuw/torso_link2.
2026-05-12 16:19:01 [68,481ms] [Warning] [omni.physx.plugin] Invalid PhysX transform detected for /World/scene_0/controllable__r1__robot_xblfuw/torso_link3.
2026-05-12 16:19:01 [68,481ms] [Warning] [omni.physx.plugin] Invalid PhysX transform detected for /World/scene_0/controllable__r1__robot_xblfuw/torso_link4.
2026-05-12 16:19:01 [68,481ms] [Warning] [omni.physx.plugin] Invalid PhysX transform detected for /World/scene_0/controllable__r1__robot_xblfuw/left_arm_link1.
2026-05-12 16:19:01 [68,481ms] [Warning] [omni.physx.plugin] Invalid PhysX transform detected for /World/scene_0/controllable__r1__robot_xblfuw/right_arm_link1.
2026-05-12 16:19:01 [68,481ms] [Warning] [omni.physx.plugin] Invalid PhysX transform detected for /World/scene_0/controllable__r1__robot_xblfuw/eyes.
2026-05-12 16:19:01 [68,481ms] [Warning] [omni.physx.plugin] Invalid PhysX transform detected for /World/scene_0/controllable__r1__robot_xblfuw/left_arm_link2.
2026-05-12 16:19:01 [68,481ms] [Warning] [omni.physx.plugin] Invalid PhysX transform detected for /World/scene_0/controllable__r1__robot_xblfuw/right_arm_link2.
2026-05-12 16:19:01 [68,481ms] [Warning] [omni.physx.plugin] Invalid PhysX transform detected for /World/scene_0/controllable__r1__robot_xblfuw/left_arm_link3.
2026-05-12 16:19:01 [68,481ms] [Warning] [omni.physx.plugin] Invalid PhysX transform detected for /World/scene_0/controllable__r1__robot_xblfuw/right_arm_link3.
2026-05-12 16:19:01 [68,481ms] [Warning] [omni.physx.plugin] Invalid PhysX transform detected for /World/scene_0/controllable__r1__robot_xblfuw/left_arm_link4.
2026-05-12 16:19:01 [68,481ms] [Warning] [omni.physx.plugin] Invalid PhysX transform detected for /World/scene_0/controllable__r1__robot_xblfuw/right_arm_link4.
2026-05-12 16:19:01 [68,481ms] [Warning] [omni.physx.plugin] Invalid PhysX transform detected for /World/scene_0/controllable__r1__robot_xblfuw/left_arm_link5.
2026-05-12 16:19:01 [68,481ms] [Warning] [omni.physx.plugin] Invalid PhysX transform detected for /World/scene_0/controllable__r1__robot_xblfuw/right_arm_link5.
2026-05-12 16:19:01 [68,481ms] [Warning] [omni.physx.plugin] Invalid PhysX transform detected for /World/scene_0/controllable__r1__robot_xblfuw/left_arm_link6.
2026-05-12 16:19:01 [68,481ms] [Warning] [omni.physx.plugin] Invalid PhysX transform detected for /World/scene_0/controllable__r1__robot_xblfuw/right_arm_link6.
2026-05-12 16:19:01 [68,481ms] [Warning] [omni.physx.plugin] Invalid PhysX transform detected for /World/scene_0/controllable__r1__robot_xblfuw/left_gripper_link1.
2026-05-12 16:19:01 [68,481ms] [Warning] [omni.physx.plugin] Invalid PhysX transform detected for /World/scene_0/controllable__r1__robot_xblfuw/left_gripper_link2.
2026-05-12 16:19:01 [68,481ms] [Warning] [omni.physx.plugin] Invalid PhysX transform detected for /World/scene_0/controllable__r1__robot_xblfuw/left_eef_link.
2026-05-12 16:19:01 [68,481ms] [Warning] [omni.physx.plugin] Invalid PhysX transform detected for /World/scene_0/controllable__r1__robot_xblfuw/right_gripper_link1.
2026-05-12 16:19:01 [68,481ms] [Warning] [omni.physx.plugin] Invalid PhysX transform detected for /World/scene_0/controllable__r1__robot_xblfuw/right_gripper_link2.
2026-05-12 16:19:01 [68,481ms] [Warning] [omni.physx.plugin] Invalid PhysX transform detected for /World/scene_0/controllable__r1__robot_xblfuw/right_eef_link.
2026-05-12 16:19:01 [68,481ms] [Warning] [omni.physx.plugin] Invalid PhysX transform detected for /World/scene_0/cover_small_item_render_item_4175346132/base_link.
2026-05-12 16:19:01 [68,481ms] [Warning] [omni.physx.plugin] Invalid PhysX transform detected for /World/scene_0/cover_small_item_render_item_4175346132/glass.
2026-05-12 16:19:01 [68,537ms] [Warning] [omni.physx.plugin] Invalid PhysX transform detected for /World/scene_0/controllable__r1__robot_xblfuw/base_footprint_y.
2026-05-12 16:19:01 [68,537ms] [Warning] [omni.physx.plugin] Invalid PhysX transform detected for /World/scene_0/controllable__r1__robot_xblfuw/base_footprint_z.
2026-05-12 16:19:01 [68,537ms] [Warning] [omni.physx.plugin] Invalid PhysX transform detected for /World/scene_0/controllable__r1__robot_xblfuw/base_footprint_rx.
2026-05-12 16:19:01 [68,537ms] [Warning] [omni.physx.plugin] Invalid PhysX transform detected for /World/scene_0/controllable__r1__robot_xblfuw/base_footprint_ry.
2026-05-12 16:19:01 [68,537ms] [Warning] [omni.physx.plugin] Invalid PhysX transform detected for /World/scene_0/controllable__r1__robot_xblfuw/base_footprint_rz.
2026-05-12 16:19:01 [68,537ms] [Warning] [omni.physx.plugin] Invalid PhysX transform detected for /World/scene_0/controllable__r1__robot_xblfuw/base_link.
2026-05-12 16:19:01 [68,537ms] [Warning] [omni.physx.plugin] Invalid PhysX transform detected for /World/scene_0/controllable__r1__robot_xblfuw/servo_link1.
2026-05-12 16:19:01 [68,537ms] [Warning] [omni.physx.plugin] Invalid PhysX transform detected for /World/scene_0/controllable__r1__robot_xblfuw/servo_link2.
2026-05-12 16:19:01 [68,537ms] [Warning] [omni.physx.plugin] Invalid PhysX transform detected for /World/scene_0/controllable__r1__robot_xblfuw/servo_link3.
2026-05-12 16:19:01 [68,537ms] [Warning] [omni.physx.plugin] Invalid PhysX transform detected for /World/scene_0/controllable__r1__robot_xblfuw/torso_link1.
2026-05-12 16:19:01 [68,537ms] [Warning] [omni.physx.plugin] Invalid PhysX transform detected for /World/scene_0/controllable__r1__robot_xblfuw/wheel_link1.
2026-05-12 16:19:01 [68,537ms] [Warning] [omni.physx.plugin] Invalid PhysX transform detected for /World/scene_0/controllable__r1__robot_xblfuw/wheel_link2.
2026-05-12 16:19:01 [68,537ms] [Warning] [omni.physx.plugin] Invalid PhysX transform detected for /World/scene_0/controllable__r1__robot_xblfuw/wheel_link3.
2026-05-12 16:19:01 [68,537ms] [Warning] [omni.physx.plugin] Invalid PhysX transform detected for /World/scene_0/controllable__r1__robot_xblfuw/torso_link2.
2026-05-12 16:19:01 [68,537ms] [Warning] [omni.physx.plugin] Invalid PhysX transform detected for /World/scene_0/controllable__r1__robot_xblfuw/torso_link3.
2026-05-12 16:19:01 [68,537ms] [Warning] [omni.physx.plugin] Invalid PhysX transform detected for /World/scene_0/controllable__r1__robot_xblfuw/torso_link4.
2026-05-12 16:19:01 [68,537ms] [Warning] [omni.physx.plugin] Invalid PhysX transform detected for /World/scene_0/controllable__r1__robot_xblfuw/left_arm_link1.
2026-05-12 16:19:01 [68,537ms] [Warning] [omni.physx.plugin] Invalid PhysX transform detected for /World/scene_0/controllable__r1__robot_xblfuw/right_arm_link1.
2026-05-12 16:19:01 [68,537ms] [Warning] [omni.physx.plugin] Invalid PhysX transform detected for /World/scene_0/controllable__r1__robot_xblfuw/eyes.
2026-05-12 16:19:01 [68,537ms] [Warning] [omni.physx.plugin] Invalid PhysX transform detected for /World/scene_0/controllable__r1__robot_xblfuw/left_arm_link2.
2026-05-12 16:19:01 [68,537ms] [Warning] [omni.physx.plugin] Invalid PhysX transform detected for /World/scene_0/controllable__r1__robot_xblfuw/right_arm_link2.
2026-05-12 16:19:01 [68,537ms] [Warning] [omni.physx.plugin] Invalid PhysX transform detected for /World/scene_0/controllable__r1__robot_xblfuw/left_arm_link3.
2026-05-12 16:19:01 [68,537ms] [Warning] [omni.physx.plugin] Invalid PhysX transform detected for /World/scene_0/controllable__r1__robot_xblfuw/right_arm_link3.
2026-05-12 16:19:01 [68,537ms] [Warning] [omni.physx.plugin] Invalid PhysX transform detected for /World/scene_0/controllable__r1__robot_xblfuw/left_arm_link4.
2026-05-12 16:19:01 [68,537ms] [Warning] [omni.physx.plugin] Invalid PhysX transform detected for /World/scene_0/controllable__r1__robot_xblfuw/right_arm_link4.
2026-05-12 16:19:01 [68,537ms] [Warning] [omni.physx.plugin] Invalid PhysX transform detected for /World/scene_0/controllable__r1__robot_xblfuw/left_arm_link5.
2026-05-12 16:19:01 [68,537ms] [Warning] [omni.physx.plugin] Invalid PhysX transform detected for /World/scene_0/controllable__r1__robot_xblfuw/right_arm_link5.
2026-05-12 16:19:01 [68,537ms] [Warning] [omni.physx.plugin] Invalid PhysX transform detected for /World/scene_0/controllable__r1__robot_xblfuw/left_arm_link6.
2026-05-12 16:19:01 [68,537ms] [Warning] [omni.physx.plugin] Invalid PhysX transform detected for /World/scene_0/controllable__r1__robot_xblfuw/right_arm_link6.
2026-05-12 16:19:01 [68,537ms] [Warning] [omni.physx.plugin] Invalid PhysX transform detected for /World/scene_0/controllable__r1__robot_xblfuw/left_gripper_link1.
2026-05-12 16:19:01 [68,537ms] [Warning] [omni.physx.plugin] Invalid PhysX transform detected for /World/scene_0/controllable__r1__robot_xblfuw/left_gripper_link2.
2026-05-12 16:19:01 [68,537ms] [Warning] [omni.physx.plugin] Invalid PhysX transform detected for /World/scene_0/controllable__r1__robot_xblfuw/left_eef_link.
2026-05-12 16:19:01 [68,537ms] [Warning] [omni.physx.plugin] Invalid PhysX transform detected for /World/scene_0/controllable__r1__robot_xblfuw/right_gripper_link1.
2026-05-12 16:19:01 [68,537ms] [Warning] [omni.physx.plugin] Invalid PhysX transform detected for /World/scene_0/controllable__r1__robot_xblfuw/right_gripper_link2.
2026-05-12 16:19:01 [68,537ms] [Warning] [omni.physx.plugin] Invalid PhysX transform detected for /World/scene_0/controllable__r1__robot_xblfuw/right_eef_link.
2026-05-12 16:19:01 [68,537ms] [Warning] [omni.physx.plugin] Invalid PhysX transform detected for /World/scene_0/cover_small_item_render_item_4175346132/base_link.
2026-05-12 16:19:01 [68,537ms] [Warning] [omni.physx.plugin] Invalid PhysX transform detected for /World/scene_0/cover_small_item_render_item_4175346132/glass.
2026-05-12 16:19:01 [68,601ms] [Warning] [omni.physx.plugin] Invalid PhysX transform detected for /World/scene_0/controllable__r1__robot_xblfuw/base_footprint_y.
2026-05-12 16:19:01 [68,601ms] [Warning] [omni.physx.plugin] Invalid PhysX transform detected for /World/scene_0/controllable__r1__robot_xblfuw/base_footprint_z.
2026-05-12 16:19:01 [68,601ms] [Warning] [omni.physx.plugin] Invalid PhysX transform detected for /World/scene_0/controllable__r1__robot_xblfuw/base_footprint_rx.
2026-05-12 16:19:01 [68,601ms] [Warning] [omni.physx.plugin] Invalid PhysX transform detected for /World/scene_0/controllable__r1__robot_xblfuw/base_footprint_ry.
2026-05-12 16:19:01 [68,601ms] [Warning] [omni.physx.plugin] Invalid PhysX transform detected for /World/scene_0/controllable__r1__robot_xblfuw/base_footprint_rz.
2026-05-12 16:19:01 [68,601ms] [Warning] [omni.physx.plugin] Invalid PhysX transform detected for /World/scene_0/controllable__r1__robot_xblfuw/base_link.
2026-05-12 16:19:01 [68,601ms] [Warning] [omni.physx.plugin] Invalid PhysX transform detected for /World/scene_0/controllable__r1__robot_xblfuw/servo_link1.
2026-05-12 16:19:01 [68,601ms] [Warning] [omni.physx.plugin] Invalid PhysX transform detected for /World/scene_0/controllable__r1__robot_xblfuw/servo_link2.
2026-05-12 16:19:01 [68,601ms] [Warning] [omni.physx.plugin] Invalid PhysX transform detected for /World/scene_0/controllable__r1__robot_xblfuw/servo_link3.
2026-05-12 16:19:01 [68,601ms] [Warning] [omni.physx.plugin] Invalid PhysX transform detected for /World/scene_0/controllable__r1__robot_xblfuw/torso_link1.
2026-05-12 16:19:01 [68,601ms] [Warning] [omni.physx.plugin] Invalid PhysX transform detected for /World/scene_0/controllable__r1__robot_xblfuw/wheel_link1.
2026-05-12 16:19:01 [68,601ms] [Warning] [omni.physx.plugin] Invalid PhysX transform detected for /World/scene_0/controllable__r1__robot_xblfuw/wheel_link2.
2026-05-12 16:19:01 [68,601ms] [Warning] [omni.physx.plugin] Invalid PhysX transform detected for /World/scene_0/controllable__r1__robot_xblfuw/wheel_link3.
2026-05-12 16:19:01 [68,601ms] [Warning] [omni.physx.plugin] Invalid PhysX transform detected for /World/scene_0/controllable__r1__robot_xblfuw/torso_link2.
2026-05-12 16:19:01 [68,601ms] [Warning] [omni.physx.plugin] Invalid PhysX transform detected for /World/scene_0/controllable__r1__robot_xblfuw/torso_link3.
2026-05-12 16:19:01 [68,601ms] [Warning] [omni.physx.plugin] Invalid PhysX transform detected for /World/scene_0/controllable__r1__robot_xblfuw/torso_link4.
2026-05-12 16:19:01 [68,601ms] [Warning] [omni.physx.plugin] Invalid PhysX transform detected for /World/scene_0/controllable__r1__robot_xblfuw/left_arm_link1.
2026-05-12 16:19:01 [68,601ms] [Warning] [omni.physx.plugin] Invalid PhysX transform detected for /World/scene_0/controllable__r1__robot_xblfuw/right_arm_link1.
2026-05-12 16:19:01 [68,601ms] [Warning] [omni.physx.plugin] Invalid PhysX transform detected for /World/scene_0/controllable__r1__robot_xblfuw/eyes.
2026-05-12 16:19:01 [68,601ms] [Warning] [omni.physx.plugin] Invalid PhysX transform detected for /World/scene_0/controllable__r1__robot_xblfuw/left_arm_link2.
2026-05-12 16:19:01 [68,601ms] [Warning] [omni.physx.plugin] Invalid PhysX transform detected for /World/scene_0/controllable__r1__robot_xblfuw/right_arm_link2.
2026-05-12 16:19:01 [68,601ms] [Warning] [omni.physx.plugin] Invalid PhysX transform detected for /World/scene_0/controllable__r1__robot_xblfuw/left_arm_link3.
2026-05-12 16:19:01 [68,601ms] [Warning] [omni.physx.plugin] Invalid PhysX transform detected for /World/scene_0/controllable__r1__robot_xblfuw/right_arm_link3.
2026-05-12 16:19:01 [68,601ms] [Warning] [omni.physx.plugin] Invalid PhysX transform detected for /World/scene_0/controllable__r1__robot_xblfuw/left_arm_link4.
2026-05-12 16:19:01 [68,601ms] [Warning] [omni.physx.plugin] Invalid PhysX transform detected for /World/scene_0/controllable__r1__robot_xblfuw/right_arm_link4.
2026-05-12 16:19:01 [68,601ms] [Warning] [omni.physx.plugin] Invalid PhysX transform detected for /World/scene_0/controllable__r1__robot_xblfuw/left_arm_link5.
2026-05-12 16:19:01 [68,601ms] [Warning] [omni.physx.plugin] Invalid PhysX transform detected for /World/scene_0/controllable__r1__robot_xblfuw/right_arm_link5.
2026-05-12 16:19:01 [68,601ms] [Warning] [omni.physx.plugin] Invalid PhysX transform detected for /World/scene_0/controllable__r1__robot_xblfuw/left_arm_link6.
2026-05-12 16:19:01 [68,601ms] [Warning] [omni.physx.plugin] Invalid PhysX transform detected for /World/scene_0/controllable__r1__robot_xblfuw/right_arm_link6.
2026-05-12 16:19:01 [68,601ms] [Warning] [omni.physx.plugin] Invalid PhysX transform detected for /World/scene_0/controllable__r1__robot_xblfuw/left_gripper_link1.
2026-05-12 16:19:01 [68,601ms] [Warning] [omni.physx.plugin] Invalid PhysX transform detected for /World/scene_0/controllable__r1__robot_xblfuw/left_gripper_link2.
2026-05-12 16:19:01 [68,601ms] [Warning] [omni.physx.plugin] Invalid PhysX transform detected for /World/scene_0/controllable__r1__robot_xblfuw/left_eef_link.
2026-05-12 16:19:01 [68,601ms] [Warning] [omni.physx.plugin] Invalid PhysX transform detected for /World/scene_0/controllable__r1__robot_xblfuw/right_gripper_link1.
2026-05-12 16:19:01 [68,601ms] [Warning] [omni.physx.plugin] Invalid PhysX transform detected for /World/scene_0/controllable__r1__robot_xblfuw/right_gripper_link2.
2026-05-12 16:19:01 [68,601ms] [Warning] [omni.physx.plugin] Invalid PhysX transform detected for /World/scene_0/controllable__r1__robot_xblfuw/right_eef_link.
2026-05-12 16:19:01 [68,601ms] [Warning] [omni.physx.plugin] Invalid PhysX transform detected for /World/scene_0/cover_small_item_render_item_4175346132/base_link.
2026-05-12 16:19:01 [68,601ms] [Warning] [omni.physx.plugin] Invalid PhysX transform detected for /World/scene_0/cover_small_item_render_item_4175346132/glass.
2026-05-12 16:19:01 [68,695ms] [Warning] [omni.physx.plugin] Invalid PhysX transform detected for /World/scene_0/controllable__r1__robot_xblfuw/base_footprint_y.
2026-05-12 16:19:01 [68,695ms] [Warning] [omni.physx.plugin] Invalid PhysX transform detected for /World/scene_0/controllable__r1__robot_xblfuw/base_footprint_z.
2026-05-12 16:19:01 [68,695ms] [Warning] [omni.physx.plugin] Invalid PhysX transform detected for /World/scene_0/controllable__r1__robot_xblfuw/base_footprint_rx.
2026-05-12 16:19:01 [68,695ms] [Warning] [omni.physx.plugin] Invalid PhysX transform detected for /World/scene_0/controllable__r1__robot_xblfuw/base_footprint_ry.
2026-05-12 16:19:01 [68,695ms] [Warning] [omni.physx.plugin] Invalid PhysX transform detected for /World/scene_0/controllable__r1__robot_xblfuw/base_footprint_rz.
2026-05-12 16:19:01 [68,695ms] [Warning] [omni.physx.plugin] Invalid PhysX transform detected for /World/scene_0/controllable__r1__robot_xblfuw/base_link.
2026-05-12 16:19:01 [68,695ms] [Warning] [omni.physx.plugin] Invalid PhysX transform detected for /World/scene_0/controllable__r1__robot_xblfuw/servo_link1.
2026-05-12 16:19:01 [68,695ms] [Warning] [omni.physx.plugin] Invalid PhysX transform detected for /World/scene_0/controllable__r1__robot_xblfuw/servo_link2.
2026-05-12 16:19:01 [68,695ms] [Warning] [omni.physx.plugin] Invalid PhysX transform detected for /World/scene_0/controllable__r1__robot_xblfuw/servo_link3.
2026-05-12 16:19:01 [68,695ms] [Warning] [omni.physx.plugin] Invalid PhysX transform detected for /World/scene_0/controllable__r1__robot_xblfuw/torso_link1.
2026-05-12 16:19:01 [68,695ms] [Warning] [omni.physx.plugin] Invalid PhysX transform detected for /World/scene_0/controllable__r1__robot_xblfuw/wheel_link1.
2026-05-12 16:19:01 [68,695ms] [Warning] [omni.physx.plugin] Invalid PhysX transform detected for /World/scene_0/controllable__r1__robot_xblfuw/wheel_link2.
2026-05-12 16:19:01 [68,695ms] [Warning] [omni.physx.plugin] Invalid PhysX transform detected for /World/scene_0/controllable__r1__robot_xblfuw/wheel_link3.
2026-05-12 16:19:01 [68,695ms] [Warning] [omni.physx.plugin] Invalid PhysX transform detected for /World/scene_0/controllable__r1__robot_xblfuw/torso_link2.
2026-05-12 16:19:01 [68,695ms] [Warning] [omni.physx.plugin] Invalid PhysX transform detected for /World/scene_0/controllable__r1__robot_xblfuw/torso_link3.
2026-05-12 16:19:01 [68,695ms] [Warning] [omni.physx.plugin] Invalid PhysX transform detected for /World/scene_0/controllable__r1__robot_xblfuw/torso_link4.
2026-05-12 16:19:01 [68,695ms] [Warning] [omni.physx.plugin] Invalid PhysX transform detected for /World/scene_0/controllable__r1__robot_xblfuw/left_arm_link1.
2026-05-12 16:19:01 [68,695ms] [Warning] [omni.physx.plugin] Invalid PhysX transform detected for /World/scene_0/controllable__r1__robot_xblfuw/right_arm_link1.
2026-05-12 16:19:01 [68,695ms] [Warning] [omni.physx.plugin] Invalid PhysX transform detected for /World/scene_0/controllable__r1__robot_xblfuw/eyes.
2026-05-12 16:19:01 [68,695ms] [Warning] [omni.physx.plugin] Invalid PhysX transform detected for /World/scene_0/controllable__r1__robot_xblfuw/left_arm_link2.
2026-05-12 16:19:01 [68,695ms] [Warning] [omni.physx.plugin] Invalid PhysX transform detected for /World/scene_0/controllable__r1__robot_xblfuw/right_arm_link2.
2026-05-12 16:19:01 [68,695ms] [Warning] [omni.physx.plugin] Invalid PhysX transform detected for /World/scene_0/controllable__r1__robot_xblfuw/left_arm_link3.
2026-05-12 16:19:01 [68,695ms] [Warning] [omni.physx.plugin] Invalid PhysX transform detected for /World/scene_0/controllable__r1__robot_xblfuw/right_arm_link3.
2026-05-12 16:19:01 [68,695ms] [Warning] [omni.physx.plugin] Invalid PhysX transform detected for /World/scene_0/controllable__r1__robot_xblfuw/left_arm_link4.
2026-05-12 16:19:01 [68,695ms] [Warning] [omni.physx.plugin] Invalid PhysX transform detected for /World/scene_0/controllable__r1__robot_xblfuw/right_arm_link4.
2026-05-12 16:19:01 [68,695ms] [Warning] [omni.physx.plugin] Invalid PhysX transform detected for /World/scene_0/controllable__r1__robot_xblfuw/left_arm_link5.
2026-05-12 16:19:01 [68,695ms] [Warning] [omni.physx.plugin] Invalid PhysX transform detected for /World/scene_0/controllable__r1__robot_xblfuw/right_arm_link5.
2026-05-12 16:19:01 [68,695ms] [Warning] [omni.physx.plugin] Invalid PhysX transform detected for /World/scene_0/controllable__r1__robot_xblfuw/left_arm_link6.
2026-05-12 16:19:01 [68,695ms] [Warning] [omni.physx.plugin] Invalid PhysX transform detected for /World/scene_0/controllable__r1__robot_xblfuw/right_arm_link6.
2026-05-12 16:19:01 [68,695ms] [Warning] [omni.physx.plugin] Invalid PhysX transform detected for /World/scene_0/controllable__r1__robot_xblfuw/left_gripper_link1.
2026-05-12 16:19:01 [68,695ms] [Warning] [omni.physx.plugin] Invalid PhysX transform detected for /World/scene_0/controllable__r1__robot_xblfuw/left_gripper_link2.
2026-05-12 16:19:01 [68,695ms] [Warning] [omni.physx.plugin] Invalid PhysX transform detected for /World/scene_0/controllable__r1__robot_xblfuw/left_eef_link.
2026-05-12 16:19:01 [68,695ms] [Warning] [omni.physx.plugin] Invalid PhysX transform detected for /World/scene_0/controllable__r1__robot_xblfuw/right_gripper_link1.
2026-05-12 16:19:01 [68,695ms] [Warning] [omni.physx.plugin] Invalid PhysX transform detected for /World/scene_0/controllable__r1__robot_xblfuw/right_gripper_link2.
2026-05-12 16:19:01 [68,695ms] [Warning] [omni.physx.plugin] Invalid PhysX transform detected for /World/scene_0/controllable__r1__robot_xblfuw/right_eef_link.
2026-05-12 16:19:01 [68,695ms] [Warning] [omni.physx.plugin] Invalid PhysX transform detected for /World/scene_0/cover_small_item_render_item_4175346132/base_link.
2026-05-12 16:19:01 [68,695ms] [Warning] [omni.physx.plugin] Invalid PhysX transform detected for /World/scene_0/cover_small_item_render_item_4175346132/glass.
2026-05-12 16:19:01 [68,779ms] [Warning] [omni.physx.plugin] Invalid PhysX transform detected for /World/scene_0/controllable__r1__robot_xblfuw/base_footprint_y.
2026-05-12 16:19:01 [68,779ms] [Warning] [omni.physx.plugin] Invalid PhysX transform detected for /World/scene_0/controllable__r1__robot_xblfuw/base_footprint_z.
2026-05-12 16:19:01 [68,779ms] [Warning] [omni.physx.plugin] Invalid PhysX transform detected for /World/scene_0/controllable__r1__robot_xblfuw/base_footprint_rx.
2026-05-12 16:19:01 [68,779ms] [Warning] [omni.physx.plugin] Invalid PhysX transform detected for /World/scene_0/controllable__r1__robot_xblfuw/base_footprint_ry.
2026-05-12 16:19:01 [68,779ms] [Warning] [omni.physx.plugin] Invalid PhysX transform detected for /World/scene_0/controllable__r1__robot_xblfuw/base_footprint_rz.
2026-05-12 16:19:01 [68,779ms] [Warning] [omni.physx.plugin] Invalid PhysX transform detected for /World/scene_0/controllable__r1__robot_xblfuw/base_link.
2026-05-12 16:19:01 [68,779ms] [Warning] [omni.physx.plugin] Invalid PhysX transform detected for /World/scene_0/controllable__r1__robot_xblfuw/servo_link1.
2026-05-12 16:19:01 [68,779ms] [Warning] [omni.physx.plugin] Invalid PhysX transform detected for /World/scene_0/controllable__r1__robot_xblfuw/servo_link2.
2026-05-12 16:19:01 [68,779ms] [Warning] [omni.physx.plugin] Invalid PhysX transform detected for /World/scene_0/controllable__r1__robot_xblfuw/servo_link3.
2026-05-12 16:19:01 [68,779ms] [Warning] [omni.physx.plugin] Invalid PhysX transform detected for /World/scene_0/controllable__r1__robot_xblfuw/torso_link1.
2026-05-12 16:19:01 [68,779ms] [Warning] [omni.physx.plugin] Invalid PhysX transform detected for /World/scene_0/controllable__r1__robot_xblfuw/wheel_link1.
2026-05-12 16:19:01 [68,779ms] [Warning] [omni.physx.plugin] Invalid PhysX transform detected for /World/scene_0/controllable__r1__robot_xblfuw/wheel_link2.
2026-05-12 16:19:01 [68,779ms] [Warning] [omni.physx.plugin] Invalid PhysX transform detected for /World/scene_0/controllable__r1__robot_xblfuw/wheel_link3.
2026-05-12 16:19:01 [68,779ms] [Warning] [omni.physx.plugin] Invalid PhysX transform detected for /World/scene_0/controllable__r1__robot_xblfuw/torso_link2.
2026-05-12 16:19:01 [68,779ms] [Warning] [omni.physx.plugin] Invalid PhysX transform detected for /World/scene_0/controllable__r1__robot_xblfuw/torso_link3.
2026-05-12 16:19:01 [68,779ms] [Warning] [omni.physx.plugin] Invalid PhysX transform detected for /World/scene_0/controllable__r1__robot_xblfuw/torso_link4.
2026-05-12 16:19:01 [68,779ms] [Warning] [omni.physx.plugin] Invalid PhysX transform detected for /World/scene_0/controllable__r1__robot_xblfuw/left_arm_link1.
2026-05-12 16:19:01 [68,779ms] [Warning] [omni.physx.plugin] Invalid PhysX transform detected for /World/scene_0/controllable__r1__robot_xblfuw/right_arm_link1.
2026-05-12 16:19:01 [68,779ms] [Warning] [omni.physx.plugin] Invalid PhysX transform detected for /World/scene_0/controllable__r1__robot_xblfuw/eyes.
2026-05-12 16:19:01 [68,779ms] [Warning] [omni.physx.plugin] Invalid PhysX transform detected for /World/scene_0/controllable__r1__robot_xblfuw/left_arm_link2.
2026-05-12 16:19:01 [68,779ms] [Warning] [omni.physx.plugin] Invalid PhysX transform detected for /World/scene_0/controllable__r1__robot_xblfuw/right_arm_link2.
2026-05-12 16:19:01 [68,779ms] [Warning] [omni.physx.plugin] Invalid PhysX transform detected for /World/scene_0/controllable__r1__robot_xblfuw/left_arm_link3.
2026-05-12 16:19:01 [68,779ms] [Warning] [omni.physx.plugin] Invalid PhysX transform detected for /World/scene_0/controllable__r1__robot_xblfuw/right_arm_link3.
2026-05-12 16:19:01 [68,779ms] [Warning] [omni.physx.plugin] Invalid PhysX transform detected for /World/scene_0/controllable__r1__robot_xblfuw/left_arm_link4.
2026-05-12 16:19:01 [68,779ms] [Warning] [omni.physx.plugin] Invalid PhysX transform detected for /World/scene_0/controllable__r1__robot_xblfuw/right_arm_link4.
2026-05-12 16:19:01 [68,779ms] [Warning] [omni.physx.plugin] Invalid PhysX transform detected for /World/scene_0/controllable__r1__robot_xblfuw/left_arm_link5.
2026-05-12 16:19:01 [68,779ms] [Warning] [omni.physx.plugin] Invalid PhysX transform detected for /World/scene_0/controllable__r1__robot_xblfuw/right_arm_link5.
2026-05-12 16:19:01 [68,779ms] [Warning] [omni.physx.plugin] Invalid PhysX transform detected for /World/scene_0/controllable__r1__robot_xblfuw/left_arm_link6.
2026-05-12 16:19:01 [68,779ms] [Warning] [omni.physx.plugin] Invalid PhysX transform detected for /World/scene_0/controllable__r1__robot_xblfuw/right_arm_link6.
2026-05-12 16:19:01 [68,779ms] [Warning] [omni.physx.plugin] Invalid PhysX transform detected for /World/scene_0/controllable__r1__robot_xblfuw/left_gripper_link1.
2026-05-12 16:19:01 [68,779ms] [Warning] [omni.physx.plugin] Invalid PhysX transform detected for /World/scene_0/controllable__r1__robot_xblfuw/left_gripper_link2.
2026-05-12 16:19:01 [68,779ms] [Warning] [omni.physx.plugin] Invalid PhysX transform detected for /World/scene_0/controllable__r1__robot_xblfuw/left_eef_link.
2026-05-12 16:19:01 [68,779ms] [Warning] [omni.physx.plugin] Invalid PhysX transform detected for /World/scene_0/controllable__r1__robot_xblfuw/right_gripper_link1.
2026-05-12 16:19:01 [68,779ms] [Warning] [omni.physx.plugin] Invalid PhysX transform detected for /World/scene_0/controllable__r1__robot_xblfuw/right_gripper_link2.
2026-05-12 16:19:01 [68,779ms] [Warning] [omni.physx.plugin] Invalid PhysX transform detected for /World/scene_0/controllable__r1__robot_xblfuw/right_eef_link.
2026-05-12 16:19:01 [68,779ms] [Warning] [omni.physx.plugin] Invalid PhysX transform detected for /World/scene_0/cover_small_item_render_item_4175346132/base_link.
2026-05-12 16:19:01 [68,779ms] [Warning] [omni.physx.plugin] Invalid PhysX transform detected for /World/scene_0/cover_small_item_render_item_4175346132/glass.
2026-05-12 16:19:01 [68,864ms] [Warning] [omni.physx.plugin] Invalid PhysX transform detected for /World/scene_0/controllable__r1__robot_xblfuw/base_footprint_y.
2026-05-12 16:19:01 [68,864ms] [Warning] [omni.physx.plugin] Invalid PhysX transform detected for /World/scene_0/controllable__r1__robot_xblfuw/base_footprint_z.
2026-05-12 16:19:01 [68,864ms] [Warning] [omni.physx.plugin] Invalid PhysX transform detected for /World/scene_0/controllable__r1__robot_xblfuw/base_footprint_rx.
2026-05-12 16:19:01 [68,864ms] [Warning] [omni.physx.plugin] Invalid PhysX transform detected for /World/scene_0/controllable__r1__robot_xblfuw/base_footprint_ry.
2026-05-12 16:19:01 [68,864ms] [Warning] [omni.physx.plugin] Invalid PhysX transform detected for /World/scene_0/controllable__r1__robot_xblfuw/base_footprint_rz.
2026-05-12 16:19:01 [68,864ms] [Warning] [omni.physx.plugin] Invalid PhysX transform detected for /World/scene_0/controllable__r1__robot_xblfuw/base_link.
2026-05-12 16:19:01 [68,864ms] [Warning] [omni.physx.plugin] Invalid PhysX transform detected for /World/scene_0/controllable__r1__robot_xblfuw/servo_link1.
2026-05-12 16:19:01 [68,864ms] [Warning] [omni.physx.plugin] Invalid PhysX transform detected for /World/scene_0/controllable__r1__robot_xblfuw/servo_link2.
2026-05-12 16:19:01 [68,864ms] [Warning] [omni.physx.plugin] Invalid PhysX transform detected for /World/scene_0/controllable__r1__robot_xblfuw/servo_link3.
2026-05-12 16:19:01 [68,864ms] [Warning] [omni.physx.plugin] Invalid PhysX transform detected for /World/scene_0/controllable__r1__robot_xblfuw/torso_link1.
2026-05-12 16:19:01 [68,864ms] [Warning] [omni.physx.plugin] Invalid PhysX transform detected for /World/scene_0/controllable__r1__robot_xblfuw/wheel_link1.
2026-05-12 16:19:01 [68,864ms] [Warning] [omni.physx.plugin] Invalid PhysX transform detected for /World/scene_0/controllable__r1__robot_xblfuw/wheel_link2.
2026-05-12 16:19:01 [68,864ms] [Warning] [omni.physx.plugin] Invalid PhysX transform detected for /World/scene_0/controllable__r1__robot_xblfuw/wheel_link3.
2026-05-12 16:19:01 [68,864ms] [Warning] [omni.physx.plugin] Invalid PhysX transform detected for /World/scene_0/controllable__r1__robot_xblfuw/torso_link2.
2026-05-12 16:19:01 [68,864ms] [Warning] [omni.physx.plugin] Invalid PhysX transform detected for /World/scene_0/controllable__r1__robot_xblfuw/torso_link3.
2026-05-12 16:19:01 [68,864ms] [Warning] [omni.physx.plugin] Invalid PhysX transform detected for /World/scene_0/controllable__r1__robot_xblfuw/torso_link4.
2026-05-12 16:19:01 [68,864ms] [Warning] [omni.physx.plugin] Invalid PhysX transform detected for /World/scene_0/controllable__r1__robot_xblfuw/left_arm_link1.
2026-05-12 16:19:01 [68,864ms] [Warning] [omni.physx.plugin] Invalid PhysX transform detected for /World/scene_0/controllable__r1__robot_xblfuw/right_arm_link1.
2026-05-12 16:19:01 [68,864ms] [Warning] [omni.physx.plugin] Invalid PhysX transform detected for /World/scene_0/controllable__r1__robot_xblfuw/eyes.
2026-05-12 16:19:01 [68,864ms] [Warning] [omni.physx.plugin] Invalid PhysX transform detected for /World/scene_0/controllable__r1__robot_xblfuw/left_arm_link2.
2026-05-12 16:19:01 [68,864ms] [Warning] [omni.physx.plugin] Invalid PhysX transform detected for /World/scene_0/controllable__r1__robot_xblfuw/right_arm_link2.
2026-05-12 16:19:01 [68,864ms] [Warning] [omni.physx.plugin] Invalid PhysX transform detected for /World/scene_0/controllable__r1__robot_xblfuw/left_arm_link3.
2026-05-12 16:19:01 [68,864ms] [Warning] [omni.physx.plugin] Invalid PhysX transform detected for /World/scene_0/controllable__r1__robot_xblfuw/right_arm_link3.
2026-05-12 16:19:01 [68,864ms] [Warning] [omni.physx.plugin] Invalid PhysX transform detected for /World/scene_0/controllable__r1__robot_xblfuw/left_arm_link4.
2026-05-12 16:19:01 [68,864ms] [Warning] [omni.physx.plugin] Invalid PhysX transform detected for /World/scene_0/controllable__r1__robot_xblfuw/right_arm_link4.
2026-05-12 16:19:01 [68,864ms] [Warning] [omni.physx.plugin] Invalid PhysX transform detected for /World/scene_0/controllable__r1__robot_xblfuw/left_arm_link5.
2026-05-12 16:19:01 [68,864ms] [Warning] [omni.physx.plugin] Invalid PhysX transform detected for /World/scene_0/controllable__r1__robot_xblfuw/right_arm_link5.
2026-05-12 16:19:01 [68,864ms] [Warning] [omni.physx.plugin] Invalid PhysX transform detected for /World/scene_0/controllable__r1__robot_xblfuw/left_arm_link6.
2026-05-12 16:19:01 [68,864ms] [Warning] [omni.physx.plugin] Invalid PhysX transform detected for /World/scene_0/controllable__r1__robot_xblfuw/right_arm_link6.
2026-05-12 16:19:01 [68,864ms] [Warning] [omni.physx.plugin] Invalid PhysX transform detected for /World/scene_0/controllable__r1__robot_xblfuw/left_gripper_link1.
2026-05-12 16:19:01 [68,864ms] [Warning] [omni.physx.plugin] Invalid PhysX transform detected for /World/scene_0/controllable__r1__robot_xblfuw/left_gripper_link2.
2026-05-12 16:19:01 [68,864ms] [Warning] [omni.physx.plugin] Invalid PhysX transform detected for /World/scene_0/controllable__r1__robot_xblfuw/left_eef_link.
2026-05-12 16:19:01 [68,864ms] [Warning] [omni.physx.plugin] Invalid PhysX transform detected for /World/scene_0/controllable__r1__robot_xblfuw/right_gripper_link1.
2026-05-12 16:19:01 [68,864ms] [Warning] [omni.physx.plugin] Invalid PhysX transform detected for /World/scene_0/controllable__r1__robot_xblfuw/right_gripper_link2.
2026-05-12 16:19:01 [68,864ms] [Warning] [omni.physx.plugin] Invalid PhysX transform detected for /World/scene_0/controllable__r1__robot_xblfuw/right_eef_link.
2026-05-12 16:19:01 [68,865ms] [Warning] [omni.physx.plugin] Invalid PhysX transform detected for /World/scene_0/cover_small_item_render_item_4175346132/base_link.
2026-05-12 16:19:01 [68,865ms] [Warning] [omni.physx.plugin] Invalid PhysX transform detected for /World/scene_0/cover_small_item_render_item_4175346132/glass.
2026-05-12 16:19:02 [68,948ms] [Warning] [omni.physx.plugin] Invalid PhysX transform detected for /World/scene_0/controllable__r1__robot_xblfuw/base_footprint_y.
2026-05-12 16:19:02 [68,948ms] [Warning] [omni.physx.plugin] Invalid PhysX transform detected for /World/scene_0/controllable__r1__robot_xblfuw/base_footprint_z.
2026-05-12 16:19:02 [68,948ms] [Warning] [omni.physx.plugin] Invalid PhysX transform detected for /World/scene_0/controllable__r1__robot_xblfuw/base_footprint_rx.
2026-05-12 16:19:02 [68,948ms] [Warning] [omni.physx.plugin] Invalid PhysX transform detected for /World/scene_0/controllable__r1__robot_xblfuw/base_footprint_ry.
2026-05-12 16:19:02 [68,948ms] [Warning] [omni.physx.plugin] Invalid PhysX transform detected for /World/scene_0/controllable__r1__robot_xblfuw/base_footprint_rz.
2026-05-12 16:19:02 [68,948ms] [Warning] [omni.physx.plugin] Invalid PhysX transform detected for /World/scene_0/controllable__r1__robot_xblfuw/base_link.
2026-05-12 16:19:02 [68,948ms] [Warning] [omni.physx.plugin] Invalid PhysX transform detected for /World/scene_0/controllable__r1__robot_xblfuw/servo_link1.
2026-05-12 16:19:02 [68,948ms] [Warning] [omni.physx.plugin] Invalid PhysX transform detected for /World/scene_0/controllable__r1__robot_xblfuw/servo_link2.
2026-05-12 16:19:02 [68,948ms] [Warning] [omni.physx.plugin] Invalid PhysX transform detected for /World/scene_0/controllable__r1__robot_xblfuw/servo_link3.
2026-05-12 16:19:02 [68,948ms] [Warning] [omni.physx.plugin] Invalid PhysX transform detected for /World/scene_0/controllable__r1__robot_xblfuw/torso_link1.
2026-05-12 16:19:02 [68,948ms] [Warning] [omni.physx.plugin] Invalid PhysX transform detected for /World/scene_0/controllable__r1__robot_xblfuw/wheel_link1.
2026-05-12 16:19:02 [68,948ms] [Warning] [omni.physx.plugin] Invalid PhysX transform detected for /World/scene_0/controllable__r1__robot_xblfuw/wheel_link2.
2026-05-12 16:19:02 [68,948ms] [Warning] [omni.physx.plugin] Invalid PhysX transform detected for /World/scene_0/controllable__r1__robot_xblfuw/wheel_link3.
2026-05-12 16:19:02 [68,948ms] [Warning] [omni.physx.plugin] Invalid PhysX transform detected for /World/scene_0/controllable__r1__robot_xblfuw/torso_link2.
2026-05-12 16:19:02 [68,948ms] [Warning] [omni.physx.plugin] Invalid PhysX transform detected for /World/scene_0/controllable__r1__robot_xblfuw/torso_link3.
2026-05-12 16:19:02 [68,948ms] [Warning] [omni.physx.plugin] Invalid PhysX transform detected for /World/scene_0/controllable__r1__robot_xblfuw/torso_link4.
2026-05-12 16:19:02 [68,948ms] [Warning] [omni.physx.plugin] Invalid PhysX transform detected for /World/scene_0/controllable__r1__robot_xblfuw/left_arm_link1.
2026-05-12 16:19:02 [68,948ms] [Warning] [omni.physx.plugin] Invalid PhysX transform detected for /World/scene_0/controllable__r1__robot_xblfuw/right_arm_link1.
2026-05-12 16:19:02 [68,948ms] [Warning] [omni.physx.plugin] Invalid PhysX transform detected for /World/scene_0/controllable__r1__robot_xblfuw/eyes.
2026-05-12 16:19:02 [68,948ms] [Warning] [omni.physx.plugin] Invalid PhysX transform detected for /World/scene_0/controllable__r1__robot_xblfuw/left_arm_link2.
2026-05-12 16:19:02 [68,948ms] [Warning] [omni.physx.plugin] Invalid PhysX transform detected for /World/scene_0/controllable__r1__robot_xblfuw/right_arm_link2.
2026-05-12 16:19:02 [68,948ms] [Warning] [omni.physx.plugin] Invalid PhysX transform detected for /World/scene_0/controllable__r1__robot_xblfuw/left_arm_link3.
2026-05-12 16:19:02 [68,948ms] [Warning] [omni.physx.plugin] Invalid PhysX transform detected for /World/scene_0/controllable__r1__robot_xblfuw/right_arm_link3.
2026-05-12 16:19:02 [68,948ms] [Warning] [omni.physx.plugin] Invalid PhysX transform detected for /World/scene_0/controllable__r1__robot_xblfuw/left_arm_link4.
2026-05-12 16:19:02 [68,948ms] [Warning] [omni.physx.plugin] Invalid PhysX transform detected for /World/scene_0/controllable__r1__robot_xblfuw/right_arm_link4.
2026-05-12 16:19:02 [68,948ms] [Warning] [omni.physx.plugin] Invalid PhysX transform detected for /World/scene_0/controllable__r1__robot_xblfuw/left_arm_link5.
2026-05-12 16:19:02 [68,948ms] [Warning] [omni.physx.plugin] Invalid PhysX transform detected for /World/scene_0/controllable__r1__robot_xblfuw/right_arm_link5.
2026-05-12 16:19:02 [68,948ms] [Warning] [omni.physx.plugin] Invalid PhysX transform detected for /World/scene_0/controllable__r1__robot_xblfuw/left_arm_link6.
2026-05-12 16:19:02 [68,948ms] [Warning] [omni.physx.plugin] Invalid PhysX transform detected for /World/scene_0/controllable__r1__robot_xblfuw/right_arm_link6.
2026-05-12 16:19:02 [68,948ms] [Warning] [omni.physx.plugin] Invalid PhysX transform detected for /World/scene_0/controllable__r1__robot_xblfuw/left_gripper_link1.
2026-05-12 16:19:02 [68,948ms] [Warning] [omni.physx.plugin] Invalid PhysX transform detected for /World/scene_0/controllable__r1__robot_xblfuw/left_gripper_link2.
2026-05-12 16:19:02 [68,948ms] [Warning] [omni.physx.plugin] Invalid PhysX transform detected for /World/scene_0/controllable__r1__robot_xblfuw/left_eef_link.
2026-05-12 16:19:02 [68,948ms] [Warning] [omni.physx.plugin] Invalid PhysX transform detected for /World/scene_0/controllable__r1__robot_xblfuw/right_gripper_link1.
2026-05-12 16:19:02 [68,948ms] [Warning] [omni.physx.plugin] Invalid PhysX transform detected for /World/scene_0/controllable__r1__robot_xblfuw/right_gripper_link2.
2026-05-12 16:19:02 [68,948ms] [Warning] [omni.physx.plugin] Invalid PhysX transform detected for /World/scene_0/controllable__r1__robot_xblfuw/right_eef_link.
2026-05-12 16:19:02 [68,948ms] [Warning] [omni.physx.plugin] Invalid PhysX transform detected for /World/scene_0/cover_small_item_render_item_4175346132/base_link.
2026-05-12 16:19:02 [68,948ms] [Warning] [omni.physx.plugin] Invalid PhysX transform detected for /World/scene_0/cover_small_item_render_item_4175346132/glass.
2026-05-12 16:19:02 [69,032ms] [Warning] [omni.physx.plugin] Invalid PhysX transform detected for /World/scene_0/controllable__r1__robot_xblfuw/base_footprint_y.
2026-05-12 16:19:02 [69,032ms] [Warning] [omni.physx.plugin] Invalid PhysX transform detected for /World/scene_0/controllable__r1__robot_xblfuw/base_footprint_z.
2026-05-12 16:19:02 [69,032ms] [Warning] [omni.physx.plugin] Invalid PhysX transform detected for /World/scene_0/controllable__r1__robot_xblfuw/base_footprint_rx.
2026-05-12 16:19:02 [69,032ms] [Warning] [omni.physx.plugin] Invalid PhysX transform detected for /World/scene_0/controllable__r1__robot_xblfuw/base_footprint_ry.
2026-05-12 16:19:02 [69,032ms] [Warning] [omni.physx.plugin] Invalid PhysX transform detected for /World/scene_0/controllable__r1__robot_xblfuw/base_footprint_rz.
2026-05-12 16:19:02 [69,032ms] [Warning] [omni.physx.plugin] Invalid PhysX transform detected for /World/scene_0/controllable__r1__robot_xblfuw/base_link.
2026-05-12 16:19:02 [69,032ms] [Warning] [omni.physx.plugin] Invalid PhysX transform detected for /World/scene_0/controllable__r1__robot_xblfuw/servo_link1.
2026-05-12 16:19:02 [69,032ms] [Warning] [omni.physx.plugin] Invalid PhysX transform detected for /World/scene_0/controllable__r1__robot_xblfuw/servo_link2.
2026-05-12 16:19:02 [69,033ms] [Warning] [omni.physx.plugin] Invalid PhysX transform detected for /World/scene_0/controllable__r1__robot_xblfuw/servo_link3.
2026-05-12 16:19:02 [69,033ms] [Warning] [omni.physx.plugin] Invalid PhysX transform detected for /World/scene_0/controllable__r1__robot_xblfuw/torso_link1.
2026-05-12 16:19:02 [69,033ms] [Warning] [omni.physx.plugin] Invalid PhysX transform detected for /World/scene_0/controllable__r1__robot_xblfuw/wheel_link1.
2026-05-12 16:19:02 [69,033ms] [Warning] [omni.physx.plugin] Invalid PhysX transform detected for /World/scene_0/controllable__r1__robot_xblfuw/wheel_link2.
2026-05-12 16:19:02 [69,033ms] [Warning] [omni.physx.plugin] Invalid PhysX transform detected for /World/scene_0/controllable__r1__robot_xblfuw/wheel_link3.
2026-05-12 16:19:02 [69,033ms] [Warning] [omni.physx.plugin] Invalid PhysX transform detected for /World/scene_0/controllable__r1__robot_xblfuw/torso_link2.
2026-05-12 16:19:02 [69,033ms] [Warning] [omni.physx.plugin] Invalid PhysX transform detected for /World/scene_0/controllable__r1__robot_xblfuw/torso_link3.
2026-05-12 16:19:02 [69,033ms] [Warning] [omni.physx.plugin] Invalid PhysX transform detected for /World/scene_0/controllable__r1__robot_xblfuw/torso_link4.
2026-05-12 16:19:02 [69,033ms] [Warning] [omni.physx.plugin] Invalid PhysX transform detected for /World/scene_0/controllable__r1__robot_xblfuw/left_arm_link1.
2026-05-12 16:19:02 [69,033ms] [Warning] [omni.physx.plugin] Invalid PhysX transform detected for /World/scene_0/controllable__r1__robot_xblfuw/right_arm_link1.
2026-05-12 16:19:02 [69,033ms] [Warning] [omni.physx.plugin] Invalid PhysX transform detected for /World/scene_0/controllable__r1__robot_xblfuw/eyes.
2026-05-12 16:19:02 [69,033ms] [Warning] [omni.physx.plugin] Invalid PhysX transform detected for /World/scene_0/controllable__r1__robot_xblfuw/left_arm_link2.
2026-05-12 16:19:02 [69,033ms] [Warning] [omni.physx.plugin] Invalid PhysX transform detected for /World/scene_0/controllable__r1__robot_xblfuw/right_arm_link2.
2026-05-12 16:19:02 [69,033ms] [Warning] [omni.physx.plugin] Invalid PhysX transform detected for /World/scene_0/controllable__r1__robot_xblfuw/left_arm_link3.
2026-05-12 16:19:02 [69,033ms] [Warning] [omni.physx.plugin] Invalid PhysX transform detected for /World/scene_0/controllable__r1__robot_xblfuw/right_arm_link3.
2026-05-12 16:19:02 [69,033ms] [Warning] [omni.physx.plugin] Invalid PhysX transform detected for /World/scene_0/controllable__r1__robot_xblfuw/left_arm_link4.
2026-05-12 16:19:02 [69,033ms] [Warning] [omni.physx.plugin] Invalid PhysX transform detected for /World/scene_0/controllable__r1__robot_xblfuw/right_arm_link4.
2026-05-12 16:19:02 [69,033ms] [Warning] [omni.physx.plugin] Invalid PhysX transform detected for /World/scene_0/controllable__r1__robot_xblfuw/left_arm_link5.
2026-05-12 16:19:02 [69,033ms] [Warning] [omni.physx.plugin] Invalid PhysX transform detected for /World/scene_0/controllable__r1__robot_xblfuw/right_arm_link5.
2026-05-12 16:19:02 [69,033ms] [Warning] [omni.physx.plugin] Invalid PhysX transform detected for /World/scene_0/controllable__r1__robot_xblfuw/left_arm_link6.
2026-05-12 16:19:02 [69,033ms] [Warning] [omni.physx.plugin] Invalid PhysX transform detected for /World/scene_0/controllable__r1__robot_xblfuw/right_arm_link6.
2026-05-12 16:19:02 [69,033ms] [Warning] [omni.physx.plugin] Invalid PhysX transform detected for /World/scene_0/controllable__r1__robot_xblfuw/left_gripper_link1.
2026-05-12 16:19:02 [69,033ms] [Warning] [omni.physx.plugin] Invalid PhysX transform detected for /World/scene_0/controllable__r1__robot_xblfuw/left_gripper_link2.
2026-05-12 16:19:02 [69,033ms] [Warning] [omni.physx.plugin] Invalid PhysX transform detected for /World/scene_0/controllable__r1__robot_xblfuw/left_eef_link.
2026-05-12 16:19:02 [69,033ms] [Warning] [omni.physx.plugin] Invalid PhysX transform detected for /World/scene_0/controllable__r1__robot_xblfuw/right_gripper_link1.
2026-05-12 16:19:02 [69,033ms] [Warning] [omni.physx.plugin] Invalid PhysX transform detected for /World/scene_0/controllable__r1__robot_xblfuw/right_gripper_link2.
2026-05-12 16:19:02 [69,033ms] [Warning] [omni.physx.plugin] Invalid PhysX transform detected for /World/scene_0/controllable__r1__robot_xblfuw/right_eef_link.
2026-05-12 16:19:02 [69,033ms] [Warning] [omni.physx.plugin] Invalid PhysX transform detected for /World/scene_0/cover_small_item_render_item_4175346132/base_link.
2026-05-12 16:19:02 [69,033ms] [Warning] [omni.physx.plugin] Invalid PhysX transform detected for /World/scene_0/cover_small_item_render_item_4175346132/glass.
2026-05-12 16:19:02 [69,115ms] [Warning] [omni.physx.plugin] Invalid PhysX transform detected for /World/scene_0/controllable__r1__robot_xblfuw/base_footprint_y.
2026-05-12 16:19:02 [69,115ms] [Warning] [omni.physx.plugin] Invalid PhysX transform detected for /World/scene_0/controllable__r1__robot_xblfuw/base_footprint_z.
2026-05-12 16:19:02 [69,115ms] [Warning] [omni.physx.plugin] Invalid PhysX transform detected for /World/scene_0/controllable__r1__robot_xblfuw/base_footprint_rx.
2026-05-12 16:19:02 [69,115ms] [Warning] [omni.physx.plugin] Invalid PhysX transform detected for /World/scene_0/controllable__r1__robot_xblfuw/base_footprint_ry.
2026-05-12 16:19:02 [69,115ms] [Warning] [omni.physx.plugin] Invalid PhysX transform detected for /World/scene_0/controllable__r1__robot_xblfuw/base_footprint_rz.
2026-05-12 16:19:02 [69,115ms] [Warning] [omni.physx.plugin] Invalid PhysX transform detected for /World/scene_0/controllable__r1__robot_xblfuw/base_link.
2026-05-12 16:19:02 [69,115ms] [Warning] [omni.physx.plugin] Invalid PhysX transform detected for /World/scene_0/controllable__r1__robot_xblfuw/servo_link1.
2026-05-12 16:19:02 [69,115ms] [Warning] [omni.physx.plugin] Invalid PhysX transform detected for /World/scene_0/controllable__r1__robot_xblfuw/servo_link2.
2026-05-12 16:19:02 [69,115ms] [Warning] [omni.physx.plugin] Invalid PhysX transform detected for /World/scene_0/controllable__r1__robot_xblfuw/servo_link3.
2026-05-12 16:19:02 [69,115ms] [Warning] [omni.physx.plugin] Invalid PhysX transform detected for /World/scene_0/controllable__r1__robot_xblfuw/torso_link1.
2026-05-12 16:19:02 [69,115ms] [Warning] [omni.physx.plugin] Invalid PhysX transform detected for /World/scene_0/controllable__r1__robot_xblfuw/wheel_link1.
2026-05-12 16:19:02 [69,115ms] [Warning] [omni.physx.plugin] Invalid PhysX transform detected for /World/scene_0/controllable__r1__robot_xblfuw/wheel_link2.
2026-05-12 16:19:02 [69,115ms] [Warning] [omni.physx.plugin] Invalid PhysX transform detected for /World/scene_0/controllable__r1__robot_xblfuw/wheel_link3.
2026-05-12 16:19:02 [69,115ms] [Warning] [omni.physx.plugin] Invalid PhysX transform detected for /World/scene_0/controllable__r1__robot_xblfuw/torso_link2.
2026-05-12 16:19:02 [69,115ms] [Warning] [omni.physx.plugin] Invalid PhysX transform detected for /World/scene_0/controllable__r1__robot_xblfuw/torso_link3.
2026-05-12 16:19:02 [69,115ms] [Warning] [omni.physx.plugin] Invalid PhysX transform detected for /World/scene_0/controllable__r1__robot_xblfuw/torso_link4.
2026-05-12 16:19:02 [69,115ms] [Warning] [omni.physx.plugin] Invalid PhysX transform detected for /World/scene_0/controllable__r1__robot_xblfuw/left_arm_link1.
2026-05-12 16:19:02 [69,115ms] [Warning] [omni.physx.plugin] Invalid PhysX transform detected for /World/scene_0/controllable__r1__robot_xblfuw/right_arm_link1.
2026-05-12 16:19:02 [69,115ms] [Warning] [omni.physx.plugin] Invalid PhysX transform detected for /World/scene_0/controllable__r1__robot_xblfuw/eyes.
2026-05-12 16:19:02 [69,115ms] [Warning] [omni.physx.plugin] Invalid PhysX transform detected for /World/scene_0/controllable__r1__robot_xblfuw/left_arm_link2.
2026-05-12 16:19:02 [69,115ms] [Warning] [omni.physx.plugin] Invalid PhysX transform detected for /World/scene_0/controllable__r1__robot_xblfuw/right_arm_link2.
2026-05-12 16:19:02 [69,115ms] [Warning] [omni.physx.plugin] Invalid PhysX transform detected for /World/scene_0/controllable__r1__robot_xblfuw/left_arm_link3.
2026-05-12 16:19:02 [69,115ms] [Warning] [omni.physx.plugin] Invalid PhysX transform detected for /World/scene_0/controllable__r1__robot_xblfuw/right_arm_link3.
2026-05-12 16:19:02 [69,115ms] [Warning] [omni.physx.plugin] Invalid PhysX transform detected for /World/scene_0/controllable__r1__robot_xblfuw/left_arm_link4.
2026-05-12 16:19:02 [69,115ms] [Warning] [omni.physx.plugin] Invalid PhysX transform detected for /World/scene_0/controllable__r1__robot_xblfuw/right_arm_link4.
2026-05-12 16:19:02 [69,115ms] [Warning] [omni.physx.plugin] Invalid PhysX transform detected for /World/scene_0/controllable__r1__robot_xblfuw/left_arm_link5.
2026-05-12 16:19:02 [69,115ms] [Warning] [omni.physx.plugin] Invalid PhysX transform detected for /World/scene_0/controllable__r1__robot_xblfuw/right_arm_link5.
2026-05-12 16:19:02 [69,115ms] [Warning] [omni.physx.plugin] Invalid PhysX transform detected for /World/scene_0/controllable__r1__robot_xblfuw/left_arm_link6.
2026-05-12 16:19:02 [69,115ms] [Warning] [omni.physx.plugin] Invalid PhysX transform detected for /World/scene_0/controllable__r1__robot_xblfuw/right_arm_link6.
2026-05-12 16:19:02 [69,115ms] [Warning] [omni.physx.plugin] Invalid PhysX transform detected for /World/scene_0/controllable__r1__robot_xblfuw/left_gripper_link1.
2026-05-12 16:19:02 [69,115ms] [Warning] [omni.physx.plugin] Invalid PhysX transform detected for /World/scene_0/controllable__r1__robot_xblfuw/left_gripper_link2.
2026-05-12 16:19:02 [69,115ms] [Warning] [omni.physx.plugin] Invalid PhysX transform detected for /World/scene_0/controllable__r1__robot_xblfuw/left_eef_link.
2026-05-12 16:19:02 [69,115ms] [Warning] [omni.physx.plugin] Invalid PhysX transform detected for /World/scene_0/controllable__r1__robot_xblfuw/right_gripper_link1.
2026-05-12 16:19:02 [69,115ms] [Warning] [omni.physx.plugin] Invalid PhysX transform detected for /World/scene_0/controllable__r1__robot_xblfuw/right_gripper_link2.
2026-05-12 16:19:02 [69,116ms] [Warning] [omni.physx.plugin] Invalid PhysX transform detected for /World/scene_0/controllable__r1__robot_xblfuw/right_eef_link.
2026-05-12 16:19:02 [69,116ms] [Warning] [omni.physx.plugin] Invalid PhysX transform detected for /World/scene_0/cover_small_item_render_item_4175346132/base_link.
2026-05-12 16:19:02 [69,116ms] [Warning] [omni.physx.plugin] Invalid PhysX transform detected for /World/scene_0/cover_small_item_render_item_4175346132/glass.
2026-05-12 16:19:02 [69,198ms] [Warning] [omni.physx.plugin] Invalid PhysX transform detected for /World/scene_0/controllable__r1__robot_xblfuw/base_footprint_y.
2026-05-12 16:19:02 [69,198ms] [Warning] [omni.physx.plugin] Invalid PhysX transform detected for /World/scene_0/controllable__r1__robot_xblfuw/base_footprint_z.
2026-05-12 16:19:02 [69,198ms] [Warning] [omni.physx.plugin] Invalid PhysX transform detected for /World/scene_0/controllable__r1__robot_xblfuw/base_footprint_rx.
2026-05-12 16:19:02 [69,198ms] [Warning] [omni.physx.plugin] Invalid PhysX transform detected for /World/scene_0/controllable__r1__robot_xblfuw/base_footprint_ry.
2026-05-12 16:19:02 [69,198ms] [Warning] [omni.physx.plugin] Invalid PhysX transform detected for /World/scene_0/controllable__r1__robot_xblfuw/base_footprint_rz.
2026-05-12 16:19:02 [69,198ms] [Warning] [omni.physx.plugin] Invalid PhysX transform detected for /World/scene_0/controllable__r1__robot_xblfuw/base_link.
2026-05-12 16:19:02 [69,198ms] [Warning] [omni.physx.plugin] Invalid PhysX transform detected for /World/scene_0/controllable__r1__robot_xblfuw/servo_link1.
2026-05-12 16:19:02 [69,198ms] [Warning] [omni.physx.plugin] Invalid PhysX transform detected for /World/scene_0/controllable__r1__robot_xblfuw/servo_link2.
2026-05-12 16:19:02 [69,198ms] [Warning] [omni.physx.plugin] Invalid PhysX transform detected for /World/scene_0/controllable__r1__robot_xblfuw/servo_link3.
2026-05-12 16:19:02 [69,198ms] [Warning] [omni.physx.plugin] Invalid PhysX transform detected for /World/scene_0/controllable__r1__robot_xblfuw/torso_link1.
2026-05-12 16:19:02 [69,198ms] [Warning] [omni.physx.plugin] Invalid PhysX transform detected for /World/scene_0/controllable__r1__robot_xblfuw/wheel_link1.
2026-05-12 16:19:02 [69,198ms] [Warning] [omni.physx.plugin] Invalid PhysX transform detected for /World/scene_0/controllable__r1__robot_xblfuw/wheel_link2.
2026-05-12 16:19:02 [69,198ms] [Warning] [omni.physx.plugin] Invalid PhysX transform detected for /World/scene_0/controllable__r1__robot_xblfuw/wheel_link3.
2026-05-12 16:19:02 [69,198ms] [Warning] [omni.physx.plugin] Invalid PhysX transform detected for /World/scene_0/controllable__r1__robot_xblfuw/torso_link2.
2026-05-12 16:19:02 [69,198ms] [Warning] [omni.physx.plugin] Invalid PhysX transform detected for /World/scene_0/controllable__r1__robot_xblfuw/torso_link3.
2026-05-12 16:19:02 [69,198ms] [Warning] [omni.physx.plugin] Invalid PhysX transform detected for /World/scene_0/controllable__r1__robot_xblfuw/torso_link4.
2026-05-12 16:19:02 [69,198ms] [Warning] [omni.physx.plugin] Invalid PhysX transform detected for /World/scene_0/controllable__r1__robot_xblfuw/left_arm_link1.
2026-05-12 16:19:02 [69,198ms] [Warning] [omni.physx.plugin] Invalid PhysX transform detected for /World/scene_0/controllable__r1__robot_xblfuw/right_arm_link1.
2026-05-12 16:19:02 [69,198ms] [Warning] [omni.physx.plugin] Invalid PhysX transform detected for /World/scene_0/controllable__r1__robot_xblfuw/eyes.
2026-05-12 16:19:02 [69,198ms] [Warning] [omni.physx.plugin] Invalid PhysX transform detected for /World/scene_0/controllable__r1__robot_xblfuw/left_arm_link2.
2026-05-12 16:19:02 [69,198ms] [Warning] [omni.physx.plugin] Invalid PhysX transform detected for /World/scene_0/controllable__r1__robot_xblfuw/right_arm_link2.
2026-05-12 16:19:02 [69,198ms] [Warning] [omni.physx.plugin] Invalid PhysX transform detected for /World/scene_0/controllable__r1__robot_xblfuw/left_arm_link3.
2026-05-12 16:19:02 [69,198ms] [Warning] [omni.physx.plugin] Invalid PhysX transform detected for /World/scene_0/controllable__r1__robot_xblfuw/right_arm_link3.
2026-05-12 16:19:02 [69,198ms] [Warning] [omni.physx.plugin] Invalid PhysX transform detected for /World/scene_0/controllable__r1__robot_xblfuw/left_arm_link4.
2026-05-12 16:19:02 [69,198ms] [Warning] [omni.physx.plugin] Invalid PhysX transform detected for /World/scene_0/controllable__r1__robot_xblfuw/right_arm_link4.
2026-05-12 16:19:02 [69,198ms] [Warning] [omni.physx.plugin] Invalid PhysX transform detected for /World/scene_0/controllable__r1__robot_xblfuw/left_arm_link5.
2026-05-12 16:19:02 [69,198ms] [Warning] [omni.physx.plugin] Invalid PhysX transform detected for /World/scene_0/controllable__r1__robot_xblfuw/right_arm_link5.
2026-05-12 16:19:02 [69,198ms] [Warning] [omni.physx.plugin] Invalid PhysX transform detected for /World/scene_0/controllable__r1__robot_xblfuw/left_arm_link6.
2026-05-12 16:19:02 [69,198ms] [Warning] [omni.physx.plugin] Invalid PhysX transform detected for /World/scene_0/controllable__r1__robot_xblfuw/right_arm_link6.
2026-05-12 16:19:02 [69,198ms] [Warning] [omni.physx.plugin] Invalid PhysX transform detected for /World/scene_0/controllable__r1__robot_xblfuw/left_gripper_link1.
2026-05-12 16:19:02 [69,198ms] [Warning] [omni.physx.plugin] Invalid PhysX transform detected for /World/scene_0/controllable__r1__robot_xblfuw/left_gripper_link2.
2026-05-12 16:19:02 [69,198ms] [Warning] [omni.physx.plugin] Invalid PhysX transform detected for /World/scene_0/controllable__r1__robot_xblfuw/left_eef_link.
2026-05-12 16:19:02 [69,198ms] [Warning] [omni.physx.plugin] Invalid PhysX transform detected for /World/scene_0/controllable__r1__robot_xblfuw/right_gripper_link1.
2026-05-12 16:19:02 [69,198ms] [Warning] [omni.physx.plugin] Invalid PhysX transform detected for /World/scene_0/controllable__r1__robot_xblfuw/right_gripper_link2.
2026-05-12 16:19:02 [69,198ms] [Warning] [omni.physx.plugin] Invalid PhysX transform detected for /World/scene_0/controllable__r1__robot_xblfuw/right_eef_link.
2026-05-12 16:19:02 [69,198ms] [Warning] [omni.physx.plugin] Invalid PhysX transform detected for /World/scene_0/cover_small_item_render_item_4175346132/base_link.
2026-05-12 16:19:02 [69,198ms] [Warning] [omni.physx.plugin] Invalid PhysX transform detected for /World/scene_0/cover_small_item_render_item_4175346132/glass.
2026-05-12 16:19:02 [69,283ms] [Warning] [omni.physx.plugin] Invalid PhysX transform detected for /World/scene_0/controllable__r1__robot_xblfuw/base_footprint_y.
2026-05-12 16:19:02 [69,283ms] [Warning] [omni.physx.plugin] Invalid PhysX transform detected for /World/scene_0/controllable__r1__robot_xblfuw/base_footprint_z.
2026-05-12 16:19:02 [69,283ms] [Warning] [omni.physx.plugin] Invalid PhysX transform detected for /World/scene_0/controllable__r1__robot_xblfuw/base_footprint_rx.
2026-05-12 16:19:02 [69,283ms] [Warning] [omni.physx.plugin] Invalid PhysX transform detected for /World/scene_0/controllable__r1__robot_xblfuw/base_footprint_ry.
2026-05-12 16:19:02 [69,283ms] [Warning] [omni.physx.plugin] Invalid PhysX transform detected for /World/scene_0/controllable__r1__robot_xblfuw/base_footprint_rz.
2026-05-12 16:19:02 [69,283ms] [Warning] [omni.physx.plugin] Invalid PhysX transform detected for /World/scene_0/controllable__r1__robot_xblfuw/base_link.
2026-05-12 16:19:02 [69,283ms] [Warning] [omni.physx.plugin] Invalid PhysX transform detected for /World/scene_0/controllable__r1__robot_xblfuw/servo_link1.
2026-05-12 16:19:02 [69,283ms] [Warning] [omni.physx.plugin] Invalid PhysX transform detected for /World/scene_0/controllable__r1__robot_xblfuw/servo_link2.
2026-05-12 16:19:02 [69,283ms] [Warning] [omni.physx.plugin] Invalid PhysX transform detected for /World/scene_0/controllable__r1__robot_xblfuw/servo_link3.
2026-05-12 16:19:02 [69,283ms] [Warning] [omni.physx.plugin] Invalid PhysX transform detected for /World/scene_0/controllable__r1__robot_xblfuw/torso_link1.
2026-05-12 16:19:02 [69,283ms] [Warning] [omni.physx.plugin] Invalid PhysX transform detected for /World/scene_0/controllable__r1__robot_xblfuw/wheel_link1.
2026-05-12 16:19:02 [69,283ms] [Warning] [omni.physx.plugin] Invalid PhysX transform detected for /World/scene_0/controllable__r1__robot_xblfuw/wheel_link2.
2026-05-12 16:19:02 [69,283ms] [Warning] [omni.physx.plugin] Invalid PhysX transform detected for /World/scene_0/controllable__r1__robot_xblfuw/wheel_link3.
2026-05-12 16:19:02 [69,283ms] [Warning] [omni.physx.plugin] Invalid PhysX transform detected for /World/scene_0/controllable__r1__robot_xblfuw/torso_link2.
2026-05-12 16:19:02 [69,283ms] [Warning] [omni.physx.plugin] Invalid PhysX transform detected for /World/scene_0/controllable__r1__robot_xblfuw/torso_link3.
2026-05-12 16:19:02 [69,283ms] [Warning] [omni.physx.plugin] Invalid PhysX transform detected for /World/scene_0/controllable__r1__robot_xblfuw/torso_link4.
2026-05-12 16:19:02 [69,283ms] [Warning] [omni.physx.plugin] Invalid PhysX transform detected for /World/scene_0/controllable__r1__robot_xblfuw/left_arm_link1.
2026-05-12 16:19:02 [69,283ms] [Warning] [omni.physx.plugin] Invalid PhysX transform detected for /World/scene_0/controllable__r1__robot_xblfuw/right_arm_link1.
2026-05-12 16:19:02 [69,283ms] [Warning] [omni.physx.plugin] Invalid PhysX transform detected for /World/scene_0/controllable__r1__robot_xblfuw/eyes.
2026-05-12 16:19:02 [69,283ms] [Warning] [omni.physx.plugin] Invalid PhysX transform detected for /World/scene_0/controllable__r1__robot_xblfuw/left_arm_link2.
2026-05-12 16:19:02 [69,283ms] [Warning] [omni.physx.plugin] Invalid PhysX transform detected for /World/scene_0/controllable__r1__robot_xblfuw/right_arm_link2.
2026-05-12 16:19:02 [69,283ms] [Warning] [omni.physx.plugin] Invalid PhysX transform detected for /World/scene_0/controllable__r1__robot_xblfuw/left_arm_link3.
2026-05-12 16:19:02 [69,283ms] [Warning] [omni.physx.plugin] Invalid PhysX transform detected for /World/scene_0/controllable__r1__robot_xblfuw/right_arm_link3.
2026-05-12 16:19:02 [69,283ms] [Warning] [omni.physx.plugin] Invalid PhysX transform detected for /World/scene_0/controllable__r1__robot_xblfuw/left_arm_link4.
2026-05-12 16:19:02 [69,283ms] [Warning] [omni.physx.plugin] Invalid PhysX transform detected for /World/scene_0/controllable__r1__robot_xblfuw/right_arm_link4.
2026-05-12 16:19:02 [69,283ms] [Warning] [omni.physx.plugin] Invalid PhysX transform detected for /World/scene_0/controllable__r1__robot_xblfuw/left_arm_link5.
2026-05-12 16:19:02 [69,283ms] [Warning] [omni.physx.plugin] Invalid PhysX transform detected for /World/scene_0/controllable__r1__robot_xblfuw/right_arm_link5.
2026-05-12 16:19:02 [69,283ms] [Warning] [omni.physx.plugin] Invalid PhysX transform detected for /World/scene_0/controllable__r1__robot_xblfuw/left_arm_link6.
2026-05-12 16:19:02 [69,283ms] [Warning] [omni.physx.plugin] Invalid PhysX transform detected for /World/scene_0/controllable__r1__robot_xblfuw/right_arm_link6.
2026-05-12 16:19:02 [69,283ms] [Warning] [omni.physx.plugin] Invalid PhysX transform detected for /World/scene_0/controllable__r1__robot_xblfuw/left_gripper_link1.
2026-05-12 16:19:02 [69,284ms] [Warning] [omni.physx.plugin] Invalid PhysX transform detected for /World/scene_0/controllable__r1__robot_xblfuw/left_gripper_link2.
2026-05-12 16:19:02 [69,284ms] [Warning] [omni.physx.plugin] Invalid PhysX transform detected for /World/scene_0/controllable__r1__robot_xblfuw/left_eef_link.
2026-05-12 16:19:02 [69,284ms] [Warning] [omni.physx.plugin] Invalid PhysX transform detected for /World/scene_0/controllable__r1__robot_xblfuw/right_gripper_link1.
2026-05-12 16:19:02 [69,284ms] [Warning] [omni.physx.plugin] Invalid PhysX transform detected for /World/scene_0/controllable__r1__robot_xblfuw/right_gripper_link2.
2026-05-12 16:19:02 [69,284ms] [Warning] [omni.physx.plugin] Invalid PhysX transform detected for /World/scene_0/controllable__r1__robot_xblfuw/right_eef_link.
2026-05-12 16:19:02 [69,284ms] [Warning] [omni.physx.plugin] Invalid PhysX transform detected for /World/scene_0/cover_small_item_render_item_4175346132/base_link.
2026-05-12 16:19:02 [69,284ms] [Warning] [omni.physx.plugin] Invalid PhysX transform detected for /World/scene_0/cover_small_item_render_item_4175346132/glass.
2026-05-12 16:19:02 [69,367ms] [Warning] [omni.physx.plugin] Invalid PhysX transform detected for /World/scene_0/controllable__r1__robot_xblfuw/base_footprint_y.
2026-05-12 16:19:02 [69,367ms] [Warning] [omni.physx.plugin] Invalid PhysX transform detected for /World/scene_0/controllable__r1__robot_xblfuw/base_footprint_z.
2026-05-12 16:19:02 [69,367ms] [Warning] [omni.physx.plugin] Invalid PhysX transform detected for /World/scene_0/controllable__r1__robot_xblfuw/base_footprint_rx.
2026-05-12 16:19:02 [69,367ms] [Warning] [omni.physx.plugin] Invalid PhysX transform detected for /World/scene_0/controllable__r1__robot_xblfuw/base_footprint_ry.
2026-05-12 16:19:02 [69,367ms] [Warning] [omni.physx.plugin] Invalid PhysX transform detected for /World/scene_0/controllable__r1__robot_xblfuw/base_footprint_rz.
2026-05-12 16:19:02 [69,367ms] [Warning] [omni.physx.plugin] Invalid PhysX transform detected for /World/scene_0/controllable__r1__robot_xblfuw/base_link.
2026-05-12 16:19:02 [69,367ms] [Warning] [omni.physx.plugin] Invalid PhysX transform detected for /World/scene_0/controllable__r1__robot_xblfuw/servo_link1.
2026-05-12 16:19:02 [69,367ms] [Warning] [omni.physx.plugin] Invalid PhysX transform detected for /World/scene_0/controllable__r1__robot_xblfuw/servo_link2.
2026-05-12 16:19:02 [69,367ms] [Warning] [omni.physx.plugin] Invalid PhysX transform detected for /World/scene_0/controllable__r1__robot_xblfuw/servo_link3.
2026-05-12 16:19:02 [69,367ms] [Warning] [omni.physx.plugin] Invalid PhysX transform detected for /World/scene_0/controllable__r1__robot_xblfuw/torso_link1.
2026-05-12 16:19:02 [69,367ms] [Warning] [omni.physx.plugin] Invalid PhysX transform detected for /World/scene_0/controllable__r1__robot_xblfuw/wheel_link1.
2026-05-12 16:19:02 [69,367ms] [Warning] [omni.physx.plugin] Invalid PhysX transform detected for /World/scene_0/controllable__r1__robot_xblfuw/wheel_link2.
2026-05-12 16:19:02 [69,367ms] [Warning] [omni.physx.plugin] Invalid PhysX transform detected for /World/scene_0/controllable__r1__robot_xblfuw/wheel_link3.
2026-05-12 16:19:02 [69,367ms] [Warning] [omni.physx.plugin] Invalid PhysX transform detected for /World/scene_0/controllable__r1__robot_xblfuw/torso_link2.
2026-05-12 16:19:02 [69,367ms] [Warning] [omni.physx.plugin] Invalid PhysX transform detected for /World/scene_0/controllable__r1__robot_xblfuw/torso_link3.
2026-05-12 16:19:02 [69,367ms] [Warning] [omni.physx.plugin] Invalid PhysX transform detected for /World/scene_0/controllable__r1__robot_xblfuw/torso_link4.
2026-05-12 16:19:02 [69,367ms] [Warning] [omni.physx.plugin] Invalid PhysX transform detected for /World/scene_0/controllable__r1__robot_xblfuw/left_arm_link1.
2026-05-12 16:19:02 [69,367ms] [Warning] [omni.physx.plugin] Invalid PhysX transform detected for /World/scene_0/controllable__r1__robot_xblfuw/right_arm_link1.
2026-05-12 16:19:02 [69,367ms] [Warning] [omni.physx.plugin] Invalid PhysX transform detected for /World/scene_0/controllable__r1__robot_xblfuw/eyes.
2026-05-12 16:19:02 [69,367ms] [Warning] [omni.physx.plugin] Invalid PhysX transform detected for /World/scene_0/controllable__r1__robot_xblfuw/left_arm_link2.
2026-05-12 16:19:02 [69,367ms] [Warning] [omni.physx.plugin] Invalid PhysX transform detected for /World/scene_0/controllable__r1__robot_xblfuw/right_arm_link2.
2026-05-12 16:19:02 [69,367ms] [Warning] [omni.physx.plugin] Invalid PhysX transform detected for /World/scene_0/controllable__r1__robot_xblfuw/left_arm_link3.
2026-05-12 16:19:02 [69,367ms] [Warning] [omni.physx.plugin] Invalid PhysX transform detected for /World/scene_0/controllable__r1__robot_xblfuw/right_arm_link3.
2026-05-12 16:19:02 [69,367ms] [Warning] [omni.physx.plugin] Invalid PhysX transform detected for /World/scene_0/controllable__r1__robot_xblfuw/left_arm_link4.
2026-05-12 16:19:02 [69,367ms] [Warning] [omni.physx.plugin] Invalid PhysX transform detected for /World/scene_0/controllable__r1__robot_xblfuw/right_arm_link4.
2026-05-12 16:19:02 [69,367ms] [Warning] [omni.physx.plugin] Invalid PhysX transform detected for /World/scene_0/controllable__r1__robot_xblfuw/left_arm_link5.
2026-05-12 16:19:02 [69,367ms] [Warning] [omni.physx.plugin] Invalid PhysX transform detected for /World/scene_0/controllable__r1__robot_xblfuw/right_arm_link5.
2026-05-12 16:19:02 [69,367ms] [Warning] [omni.physx.plugin] Invalid PhysX transform detected for /World/scene_0/controllable__r1__robot_xblfuw/left_arm_link6.
2026-05-12 16:19:02 [69,367ms] [Warning] [omni.physx.plugin] Invalid PhysX transform detected for /World/scene_0/controllable__r1__robot_xblfuw/right_arm_link6.
2026-05-12 16:19:02 [69,367ms] [Warning] [omni.physx.plugin] Invalid PhysX transform detected for /World/scene_0/controllable__r1__robot_xblfuw/left_gripper_link1.
2026-05-12 16:19:02 [69,367ms] [Warning] [omni.physx.plugin] Invalid PhysX transform detected for /World/scene_0/controllable__r1__robot_xblfuw/left_gripper_link2.
2026-05-12 16:19:02 [69,367ms] [Warning] [omni.physx.plugin] Invalid PhysX transform detected for /World/scene_0/controllable__r1__robot_xblfuw/left_eef_link.
2026-05-12 16:19:02 [69,367ms] [Warning] [omni.physx.plugin] Invalid PhysX transform detected for /World/scene_0/controllable__r1__robot_xblfuw/right_gripper_link1.
2026-05-12 16:19:02 [69,367ms] [Warning] [omni.physx.plugin] Invalid PhysX transform detected for /World/scene_0/controllable__r1__robot_xblfuw/right_gripper_link2.
2026-05-12 16:19:02 [69,367ms] [Warning] [omni.physx.plugin] Invalid PhysX transform detected for /World/scene_0/controllable__r1__robot_xblfuw/right_eef_link.
2026-05-12 16:19:02 [69,367ms] [Warning] [omni.physx.plugin] Invalid PhysX transform detected for /World/scene_0/cover_small_item_render_item_4175346132/base_link.
2026-05-12 16:19:02 [69,367ms] [Warning] [omni.physx.plugin] Invalid PhysX transform detected for /World/scene_0/cover_small_item_render_item_4175346132/glass.
2026-05-12 16:19:02 [69,452ms] [Warning] [omni.physx.plugin] Invalid PhysX transform detected for /World/scene_0/controllable__r1__robot_xblfuw/base_footprint_y.
2026-05-12 16:19:02 [69,452ms] [Warning] [omni.physx.plugin] Invalid PhysX transform detected for /World/scene_0/controllable__r1__robot_xblfuw/base_footprint_z.
2026-05-12 16:19:02 [69,452ms] [Warning] [omni.physx.plugin] Invalid PhysX transform detected for /World/scene_0/controllable__r1__robot_xblfuw/base_footprint_rx.
2026-05-12 16:19:02 [69,452ms] [Warning] [omni.physx.plugin] Invalid PhysX transform detected for /World/scene_0/controllable__r1__robot_xblfuw/base_footprint_ry.
2026-05-12 16:19:02 [69,452ms] [Warning] [omni.physx.plugin] Invalid PhysX transform detected for /World/scene_0/controllable__r1__robot_xblfuw/base_footprint_rz.
2026-05-12 16:19:02 [69,452ms] [Warning] [omni.physx.plugin] Invalid PhysX transform detected for /World/scene_0/controllable__r1__robot_xblfuw/base_link.
2026-05-12 16:19:02 [69,452ms] [Warning] [omni.physx.plugin] Invalid PhysX transform detected for /World/scene_0/controllable__r1__robot_xblfuw/servo_link1.
2026-05-12 16:19:02 [69,452ms] [Warning] [omni.physx.plugin] Invalid PhysX transform detected for /World/scene_0/controllable__r1__robot_xblfuw/servo_link2.
2026-05-12 16:19:02 [69,452ms] [Warning] [omni.physx.plugin] Invalid PhysX transform detected for /World/scene_0/controllable__r1__robot_xblfuw/servo_link3.
2026-05-12 16:19:02 [69,452ms] [Warning] [omni.physx.plugin] Invalid PhysX transform detected for /World/scene_0/controllable__r1__robot_xblfuw/torso_link1.
2026-05-12 16:19:02 [69,452ms] [Warning] [omni.physx.plugin] Invalid PhysX transform detected for /World/scene_0/controllable__r1__robot_xblfuw/wheel_link1.
2026-05-12 16:19:02 [69,452ms] [Warning] [omni.physx.plugin] Invalid PhysX transform detected for /World/scene_0/controllable__r1__robot_xblfuw/wheel_link2.
2026-05-12 16:19:02 [69,452ms] [Warning] [omni.physx.plugin] Invalid PhysX transform detected for /World/scene_0/controllable__r1__robot_xblfuw/wheel_link3.
2026-05-12 16:19:02 [69,452ms] [Warning] [omni.physx.plugin] Invalid PhysX transform detected for /World/scene_0/controllable__r1__robot_xblfuw/torso_link2.
2026-05-12 16:19:02 [69,452ms] [Warning] [omni.physx.plugin] Invalid PhysX transform detected for /World/scene_0/controllable__r1__robot_xblfuw/torso_link3.
2026-05-12 16:19:02 [69,452ms] [Warning] [omni.physx.plugin] Invalid PhysX transform detected for /World/scene_0/controllable__r1__robot_xblfuw/torso_link4.
2026-05-12 16:19:02 [69,452ms] [Warning] [omni.physx.plugin] Invalid PhysX transform detected for /World/scene_0/controllable__r1__robot_xblfuw/left_arm_link1.
2026-05-12 16:19:02 [69,452ms] [Warning] [omni.physx.plugin] Invalid PhysX transform detected for /World/scene_0/controllable__r1__robot_xblfuw/right_arm_link1.
2026-05-12 16:19:02 [69,452ms] [Warning] [omni.physx.plugin] Invalid PhysX transform detected for /World/scene_0/controllable__r1__robot_xblfuw/eyes.
2026-05-12 16:19:02 [69,452ms] [Warning] [omni.physx.plugin] Invalid PhysX transform detected for /World/scene_0/controllable__r1__robot_xblfuw/left_arm_link2.
2026-05-12 16:19:02 [69,452ms] [Warning] [omni.physx.plugin] Invalid PhysX transform detected for /World/scene_0/controllable__r1__robot_xblfuw/right_arm_link2.
2026-05-12 16:19:02 [69,452ms] [Warning] [omni.physx.plugin] Invalid PhysX transform detected for /World/scene_0/controllable__r1__robot_xblfuw/left_arm_link3.
2026-05-12 16:19:02 [69,452ms] [Warning] [omni.physx.plugin] Invalid PhysX transform detected for /World/scene_0/controllable__r1__robot_xblfuw/right_arm_link3.
2026-05-12 16:19:02 [69,452ms] [Warning] [omni.physx.plugin] Invalid PhysX transform detected for /World/scene_0/controllable__r1__robot_xblfuw/left_arm_link4.
2026-05-12 16:19:02 [69,452ms] [Warning] [omni.physx.plugin] Invalid PhysX transform detected for /World/scene_0/controllable__r1__robot_xblfuw/right_arm_link4.
2026-05-12 16:19:02 [69,452ms] [Warning] [omni.physx.plugin] Invalid PhysX transform detected for /World/scene_0/controllable__r1__robot_xblfuw/left_arm_link5.
2026-05-12 16:19:02 [69,452ms] [Warning] [omni.physx.plugin] Invalid PhysX transform detected for /World/scene_0/controllable__r1__robot_xblfuw/right_arm_link5.
2026-05-12 16:19:02 [69,452ms] [Warning] [omni.physx.plugin] Invalid PhysX transform detected for /World/scene_0/controllable__r1__robot_xblfuw/left_arm_link6.
2026-05-12 16:19:02 [69,452ms] [Warning] [omni.physx.plugin] Invalid PhysX transform detected for /World/scene_0/controllable__r1__robot_xblfuw/right_arm_link6.
2026-05-12 16:19:02 [69,452ms] [Warning] [omni.physx.plugin] Invalid PhysX transform detected for /World/scene_0/controllable__r1__robot_xblfuw/left_gripper_link1.
2026-05-12 16:19:02 [69,452ms] [Warning] [omni.physx.plugin] Invalid PhysX transform detected for /World/scene_0/controllable__r1__robot_xblfuw/left_gripper_link2.
2026-05-12 16:19:02 [69,452ms] [Warning] [omni.physx.plugin] Invalid PhysX transform detected for /World/scene_0/controllable__r1__robot_xblfuw/left_eef_link.
2026-05-12 16:19:02 [69,452ms] [Warning] [omni.physx.plugin] Invalid PhysX transform detected for /World/scene_0/controllable__r1__robot_xblfuw/right_gripper_link1.
2026-05-12 16:19:02 [69,452ms] [Warning] [omni.physx.plugin] Invalid PhysX transform detected for /World/scene_0/controllable__r1__robot_xblfuw/right_gripper_link2.
2026-05-12 16:19:02 [69,452ms] [Warning] [omni.physx.plugin] Invalid PhysX transform detected for /World/scene_0/controllable__r1__robot_xblfuw/right_eef_link.
2026-05-12 16:19:02 [69,453ms] [Warning] [omni.physx.plugin] Invalid PhysX transform detected for /World/scene_0/cover_small_item_render_item_4175346132/base_link.
2026-05-12 16:19:02 [69,453ms] [Warning] [omni.physx.plugin] Invalid PhysX transform detected for /World/scene_0/cover_small_item_render_item_4175346132/glass.
2026-05-12 16:19:02 [69,538ms] [Warning] [omni.physx.plugin] Invalid PhysX transform detected for /World/scene_0/controllable__r1__robot_xblfuw/base_footprint_y.
2026-05-12 16:19:02 [69,538ms] [Warning] [omni.physx.plugin] Invalid PhysX transform detected for /World/scene_0/controllable__r1__robot_xblfuw/base_footprint_z.
2026-05-12 16:19:02 [69,538ms] [Warning] [omni.physx.plugin] Invalid PhysX transform detected for /World/scene_0/controllable__r1__robot_xblfuw/base_footprint_rx.
2026-05-12 16:19:02 [69,538ms] [Warning] [omni.physx.plugin] Invalid PhysX transform detected for /World/scene_0/controllable__r1__robot_xblfuw/base_footprint_ry.
2026-05-12 16:19:02 [69,538ms] [Warning] [omni.physx.plugin] Invalid PhysX transform detected for /World/scene_0/controllable__r1__robot_xblfuw/base_footprint_rz.
2026-05-12 16:19:02 [69,538ms] [Warning] [omni.physx.plugin] Invalid PhysX transform detected for /World/scene_0/controllable__r1__robot_xblfuw/base_link.
2026-05-12 16:19:02 [69,538ms] [Warning] [omni.physx.plugin] Invalid PhysX transform detected for /World/scene_0/controllable__r1__robot_xblfuw/servo_link1.
2026-05-12 16:19:02 [69,538ms] [Warning] [omni.physx.plugin] Invalid PhysX transform detected for /World/scene_0/controllable__r1__robot_xblfuw/servo_link2.
2026-05-12 16:19:02 [69,538ms] [Warning] [omni.physx.plugin] Invalid PhysX transform detected for /World/scene_0/controllable__r1__robot_xblfuw/servo_link3.
2026-05-12 16:19:02 [69,538ms] [Warning] [omni.physx.plugin] Invalid PhysX transform detected for /World/scene_0/controllable__r1__robot_xblfuw/torso_link1.
2026-05-12 16:19:02 [69,538ms] [Warning] [omni.physx.plugin] Invalid PhysX transform detected for /World/scene_0/controllable__r1__robot_xblfuw/wheel_link1.
2026-05-12 16:19:02 [69,538ms] [Warning] [omni.physx.plugin] Invalid PhysX transform detected for /World/scene_0/controllable__r1__robot_xblfuw/wheel_link2.
2026-05-12 16:19:02 [69,538ms] [Warning] [omni.physx.plugin] Invalid PhysX transform detected for /World/scene_0/controllable__r1__robot_xblfuw/wheel_link3.
2026-05-12 16:19:02 [69,538ms] [Warning] [omni.physx.plugin] Invalid PhysX transform detected for /World/scene_0/controllable__r1__robot_xblfuw/torso_link2.
2026-05-12 16:19:02 [69,538ms] [Warning] [omni.physx.plugin] Invalid PhysX transform detected for /World/scene_0/controllable__r1__robot_xblfuw/torso_link3.
2026-05-12 16:19:02 [69,538ms] [Warning] [omni.physx.plugin] Invalid PhysX transform detected for /World/scene_0/controllable__r1__robot_xblfuw/torso_link4.
2026-05-12 16:19:02 [69,538ms] [Warning] [omni.physx.plugin] Invalid PhysX transform detected for /World/scene_0/controllable__r1__robot_xblfuw/left_arm_link1.
2026-05-12 16:19:02 [69,538ms] [Warning] [omni.physx.plugin] Invalid PhysX transform detected for /World/scene_0/controllable__r1__robot_xblfuw/right_arm_link1.
2026-05-12 16:19:02 [69,538ms] [Warning] [omni.physx.plugin] Invalid PhysX transform detected for /World/scene_0/controllable__r1__robot_xblfuw/eyes.
2026-05-12 16:19:02 [69,538ms] [Warning] [omni.physx.plugin] Invalid PhysX transform detected for /World/scene_0/controllable__r1__robot_xblfuw/left_arm_link2.
2026-05-12 16:19:02 [69,538ms] [Warning] [omni.physx.plugin] Invalid PhysX transform detected for /World/scene_0/controllable__r1__robot_xblfuw/right_arm_link2.
2026-05-12 16:19:02 [69,538ms] [Warning] [omni.physx.plugin] Invalid PhysX transform detected for /World/scene_0/controllable__r1__robot_xblfuw/left_arm_link3.
2026-05-12 16:19:02 [69,538ms] [Warning] [omni.physx.plugin] Invalid PhysX transform detected for /World/scene_0/controllable__r1__robot_xblfuw/right_arm_link3.
2026-05-12 16:19:02 [69,538ms] [Warning] [omni.physx.plugin] Invalid PhysX transform detected for /World/scene_0/controllable__r1__robot_xblfuw/left_arm_link4.
2026-05-12 16:19:02 [69,538ms] [Warning] [omni.physx.plugin] Invalid PhysX transform detected for /World/scene_0/controllable__r1__robot_xblfuw/right_arm_link4.
2026-05-12 16:19:02 [69,538ms] [Warning] [omni.physx.plugin] Invalid PhysX transform detected for /World/scene_0/controllable__r1__robot_xblfuw/left_arm_link5.
2026-05-12 16:19:02 [69,538ms] [Warning] [omni.physx.plugin] Invalid PhysX transform detected for /World/scene_0/controllable__r1__robot_xblfuw/right_arm_link5.
2026-05-12 16:19:02 [69,538ms] [Warning] [omni.physx.plugin] Invalid PhysX transform detected for /World/scene_0/controllable__r1__robot_xblfuw/left_arm_link6.
2026-05-12 16:19:02 [69,538ms] [Warning] [omni.physx.plugin] Invalid PhysX transform detected for /World/scene_0/controllable__r1__robot_xblfuw/right_arm_link6.
2026-05-12 16:19:02 [69,538ms] [Warning] [omni.physx.plugin] Invalid PhysX transform detected for /World/scene_0/controllable__r1__robot_xblfuw/left_gripper_link1.
2026-05-12 16:19:02 [69,538ms] [Warning] [omni.physx.plugin] Invalid PhysX transform detected for /World/scene_0/controllable__r1__robot_xblfuw/left_gripper_link2.
2026-05-12 16:19:02 [69,538ms] [Warning] [omni.physx.plugin] Invalid PhysX transform detected for /World/scene_0/controllable__r1__robot_xblfuw/left_eef_link.
2026-05-12 16:19:02 [69,538ms] [Warning] [omni.physx.plugin] Invalid PhysX transform detected for /World/scene_0/controllable__r1__robot_xblfuw/right_gripper_link1.
2026-05-12 16:19:02 [69,538ms] [Warning] [omni.physx.plugin] Invalid PhysX transform detected for /World/scene_0/controllable__r1__robot_xblfuw/right_gripper_link2.
2026-05-12 16:19:02 [69,538ms] [Warning] [omni.physx.plugin] Invalid PhysX transform detected for /World/scene_0/controllable__r1__robot_xblfuw/right_eef_link.
2026-05-12 16:19:02 [69,538ms] [Warning] [omni.physx.plugin] Invalid PhysX transform detected for /World/scene_0/cover_small_item_render_item_4175346132/base_link.
2026-05-12 16:19:02 [69,538ms] [Warning] [omni.physx.plugin] Invalid PhysX transform detected for /World/scene_0/cover_small_item_render_item_4175346132/glass.
2026-05-12 16:19:02 [69,621ms] [Warning] [omni.physx.plugin] Invalid PhysX transform detected for /World/scene_0/controllable__r1__robot_xblfuw/base_footprint_y.
2026-05-12 16:19:02 [69,621ms] [Warning] [omni.physx.plugin] Invalid PhysX transform detected for /World/scene_0/controllable__r1__robot_xblfuw/base_footprint_z.
2026-05-12 16:19:02 [69,621ms] [Warning] [omni.physx.plugin] Invalid PhysX transform detected for /World/scene_0/controllable__r1__robot_xblfuw/base_footprint_rx.
2026-05-12 16:19:02 [69,621ms] [Warning] [omni.physx.plugin] Invalid PhysX transform detected for /World/scene_0/controllable__r1__robot_xblfuw/base_footprint_ry.
2026-05-12 16:19:02 [69,621ms] [Warning] [omni.physx.plugin] Invalid PhysX transform detected for /World/scene_0/controllable__r1__robot_xblfuw/base_footprint_rz.
2026-05-12 16:19:02 [69,621ms] [Warning] [omni.physx.plugin] Invalid PhysX transform detected for /World/scene_0/controllable__r1__robot_xblfuw/base_link.
2026-05-12 16:19:02 [69,621ms] [Warning] [omni.physx.plugin] Invalid PhysX transform detected for /World/scene_0/controllable__r1__robot_xblfuw/servo_link1.
2026-05-12 16:19:02 [69,621ms] [Warning] [omni.physx.plugin] Invalid PhysX transform detected for /World/scene_0/controllable__r1__robot_xblfuw/servo_link2.
2026-05-12 16:19:02 [69,621ms] [Warning] [omni.physx.plugin] Invalid PhysX transform detected for /World/scene_0/controllable__r1__robot_xblfuw/servo_link3.
2026-05-12 16:19:02 [69,621ms] [Warning] [omni.physx.plugin] Invalid PhysX transform detected for /World/scene_0/controllable__r1__robot_xblfuw/torso_link1.
2026-05-12 16:19:02 [69,621ms] [Warning] [omni.physx.plugin] Invalid PhysX transform detected for /World/scene_0/controllable__r1__robot_xblfuw/wheel_link1.
2026-05-12 16:19:02 [69,621ms] [Warning] [omni.physx.plugin] Invalid PhysX transform detected for /World/scene_0/controllable__r1__robot_xblfuw/wheel_link2.
2026-05-12 16:19:02 [69,621ms] [Warning] [omni.physx.plugin] Invalid PhysX transform detected for /World/scene_0/controllable__r1__robot_xblfuw/wheel_link3.
2026-05-12 16:19:02 [69,621ms] [Warning] [omni.physx.plugin] Invalid PhysX transform detected for /World/scene_0/controllable__r1__robot_xblfuw/torso_link2.
2026-05-12 16:19:02 [69,621ms] [Warning] [omni.physx.plugin] Invalid PhysX transform detected for /World/scene_0/controllable__r1__robot_xblfuw/torso_link3.
2026-05-12 16:19:02 [69,621ms] [Warning] [omni.physx.plugin] Invalid PhysX transform detected for /World/scene_0/controllable__r1__robot_xblfuw/torso_link4.
2026-05-12 16:19:02 [69,621ms] [Warning] [omni.physx.plugin] Invalid PhysX transform detected for /World/scene_0/controllable__r1__robot_xblfuw/left_arm_link1.
2026-05-12 16:19:02 [69,621ms] [Warning] [omni.physx.plugin] Invalid PhysX transform detected for /World/scene_0/controllable__r1__robot_xblfuw/right_arm_link1.
2026-05-12 16:19:02 [69,621ms] [Warning] [omni.physx.plugin] Invalid PhysX transform detected for /World/scene_0/controllable__r1__robot_xblfuw/eyes.
2026-05-12 16:19:02 [69,621ms] [Warning] [omni.physx.plugin] Invalid PhysX transform detected for /World/scene_0/controllable__r1__robot_xblfuw/left_arm_link2.
2026-05-12 16:19:02 [69,621ms] [Warning] [omni.physx.plugin] Invalid PhysX transform detected for /World/scene_0/controllable__r1__robot_xblfuw/right_arm_link2.
2026-05-12 16:19:02 [69,621ms] [Warning] [omni.physx.plugin] Invalid PhysX transform detected for /World/scene_0/controllable__r1__robot_xblfuw/left_arm_link3.
2026-05-12 16:19:02 [69,621ms] [Warning] [omni.physx.plugin] Invalid PhysX transform detected for /World/scene_0/controllable__r1__robot_xblfuw/right_arm_link3.
2026-05-12 16:19:02 [69,621ms] [Warning] [omni.physx.plugin] Invalid PhysX transform detected for /World/scene_0/controllable__r1__robot_xblfuw/left_arm_link4.
2026-05-12 16:19:02 [69,621ms] [Warning] [omni.physx.plugin] Invalid PhysX transform detected for /World/scene_0/controllable__r1__robot_xblfuw/right_arm_link4.
2026-05-12 16:19:02 [69,621ms] [Warning] [omni.physx.plugin] Invalid PhysX transform detected for /World/scene_0/controllable__r1__robot_xblfuw/left_arm_link5.
2026-05-12 16:19:02 [69,621ms] [Warning] [omni.physx.plugin] Invalid PhysX transform detected for /World/scene_0/controllable__r1__robot_xblfuw/right_arm_link5.
2026-05-12 16:19:02 [69,621ms] [Warning] [omni.physx.plugin] Invalid PhysX transform detected for /World/scene_0/controllable__r1__robot_xblfuw/left_arm_link6.
2026-05-12 16:19:02 [69,621ms] [Warning] [omni.physx.plugin] Invalid PhysX transform detected for /World/scene_0/controllable__r1__robot_xblfuw/right_arm_link6.
2026-05-12 16:19:02 [69,621ms] [Warning] [omni.physx.plugin] Invalid PhysX transform detected for /World/scene_0/controllable__r1__robot_xblfuw/left_gripper_link1.
2026-05-12 16:19:02 [69,621ms] [Warning] [omni.physx.plugin] Invalid PhysX transform detected for /World/scene_0/controllable__r1__robot_xblfuw/left_gripper_link2.
2026-05-12 16:19:02 [69,621ms] [Warning] [omni.physx.plugin] Invalid PhysX transform detected for /World/scene_0/controllable__r1__robot_xblfuw/left_eef_link.
2026-05-12 16:19:02 [69,621ms] [Warning] [omni.physx.plugin] Invalid PhysX transform detected for /World/scene_0/controllable__r1__robot_xblfuw/right_gripper_link1.
2026-05-12 16:19:02 [69,621ms] [Warning] [omni.physx.plugin] Invalid PhysX transform detected for /World/scene_0/controllable__r1__robot_xblfuw/right_gripper_link2.
2026-05-12 16:19:02 [69,621ms] [Warning] [omni.physx.plugin] Invalid PhysX transform detected for /World/scene_0/controllable__r1__robot_xblfuw/right_eef_link.
2026-05-12 16:19:02 [69,621ms] [Warning] [omni.physx.plugin] Invalid PhysX transform detected for /World/scene_0/cover_small_item_render_item_4175346132/base_link.
2026-05-12 16:19:02 [69,621ms] [Warning] [omni.physx.plugin] Invalid PhysX transform detected for /World/scene_0/cover_small_item_render_item_4175346132/glass.
2026-05-12 16:19:02 [69,703ms] [Warning] [omni.physx.plugin] Invalid PhysX transform detected for /World/scene_0/controllable__r1__robot_xblfuw/base_footprint_y.
2026-05-12 16:19:02 [69,703ms] [Warning] [omni.physx.plugin] Invalid PhysX transform detected for /World/scene_0/controllable__r1__robot_xblfuw/base_footprint_z.
2026-05-12 16:19:02 [69,703ms] [Warning] [omni.physx.plugin] Invalid PhysX transform detected for /World/scene_0/controllable__r1__robot_xblfuw/base_footprint_rx.
2026-05-12 16:19:02 [69,703ms] [Warning] [omni.physx.plugin] Invalid PhysX transform detected for /World/scene_0/controllable__r1__robot_xblfuw/base_footprint_ry.
2026-05-12 16:19:02 [69,703ms] [Warning] [omni.physx.plugin] Invalid PhysX transform detected for /World/scene_0/controllable__r1__robot_xblfuw/base_footprint_rz.
2026-05-12 16:19:02 [69,703ms] [Warning] [omni.physx.plugin] Invalid PhysX transform detected for /World/scene_0/controllable__r1__robot_xblfuw/base_link.
2026-05-12 16:19:02 [69,703ms] [Warning] [omni.physx.plugin] Invalid PhysX transform detected for /World/scene_0/controllable__r1__robot_xblfuw/servo_link1.
2026-05-12 16:19:02 [69,703ms] [Warning] [omni.physx.plugin] Invalid PhysX transform detected for /World/scene_0/controllable__r1__robot_xblfuw/servo_link2.
2026-05-12 16:19:02 [69,703ms] [Warning] [omni.physx.plugin] Invalid PhysX transform detected for /World/scene_0/controllable__r1__robot_xblfuw/servo_link3.
2026-05-12 16:19:02 [69,703ms] [Warning] [omni.physx.plugin] Invalid PhysX transform detected for /World/scene_0/controllable__r1__robot_xblfuw/torso_link1.
2026-05-12 16:19:02 [69,703ms] [Warning] [omni.physx.plugin] Invalid PhysX transform detected for /World/scene_0/controllable__r1__robot_xblfuw/wheel_link1.
2026-05-12 16:19:02 [69,703ms] [Warning] [omni.physx.plugin] Invalid PhysX transform detected for /World/scene_0/controllable__r1__robot_xblfuw/wheel_link2.
2026-05-12 16:19:02 [69,703ms] [Warning] [omni.physx.plugin] Invalid PhysX transform detected for /World/scene_0/controllable__r1__robot_xblfuw/wheel_link3.
2026-05-12 16:19:02 [69,703ms] [Warning] [omni.physx.plugin] Invalid PhysX transform detected for /World/scene_0/controllable__r1__robot_xblfuw/torso_link2.
2026-05-12 16:19:02 [69,703ms] [Warning] [omni.physx.plugin] Invalid PhysX transform detected for /World/scene_0/controllable__r1__robot_xblfuw/torso_link3.
2026-05-12 16:19:02 [69,703ms] [Warning] [omni.physx.plugin] Invalid PhysX transform detected for /World/scene_0/controllable__r1__robot_xblfuw/torso_link4.
2026-05-12 16:19:02 [69,703ms] [Warning] [omni.physx.plugin] Invalid PhysX transform detected for /World/scene_0/controllable__r1__robot_xblfuw/left_arm_link1.
2026-05-12 16:19:02 [69,703ms] [Warning] [omni.physx.plugin] Invalid PhysX transform detected for /World/scene_0/controllable__r1__robot_xblfuw/right_arm_link1.
2026-05-12 16:19:02 [69,703ms] [Warning] [omni.physx.plugin] Invalid PhysX transform detected for /World/scene_0/controllable__r1__robot_xblfuw/eyes.
2026-05-12 16:19:02 [69,703ms] [Warning] [omni.physx.plugin] Invalid PhysX transform detected for /World/scene_0/controllable__r1__robot_xblfuw/left_arm_link2.
2026-05-12 16:19:02 [69,703ms] [Warning] [omni.physx.plugin] Invalid PhysX transform detected for /World/scene_0/controllable__r1__robot_xblfuw/right_arm_link2.
2026-05-12 16:19:02 [69,703ms] [Warning] [omni.physx.plugin] Invalid PhysX transform detected for /World/scene_0/controllable__r1__robot_xblfuw/left_arm_link3.
2026-05-12 16:19:02 [69,703ms] [Warning] [omni.physx.plugin] Invalid PhysX transform detected for /World/scene_0/controllable__r1__robot_xblfuw/right_arm_link3.
2026-05-12 16:19:02 [69,703ms] [Warning] [omni.physx.plugin] Invalid PhysX transform detected for /World/scene_0/controllable__r1__robot_xblfuw/left_arm_link4.
2026-05-12 16:19:02 [69,703ms] [Warning] [omni.physx.plugin] Invalid PhysX transform detected for /World/scene_0/controllable__r1__robot_xblfuw/right_arm_link4.
2026-05-12 16:19:02 [69,703ms] [Warning] [omni.physx.plugin] Invalid PhysX transform detected for /World/scene_0/controllable__r1__robot_xblfuw/left_arm_link5.
2026-05-12 16:19:02 [69,703ms] [Warning] [omni.physx.plugin] Invalid PhysX transform detected for /World/scene_0/controllable__r1__robot_xblfuw/right_arm_link5.
2026-05-12 16:19:02 [69,703ms] [Warning] [omni.physx.plugin] Invalid PhysX transform detected for /World/scene_0/controllable__r1__robot_xblfuw/left_arm_link6.
2026-05-12 16:19:02 [69,703ms] [Warning] [omni.physx.plugin] Invalid PhysX transform detected for /World/scene_0/controllable__r1__robot_xblfuw/right_arm_link6.
2026-05-12 16:19:02 [69,703ms] [Warning] [omni.physx.plugin] Invalid PhysX transform detected for /World/scene_0/controllable__r1__robot_xblfuw/left_gripper_link1.
2026-05-12 16:19:02 [69,703ms] [Warning] [omni.physx.plugin] Invalid PhysX transform detected for /World/scene_0/controllable__r1__robot_xblfuw/left_gripper_link2.
2026-05-12 16:19:02 [69,703ms] [Warning] [omni.physx.plugin] Invalid PhysX transform detected for /World/scene_0/controllable__r1__robot_xblfuw/left_eef_link.
2026-05-12 16:19:02 [69,703ms] [Warning] [omni.physx.plugin] Invalid PhysX transform detected for /World/scene_0/controllable__r1__robot_xblfuw/right_gripper_link1.
2026-05-12 16:19:02 [69,703ms] [Warning] [omni.physx.plugin] Invalid PhysX transform detected for /World/scene_0/controllable__r1__robot_xblfuw/right_gripper_link2.
2026-05-12 16:19:02 [69,703ms] [Warning] [omni.physx.plugin] Invalid PhysX transform detected for /World/scene_0/controllable__r1__robot_xblfuw/right_eef_link.
2026-05-12 16:19:02 [69,703ms] [Warning] [omni.physx.plugin] Invalid PhysX transform detected for /World/scene_0/cover_small_item_render_item_4175346132/base_link.
2026-05-12 16:19:02 [69,703ms] [Warning] [omni.physx.plugin] Invalid PhysX transform detected for /World/scene_0/cover_small_item_render_item_4175346132/glass.
2026-05-12 16:19:02 [69,783ms] [Warning] [omni.physx.plugin] Invalid PhysX transform detected for /World/scene_0/controllable__r1__robot_xblfuw/base_footprint_y.
2026-05-12 16:19:02 [69,783ms] [Warning] [omni.physx.plugin] Invalid PhysX transform detected for /World/scene_0/controllable__r1__robot_xblfuw/base_footprint_z.
2026-05-12 16:19:02 [69,783ms] [Warning] [omni.physx.plugin] Invalid PhysX transform detected for /World/scene_0/controllable__r1__robot_xblfuw/base_footprint_rx.
2026-05-12 16:19:02 [69,783ms] [Warning] [omni.physx.plugin] Invalid PhysX transform detected for /World/scene_0/controllable__r1__robot_xblfuw/base_footprint_ry.
2026-05-12 16:19:02 [69,783ms] [Warning] [omni.physx.plugin] Invalid PhysX transform detected for /World/scene_0/controllable__r1__robot_xblfuw/base_footprint_rz.
2026-05-12 16:19:02 [69,783ms] [Warning] [omni.physx.plugin] Invalid PhysX transform detected for /World/scene_0/controllable__r1__robot_xblfuw/base_link.
2026-05-12 16:19:02 [69,783ms] [Warning] [omni.physx.plugin] Invalid PhysX transform detected for /World/scene_0/controllable__r1__robot_xblfuw/servo_link1.
2026-05-12 16:19:02 [69,783ms] [Warning] [omni.physx.plugin] Invalid PhysX transform detected for /World/scene_0/controllable__r1__robot_xblfuw/servo_link2.
2026-05-12 16:19:02 [69,783ms] [Warning] [omni.physx.plugin] Invalid PhysX transform detected for /World/scene_0/controllable__r1__robot_xblfuw/servo_link3.
2026-05-12 16:19:02 [69,783ms] [Warning] [omni.physx.plugin] Invalid PhysX transform detected for /World/scene_0/controllable__r1__robot_xblfuw/torso_link1.
2026-05-12 16:19:02 [69,783ms] [Warning] [omni.physx.plugin] Invalid PhysX transform detected for /World/scene_0/controllable__r1__robot_xblfuw/wheel_link1.
2026-05-12 16:19:02 [69,783ms] [Warning] [omni.physx.plugin] Invalid PhysX transform detected for /World/scene_0/controllable__r1__robot_xblfuw/wheel_link2.
2026-05-12 16:19:02 [69,783ms] [Warning] [omni.physx.plugin] Invalid PhysX transform detected for /World/scene_0/controllable__r1__robot_xblfuw/wheel_link3.
2026-05-12 16:19:02 [69,783ms] [Warning] [omni.physx.plugin] Invalid PhysX transform detected for /World/scene_0/controllable__r1__robot_xblfuw/torso_link2.
2026-05-12 16:19:02 [69,783ms] [Warning] [omni.physx.plugin] Invalid PhysX transform detected for /World/scene_0/controllable__r1__robot_xblfuw/torso_link3.
2026-05-12 16:19:02 [69,783ms] [Warning] [omni.physx.plugin] Invalid PhysX transform detected for /World/scene_0/controllable__r1__robot_xblfuw/torso_link4.
2026-05-12 16:19:02 [69,783ms] [Warning] [omni.physx.plugin] Invalid PhysX transform detected for /World/scene_0/controllable__r1__robot_xblfuw/left_arm_link1.
2026-05-12 16:19:02 [69,783ms] [Warning] [omni.physx.plugin] Invalid PhysX transform detected for /World/scene_0/controllable__r1__robot_xblfuw/right_arm_link1.
2026-05-12 16:19:02 [69,783ms] [Warning] [omni.physx.plugin] Invalid PhysX transform detected for /World/scene_0/controllable__r1__robot_xblfuw/eyes.
2026-05-12 16:19:02 [69,783ms] [Warning] [omni.physx.plugin] Invalid PhysX transform detected for /World/scene_0/controllable__r1__robot_xblfuw/left_arm_link2.
2026-05-12 16:19:02 [69,783ms] [Warning] [omni.physx.plugin] Invalid PhysX transform detected for /World/scene_0/controllable__r1__robot_xblfuw/right_arm_link2.
2026-05-12 16:19:02 [69,783ms] [Warning] [omni.physx.plugin] Invalid PhysX transform detected for /World/scene_0/controllable__r1__robot_xblfuw/left_arm_link3.
2026-05-12 16:19:02 [69,783ms] [Warning] [omni.physx.plugin] Invalid PhysX transform detected for /World/scene_0/controllable__r1__robot_xblfuw/right_arm_link3.
2026-05-12 16:19:02 [69,783ms] [Warning] [omni.physx.plugin] Invalid PhysX transform detected for /World/scene_0/controllable__r1__robot_xblfuw/left_arm_link4.
2026-05-12 16:19:02 [69,783ms] [Warning] [omni.physx.plugin] Invalid PhysX transform detected for /World/scene_0/controllable__r1__robot_xblfuw/right_arm_link4.
2026-05-12 16:19:02 [69,783ms] [Warning] [omni.physx.plugin] Invalid PhysX transform detected for /World/scene_0/controllable__r1__robot_xblfuw/left_arm_link5.
2026-05-12 16:19:02 [69,783ms] [Warning] [omni.physx.plugin] Invalid PhysX transform detected for /World/scene_0/controllable__r1__robot_xblfuw/right_arm_link5.
2026-05-12 16:19:02 [69,783ms] [Warning] [omni.physx.plugin] Invalid PhysX transform detected for /World/scene_0/controllable__r1__robot_xblfuw/left_arm_link6.
2026-05-12 16:19:02 [69,783ms] [Warning] [omni.physx.plugin] Invalid PhysX transform detected for /World/scene_0/controllable__r1__robot_xblfuw/right_arm_link6.
2026-05-12 16:19:02 [69,783ms] [Warning] [omni.physx.plugin] Invalid PhysX transform detected for /World/scene_0/controllable__r1__robot_xblfuw/left_gripper_link1.
2026-05-12 16:19:02 [69,783ms] [Warning] [omni.physx.plugin] Invalid PhysX transform detected for /World/scene_0/controllable__r1__robot_xblfuw/left_gripper_link2.
2026-05-12 16:19:02 [69,783ms] [Warning] [omni.physx.plugin] Invalid PhysX transform detected for /World/scene_0/controllable__r1__robot_xblfuw/left_eef_link.
2026-05-12 16:19:02 [69,783ms] [Warning] [omni.physx.plugin] Invalid PhysX transform detected for /World/scene_0/controllable__r1__robot_xblfuw/right_gripper_link1.
2026-05-12 16:19:02 [69,783ms] [Warning] [omni.physx.plugin] Invalid PhysX transform detected for /World/scene_0/controllable__r1__robot_xblfuw/right_gripper_link2.
2026-05-12 16:19:02 [69,783ms] [Warning] [omni.physx.plugin] Invalid PhysX transform detected for /World/scene_0/controllable__r1__robot_xblfuw/right_eef_link.
2026-05-12 16:19:02 [69,783ms] [Warning] [omni.physx.plugin] Invalid PhysX transform detected for /World/scene_0/cover_small_item_render_item_4175346132/base_link.
2026-05-12 16:19:02 [69,783ms] [Warning] [omni.physx.plugin] Invalid PhysX transform detected for /World/scene_0/cover_small_item_render_item_4175346132/glass.
2026-05-12 16:19:02 [69,803ms] [Warning] [omni.physx.plugin] Invalid PhysX transform detected for /World/scene_0/controllable__r1__robot_xblfuw/base_footprint_y.
2026-05-12 16:19:02 [69,803ms] [Warning] [omni.physx.plugin] Invalid PhysX transform detected for /World/scene_0/controllable__r1__robot_xblfuw/base_footprint_z.
2026-05-12 16:19:02 [69,803ms] [Warning] [omni.physx.plugin] Invalid PhysX transform detected for /World/scene_0/controllable__r1__robot_xblfuw/base_footprint_rx.
2026-05-12 16:19:02 [69,803ms] [Warning] [omni.physx.plugin] Invalid PhysX transform detected for /World/scene_0/controllable__r1__robot_xblfuw/base_footprint_ry.
2026-05-12 16:19:02 [69,803ms] [Warning] [omni.physx.plugin] Invalid PhysX transform detected for /World/scene_0/controllable__r1__robot_xblfuw/base_footprint_rz.
2026-05-12 16:19:02 [69,803ms] [Warning] [omni.physx.plugin] Invalid PhysX transform detected for /World/scene_0/controllable__r1__robot_xblfuw/base_link.
2026-05-12 16:19:02 [69,803ms] [Warning] [omni.physx.plugin] Invalid PhysX transform detected for /World/scene_0/controllable__r1__robot_xblfuw/servo_link1.
2026-05-12 16:19:02 [69,803ms] [Warning] [omni.physx.plugin] Invalid PhysX transform detected for /World/scene_0/controllable__r1__robot_xblfuw/servo_link2.
2026-05-12 16:19:02 [69,803ms] [Warning] [omni.physx.plugin] Invalid PhysX transform detected for /World/scene_0/controllable__r1__robot_xblfuw/servo_link3.
2026-05-12 16:19:02 [69,803ms] [Warning] [omni.physx.plugin] Invalid PhysX transform detected for /World/scene_0/controllable__r1__robot_xblfuw/torso_link1.
2026-05-12 16:19:02 [69,803ms] [Warning] [omni.physx.plugin] Invalid PhysX transform detected for /World/scene_0/controllable__r1__robot_xblfuw/wheel_link1.
2026-05-12 16:19:02 [69,803ms] [Warning] [omni.physx.plugin] Invalid PhysX transform detected for /World/scene_0/controllable__r1__robot_xblfuw/wheel_link2.
2026-05-12 16:19:02 [69,803ms] [Warning] [omni.physx.plugin] Invalid PhysX transform detected for /World/scene_0/controllable__r1__robot_xblfuw/wheel_link3.
2026-05-12 16:19:02 [69,803ms] [Warning] [omni.physx.plugin] Invalid PhysX transform detected for /World/scene_0/controllable__r1__robot_xblfuw/torso_link2.
2026-05-12 16:19:02 [69,803ms] [Warning] [omni.physx.plugin] Invalid PhysX transform detected for /World/scene_0/controllable__r1__robot_xblfuw/torso_link3.
2026-05-12 16:19:02 [69,803ms] [Warning] [omni.physx.plugin] Invalid PhysX transform detected for /World/scene_0/controllable__r1__robot_xblfuw/torso_link4.
2026-05-12 16:19:02 [69,803ms] [Warning] [omni.physx.plugin] Invalid PhysX transform detected for /World/scene_0/controllable__r1__robot_xblfuw/left_arm_link1.
2026-05-12 16:19:02 [69,803ms] [Warning] [omni.physx.plugin] Invalid PhysX transform detected for /World/scene_0/controllable__r1__robot_xblfuw/right_arm_link1.
2026-05-12 16:19:02 [69,803ms] [Warning] [omni.physx.plugin] Invalid PhysX transform detected for /World/scene_0/controllable__r1__robot_xblfuw/eyes.
2026-05-12 16:19:02 [69,803ms] [Warning] [omni.physx.plugin] Invalid PhysX transform detected for /World/scene_0/controllable__r1__robot_xblfuw/left_arm_link2.
2026-05-12 16:19:02 [69,803ms] [Warning] [omni.physx.plugin] Invalid PhysX transform detected for /World/scene_0/controllable__r1__robot_xblfuw/right_arm_link2.
2026-05-12 16:19:02 [69,803ms] [Warning] [omni.physx.plugin] Invalid PhysX transform detected for /World/scene_0/controllable__r1__robot_xblfuw/left_arm_link3.
2026-05-12 16:19:02 [69,803ms] [Warning] [omni.physx.plugin] Invalid PhysX transform detected for /World/scene_0/controllable__r1__robot_xblfuw/right_arm_link3.
2026-05-12 16:19:02 [69,803ms] [Warning] [omni.physx.plugin] Invalid PhysX transform detected for /World/scene_0/controllable__r1__robot_xblfuw/left_arm_link4.
2026-05-12 16:19:02 [69,803ms] [Warning] [omni.physx.plugin] Invalid PhysX transform detected for /World/scene_0/controllable__r1__robot_xblfuw/right_arm_link4.
2026-05-12 16:19:02 [69,803ms] [Warning] [omni.physx.plugin] Invalid PhysX transform detected for /World/scene_0/controllable__r1__robot_xblfuw/left_arm_link5.
2026-05-12 16:19:02 [69,803ms] [Warning] [omni.physx.plugin] Invalid PhysX transform detected for /World/scene_0/controllable__r1__robot_xblfuw/right_arm_link5.
2026-05-12 16:19:02 [69,803ms] [Warning] [omni.physx.plugin] Invalid PhysX transform detected for /World/scene_0/controllable__r1__robot_xblfuw/left_arm_link6.
2026-05-12 16:19:02 [69,803ms] [Warning] [omni.physx.plugin] Invalid PhysX transform detected for /World/scene_0/controllable__r1__robot_xblfuw/right_arm_link6.
2026-05-12 16:19:02 [69,803ms] [Warning] [omni.physx.plugin] Invalid PhysX transform detected for /World/scene_0/controllable__r1__robot_xblfuw/left_gripper_link1.
2026-05-12 16:19:02 [69,803ms] [Warning] [omni.physx.plugin] Invalid PhysX transform detected for /World/scene_0/controllable__r1__robot_xblfuw/left_gripper_link2.
2026-05-12 16:19:02 [69,803ms] [Warning] [omni.physx.plugin] Invalid PhysX transform detected for /World/scene_0/controllable__r1__robot_xblfuw/left_eef_link.
2026-05-12 16:19:02 [69,803ms] [Warning] [omni.physx.plugin] Invalid PhysX transform detected for /World/scene_0/controllable__r1__robot_xblfuw/right_gripper_link1.
2026-05-12 16:19:02 [69,803ms] [Warning] [omni.physx.plugin] Invalid PhysX transform detected for /World/scene_0/controllable__r1__robot_xblfuw/right_gripper_link2.
2026-05-12 16:19:02 [69,803ms] [Warning] [omni.physx.plugin] Invalid PhysX transform detected for /World/scene_0/controllable__r1__robot_xblfuw/right_eef_link.
2026-05-12 16:19:02 [69,803ms] [Warning] [omni.physx.plugin] Invalid PhysX transform detected for /World/scene_0/cover_small_item_render_item_4175346132/base_link.
2026-05-12 16:19:02 [69,803ms] [Warning] [omni.physx.plugin] Invalid PhysX transform detected for /World/scene_0/cover_small_item_render_item_4175346132/glass.
2026-05-12 16:19:02 [69,863ms] [Warning] [omni.physx.plugin] Invalid PhysX transform detected for /World/scene_0/controllable__r1__robot_xblfuw/base_footprint_y.
2026-05-12 16:19:02 [69,863ms] [Warning] [omni.physx.plugin] Invalid PhysX transform detected for /World/scene_0/controllable__r1__robot_xblfuw/base_footprint_z.
2026-05-12 16:19:02 [69,863ms] [Warning] [omni.physx.plugin] Invalid PhysX transform detected for /World/scene_0/controllable__r1__robot_xblfuw/base_footprint_rx.
2026-05-12 16:19:02 [69,863ms] [Warning] [omni.physx.plugin] Invalid PhysX transform detected for /World/scene_0/controllable__r1__robot_xblfuw/base_footprint_ry.
2026-05-12 16:19:02 [69,863ms] [Warning] [omni.physx.plugin] Invalid PhysX transform detected for /World/scene_0/controllable__r1__robot_xblfuw/base_footprint_rz.
2026-05-12 16:19:02 [69,863ms] [Warning] [omni.physx.plugin] Invalid PhysX transform detected for /World/scene_0/controllable__r1__robot_xblfuw/base_link.
2026-05-12 16:19:02 [69,863ms] [Warning] [omni.physx.plugin] Invalid PhysX transform detected for /World/scene_0/controllable__r1__robot_xblfuw/servo_link1.
2026-05-12 16:19:02 [69,863ms] [Warning] [omni.physx.plugin] Invalid PhysX transform detected for /World/scene_0/controllable__r1__robot_xblfuw/servo_link2.
2026-05-12 16:19:02 [69,863ms] [Warning] [omni.physx.plugin] Invalid PhysX transform detected for /World/scene_0/controllable__r1__robot_xblfuw/servo_link3.
2026-05-12 16:19:02 [69,863ms] [Warning] [omni.physx.plugin] Invalid PhysX transform detected for /World/scene_0/controllable__r1__robot_xblfuw/torso_link1.
2026-05-12 16:19:02 [69,863ms] [Warning] [omni.physx.plugin] Invalid PhysX transform detected for /World/scene_0/controllable__r1__robot_xblfuw/wheel_link1.
2026-05-12 16:19:02 [69,863ms] [Warning] [omni.physx.plugin] Invalid PhysX transform detected for /World/scene_0/controllable__r1__robot_xblfuw/wheel_link2.
2026-05-12 16:19:02 [69,863ms] [Warning] [omni.physx.plugin] Invalid PhysX transform detected for /World/scene_0/controllable__r1__robot_xblfuw/wheel_link3.
2026-05-12 16:19:02 [69,863ms] [Warning] [omni.physx.plugin] Invalid PhysX transform detected for /World/scene_0/controllable__r1__robot_xblfuw/torso_link2.
2026-05-12 16:19:02 [69,863ms] [Warning] [omni.physx.plugin] Invalid PhysX transform detected for /World/scene_0/controllable__r1__robot_xblfuw/torso_link3.
2026-05-12 16:19:02 [69,863ms] [Warning] [omni.physx.plugin] Invalid PhysX transform detected for /World/scene_0/controllable__r1__robot_xblfuw/torso_link4.
2026-05-12 16:19:02 [69,863ms] [Warning] [omni.physx.plugin] Invalid PhysX transform detected for /World/scene_0/controllable__r1__robot_xblfuw/left_arm_link1.
2026-05-12 16:19:02 [69,863ms] [Warning] [omni.physx.plugin] Invalid PhysX transform detected for /World/scene_0/controllable__r1__robot_xblfuw/right_arm_link1.
2026-05-12 16:19:02 [69,863ms] [Warning] [omni.physx.plugin] Invalid PhysX transform detected for /World/scene_0/controllable__r1__robot_xblfuw/eyes.
2026-05-12 16:19:02 [69,863ms] [Warning] [omni.physx.plugin] Invalid PhysX transform detected for /World/scene_0/controllable__r1__robot_xblfuw/left_arm_link2.
2026-05-12 16:19:02 [69,863ms] [Warning] [omni.physx.plugin] Invalid PhysX transform detected for /World/scene_0/controllable__r1__robot_xblfuw/right_arm_link2.
2026-05-12 16:19:02 [69,863ms] [Warning] [omni.physx.plugin] Invalid PhysX transform detected for /World/scene_0/controllable__r1__robot_xblfuw/left_arm_link3.
2026-05-12 16:19:02 [69,863ms] [Warning] [omni.physx.plugin] Invalid PhysX transform detected for /World/scene_0/controllable__r1__robot_xblfuw/right_arm_link3.
2026-05-12 16:19:02 [69,863ms] [Warning] [omni.physx.plugin] Invalid PhysX transform detected for /World/scene_0/controllable__r1__robot_xblfuw/left_arm_link4.
2026-05-12 16:19:02 [69,863ms] [Warning] [omni.physx.plugin] Invalid PhysX transform detected for /World/scene_0/controllable__r1__robot_xblfuw/right_arm_link4.
2026-05-12 16:19:02 [69,863ms] [Warning] [omni.physx.plugin] Invalid PhysX transform detected for /World/scene_0/controllable__r1__robot_xblfuw/left_arm_link5.
2026-05-12 16:19:02 [69,863ms] [Warning] [omni.physx.plugin] Invalid PhysX transform detected for /World/scene_0/controllable__r1__robot_xblfuw/right_arm_link5.
2026-05-12 16:19:02 [69,863ms] [Warning] [omni.physx.plugin] Invalid PhysX transform detected for /World/scene_0/controllable__r1__robot_xblfuw/left_arm_link6.
2026-05-12 16:19:02 [69,863ms] [Warning] [omni.physx.plugin] Invalid PhysX transform detected for /World/scene_0/controllable__r1__robot_xblfuw/right_arm_link6.
2026-05-12 16:19:02 [69,863ms] [Warning] [omni.physx.plugin] Invalid PhysX transform detected for /World/scene_0/controllable__r1__robot_xblfuw/left_gripper_link1.
2026-05-12 16:19:02 [69,863ms] [Warning] [omni.physx.plugin] Invalid PhysX transform detected for /World/scene_0/controllable__r1__robot_xblfuw/left_gripper_link2.
2026-05-12 16:19:02 [69,863ms] [Warning] [omni.physx.plugin] Invalid PhysX transform detected for /World/scene_0/controllable__r1__robot_xblfuw/left_eef_link.
2026-05-12 16:19:02 [69,863ms] [Warning] [omni.physx.plugin] Invalid PhysX transform detected for /World/scene_0/controllable__r1__robot_xblfuw/right_gripper_link1.
2026-05-12 16:19:02 [69,863ms] [Warning] [omni.physx.plugin] Invalid PhysX transform detected for /World/scene_0/controllable__r1__robot_xblfuw/right_gripper_link2.
2026-05-12 16:19:02 [69,863ms] [Warning] [omni.physx.plugin] Invalid PhysX transform detected for /World/scene_0/controllable__r1__robot_xblfuw/right_eef_link.
2026-05-12 16:19:02 [69,863ms] [Warning] [omni.physx.plugin] Invalid PhysX transform detected for /World/scene_0/cover_small_item_render_item_4175346132/base_link.
2026-05-12 16:19:02 [69,863ms] [Warning] [omni.physx.plugin] Invalid PhysX transform detected for /World/scene_0/cover_small_item_render_item_4175346132/glass.
2026-05-12 16:19:03 [69,944ms] [Warning] [omni.physx.plugin] Invalid PhysX transform detected for /World/scene_0/controllable__r1__robot_xblfuw/base_footprint_y.
2026-05-12 16:19:03 [69,944ms] [Warning] [omni.physx.plugin] Invalid PhysX transform detected for /World/scene_0/controllable__r1__robot_xblfuw/base_footprint_z.
2026-05-12 16:19:03 [69,944ms] [Warning] [omni.physx.plugin] Invalid PhysX transform detected for /World/scene_0/controllable__r1__robot_xblfuw/base_footprint_rx.
2026-05-12 16:19:03 [69,944ms] [Warning] [omni.physx.plugin] Invalid PhysX transform detected for /World/scene_0/controllable__r1__robot_xblfuw/base_footprint_ry.
2026-05-12 16:19:03 [69,944ms] [Warning] [omni.physx.plugin] Invalid PhysX transform detected for /World/scene_0/controllable__r1__robot_xblfuw/base_footprint_rz.
2026-05-12 16:19:03 [69,945ms] [Warning] [omni.physx.plugin] Invalid PhysX transform detected for /World/scene_0/controllable__r1__robot_xblfuw/base_link.
2026-05-12 16:19:03 [69,945ms] [Warning] [omni.physx.plugin] Invalid PhysX transform detected for /World/scene_0/controllable__r1__robot_xblfuw/servo_link1.
2026-05-12 16:19:03 [69,945ms] [Warning] [omni.physx.plugin] Invalid PhysX transform detected for /World/scene_0/controllable__r1__robot_xblfuw/servo_link2.
2026-05-12 16:19:03 [69,945ms] [Warning] [omni.physx.plugin] Invalid PhysX transform detected for /World/scene_0/controllable__r1__robot_xblfuw/servo_link3.
2026-05-12 16:19:03 [69,945ms] [Warning] [omni.physx.plugin] Invalid PhysX transform detected for /World/scene_0/controllable__r1__robot_xblfuw/torso_link1.
2026-05-12 16:19:03 [69,945ms] [Warning] [omni.physx.plugin] Invalid PhysX transform detected for /World/scene_0/controllable__r1__robot_xblfuw/wheel_link1.
2026-05-12 16:19:03 [69,945ms] [Warning] [omni.physx.plugin] Invalid PhysX transform detected for /World/scene_0/controllable__r1__robot_xblfuw/wheel_link2.
2026-05-12 16:19:03 [69,945ms] [Warning] [omni.physx.plugin] Invalid PhysX transform detected for /World/scene_0/controllable__r1__robot_xblfuw/wheel_link3.
2026-05-12 16:19:03 [69,945ms] [Warning] [omni.physx.plugin] Invalid PhysX transform detected for /World/scene_0/controllable__r1__robot_xblfuw/torso_link2.
2026-05-12 16:19:03 [69,945ms] [Warning] [omni.physx.plugin] Invalid PhysX transform detected for /World/scene_0/controllable__r1__robot_xblfuw/torso_link3.
2026-05-12 16:19:03 [69,945ms] [Warning] [omni.physx.plugin] Invalid PhysX transform detected for /World/scene_0/controllable__r1__robot_xblfuw/torso_link4.
2026-05-12 16:19:03 [69,945ms] [Warning] [omni.physx.plugin] Invalid PhysX transform detected for /World/scene_0/controllable__r1__robot_xblfuw/left_arm_link1.
2026-05-12 16:19:03 [69,945ms] [Warning] [omni.physx.plugin] Invalid PhysX transform detected for /World/scene_0/controllable__r1__robot_xblfuw/right_arm_link1.
2026-05-12 16:19:03 [69,945ms] [Warning] [omni.physx.plugin] Invalid PhysX transform detected for /World/scene_0/controllable__r1__robot_xblfuw/eyes.
2026-05-12 16:19:03 [69,945ms] [Warning] [omni.physx.plugin] Invalid PhysX transform detected for /World/scene_0/controllable__r1__robot_xblfuw/left_arm_link2.
2026-05-12 16:19:03 [69,945ms] [Warning] [omni.physx.plugin] Invalid PhysX transform detected for /World/scene_0/controllable__r1__robot_xblfuw/right_arm_link2.
2026-05-12 16:19:03 [69,945ms] [Warning] [omni.physx.plugin] Invalid PhysX transform detected for /World/scene_0/controllable__r1__robot_xblfuw/left_arm_link3.
2026-05-12 16:19:03 [69,945ms] [Warning] [omni.physx.plugin] Invalid PhysX transform detected for /World/scene_0/controllable__r1__robot_xblfuw/right_arm_link3.
2026-05-12 16:19:03 [69,945ms] [Warning] [omni.physx.plugin] Invalid PhysX transform detected for /World/scene_0/controllable__r1__robot_xblfuw/left_arm_link4.
2026-05-12 16:19:03 [69,945ms] [Warning] [omni.physx.plugin] Invalid PhysX transform detected for /World/scene_0/controllable__r1__robot_xblfuw/right_arm_link4.
2026-05-12 16:19:03 [69,945ms] [Warning] [omni.physx.plugin] Invalid PhysX transform detected for /World/scene_0/controllable__r1__robot_xblfuw/left_arm_link5.
2026-05-12 16:19:03 [69,945ms] [Warning] [omni.physx.plugin] Invalid PhysX transform detected for /World/scene_0/controllable__r1__robot_xblfuw/right_arm_link5.
2026-05-12 16:19:03 [69,945ms] [Warning] [omni.physx.plugin] Invalid PhysX transform detected for /World/scene_0/controllable__r1__robot_xblfuw/left_arm_link6.
2026-05-12 16:19:03 [69,945ms] [Warning] [omni.physx.plugin] Invalid PhysX transform detected for /World/scene_0/controllable__r1__robot_xblfuw/right_arm_link6.
2026-05-12 16:19:03 [69,945ms] [Warning] [omni.physx.plugin] Invalid PhysX transform detected for /World/scene_0/controllable__r1__robot_xblfuw/left_gripper_link1.
2026-05-12 16:19:03 [69,945ms] [Warning] [omni.physx.plugin] Invalid PhysX transform detected for /World/scene_0/controllable__r1__robot_xblfuw/left_gripper_link2.
2026-05-12 16:19:03 [69,945ms] [Warning] [omni.physx.plugin] Invalid PhysX transform detected for /World/scene_0/controllable__r1__robot_xblfuw/left_eef_link.
2026-05-12 16:19:03 [69,945ms] [Warning] [omni.physx.plugin] Invalid PhysX transform detected for /World/scene_0/controllable__r1__robot_xblfuw/right_gripper_link1.
2026-05-12 16:19:03 [69,945ms] [Warning] [omni.physx.plugin] Invalid PhysX transform detected for /World/scene_0/controllable__r1__robot_xblfuw/right_gripper_link2.
2026-05-12 16:19:03 [69,945ms] [Warning] [omni.physx.plugin] Invalid PhysX transform detected for /World/scene_0/controllable__r1__robot_xblfuw/right_eef_link.
2026-05-12 16:19:03 [69,945ms] [Warning] [omni.physx.plugin] Invalid PhysX transform detected for /World/scene_0/cover_small_item_render_item_4175346132/base_link.
2026-05-12 16:19:03 [69,945ms] [Warning] [omni.physx.plugin] Invalid PhysX transform detected for /World/scene_0/cover_small_item_render_item_4175346132/glass.
2026-05-12 16:19:03 [70,029ms] [Warning] [omni.physx.plugin] Invalid PhysX transform detected for /World/scene_0/controllable__r1__robot_xblfuw/base_footprint_y.
2026-05-12 16:19:03 [70,029ms] [Warning] [omni.physx.plugin] Invalid PhysX transform detected for /World/scene_0/controllable__r1__robot_xblfuw/base_footprint_z.
2026-05-12 16:19:03 [70,029ms] [Warning] [omni.physx.plugin] Invalid PhysX transform detected for /World/scene_0/controllable__r1__robot_xblfuw/base_footprint_rx.
2026-05-12 16:19:03 [70,029ms] [Warning] [omni.physx.plugin] Invalid PhysX transform detected for /World/scene_0/controllable__r1__robot_xblfuw/base_footprint_ry.
2026-05-12 16:19:03 [70,029ms] [Warning] [omni.physx.plugin] Invalid PhysX transform detected for /World/scene_0/controllable__r1__robot_xblfuw/base_footprint_rz.
2026-05-12 16:19:03 [70,029ms] [Warning] [omni.physx.plugin] Invalid PhysX transform detected for /World/scene_0/controllable__r1__robot_xblfuw/base_link.
2026-05-12 16:19:03 [70,029ms] [Warning] [omni.physx.plugin] Invalid PhysX transform detected for /World/scene_0/controllable__r1__robot_xblfuw/servo_link1.
2026-05-12 16:19:03 [70,029ms] [Warning] [omni.physx.plugin] Invalid PhysX transform detected for /World/scene_0/controllable__r1__robot_xblfuw/servo_link2.
2026-05-12 16:19:03 [70,029ms] [Warning] [omni.physx.plugin] Invalid PhysX transform detected for /World/scene_0/controllable__r1__robot_xblfuw/servo_link3.
2026-05-12 16:19:03 [70,029ms] [Warning] [omni.physx.plugin] Invalid PhysX transform detected for /World/scene_0/controllable__r1__robot_xblfuw/torso_link1.
2026-05-12 16:19:03 [70,029ms] [Warning] [omni.physx.plugin] Invalid PhysX transform detected for /World/scene_0/controllable__r1__robot_xblfuw/wheel_link1.
2026-05-12 16:19:03 [70,029ms] [Warning] [omni.physx.plugin] Invalid PhysX transform detected for /World/scene_0/controllable__r1__robot_xblfuw/wheel_link2.
2026-05-12 16:19:03 [70,029ms] [Warning] [omni.physx.plugin] Invalid PhysX transform detected for /World/scene_0/controllable__r1__robot_xblfuw/wheel_link3.
2026-05-12 16:19:03 [70,029ms] [Warning] [omni.physx.plugin] Invalid PhysX transform detected for /World/scene_0/controllable__r1__robot_xblfuw/torso_link2.
2026-05-12 16:19:03 [70,029ms] [Warning] [omni.physx.plugin] Invalid PhysX transform detected for /World/scene_0/controllable__r1__robot_xblfuw/torso_link3.
2026-05-12 16:19:03 [70,029ms] [Warning] [omni.physx.plugin] Invalid PhysX transform detected for /World/scene_0/controllable__r1__robot_xblfuw/torso_link4.
2026-05-12 16:19:03 [70,029ms] [Warning] [omni.physx.plugin] Invalid PhysX transform detected for /World/scene_0/controllable__r1__robot_xblfuw/left_arm_link1.
2026-05-12 16:19:03 [70,029ms] [Warning] [omni.physx.plugin] Invalid PhysX transform detected for /World/scene_0/controllable__r1__robot_xblfuw/right_arm_link1.
2026-05-12 16:19:03 [70,029ms] [Warning] [omni.physx.plugin] Invalid PhysX transform detected for /World/scene_0/controllable__r1__robot_xblfuw/eyes.
2026-05-12 16:19:03 [70,029ms] [Warning] [omni.physx.plugin] Invalid PhysX transform detected for /World/scene_0/controllable__r1__robot_xblfuw/left_arm_link2.
2026-05-12 16:19:03 [70,029ms] [Warning] [omni.physx.plugin] Invalid PhysX transform detected for /World/scene_0/controllable__r1__robot_xblfuw/right_arm_link2.
2026-05-12 16:19:03 [70,029ms] [Warning] [omni.physx.plugin] Invalid PhysX transform detected for /World/scene_0/controllable__r1__robot_xblfuw/left_arm_link3.
2026-05-12 16:19:03 [70,029ms] [Warning] [omni.physx.plugin] Invalid PhysX transform detected for /World/scene_0/controllable__r1__robot_xblfuw/right_arm_link3.
2026-05-12 16:19:03 [70,029ms] [Warning] [omni.physx.plugin] Invalid PhysX transform detected for /World/scene_0/controllable__r1__robot_xblfuw/left_arm_link4.
2026-05-12 16:19:03 [70,029ms] [Warning] [omni.physx.plugin] Invalid PhysX transform detected for /World/scene_0/controllable__r1__robot_xblfuw/right_arm_link4.
2026-05-12 16:19:03 [70,029ms] [Warning] [omni.physx.plugin] Invalid PhysX transform detected for /World/scene_0/controllable__r1__robot_xblfuw/left_arm_link5.
2026-05-12 16:19:03 [70,029ms] [Warning] [omni.physx.plugin] Invalid PhysX transform detected for /World/scene_0/controllable__r1__robot_xblfuw/right_arm_link5.
2026-05-12 16:19:03 [70,029ms] [Warning] [omni.physx.plugin] Invalid PhysX transform detected for /World/scene_0/controllable__r1__robot_xblfuw/left_arm_link6.
2026-05-12 16:19:03 [70,029ms] [Warning] [omni.physx.plugin] Invalid PhysX transform detected for /World/scene_0/controllable__r1__robot_xblfuw/right_arm_link6.
2026-05-12 16:19:03 [70,029ms] [Warning] [omni.physx.plugin] Invalid PhysX transform detected for /World/scene_0/controllable__r1__robot_xblfuw/left_gripper_link1.
2026-05-12 16:19:03 [70,029ms] [Warning] [omni.physx.plugin] Invalid PhysX transform detected for /World/scene_0/controllable__r1__robot_xblfuw/left_gripper_link2.
2026-05-12 16:19:03 [70,029ms] [Warning] [omni.physx.plugin] Invalid PhysX transform detected for /World/scene_0/controllable__r1__robot_xblfuw/left_eef_link.
2026-05-12 16:19:03 [70,029ms] [Warning] [omni.physx.plugin] Invalid PhysX transform detected for /World/scene_0/controllable__r1__robot_xblfuw/right_gripper_link1.
2026-05-12 16:19:03 [70,029ms] [Warning] [omni.physx.plugin] Invalid PhysX transform detected for /World/scene_0/controllable__r1__robot_xblfuw/right_gripper_link2.
2026-05-12 16:19:03 [70,029ms] [Warning] [omni.physx.plugin] Invalid PhysX transform detected for /World/scene_0/controllable__r1__robot_xblfuw/right_eef_link.
2026-05-12 16:19:03 [70,030ms] [Warning] [omni.physx.plugin] Invalid PhysX transform detected for /World/scene_0/cover_small_item_render_item_4175346132/base_link.
2026-05-12 16:19:03 [70,030ms] [Warning] [omni.physx.plugin] Invalid PhysX transform detected for /World/scene_0/cover_small_item_render_item_4175346132/glass.
2026-05-12 16:19:03 [70,113ms] [Warning] [omni.physx.plugin] Invalid PhysX transform detected for /World/scene_0/controllable__r1__robot_xblfuw/base_footprint_y.
2026-05-12 16:19:03 [70,113ms] [Warning] [omni.physx.plugin] Invalid PhysX transform detected for /World/scene_0/controllable__r1__robot_xblfuw/base_footprint_z.
2026-05-12 16:19:03 [70,113ms] [Warning] [omni.physx.plugin] Invalid PhysX transform detected for /World/scene_0/controllable__r1__robot_xblfuw/base_footprint_rx.
2026-05-12 16:19:03 [70,113ms] [Warning] [omni.physx.plugin] Invalid PhysX transform detected for /World/scene_0/controllable__r1__robot_xblfuw/base_footprint_ry.
2026-05-12 16:19:03 [70,113ms] [Warning] [omni.physx.plugin] Invalid PhysX transform detected for /World/scene_0/controllable__r1__robot_xblfuw/base_footprint_rz.
2026-05-12 16:19:03 [70,114ms] [Warning] [omni.physx.plugin] Invalid PhysX transform detected for /World/scene_0/controllable__r1__robot_xblfuw/base_link.
2026-05-12 16:19:03 [70,114ms] [Warning] [omni.physx.plugin] Invalid PhysX transform detected for /World/scene_0/controllable__r1__robot_xblfuw/servo_link1.
2026-05-12 16:19:03 [70,114ms] [Warning] [omni.physx.plugin] Invalid PhysX transform detected for /World/scene_0/controllable__r1__robot_xblfuw/servo_link2.
2026-05-12 16:19:03 [70,114ms] [Warning] [omni.physx.plugin] Invalid PhysX transform detected for /World/scene_0/controllable__r1__robot_xblfuw/servo_link3.
2026-05-12 16:19:03 [70,114ms] [Warning] [omni.physx.plugin] Invalid PhysX transform detected for /World/scene_0/controllable__r1__robot_xblfuw/torso_link1.
2026-05-12 16:19:03 [70,114ms] [Warning] [omni.physx.plugin] Invalid PhysX transform detected for /World/scene_0/controllable__r1__robot_xblfuw/wheel_link1.
2026-05-12 16:19:03 [70,114ms] [Warning] [omni.physx.plugin] Invalid PhysX transform detected for /World/scene_0/controllable__r1__robot_xblfuw/wheel_link2.
2026-05-12 16:19:03 [70,114ms] [Warning] [omni.physx.plugin] Invalid PhysX transform detected for /World/scene_0/controllable__r1__robot_xblfuw/wheel_link3.
2026-05-12 16:19:03 [70,114ms] [Warning] [omni.physx.plugin] Invalid PhysX transform detected for /World/scene_0/controllable__r1__robot_xblfuw/torso_link2.
2026-05-12 16:19:03 [70,114ms] [Warning] [omni.physx.plugin] Invalid PhysX transform detected for /World/scene_0/controllable__r1__robot_xblfuw/torso_link3.
2026-05-12 16:19:03 [70,114ms] [Warning] [omni.physx.plugin] Invalid PhysX transform detected for /World/scene_0/controllable__r1__robot_xblfuw/torso_link4.
2026-05-12 16:19:03 [70,114ms] [Warning] [omni.physx.plugin] Invalid PhysX transform detected for /World/scene_0/controllable__r1__robot_xblfuw/left_arm_link1.
2026-05-12 16:19:03 [70,114ms] [Warning] [omni.physx.plugin] Invalid PhysX transform detected for /World/scene_0/controllable__r1__robot_xblfuw/right_arm_link1.
2026-05-12 16:19:03 [70,114ms] [Warning] [omni.physx.plugin] Invalid PhysX transform detected for /World/scene_0/controllable__r1__robot_xblfuw/eyes.
2026-05-12 16:19:03 [70,114ms] [Warning] [omni.physx.plugin] Invalid PhysX transform detected for /World/scene_0/controllable__r1__robot_xblfuw/left_arm_link2.
2026-05-12 16:19:03 [70,114ms] [Warning] [omni.physx.plugin] Invalid PhysX transform detected for /World/scene_0/controllable__r1__robot_xblfuw/right_arm_link2.
2026-05-12 16:19:03 [70,114ms] [Warning] [omni.physx.plugin] Invalid PhysX transform detected for /World/scene_0/controllable__r1__robot_xblfuw/left_arm_link3.
2026-05-12 16:19:03 [70,114ms] [Warning] [omni.physx.plugin] Invalid PhysX transform detected for /World/scene_0/controllable__r1__robot_xblfuw/right_arm_link3.
2026-05-12 16:19:03 [70,114ms] [Warning] [omni.physx.plugin] Invalid PhysX transform detected for /World/scene_0/controllable__r1__robot_xblfuw/left_arm_link4.
2026-05-12 16:19:03 [70,114ms] [Warning] [omni.physx.plugin] Invalid PhysX transform detected for /World/scene_0/controllable__r1__robot_xblfuw/right_arm_link4.
2026-05-12 16:19:03 [70,114ms] [Warning] [omni.physx.plugin] Invalid PhysX transform detected for /World/scene_0/controllable__r1__robot_xblfuw/left_arm_link5.
2026-05-12 16:19:03 [70,114ms] [Warning] [omni.physx.plugin] Invalid PhysX transform detected for /World/scene_0/controllable__r1__robot_xblfuw/right_arm_link5.
2026-05-12 16:19:03 [70,114ms] [Warning] [omni.physx.plugin] Invalid PhysX transform detected for /World/scene_0/controllable__r1__robot_xblfuw/left_arm_link6.
2026-05-12 16:19:03 [70,114ms] [Warning] [omni.physx.plugin] Invalid PhysX transform detected for /World/scene_0/controllable__r1__robot_xblfuw/right_arm_link6.
2026-05-12 16:19:03 [70,114ms] [Warning] [omni.physx.plugin] Invalid PhysX transform detected for /World/scene_0/controllable__r1__robot_xblfuw/left_gripper_link1.
2026-05-12 16:19:03 [70,114ms] [Warning] [omni.physx.plugin] Invalid PhysX transform detected for /World/scene_0/controllable__r1__robot_xblfuw/left_gripper_link2.
2026-05-12 16:19:03 [70,114ms] [Warning] [omni.physx.plugin] Invalid PhysX transform detected for /World/scene_0/controllable__r1__robot_xblfuw/left_eef_link.
2026-05-12 16:19:03 [70,114ms] [Warning] [omni.physx.plugin] Invalid PhysX transform detected for /World/scene_0/controllable__r1__robot_xblfuw/right_gripper_link1.
2026-05-12 16:19:03 [70,114ms] [Warning] [omni.physx.plugin] Invalid PhysX transform detected for /World/scene_0/controllable__r1__robot_xblfuw/right_gripper_link2.
2026-05-12 16:19:03 [70,114ms] [Warning] [omni.physx.plugin] Invalid PhysX transform detected for /World/scene_0/controllable__r1__robot_xblfuw/right_eef_link.
2026-05-12 16:19:03 [70,114ms] [Warning] [omni.physx.plugin] Invalid PhysX transform detected for /World/scene_0/cover_small_item_render_item_4175346132/base_link.
2026-05-12 16:19:03 [70,114ms] [Warning] [omni.physx.plugin] Invalid PhysX transform detected for /World/scene_0/cover_small_item_render_item_4175346132/glass.
2026-05-12 16:19:03 [70,200ms] [Warning] [omni.physx.plugin] Invalid PhysX transform detected for /World/scene_0/controllable__r1__robot_xblfuw/base_footprint_y.
2026-05-12 16:19:03 [70,200ms] [Warning] [omni.physx.plugin] Invalid PhysX transform detected for /World/scene_0/controllable__r1__robot_xblfuw/base_footprint_z.
2026-05-12 16:19:03 [70,200ms] [Warning] [omni.physx.plugin] Invalid PhysX transform detected for /World/scene_0/controllable__r1__robot_xblfuw/base_footprint_rx.
2026-05-12 16:19:03 [70,200ms] [Warning] [omni.physx.plugin] Invalid PhysX transform detected for /World/scene_0/controllable__r1__robot_xblfuw/base_footprint_ry.
2026-05-12 16:19:03 [70,200ms] [Warning] [omni.physx.plugin] Invalid PhysX transform detected for /World/scene_0/controllable__r1__robot_xblfuw/base_footprint_rz.
2026-05-12 16:19:03 [70,200ms] [Warning] [omni.physx.plugin] Invalid PhysX transform detected for /World/scene_0/controllable__r1__robot_xblfuw/base_link.
2026-05-12 16:19:03 [70,200ms] [Warning] [omni.physx.plugin] Invalid PhysX transform detected for /World/scene_0/controllable__r1__robot_xblfuw/servo_link1.
2026-05-12 16:19:03 [70,200ms] [Warning] [omni.physx.plugin] Invalid PhysX transform detected for /World/scene_0/controllable__r1__robot_xblfuw/servo_link2.
2026-05-12 16:19:03 [70,200ms] [Warning] [omni.physx.plugin] Invalid PhysX transform detected for /World/scene_0/controllable__r1__robot_xblfuw/servo_link3.
2026-05-12 16:19:03 [70,200ms] [Warning] [omni.physx.plugin] Invalid PhysX transform detected for /World/scene_0/controllable__r1__robot_xblfuw/torso_link1.
2026-05-12 16:19:03 [70,200ms] [Warning] [omni.physx.plugin] Invalid PhysX transform detected for /World/scene_0/controllable__r1__robot_xblfuw/wheel_link1.
2026-05-12 16:19:03 [70,200ms] [Warning] [omni.physx.plugin] Invalid PhysX transform detected for /World/scene_0/controllable__r1__robot_xblfuw/wheel_link2.
2026-05-12 16:19:03 [70,200ms] [Warning] [omni.physx.plugin] Invalid PhysX transform detected for /World/scene_0/controllable__r1__robot_xblfuw/wheel_link3.
2026-05-12 16:19:03 [70,200ms] [Warning] [omni.physx.plugin] Invalid PhysX transform detected for /World/scene_0/controllable__r1__robot_xblfuw/torso_link2.
2026-05-12 16:19:03 [70,200ms] [Warning] [omni.physx.plugin] Invalid PhysX transform detected for /World/scene_0/controllable__r1__robot_xblfuw/torso_link3.
2026-05-12 16:19:03 [70,200ms] [Warning] [omni.physx.plugin] Invalid PhysX transform detected for /World/scene_0/controllable__r1__robot_xblfuw/torso_link4.
2026-05-12 16:19:03 [70,200ms] [Warning] [omni.physx.plugin] Invalid PhysX transform detected for /World/scene_0/controllable__r1__robot_xblfuw/left_arm_link1.
2026-05-12 16:19:03 [70,200ms] [Warning] [omni.physx.plugin] Invalid PhysX transform detected for /World/scene_0/controllable__r1__robot_xblfuw/right_arm_link1.
2026-05-12 16:19:03 [70,200ms] [Warning] [omni.physx.plugin] Invalid PhysX transform detected for /World/scene_0/controllable__r1__robot_xblfuw/eyes.
2026-05-12 16:19:03 [70,200ms] [Warning] [omni.physx.plugin] Invalid PhysX transform detected for /World/scene_0/controllable__r1__robot_xblfuw/left_arm_link2.
2026-05-12 16:19:03 [70,200ms] [Warning] [omni.physx.plugin] Invalid PhysX transform detected for /World/scene_0/controllable__r1__robot_xblfuw/right_arm_link2.
2026-05-12 16:19:03 [70,200ms] [Warning] [omni.physx.plugin] Invalid PhysX transform detected for /World/scene_0/controllable__r1__robot_xblfuw/left_arm_link3.
2026-05-12 16:19:03 [70,200ms] [Warning] [omni.physx.plugin] Invalid PhysX transform detected for /World/scene_0/controllable__r1__robot_xblfuw/right_arm_link3.
2026-05-12 16:19:03 [70,200ms] [Warning] [omni.physx.plugin] Invalid PhysX transform detected for /World/scene_0/controllable__r1__robot_xblfuw/left_arm_link4.
2026-05-12 16:19:03 [70,200ms] [Warning] [omni.physx.plugin] Invalid PhysX transform detected for /World/scene_0/controllable__r1__robot_xblfuw/right_arm_link4.
2026-05-12 16:19:03 [70,200ms] [Warning] [omni.physx.plugin] Invalid PhysX transform detected for /World/scene_0/controllable__r1__robot_xblfuw/left_arm_link5.
2026-05-12 16:19:03 [70,200ms] [Warning] [omni.physx.plugin] Invalid PhysX transform detected for /World/scene_0/controllable__r1__robot_xblfuw/right_arm_link5.
2026-05-12 16:19:03 [70,200ms] [Warning] [omni.physx.plugin] Invalid PhysX transform detected for /World/scene_0/controllable__r1__robot_xblfuw/left_arm_link6.
2026-05-12 16:19:03 [70,200ms] [Warning] [omni.physx.plugin] Invalid PhysX transform detected for /World/scene_0/controllable__r1__robot_xblfuw/right_arm_link6.
2026-05-12 16:19:03 [70,200ms] [Warning] [omni.physx.plugin] Invalid PhysX transform detected for /World/scene_0/controllable__r1__robot_xblfuw/left_gripper_link1.
2026-05-12 16:19:03 [70,200ms] [Warning] [omni.physx.plugin] Invalid PhysX transform detected for /World/scene_0/controllable__r1__robot_xblfuw/left_gripper_link2.
2026-05-12 16:19:03 [70,200ms] [Warning] [omni.physx.plugin] Invalid PhysX transform detected for /World/scene_0/controllable__r1__robot_xblfuw/left_eef_link.
2026-05-12 16:19:03 [70,200ms] [Warning] [omni.physx.plugin] Invalid PhysX transform detected for /World/scene_0/controllable__r1__robot_xblfuw/right_gripper_link1.
2026-05-12 16:19:03 [70,200ms] [Warning] [omni.physx.plugin] Invalid PhysX transform detected for /World/scene_0/controllable__r1__robot_xblfuw/right_gripper_link2.
2026-05-12 16:19:03 [70,200ms] [Warning] [omni.physx.plugin] Invalid PhysX transform detected for /World/scene_0/controllable__r1__robot_xblfuw/right_eef_link.
2026-05-12 16:19:03 [70,285ms] [Warning] [omni.physx.plugin] Invalid PhysX transform detected for /World/scene_0/controllable__r1__robot_xblfuw/base_footprint_y.
2026-05-12 16:19:03 [70,285ms] [Warning] [omni.physx.plugin] Invalid PhysX transform detected for /World/scene_0/controllable__r1__robot_xblfuw/base_footprint_z.
2026-05-12 16:19:03 [70,285ms] [Warning] [omni.physx.plugin] Invalid PhysX transform detected for /World/scene_0/controllable__r1__robot_xblfuw/base_footprint_rx.
2026-05-12 16:19:03 [70,285ms] [Warning] [omni.physx.plugin] Invalid PhysX transform detected for /World/scene_0/controllable__r1__robot_xblfuw/base_footprint_ry.
2026-05-12 16:19:03 [70,285ms] [Warning] [omni.physx.plugin] Invalid PhysX transform detected for /World/scene_0/controllable__r1__robot_xblfuw/base_footprint_rz.
2026-05-12 16:19:03 [70,285ms] [Warning] [omni.physx.plugin] Invalid PhysX transform detected for /World/scene_0/controllable__r1__robot_xblfuw/base_link.
2026-05-12 16:19:03 [70,285ms] [Warning] [omni.physx.plugin] Invalid PhysX transform detected for /World/scene_0/controllable__r1__robot_xblfuw/servo_link1.
2026-05-12 16:19:03 [70,285ms] [Warning] [omni.physx.plugin] Invalid PhysX transform detected for /World/scene_0/controllable__r1__robot_xblfuw/servo_link2.
2026-05-12 16:19:03 [70,285ms] [Warning] [omni.physx.plugin] Invalid PhysX transform detected for /World/scene_0/controllable__r1__robot_xblfuw/servo_link3.
2026-05-12 16:19:03 [70,285ms] [Warning] [omni.physx.plugin] Invalid PhysX transform detected for /World/scene_0/controllable__r1__robot_xblfuw/torso_link1.
2026-05-12 16:19:03 [70,285ms] [Warning] [omni.physx.plugin] Invalid PhysX transform detected for /World/scene_0/controllable__r1__robot_xblfuw/wheel_link1.
2026-05-12 16:19:03 [70,285ms] [Warning] [omni.physx.plugin] Invalid PhysX transform detected for /World/scene_0/controllable__r1__robot_xblfuw/wheel_link2.
2026-05-12 16:19:03 [70,285ms] [Warning] [omni.physx.plugin] Invalid PhysX transform detected for /World/scene_0/controllable__r1__robot_xblfuw/wheel_link3.
2026-05-12 16:19:03 [70,286ms] [Warning] [omni.physx.plugin] Invalid PhysX transform detected for /World/scene_0/controllable__r1__robot_xblfuw/torso_link2.
2026-05-12 16:19:03 [70,286ms] [Warning] [omni.physx.plugin] Invalid PhysX transform detected for /World/scene_0/controllable__r1__robot_xblfuw/torso_link3.
2026-05-12 16:19:03 [70,286ms] [Warning] [omni.physx.plugin] Invalid PhysX transform detected for /World/scene_0/controllable__r1__robot_xblfuw/torso_link4.
2026-05-12 16:19:03 [70,286ms] [Warning] [omni.physx.plugin] Invalid PhysX transform detected for /World/scene_0/controllable__r1__robot_xblfuw/left_arm_link1.
2026-05-12 16:19:03 [70,286ms] [Warning] [omni.physx.plugin] Invalid PhysX transform detected for /World/scene_0/controllable__r1__robot_xblfuw/right_arm_link1.
2026-05-12 16:19:03 [70,286ms] [Warning] [omni.physx.plugin] Invalid PhysX transform detected for /World/scene_0/controllable__r1__robot_xblfuw/eyes.
2026-05-12 16:19:03 [70,286ms] [Warning] [omni.physx.plugin] Invalid PhysX transform detected for /World/scene_0/controllable__r1__robot_xblfuw/left_arm_link2.
2026-05-12 16:19:03 [70,286ms] [Warning] [omni.physx.plugin] Invalid PhysX transform detected for /World/scene_0/controllable__r1__robot_xblfuw/right_arm_link2.
2026-05-12 16:19:03 [70,286ms] [Warning] [omni.physx.plugin] Invalid PhysX transform detected for /World/scene_0/controllable__r1__robot_xblfuw/left_arm_link3.
2026-05-12 16:19:03 [70,286ms] [Warning] [omni.physx.plugin] Invalid PhysX transform detected for /World/scene_0/controllable__r1__robot_xblfuw/right_arm_link3.
2026-05-12 16:19:03 [70,286ms] [Warning] [omni.physx.plugin] Invalid PhysX transform detected for /World/scene_0/controllable__r1__robot_xblfuw/left_arm_link4.
2026-05-12 16:19:03 [70,286ms] [Warning] [omni.physx.plugin] Invalid PhysX transform detected for /World/scene_0/controllable__r1__robot_xblfuw/right_arm_link4.
2026-05-12 16:19:03 [70,286ms] [Warning] [omni.physx.plugin] Invalid PhysX transform detected for /World/scene_0/controllable__r1__robot_xblfuw/left_arm_link5.
2026-05-12 16:19:03 [70,286ms] [Warning] [omni.physx.plugin] Invalid PhysX transform detected for /World/scene_0/controllable__r1__robot_xblfuw/right_arm_link5.
2026-05-12 16:19:03 [70,286ms] [Warning] [omni.physx.plugin] Invalid PhysX transform detected for /World/scene_0/controllable__r1__robot_xblfuw/left_arm_link6.
2026-05-12 16:19:03 [70,286ms] [Warning] [omni.physx.plugin] Invalid PhysX transform detected for /World/scene_0/controllable__r1__robot_xblfuw/right_arm_link6.
2026-05-12 16:19:03 [70,286ms] [Warning] [omni.physx.plugin] Invalid PhysX transform detected for /World/scene_0/controllable__r1__robot_xblfuw/left_gripper_link1.
2026-05-12 16:19:03 [70,286ms] [Warning] [omni.physx.plugin] Invalid PhysX transform detected for /World/scene_0/controllable__r1__robot_xblfuw/left_gripper_link2.
2026-05-12 16:19:03 [70,286ms] [Warning] [omni.physx.plugin] Invalid PhysX transform detected for /World/scene_0/controllable__r1__robot_xblfuw/left_eef_link.
2026-05-12 16:19:03 [70,286ms] [Warning] [omni.physx.plugin] Invalid PhysX transform detected for /World/scene_0/controllable__r1__robot_xblfuw/right_gripper_link1.
2026-05-12 16:19:03 [70,286ms] [Warning] [omni.physx.plugin] Invalid PhysX transform detected for /World/scene_0/controllable__r1__robot_xblfuw/right_gripper_link2.
2026-05-12 16:19:03 [70,286ms] [Warning] [omni.physx.plugin] Invalid PhysX transform detected for /World/scene_0/controllable__r1__robot_xblfuw/right_eef_link.
2026-05-12 16:19:03 [70,369ms] [Warning] [omni.physx.plugin] Invalid PhysX transform detected for /World/scene_0/controllable__r1__robot_xblfuw/base_footprint_y.
2026-05-12 16:19:03 [70,369ms] [Warning] [omni.physx.plugin] Invalid PhysX transform detected for /World/scene_0/controllable__r1__robot_xblfuw/base_footprint_z.
2026-05-12 16:19:03 [70,369ms] [Warning] [omni.physx.plugin] Invalid PhysX transform detected for /World/scene_0/controllable__r1__robot_xblfuw/base_footprint_rx.
2026-05-12 16:19:03 [70,369ms] [Warning] [omni.physx.plugin] Invalid PhysX transform detected for /World/scene_0/controllable__r1__robot_xblfuw/base_footprint_ry.
2026-05-12 16:19:03 [70,369ms] [Warning] [omni.physx.plugin] Invalid PhysX transform detected for /World/scene_0/controllable__r1__robot_xblfuw/base_footprint_rz.
2026-05-12 16:19:03 [70,369ms] [Warning] [omni.physx.plugin] Invalid PhysX transform detected for /World/scene_0/controllable__r1__robot_xblfuw/base_link.
2026-05-12 16:19:03 [70,369ms] [Warning] [omni.physx.plugin] Invalid PhysX transform detected for /World/scene_0/controllable__r1__robot_xblfuw/servo_link1.
2026-05-12 16:19:03 [70,369ms] [Warning] [omni.physx.plugin] Invalid PhysX transform detected for /World/scene_0/controllable__r1__robot_xblfuw/servo_link2.
2026-05-12 16:19:03 [70,369ms] [Warning] [omni.physx.plugin] Invalid PhysX transform detected for /World/scene_0/controllable__r1__robot_xblfuw/servo_link3.
2026-05-12 16:19:03 [70,369ms] [Warning] [omni.physx.plugin] Invalid PhysX transform detected for /World/scene_0/controllable__r1__robot_xblfuw/torso_link1.
2026-05-12 16:19:03 [70,369ms] [Warning] [omni.physx.plugin] Invalid PhysX transform detected for /World/scene_0/controllable__r1__robot_xblfuw/wheel_link1.
2026-05-12 16:19:03 [70,369ms] [Warning] [omni.physx.plugin] Invalid PhysX transform detected for /World/scene_0/controllable__r1__robot_xblfuw/wheel_link2.
2026-05-12 16:19:03 [70,369ms] [Warning] [omni.physx.plugin] Invalid PhysX transform detected for /World/scene_0/controllable__r1__robot_xblfuw/wheel_link3.
2026-05-12 16:19:03 [70,369ms] [Warning] [omni.physx.plugin] Invalid PhysX transform detected for /World/scene_0/controllable__r1__robot_xblfuw/torso_link2.
2026-05-12 16:19:03 [70,369ms] [Warning] [omni.physx.plugin] Invalid PhysX transform detected for /World/scene_0/controllable__r1__robot_xblfuw/torso_link3.
2026-05-12 16:19:03 [70,369ms] [Warning] [omni.physx.plugin] Invalid PhysX transform detected for /World/scene_0/controllable__r1__robot_xblfuw/torso_link4.
2026-05-12 16:19:03 [70,369ms] [Warning] [omni.physx.plugin] Invalid PhysX transform detected for /World/scene_0/controllable__r1__robot_xblfuw/left_arm_link1.
2026-05-12 16:19:03 [70,369ms] [Warning] [omni.physx.plugin] Invalid PhysX transform detected for /World/scene_0/controllable__r1__robot_xblfuw/right_arm_link1.
2026-05-12 16:19:03 [70,369ms] [Warning] [omni.physx.plugin] Invalid PhysX transform detected for /World/scene_0/controllable__r1__robot_xblfuw/eyes.
2026-05-12 16:19:03 [70,369ms] [Warning] [omni.physx.plugin] Invalid PhysX transform detected for /World/scene_0/controllable__r1__robot_xblfuw/left_arm_link2.
2026-05-12 16:19:03 [70,369ms] [Warning] [omni.physx.plugin] Invalid PhysX transform detected for /World/scene_0/controllable__r1__robot_xblfuw/right_arm_link2.
2026-05-12 16:19:03 [70,369ms] [Warning] [omni.physx.plugin] Invalid PhysX transform detected for /World/scene_0/controllable__r1__robot_xblfuw/left_arm_link3.
2026-05-12 16:19:03 [70,369ms] [Warning] [omni.physx.plugin] Invalid PhysX transform detected for /World/scene_0/controllable__r1__robot_xblfuw/right_arm_link3.
2026-05-12 16:19:03 [70,369ms] [Warning] [omni.physx.plugin] Invalid PhysX transform detected for /World/scene_0/controllable__r1__robot_xblfuw/left_arm_link4.
2026-05-12 16:19:03 [70,369ms] [Warning] [omni.physx.plugin] Invalid PhysX transform detected for /World/scene_0/controllable__r1__robot_xblfuw/right_arm_link4.
2026-05-12 16:19:03 [70,369ms] [Warning] [omni.physx.plugin] Invalid PhysX transform detected for /World/scene_0/controllable__r1__robot_xblfuw/left_arm_link5.
2026-05-12 16:19:03 [70,369ms] [Warning] [omni.physx.plugin] Invalid PhysX transform detected for /World/scene_0/controllable__r1__robot_xblfuw/right_arm_link5.
2026-05-12 16:19:03 [70,369ms] [Warning] [omni.physx.plugin] Invalid PhysX transform detected for /World/scene_0/controllable__r1__robot_xblfuw/left_arm_link6.
2026-05-12 16:19:03 [70,369ms] [Warning] [omni.physx.plugin] Invalid PhysX transform detected for /World/scene_0/controllable__r1__robot_xblfuw/right_arm_link6.
2026-05-12 16:19:03 [70,369ms] [Warning] [omni.physx.plugin] Invalid PhysX transform detected for /World/scene_0/controllable__r1__robot_xblfuw/left_gripper_link1.
2026-05-12 16:19:03 [70,369ms] [Warning] [omni.physx.plugin] Invalid PhysX transform detected for /World/scene_0/controllable__r1__robot_xblfuw/left_gripper_link2.
2026-05-12 16:19:03 [70,369ms] [Warning] [omni.physx.plugin] Invalid PhysX transform detected for /World/scene_0/controllable__r1__robot_xblfuw/left_eef_link.
2026-05-12 16:19:03 [70,369ms] [Warning] [omni.physx.plugin] Invalid PhysX transform detected for /World/scene_0/controllable__r1__robot_xblfuw/right_gripper_link1.
2026-05-12 16:19:03 [70,369ms] [Warning] [omni.physx.plugin] Invalid PhysX transform detected for /World/scene_0/controllable__r1__robot_xblfuw/right_gripper_link2.
2026-05-12 16:19:03 [70,369ms] [Warning] [omni.physx.plugin] Invalid PhysX transform detected for /World/scene_0/controllable__r1__robot_xblfuw/right_eef_link.
2026-05-12 16:19:03 [70,454ms] [Warning] [omni.physx.plugin] Invalid PhysX transform detected for /World/scene_0/controllable__r1__robot_xblfuw/base_footprint_y.
2026-05-12 16:19:03 [70,454ms] [Warning] [omni.physx.plugin] Invalid PhysX transform detected for /World/scene_0/controllable__r1__robot_xblfuw/base_footprint_z.
2026-05-12 16:19:03 [70,454ms] [Warning] [omni.physx.plugin] Invalid PhysX transform detected for /World/scene_0/controllable__r1__robot_xblfuw/base_footprint_rx.
2026-05-12 16:19:03 [70,454ms] [Warning] [omni.physx.plugin] Invalid PhysX transform detected for /World/scene_0/controllable__r1__robot_xblfuw/base_footprint_ry.
2026-05-12 16:19:03 [70,454ms] [Warning] [omni.physx.plugin] Invalid PhysX transform detected for /World/scene_0/controllable__r1__robot_xblfuw/base_footprint_rz.
2026-05-12 16:19:03 [70,454ms] [Warning] [omni.physx.plugin] Invalid PhysX transform detected for /World/scene_0/controllable__r1__robot_xblfuw/base_link.
2026-05-12 16:19:03 [70,454ms] [Warning] [omni.physx.plugin] Invalid PhysX transform detected for /World/scene_0/controllable__r1__robot_xblfuw/servo_link1.
2026-05-12 16:19:03 [70,454ms] [Warning] [omni.physx.plugin] Invalid PhysX transform detected for /World/scene_0/controllable__r1__robot_xblfuw/servo_link2.
2026-05-12 16:19:03 [70,454ms] [Warning] [omni.physx.plugin] Invalid PhysX transform detected for /World/scene_0/controllable__r1__robot_xblfuw/servo_link3.
2026-05-12 16:19:03 [70,454ms] [Warning] [omni.physx.plugin] Invalid PhysX transform detected for /World/scene_0/controllable__r1__robot_xblfuw/torso_link1.
2026-05-12 16:19:03 [70,454ms] [Warning] [omni.physx.plugin] Invalid PhysX transform detected for /World/scene_0/controllable__r1__robot_xblfuw/wheel_link1.
2026-05-12 16:19:03 [70,454ms] [Warning] [omni.physx.plugin] Invalid PhysX transform detected for /World/scene_0/controllable__r1__robot_xblfuw/wheel_link2.
2026-05-12 16:19:03 [70,454ms] [Warning] [omni.physx.plugin] Invalid PhysX transform detected for /World/scene_0/controllable__r1__robot_xblfuw/wheel_link3.
2026-05-12 16:19:03 [70,454ms] [Warning] [omni.physx.plugin] Invalid PhysX transform detected for /World/scene_0/controllable__r1__robot_xblfuw/torso_link2.
2026-05-12 16:19:03 [70,454ms] [Warning] [omni.physx.plugin] Invalid PhysX transform detected for /World/scene_0/controllable__r1__robot_xblfuw/torso_link3.
2026-05-12 16:19:03 [70,454ms] [Warning] [omni.physx.plugin] Invalid PhysX transform detected for /World/scene_0/controllable__r1__robot_xblfuw/torso_link4.
2026-05-12 16:19:03 [70,454ms] [Warning] [omni.physx.plugin] Invalid PhysX transform detected for /World/scene_0/controllable__r1__robot_xblfuw/left_arm_link1.
2026-05-12 16:19:03 [70,454ms] [Warning] [omni.physx.plugin] Invalid PhysX transform detected for /World/scene_0/controllable__r1__robot_xblfuw/right_arm_link1.
2026-05-12 16:19:03 [70,454ms] [Warning] [omni.physx.plugin] Invalid PhysX transform detected for /World/scene_0/controllable__r1__robot_xblfuw/eyes.
2026-05-12 16:19:03 [70,454ms] [Warning] [omni.physx.plugin] Invalid PhysX transform detected for /World/scene_0/controllable__r1__robot_xblfuw/left_arm_link2.
2026-05-12 16:19:03 [70,454ms] [Warning] [omni.physx.plugin] Invalid PhysX transform detected for /World/scene_0/controllable__r1__robot_xblfuw/right_arm_link2.
2026-05-12 16:19:03 [70,454ms] [Warning] [omni.physx.plugin] Invalid PhysX transform detected for /World/scene_0/controllable__r1__robot_xblfuw/left_arm_link3.
2026-05-12 16:19:03 [70,454ms] [Warning] [omni.physx.plugin] Invalid PhysX transform detected for /World/scene_0/controllable__r1__robot_xblfuw/right_arm_link3.
2026-05-12 16:19:03 [70,454ms] [Warning] [omni.physx.plugin] Invalid PhysX transform detected for /World/scene_0/controllable__r1__robot_xblfuw/left_arm_link4.
2026-05-12 16:19:03 [70,454ms] [Warning] [omni.physx.plugin] Invalid PhysX transform detected for /World/scene_0/controllable__r1__robot_xblfuw/right_arm_link4.
2026-05-12 16:19:03 [70,454ms] [Warning] [omni.physx.plugin] Invalid PhysX transform detected for /World/scene_0/controllable__r1__robot_xblfuw/left_arm_link5.
2026-05-12 16:19:03 [70,454ms] [Warning] [omni.physx.plugin] Invalid PhysX transform detected for /World/scene_0/controllable__r1__robot_xblfuw/right_arm_link5.
2026-05-12 16:19:03 [70,454ms] [Warning] [omni.physx.plugin] Invalid PhysX transform detected for /World/scene_0/controllable__r1__robot_xblfuw/left_arm_link6.
2026-05-12 16:19:03 [70,454ms] [Warning] [omni.physx.plugin] Invalid PhysX transform detected for /World/scene_0/controllable__r1__robot_xblfuw/right_arm_link6.
2026-05-12 16:19:03 [70,454ms] [Warning] [omni.physx.plugin] Invalid PhysX transform detected for /World/scene_0/controllable__r1__robot_xblfuw/left_gripper_link1.
2026-05-12 16:19:03 [70,454ms] [Warning] [omni.physx.plugin] Invalid PhysX transform detected for /World/scene_0/controllable__r1__robot_xblfuw/left_gripper_link2.
2026-05-12 16:19:03 [70,454ms] [Warning] [omni.physx.plugin] Invalid PhysX transform detected for /World/scene_0/controllable__r1__robot_xblfuw/left_eef_link.
2026-05-12 16:19:03 [70,454ms] [Warning] [omni.physx.plugin] Invalid PhysX transform detected for /World/scene_0/controllable__r1__robot_xblfuw/right_gripper_link1.
2026-05-12 16:19:03 [70,454ms] [Warning] [omni.physx.plugin] Invalid PhysX transform detected for /World/scene_0/controllable__r1__robot_xblfuw/right_gripper_link2.
2026-05-12 16:19:03 [70,454ms] [Warning] [omni.physx.plugin] Invalid PhysX transform detected for /World/scene_0/controllable__r1__robot_xblfuw/right_eef_link.
2026-05-12 16:19:03 [70,542ms] [Warning] [omni.physx.plugin] Invalid PhysX transform detected for /World/scene_0/controllable__r1__robot_xblfuw/base_footprint_y.
2026-05-12 16:19:03 [70,543ms] [Warning] [omni.physx.plugin] Invalid PhysX transform detected for /World/scene_0/controllable__r1__robot_xblfuw/base_footprint_z.
2026-05-12 16:19:03 [70,543ms] [Warning] [omni.physx.plugin] Invalid PhysX transform detected for /World/scene_0/controllable__r1__robot_xblfuw/base_footprint_rx.
2026-05-12 16:19:03 [70,543ms] [Warning] [omni.physx.plugin] Invalid PhysX transform detected for /World/scene_0/controllable__r1__robot_xblfuw/base_footprint_ry.
2026-05-12 16:19:03 [70,543ms] [Warning] [omni.physx.plugin] Invalid PhysX transform detected for /World/scene_0/controllable__r1__robot_xblfuw/base_footprint_rz.
2026-05-12 16:19:03 [70,543ms] [Warning] [omni.physx.plugin] Invalid PhysX transform detected for /World/scene_0/controllable__r1__robot_xblfuw/base_link.
2026-05-12 16:19:03 [70,543ms] [Warning] [omni.physx.plugin] Invalid PhysX transform detected for /World/scene_0/controllable__r1__robot_xblfuw/servo_link1.
2026-05-12 16:19:03 [70,543ms] [Warning] [omni.physx.plugin] Invalid PhysX transform detected for /World/scene_0/controllable__r1__robot_xblfuw/servo_link2.
2026-05-12 16:19:03 [70,543ms] [Warning] [omni.physx.plugin] Invalid PhysX transform detected for /World/scene_0/controllable__r1__robot_xblfuw/servo_link3.
2026-05-12 16:19:03 [70,543ms] [Warning] [omni.physx.plugin] Invalid PhysX transform detected for /World/scene_0/controllable__r1__robot_xblfuw/torso_link1.
2026-05-12 16:19:03 [70,543ms] [Warning] [omni.physx.plugin] Invalid PhysX transform detected for /World/scene_0/controllable__r1__robot_xblfuw/wheel_link1.
2026-05-12 16:19:03 [70,543ms] [Warning] [omni.physx.plugin] Invalid PhysX transform detected for /World/scene_0/controllable__r1__robot_xblfuw/wheel_link2.
2026-05-12 16:19:03 [70,543ms] [Warning] [omni.physx.plugin] Invalid PhysX transform detected for /World/scene_0/controllable__r1__robot_xblfuw/wheel_link3.
2026-05-12 16:19:03 [70,543ms] [Warning] [omni.physx.plugin] Invalid PhysX transform detected for /World/scene_0/controllable__r1__robot_xblfuw/torso_link2.
2026-05-12 16:19:03 [70,543ms] [Warning] [omni.physx.plugin] Invalid PhysX transform detected for /World/scene_0/controllable__r1__robot_xblfuw/torso_link3.
2026-05-12 16:19:03 [70,543ms] [Warning] [omni.physx.plugin] Invalid PhysX transform detected for /World/scene_0/controllable__r1__robot_xblfuw/torso_link4.
2026-05-12 16:19:03 [70,543ms] [Warning] [omni.physx.plugin] Invalid PhysX transform detected for /World/scene_0/controllable__r1__robot_xblfuw/left_arm_link1.
2026-05-12 16:19:03 [70,543ms] [Warning] [omni.physx.plugin] Invalid PhysX transform detected for /World/scene_0/controllable__r1__robot_xblfuw/right_arm_link1.
2026-05-12 16:19:03 [70,543ms] [Warning] [omni.physx.plugin] Invalid PhysX transform detected for /World/scene_0/controllable__r1__robot_xblfuw/eyes.
2026-05-12 16:19:03 [70,543ms] [Warning] [omni.physx.plugin] Invalid PhysX transform detected for /World/scene_0/controllable__r1__robot_xblfuw/left_arm_link2.
2026-05-12 16:19:03 [70,543ms] [Warning] [omni.physx.plugin] Invalid PhysX transform detected for /World/scene_0/controllable__r1__robot_xblfuw/right_arm_link2.
2026-05-12 16:19:03 [70,543ms] [Warning] [omni.physx.plugin] Invalid PhysX transform detected for /World/scene_0/controllable__r1__robot_xblfuw/left_arm_link3.
2026-05-12 16:19:03 [70,543ms] [Warning] [omni.physx.plugin] Invalid PhysX transform detected for /World/scene_0/controllable__r1__robot_xblfuw/right_arm_link3.
2026-05-12 16:19:03 [70,543ms] [Warning] [omni.physx.plugin] Invalid PhysX transform detected for /World/scene_0/controllable__r1__robot_xblfuw/left_arm_link4.
2026-05-12 16:19:03 [70,543ms] [Warning] [omni.physx.plugin] Invalid PhysX transform detected for /World/scene_0/controllable__r1__robot_xblfuw/right_arm_link4.
2026-05-12 16:19:03 [70,543ms] [Warning] [omni.physx.plugin] Invalid PhysX transform detected for /World/scene_0/controllable__r1__robot_xblfuw/left_arm_link5.
2026-05-12 16:19:03 [70,543ms] [Warning] [omni.physx.plugin] Invalid PhysX transform detected for /World/scene_0/controllable__r1__robot_xblfuw/right_arm_link5.
2026-05-12 16:19:03 [70,543ms] [Warning] [omni.physx.plugin] Invalid PhysX transform detected for /World/scene_0/controllable__r1__robot_xblfuw/left_arm_link6.
2026-05-12 16:19:03 [70,543ms] [Warning] [omni.physx.plugin] Invalid PhysX transform detected for /World/scene_0/controllable__r1__robot_xblfuw/right_arm_link6.
2026-05-12 16:19:03 [70,543ms] [Warning] [omni.physx.plugin] Invalid PhysX transform detected for /World/scene_0/controllable__r1__robot_xblfuw/left_gripper_link1.
2026-05-12 16:19:03 [70,543ms] [Warning] [omni.physx.plugin] Invalid PhysX transform detected for /World/scene_0/controllable__r1__robot_xblfuw/left_gripper_link2.
2026-05-12 16:19:03 [70,543ms] [Warning] [omni.physx.plugin] Invalid PhysX transform detected for /World/scene_0/controllable__r1__robot_xblfuw/left_eef_link.
2026-05-12 16:19:03 [70,543ms] [Warning] [omni.physx.plugin] Invalid PhysX transform detected for /World/scene_0/controllable__r1__robot_xblfuw/right_gripper_link1.
2026-05-12 16:19:03 [70,543ms] [Warning] [omni.physx.plugin] Invalid PhysX transform detected for /World/scene_0/controllable__r1__robot_xblfuw/right_gripper_link2.
2026-05-12 16:19:03 [70,543ms] [Warning] [omni.physx.plugin] Invalid PhysX transform detected for /World/scene_0/controllable__r1__robot_xblfuw/right_eef_link.
2026-05-12 16:19:03 [70,626ms] [Warning] [omni.physx.plugin] Invalid PhysX transform detected for /World/scene_0/controllable__r1__robot_xblfuw/base_footprint_y.
2026-05-12 16:19:03 [70,626ms] [Warning] [omni.physx.plugin] Invalid PhysX transform detected for /World/scene_0/controllable__r1__robot_xblfuw/base_footprint_z.
2026-05-12 16:19:03 [70,626ms] [Warning] [omni.physx.plugin] Invalid PhysX transform detected for /World/scene_0/controllable__r1__robot_xblfuw/base_footprint_rx.
2026-05-12 16:19:03 [70,626ms] [Warning] [omni.physx.plugin] Invalid PhysX transform detected for /World/scene_0/controllable__r1__robot_xblfuw/base_footprint_ry.
2026-05-12 16:19:03 [70,626ms] [Warning] [omni.physx.plugin] Invalid PhysX transform detected for /World/scene_0/controllable__r1__robot_xblfuw/base_footprint_rz.
2026-05-12 16:19:03 [70,626ms] [Warning] [omni.physx.plugin] Invalid PhysX transform detected for /World/scene_0/controllable__r1__robot_xblfuw/base_link.
2026-05-12 16:19:03 [70,626ms] [Warning] [omni.physx.plugin] Invalid PhysX transform detected for /World/scene_0/controllable__r1__robot_xblfuw/servo_link1.
2026-05-12 16:19:03 [70,626ms] [Warning] [omni.physx.plugin] Invalid PhysX transform detected for /World/scene_0/controllable__r1__robot_xblfuw/servo_link2.
2026-05-12 16:19:03 [70,626ms] [Warning] [omni.physx.plugin] Invalid PhysX transform detected for /World/scene_0/controllable__r1__robot_xblfuw/servo_link3.
2026-05-12 16:19:03 [70,626ms] [Warning] [omni.physx.plugin] Invalid PhysX transform detected for /World/scene_0/controllable__r1__robot_xblfuw/torso_link1.
2026-05-12 16:19:03 [70,626ms] [Warning] [omni.physx.plugin] Invalid PhysX transform detected for /World/scene_0/controllable__r1__robot_xblfuw/wheel_link1.
2026-05-12 16:19:03 [70,626ms] [Warning] [omni.physx.plugin] Invalid PhysX transform detected for /World/scene_0/controllable__r1__robot_xblfuw/wheel_link2.
2026-05-12 16:19:03 [70,626ms] [Warning] [omni.physx.plugin] Invalid PhysX transform detected for /World/scene_0/controllable__r1__robot_xblfuw/wheel_link3.
2026-05-12 16:19:03 [70,626ms] [Warning] [omni.physx.plugin] Invalid PhysX transform detected for /World/scene_0/controllable__r1__robot_xblfuw/torso_link2.
2026-05-12 16:19:03 [70,626ms] [Warning] [omni.physx.plugin] Invalid PhysX transform detected for /World/scene_0/controllable__r1__robot_xblfuw/torso_link3.
2026-05-12 16:19:03 [70,626ms] [Warning] [omni.physx.plugin] Invalid PhysX transform detected for /World/scene_0/controllable__r1__robot_xblfuw/torso_link4.
2026-05-12 16:19:03 [70,626ms] [Warning] [omni.physx.plugin] Invalid PhysX transform detected for /World/scene_0/controllable__r1__robot_xblfuw/left_arm_link1.
2026-05-12 16:19:03 [70,626ms] [Warning] [omni.physx.plugin] Invalid PhysX transform detected for /World/scene_0/controllable__r1__robot_xblfuw/right_arm_link1.
2026-05-12 16:19:03 [70,626ms] [Warning] [omni.physx.plugin] Invalid PhysX transform detected for /World/scene_0/controllable__r1__robot_xblfuw/eyes.
2026-05-12 16:19:03 [70,626ms] [Warning] [omni.physx.plugin] Invalid PhysX transform detected for /World/scene_0/controllable__r1__robot_xblfuw/left_arm_link2.
2026-05-12 16:19:03 [70,626ms] [Warning] [omni.physx.plugin] Invalid PhysX transform detected for /World/scene_0/controllable__r1__robot_xblfuw/right_arm_link2.
2026-05-12 16:19:03 [70,626ms] [Warning] [omni.physx.plugin] Invalid PhysX transform detected for /World/scene_0/controllable__r1__robot_xblfuw/left_arm_link3.
2026-05-12 16:19:03 [70,626ms] [Warning] [omni.physx.plugin] Invalid PhysX transform detected for /World/scene_0/controllable__r1__robot_xblfuw/right_arm_link3.
2026-05-12 16:19:03 [70,626ms] [Warning] [omni.physx.plugin] Invalid PhysX transform detected for /World/scene_0/controllable__r1__robot_xblfuw/left_arm_link4.
2026-05-12 16:19:03 [70,626ms] [Warning] [omni.physx.plugin] Invalid PhysX transform detected for /World/scene_0/controllable__r1__robot_xblfuw/right_arm_link4.
2026-05-12 16:19:03 [70,626ms] [Warning] [omni.physx.plugin] Invalid PhysX transform detected for /World/scene_0/controllable__r1__robot_xblfuw/left_arm_link5.
2026-05-12 16:19:03 [70,626ms] [Warning] [omni.physx.plugin] Invalid PhysX transform detected for /World/scene_0/controllable__r1__robot_xblfuw/right_arm_link5.
2026-05-12 16:19:03 [70,626ms] [Warning] [omni.physx.plugin] Invalid PhysX transform detected for /World/scene_0/controllable__r1__robot_xblfuw/left_arm_link6.
2026-05-12 16:19:03 [70,626ms] [Warning] [omni.physx.plugin] Invalid PhysX transform detected for /World/scene_0/controllable__r1__robot_xblfuw/right_arm_link6.
2026-05-12 16:19:03 [70,626ms] [Warning] [omni.physx.plugin] Invalid PhysX transform detected for /World/scene_0/controllable__r1__robot_xblfuw/left_gripper_link1.
2026-05-12 16:19:03 [70,626ms] [Warning] [omni.physx.plugin] Invalid PhysX transform detected for /World/scene_0/controllable__r1__robot_xblfuw/left_gripper_link2.
2026-05-12 16:19:03 [70,626ms] [Warning] [omni.physx.plugin] Invalid PhysX transform detected for /World/scene_0/controllable__r1__robot_xblfuw/left_eef_link.
2026-05-12 16:19:03 [70,626ms] [Warning] [omni.physx.plugin] Invalid PhysX transform detected for /World/scene_0/controllable__r1__robot_xblfuw/right_gripper_link1.
2026-05-12 16:19:03 [70,626ms] [Warning] [omni.physx.plugin] Invalid PhysX transform detected for /World/scene_0/controllable__r1__robot_xblfuw/right_gripper_link2.
2026-05-12 16:19:03 [70,626ms] [Warning] [omni.physx.plugin] Invalid PhysX transform detected for /World/scene_0/controllable__r1__robot_xblfuw/right_eef_link.
2026-05-12 16:19:03 [70,710ms] [Warning] [omni.physx.plugin] Invalid PhysX transform detected for /World/scene_0/controllable__r1__robot_xblfuw/base_footprint_y.
2026-05-12 16:19:03 [70,710ms] [Warning] [omni.physx.plugin] Invalid PhysX transform detected for /World/scene_0/controllable__r1__robot_xblfuw/base_footprint_z.
2026-05-12 16:19:03 [70,710ms] [Warning] [omni.physx.plugin] Invalid PhysX transform detected for /World/scene_0/controllable__r1__robot_xblfuw/base_footprint_rx.
2026-05-12 16:19:03 [70,710ms] [Warning] [omni.physx.plugin] Invalid PhysX transform detected for /World/scene_0/controllable__r1__robot_xblfuw/base_footprint_ry.
2026-05-12 16:19:03 [70,710ms] [Warning] [omni.physx.plugin] Invalid PhysX transform detected for /World/scene_0/controllable__r1__robot_xblfuw/base_footprint_rz.
2026-05-12 16:19:03 [70,710ms] [Warning] [omni.physx.plugin] Invalid PhysX transform detected for /World/scene_0/controllable__r1__robot_xblfuw/base_link.
2026-05-12 16:19:03 [70,710ms] [Warning] [omni.physx.plugin] Invalid PhysX transform detected for /World/scene_0/controllable__r1__robot_xblfuw/servo_link1.
2026-05-12 16:19:03 [70,710ms] [Warning] [omni.physx.plugin] Invalid PhysX transform detected for /World/scene_0/controllable__r1__robot_xblfuw/servo_link2.
2026-05-12 16:19:03 [70,710ms] [Warning] [omni.physx.plugin] Invalid PhysX transform detected for /World/scene_0/controllable__r1__robot_xblfuw/servo_link3.
2026-05-12 16:19:03 [70,710ms] [Warning] [omni.physx.plugin] Invalid PhysX transform detected for /World/scene_0/controllable__r1__robot_xblfuw/torso_link1.
2026-05-12 16:19:03 [70,710ms] [Warning] [omni.physx.plugin] Invalid PhysX transform detected for /World/scene_0/controllable__r1__robot_xblfuw/wheel_link1.
2026-05-12 16:19:03 [70,710ms] [Warning] [omni.physx.plugin] Invalid PhysX transform detected for /World/scene_0/controllable__r1__robot_xblfuw/wheel_link2.
2026-05-12 16:19:03 [70,710ms] [Warning] [omni.physx.plugin] Invalid PhysX transform detected for /World/scene_0/controllable__r1__robot_xblfuw/wheel_link3.
2026-05-12 16:19:03 [70,710ms] [Warning] [omni.physx.plugin] Invalid PhysX transform detected for /World/scene_0/controllable__r1__robot_xblfuw/torso_link2.
2026-05-12 16:19:03 [70,710ms] [Warning] [omni.physx.plugin] Invalid PhysX transform detected for /World/scene_0/controllable__r1__robot_xblfuw/torso_link3.
2026-05-12 16:19:03 [70,710ms] [Warning] [omni.physx.plugin] Invalid PhysX transform detected for /World/scene_0/controllable__r1__robot_xblfuw/torso_link4.
2026-05-12 16:19:03 [70,710ms] [Warning] [omni.physx.plugin] Invalid PhysX transform detected for /World/scene_0/controllable__r1__robot_xblfuw/left_arm_link1.
2026-05-12 16:19:03 [70,710ms] [Warning] [omni.physx.plugin] Invalid PhysX transform detected for /World/scene_0/controllable__r1__robot_xblfuw/right_arm_link1.
2026-05-12 16:19:03 [70,710ms] [Warning] [omni.physx.plugin] Invalid PhysX transform detected for /World/scene_0/controllable__r1__robot_xblfuw/eyes.
2026-05-12 16:19:03 [70,710ms] [Warning] [omni.physx.plugin] Invalid PhysX transform detected for /World/scene_0/controllable__r1__robot_xblfuw/left_arm_link2.
2026-05-12 16:19:03 [70,710ms] [Warning] [omni.physx.plugin] Invalid PhysX transform detected for /World/scene_0/controllable__r1__robot_xblfuw/right_arm_link2.
2026-05-12 16:19:03 [70,710ms] [Warning] [omni.physx.plugin] Invalid PhysX transform detected for /World/scene_0/controllable__r1__robot_xblfuw/left_arm_link3.
2026-05-12 16:19:03 [70,710ms] [Warning] [omni.physx.plugin] Invalid PhysX transform detected for /World/scene_0/controllable__r1__robot_xblfuw/right_arm_link3.
2026-05-12 16:19:03 [70,710ms] [Warning] [omni.physx.plugin] Invalid PhysX transform detected for /World/scene_0/controllable__r1__robot_xblfuw/left_arm_link4.
2026-05-12 16:19:03 [70,710ms] [Warning] [omni.physx.plugin] Invalid PhysX transform detected for /World/scene_0/controllable__r1__robot_xblfuw/right_arm_link4.
2026-05-12 16:19:03 [70,710ms] [Warning] [omni.physx.plugin] Invalid PhysX transform detected for /World/scene_0/controllable__r1__robot_xblfuw/left_arm_link5.
2026-05-12 16:19:03 [70,710ms] [Warning] [omni.physx.plugin] Invalid PhysX transform detected for /World/scene_0/controllable__r1__robot_xblfuw/right_arm_link5.
2026-05-12 16:19:03 [70,710ms] [Warning] [omni.physx.plugin] Invalid PhysX transform detected for /World/scene_0/controllable__r1__robot_xblfuw/left_arm_link6.
2026-05-12 16:19:03 [70,710ms] [Warning] [omni.physx.plugin] Invalid PhysX transform detected for /World/scene_0/controllable__r1__robot_xblfuw/right_arm_link6.
2026-05-12 16:19:03 [70,710ms] [Warning] [omni.physx.plugin] Invalid PhysX transform detected for /World/scene_0/controllable__r1__robot_xblfuw/left_gripper_link1.
2026-05-12 16:19:03 [70,710ms] [Warning] [omni.physx.plugin] Invalid PhysX transform detected for /World/scene_0/controllable__r1__robot_xblfuw/left_gripper_link2.
2026-05-12 16:19:03 [70,710ms] [Warning] [omni.physx.plugin] Invalid PhysX transform detected for /World/scene_0/controllable__r1__robot_xblfuw/left_eef_link.
2026-05-12 16:19:03 [70,710ms] [Warning] [omni.physx.plugin] Invalid PhysX transform detected for /World/scene_0/controllable__r1__robot_xblfuw/right_gripper_link1.
2026-05-12 16:19:03 [70,710ms] [Warning] [omni.physx.plugin] Invalid PhysX transform detected for /World/scene_0/controllable__r1__robot_xblfuw/right_gripper_link2.
2026-05-12 16:19:03 [70,710ms] [Warning] [omni.physx.plugin] Invalid PhysX transform detected for /World/scene_0/controllable__r1__robot_xblfuw/right_eef_link.
2026-05-12 16:19:03 [70,794ms] [Warning] [omni.physx.plugin] Invalid PhysX transform detected for /World/scene_0/controllable__r1__robot_xblfuw/base_footprint_y.
2026-05-12 16:19:03 [70,794ms] [Warning] [omni.physx.plugin] Invalid PhysX transform detected for /World/scene_0/controllable__r1__robot_xblfuw/base_footprint_z.
2026-05-12 16:19:03 [70,794ms] [Warning] [omni.physx.plugin] Invalid PhysX transform detected for /World/scene_0/controllable__r1__robot_xblfuw/base_footprint_rx.
2026-05-12 16:19:03 [70,795ms] [Warning] [omni.physx.plugin] Invalid PhysX transform detected for /World/scene_0/controllable__r1__robot_xblfuw/base_footprint_ry.
2026-05-12 16:19:03 [70,795ms] [Warning] [omni.physx.plugin] Invalid PhysX transform detected for /World/scene_0/controllable__r1__robot_xblfuw/base_footprint_rz.
2026-05-12 16:19:03 [70,795ms] [Warning] [omni.physx.plugin] Invalid PhysX transform detected for /World/scene_0/controllable__r1__robot_xblfuw/base_link.
2026-05-12 16:19:03 [70,795ms] [Warning] [omni.physx.plugin] Invalid PhysX transform detected for /World/scene_0/controllable__r1__robot_xblfuw/servo_link1.
2026-05-12 16:19:03 [70,795ms] [Warning] [omni.physx.plugin] Invalid PhysX transform detected for /World/scene_0/controllable__r1__robot_xblfuw/servo_link2.
2026-05-12 16:19:03 [70,795ms] [Warning] [omni.physx.plugin] Invalid PhysX transform detected for /World/scene_0/controllable__r1__robot_xblfuw/servo_link3.
2026-05-12 16:19:03 [70,795ms] [Warning] [omni.physx.plugin] Invalid PhysX transform detected for /World/scene_0/controllable__r1__robot_xblfuw/torso_link1.
2026-05-12 16:19:03 [70,795ms] [Warning] [omni.physx.plugin] Invalid PhysX transform detected for /World/scene_0/controllable__r1__robot_xblfuw/wheel_link1.
2026-05-12 16:19:03 [70,795ms] [Warning] [omni.physx.plugin] Invalid PhysX transform detected for /World/scene_0/controllable__r1__robot_xblfuw/wheel_link2.
2026-05-12 16:19:03 [70,795ms] [Warning] [omni.physx.plugin] Invalid PhysX transform detected for /World/scene_0/controllable__r1__robot_xblfuw/wheel_link3.
2026-05-12 16:19:03 [70,795ms] [Warning] [omni.physx.plugin] Invalid PhysX transform detected for /World/scene_0/controllable__r1__robot_xblfuw/torso_link2.
2026-05-12 16:19:03 [70,795ms] [Warning] [omni.physx.plugin] Invalid PhysX transform detected for /World/scene_0/controllable__r1__robot_xblfuw/torso_link3.
2026-05-12 16:19:03 [70,795ms] [Warning] [omni.physx.plugin] Invalid PhysX transform detected for /World/scene_0/controllable__r1__robot_xblfuw/torso_link4.
2026-05-12 16:19:03 [70,795ms] [Warning] [omni.physx.plugin] Invalid PhysX transform detected for /World/scene_0/controllable__r1__robot_xblfuw/left_arm_link1.
2026-05-12 16:19:03 [70,795ms] [Warning] [omni.physx.plugin] Invalid PhysX transform detected for /World/scene_0/controllable__r1__robot_xblfuw/right_arm_link1.
2026-05-12 16:19:03 [70,795ms] [Warning] [omni.physx.plugin] Invalid PhysX transform detected for /World/scene_0/controllable__r1__robot_xblfuw/eyes.
2026-05-12 16:19:03 [70,795ms] [Warning] [omni.physx.plugin] Invalid PhysX transform detected for /World/scene_0/controllable__r1__robot_xblfuw/left_arm_link2.
2026-05-12 16:19:03 [70,795ms] [Warning] [omni.physx.plugin] Invalid PhysX transform detected for /World/scene_0/controllable__r1__robot_xblfuw/right_arm_link2.
2026-05-12 16:19:03 [70,795ms] [Warning] [omni.physx.plugin] Invalid PhysX transform detected for /World/scene_0/controllable__r1__robot_xblfuw/left_arm_link3.
2026-05-12 16:19:03 [70,795ms] [Warning] [omni.physx.plugin] Invalid PhysX transform detected for /World/scene_0/controllable__r1__robot_xblfuw/right_arm_link3.
2026-05-12 16:19:03 [70,795ms] [Warning] [omni.physx.plugin] Invalid PhysX transform detected for /World/scene_0/controllable__r1__robot_xblfuw/left_arm_link4.
2026-05-12 16:19:03 [70,795ms] [Warning] [omni.physx.plugin] Invalid PhysX transform detected for /World/scene_0/controllable__r1__robot_xblfuw/right_arm_link4.
2026-05-12 16:19:03 [70,795ms] [Warning] [omni.physx.plugin] Invalid PhysX transform detected for /World/scene_0/controllable__r1__robot_xblfuw/left_arm_link5.
2026-05-12 16:19:03 [70,795ms] [Warning] [omni.physx.plugin] Invalid PhysX transform detected for /World/scene_0/controllable__r1__robot_xblfuw/right_arm_link5.
2026-05-12 16:19:03 [70,795ms] [Warning] [omni.physx.plugin] Invalid PhysX transform detected for /World/scene_0/controllable__r1__robot_xblfuw/left_arm_link6.
2026-05-12 16:19:03 [70,795ms] [Warning] [omni.physx.plugin] Invalid PhysX transform detected for /World/scene_0/controllable__r1__robot_xblfuw/right_arm_link6.
2026-05-12 16:19:03 [70,795ms] [Warning] [omni.physx.plugin] Invalid PhysX transform detected for /World/scene_0/controllable__r1__robot_xblfuw/left_gripper_link1.
2026-05-12 16:19:03 [70,795ms] [Warning] [omni.physx.plugin] Invalid PhysX transform detected for /World/scene_0/controllable__r1__robot_xblfuw/left_gripper_link2.
2026-05-12 16:19:03 [70,795ms] [Warning] [omni.physx.plugin] Invalid PhysX transform detected for /World/scene_0/controllable__r1__robot_xblfuw/left_eef_link.
2026-05-12 16:19:03 [70,795ms] [Warning] [omni.physx.plugin] Invalid PhysX transform detected for /World/scene_0/controllable__r1__robot_xblfuw/right_gripper_link1.
2026-05-12 16:19:03 [70,795ms] [Warning] [omni.physx.plugin] Invalid PhysX transform detected for /World/scene_0/controllable__r1__robot_xblfuw/right_gripper_link2.
2026-05-12 16:19:03 [70,795ms] [Warning] [omni.physx.plugin] Invalid PhysX transform detected for /World/scene_0/controllable__r1__robot_xblfuw/right_eef_link.
2026-05-12 16:19:04 [70,876ms] [Warning] [omni.physx.plugin] Invalid PhysX transform detected for /World/scene_0/controllable__r1__robot_xblfuw/base_footprint_y.
2026-05-12 16:19:04 [70,876ms] [Warning] [omni.physx.plugin] Invalid PhysX transform detected for /World/scene_0/controllable__r1__robot_xblfuw/base_footprint_z.
2026-05-12 16:19:04 [70,876ms] [Warning] [omni.physx.plugin] Invalid PhysX transform detected for /World/scene_0/controllable__r1__robot_xblfuw/base_footprint_rx.
2026-05-12 16:19:04 [70,876ms] [Warning] [omni.physx.plugin] Invalid PhysX transform detected for /World/scene_0/controllable__r1__robot_xblfuw/base_footprint_ry.
2026-05-12 16:19:04 [70,876ms] [Warning] [omni.physx.plugin] Invalid PhysX transform detected for /World/scene_0/controllable__r1__robot_xblfuw/base_footprint_rz.
2026-05-12 16:19:04 [70,876ms] [Warning] [omni.physx.plugin] Invalid PhysX transform detected for /World/scene_0/controllable__r1__robot_xblfuw/base_link.
2026-05-12 16:19:04 [70,876ms] [Warning] [omni.physx.plugin] Invalid PhysX transform detected for /World/scene_0/controllable__r1__robot_xblfuw/servo_link1.
2026-05-12 16:19:04 [70,876ms] [Warning] [omni.physx.plugin] Invalid PhysX transform detected for /World/scene_0/controllable__r1__robot_xblfuw/servo_link2.
2026-05-12 16:19:04 [70,876ms] [Warning] [omni.physx.plugin] Invalid PhysX transform detected for /World/scene_0/controllable__r1__robot_xblfuw/servo_link3.
2026-05-12 16:19:04 [70,876ms] [Warning] [omni.physx.plugin] Invalid PhysX transform detected for /World/scene_0/controllable__r1__robot_xblfuw/torso_link1.
2026-05-12 16:19:04 [70,876ms] [Warning] [omni.physx.plugin] Invalid PhysX transform detected for /World/scene_0/controllable__r1__robot_xblfuw/wheel_link1.
2026-05-12 16:19:04 [70,876ms] [Warning] [omni.physx.plugin] Invalid PhysX transform detected for /World/scene_0/controllable__r1__robot_xblfuw/wheel_link2.
2026-05-12 16:19:04 [70,876ms] [Warning] [omni.physx.plugin] Invalid PhysX transform detected for /World/scene_0/controllable__r1__robot_xblfuw/wheel_link3.
2026-05-12 16:19:04 [70,876ms] [Warning] [omni.physx.plugin] Invalid PhysX transform detected for /World/scene_0/controllable__r1__robot_xblfuw/torso_link2.
2026-05-12 16:19:04 [70,876ms] [Warning] [omni.physx.plugin] Invalid PhysX transform detected for /World/scene_0/controllable__r1__robot_xblfuw/torso_link3.
2026-05-12 16:19:04 [70,876ms] [Warning] [omni.physx.plugin] Invalid PhysX transform detected for /World/scene_0/controllable__r1__robot_xblfuw/torso_link4.
2026-05-12 16:19:04 [70,876ms] [Warning] [omni.physx.plugin] Invalid PhysX transform detected for /World/scene_0/controllable__r1__robot_xblfuw/left_arm_link1.
2026-05-12 16:19:04 [70,876ms] [Warning] [omni.physx.plugin] Invalid PhysX transform detected for /World/scene_0/controllable__r1__robot_xblfuw/right_arm_link1.
2026-05-12 16:19:04 [70,876ms] [Warning] [omni.physx.plugin] Invalid PhysX transform detected for /World/scene_0/controllable__r1__robot_xblfuw/eyes.
2026-05-12 16:19:04 [70,876ms] [Warning] [omni.physx.plugin] Invalid PhysX transform detected for /World/scene_0/controllable__r1__robot_xblfuw/left_arm_link2.
2026-05-12 16:19:04 [70,876ms] [Warning] [omni.physx.plugin] Invalid PhysX transform detected for /World/scene_0/controllable__r1__robot_xblfuw/right_arm_link2.
2026-05-12 16:19:04 [70,876ms] [Warning] [omni.physx.plugin] Invalid PhysX transform detected for /World/scene_0/controllable__r1__robot_xblfuw/left_arm_link3.
2026-05-12 16:19:04 [70,876ms] [Warning] [omni.physx.plugin] Invalid PhysX transform detected for /World/scene_0/controllable__r1__robot_xblfuw/right_arm_link3.
2026-05-12 16:19:04 [70,876ms] [Warning] [omni.physx.plugin] Invalid PhysX transform detected for /World/scene_0/controllable__r1__robot_xblfuw/left_arm_link4.
2026-05-12 16:19:04 [70,876ms] [Warning] [omni.physx.plugin] Invalid PhysX transform detected for /World/scene_0/controllable__r1__robot_xblfuw/right_arm_link4.
2026-05-12 16:19:04 [70,876ms] [Warning] [omni.physx.plugin] Invalid PhysX transform detected for /World/scene_0/controllable__r1__robot_xblfuw/left_arm_link5.
2026-05-12 16:19:04 [70,876ms] [Warning] [omni.physx.plugin] Invalid PhysX transform detected for /World/scene_0/controllable__r1__robot_xblfuw/right_arm_link5.
2026-05-12 16:19:04 [70,876ms] [Warning] [omni.physx.plugin] Invalid PhysX transform detected for /World/scene_0/controllable__r1__robot_xblfuw/left_arm_link6.
2026-05-12 16:19:04 [70,876ms] [Warning] [omni.physx.plugin] Invalid PhysX transform detected for /World/scene_0/controllable__r1__robot_xblfuw/right_arm_link6.
2026-05-12 16:19:04 [70,876ms] [Warning] [omni.physx.plugin] Invalid PhysX transform detected for /World/scene_0/controllable__r1__robot_xblfuw/left_gripper_link1.
2026-05-12 16:19:04 [70,876ms] [Warning] [omni.physx.plugin] Invalid PhysX transform detected for /World/scene_0/controllable__r1__robot_xblfuw/left_gripper_link2.
2026-05-12 16:19:04 [70,876ms] [Warning] [omni.physx.plugin] Invalid PhysX transform detected for /World/scene_0/controllable__r1__robot_xblfuw/left_eef_link.
2026-05-12 16:19:04 [70,876ms] [Warning] [omni.physx.plugin] Invalid PhysX transform detected for /World/scene_0/controllable__r1__robot_xblfuw/right_gripper_link1.
2026-05-12 16:19:04 [70,876ms] [Warning] [omni.physx.plugin] Invalid PhysX transform detected for /World/scene_0/controllable__r1__robot_xblfuw/right_gripper_link2.
2026-05-12 16:19:04 [70,876ms] [Warning] [omni.physx.plugin] Invalid PhysX transform detected for /World/scene_0/controllable__r1__robot_xblfuw/right_eef_link.
2026-05-12 16:19:04 [70,958ms] [Warning] [omni.physx.plugin] Invalid PhysX transform detected for /World/scene_0/controllable__r1__robot_xblfuw/base_footprint_y.
2026-05-12 16:19:04 [70,958ms] [Warning] [omni.physx.plugin] Invalid PhysX transform detected for /World/scene_0/controllable__r1__robot_xblfuw/base_footprint_z.
2026-05-12 16:19:04 [70,958ms] [Warning] [omni.physx.plugin] Invalid PhysX transform detected for /World/scene_0/controllable__r1__robot_xblfuw/base_footprint_rx.
2026-05-12 16:19:04 [70,958ms] [Warning] [omni.physx.plugin] Invalid PhysX transform detected for /World/scene_0/controllable__r1__robot_xblfuw/base_footprint_ry.
2026-05-12 16:19:04 [70,958ms] [Warning] [omni.physx.plugin] Invalid PhysX transform detected for /World/scene_0/controllable__r1__robot_xblfuw/base_footprint_rz.
2026-05-12 16:19:04 [70,958ms] [Warning] [omni.physx.plugin] Invalid PhysX transform detected for /World/scene_0/controllable__r1__robot_xblfuw/base_link.
2026-05-12 16:19:04 [70,958ms] [Warning] [omni.physx.plugin] Invalid PhysX transform detected for /World/scene_0/controllable__r1__robot_xblfuw/servo_link1.
2026-05-12 16:19:04 [70,958ms] [Warning] [omni.physx.plugin] Invalid PhysX transform detected for /World/scene_0/controllable__r1__robot_xblfuw/servo_link2.
2026-05-12 16:19:04 [70,958ms] [Warning] [omni.physx.plugin] Invalid PhysX transform detected for /World/scene_0/controllable__r1__robot_xblfuw/servo_link3.
2026-05-12 16:19:04 [70,958ms] [Warning] [omni.physx.plugin] Invalid PhysX transform detected for /World/scene_0/controllable__r1__robot_xblfuw/torso_link1.
2026-05-12 16:19:04 [70,958ms] [Warning] [omni.physx.plugin] Invalid PhysX transform detected for /World/scene_0/controllable__r1__robot_xblfuw/wheel_link1.
2026-05-12 16:19:04 [70,958ms] [Warning] [omni.physx.plugin] Invalid PhysX transform detected for /World/scene_0/controllable__r1__robot_xblfuw/wheel_link2.
2026-05-12 16:19:04 [70,958ms] [Warning] [omni.physx.plugin] Invalid PhysX transform detected for /World/scene_0/controllable__r1__robot_xblfuw/wheel_link3.
2026-05-12 16:19:04 [70,958ms] [Warning] [omni.physx.plugin] Invalid PhysX transform detected for /World/scene_0/controllable__r1__robot_xblfuw/torso_link2.
2026-05-12 16:19:04 [70,958ms] [Warning] [omni.physx.plugin] Invalid PhysX transform detected for /World/scene_0/controllable__r1__robot_xblfuw/torso_link3.
2026-05-12 16:19:04 [70,958ms] [Warning] [omni.physx.plugin] Invalid PhysX transform detected for /World/scene_0/controllable__r1__robot_xblfuw/torso_link4.
2026-05-12 16:19:04 [70,958ms] [Warning] [omni.physx.plugin] Invalid PhysX transform detected for /World/scene_0/controllable__r1__robot_xblfuw/left_arm_link1.
2026-05-12 16:19:04 [70,958ms] [Warning] [omni.physx.plugin] Invalid PhysX transform detected for /World/scene_0/controllable__r1__robot_xblfuw/right_arm_link1.
2026-05-12 16:19:04 [70,958ms] [Warning] [omni.physx.plugin] Invalid PhysX transform detected for /World/scene_0/controllable__r1__robot_xblfuw/eyes.
2026-05-12 16:19:04 [70,958ms] [Warning] [omni.physx.plugin] Invalid PhysX transform detected for /World/scene_0/controllable__r1__robot_xblfuw/left_arm_link2.
2026-05-12 16:19:04 [70,958ms] [Warning] [omni.physx.plugin] Invalid PhysX transform detected for /World/scene_0/controllable__r1__robot_xblfuw/right_arm_link2.
2026-05-12 16:19:04 [70,958ms] [Warning] [omni.physx.plugin] Invalid PhysX transform detected for /World/scene_0/controllable__r1__robot_xblfuw/left_arm_link3.
2026-05-12 16:19:04 [70,958ms] [Warning] [omni.physx.plugin] Invalid PhysX transform detected for /World/scene_0/controllable__r1__robot_xblfuw/right_arm_link3.
2026-05-12 16:19:04 [70,958ms] [Warning] [omni.physx.plugin] Invalid PhysX transform detected for /World/scene_0/controllable__r1__robot_xblfuw/left_arm_link4.
2026-05-12 16:19:04 [70,958ms] [Warning] [omni.physx.plugin] Invalid PhysX transform detected for /World/scene_0/controllable__r1__robot_xblfuw/right_arm_link4.
2026-05-12 16:19:04 [70,958ms] [Warning] [omni.physx.plugin] Invalid PhysX transform detected for /World/scene_0/controllable__r1__robot_xblfuw/left_arm_link5.
2026-05-12 16:19:04 [70,958ms] [Warning] [omni.physx.plugin] Invalid PhysX transform detected for /World/scene_0/controllable__r1__robot_xblfuw/right_arm_link5.
2026-05-12 16:19:04 [70,958ms] [Warning] [omni.physx.plugin] Invalid PhysX transform detected for /World/scene_0/controllable__r1__robot_xblfuw/left_arm_link6.
2026-05-12 16:19:04 [70,958ms] [Warning] [omni.physx.plugin] Invalid PhysX transform detected for /World/scene_0/controllable__r1__robot_xblfuw/right_arm_link6.
2026-05-12 16:19:04 [70,958ms] [Warning] [omni.physx.plugin] Invalid PhysX transform detected for /World/scene_0/controllable__r1__robot_xblfuw/left_gripper_link1.
2026-05-12 16:19:04 [70,958ms] [Warning] [omni.physx.plugin] Invalid PhysX transform detected for /World/scene_0/controllable__r1__robot_xblfuw/left_gripper_link2.
2026-05-12 16:19:04 [70,958ms] [Warning] [omni.physx.plugin] Invalid PhysX transform detected for /World/scene_0/controllable__r1__robot_xblfuw/left_eef_link.
2026-05-12 16:19:04 [70,958ms] [Warning] [omni.physx.plugin] Invalid PhysX transform detected for /World/scene_0/controllable__r1__robot_xblfuw/right_gripper_link1.
2026-05-12 16:19:04 [70,958ms] [Warning] [omni.physx.plugin] Invalid PhysX transform detected for /World/scene_0/controllable__r1__robot_xblfuw/right_gripper_link2.
2026-05-12 16:19:04 [70,958ms] [Warning] [omni.physx.plugin] Invalid PhysX transform detected for /World/scene_0/controllable__r1__robot_xblfuw/right_eef_link.
2026-05-12 16:19:04 [71,042ms] [Warning] [omni.physx.plugin] Invalid PhysX transform detected for /World/scene_0/controllable__r1__robot_xblfuw/base_footprint_y.
2026-05-12 16:19:04 [71,042ms] [Warning] [omni.physx.plugin] Invalid PhysX transform detected for /World/scene_0/controllable__r1__robot_xblfuw/base_footprint_z.
2026-05-12 16:19:04 [71,042ms] [Warning] [omni.physx.plugin] Invalid PhysX transform detected for /World/scene_0/controllable__r1__robot_xblfuw/base_footprint_rx.
2026-05-12 16:19:04 [71,042ms] [Warning] [omni.physx.plugin] Invalid PhysX transform detected for /World/scene_0/controllable__r1__robot_xblfuw/base_footprint_ry.
2026-05-12 16:19:04 [71,042ms] [Warning] [omni.physx.plugin] Invalid PhysX transform detected for /World/scene_0/controllable__r1__robot_xblfuw/base_footprint_rz.
2026-05-12 16:19:04 [71,042ms] [Warning] [omni.physx.plugin] Invalid PhysX transform detected for /World/scene_0/controllable__r1__robot_xblfuw/base_link.
2026-05-12 16:19:04 [71,043ms] [Warning] [omni.physx.plugin] Invalid PhysX transform detected for /World/scene_0/controllable__r1__robot_xblfuw/servo_link1.
2026-05-12 16:19:04 [71,043ms] [Warning] [omni.physx.plugin] Invalid PhysX transform detected for /World/scene_0/controllable__r1__robot_xblfuw/servo_link2.
2026-05-12 16:19:04 [71,043ms] [Warning] [omni.physx.plugin] Invalid PhysX transform detected for /World/scene_0/controllable__r1__robot_xblfuw/servo_link3.
2026-05-12 16:19:04 [71,043ms] [Warning] [omni.physx.plugin] Invalid PhysX transform detected for /World/scene_0/controllable__r1__robot_xblfuw/torso_link1.
2026-05-12 16:19:04 [71,043ms] [Warning] [omni.physx.plugin] Invalid PhysX transform detected for /World/scene_0/controllable__r1__robot_xblfuw/wheel_link1.
2026-05-12 16:19:04 [71,043ms] [Warning] [omni.physx.plugin] Invalid PhysX transform detected for /World/scene_0/controllable__r1__robot_xblfuw/wheel_link2.
2026-05-12 16:19:04 [71,043ms] [Warning] [omni.physx.plugin] Invalid PhysX transform detected for /World/scene_0/controllable__r1__robot_xblfuw/wheel_link3.
2026-05-12 16:19:04 [71,043ms] [Warning] [omni.physx.plugin] Invalid PhysX transform detected for /World/scene_0/controllable__r1__robot_xblfuw/torso_link2.
2026-05-12 16:19:04 [71,043ms] [Warning] [omni.physx.plugin] Invalid PhysX transform detected for /World/scene_0/controllable__r1__robot_xblfuw/torso_link3.
2026-05-12 16:19:04 [71,043ms] [Warning] [omni.physx.plugin] Invalid PhysX transform detected for /World/scene_0/controllable__r1__robot_xblfuw/torso_link4.
2026-05-12 16:19:04 [71,043ms] [Warning] [omni.physx.plugin] Invalid PhysX transform detected for /World/scene_0/controllable__r1__robot_xblfuw/left_arm_link1.
2026-05-12 16:19:04 [71,043ms] [Warning] [omni.physx.plugin] Invalid PhysX transform detected for /World/scene_0/controllable__r1__robot_xblfuw/right_arm_link1.
2026-05-12 16:19:04 [71,043ms] [Warning] [omni.physx.plugin] Invalid PhysX transform detected for /World/scene_0/controllable__r1__robot_xblfuw/eyes.
2026-05-12 16:19:04 [71,043ms] [Warning] [omni.physx.plugin] Invalid PhysX transform detected for /World/scene_0/controllable__r1__robot_xblfuw/left_arm_link2.
2026-05-12 16:19:04 [71,043ms] [Warning] [omni.physx.plugin] Invalid PhysX transform detected for /World/scene_0/controllable__r1__robot_xblfuw/right_arm_link2.
2026-05-12 16:19:04 [71,043ms] [Warning] [omni.physx.plugin] Invalid PhysX transform detected for /World/scene_0/controllable__r1__robot_xblfuw/left_arm_link3.
2026-05-12 16:19:04 [71,043ms] [Warning] [omni.physx.plugin] Invalid PhysX transform detected for /World/scene_0/controllable__r1__robot_xblfuw/right_arm_link3.
2026-05-12 16:19:04 [71,043ms] [Warning] [omni.physx.plugin] Invalid PhysX transform detected for /World/scene_0/controllable__r1__robot_xblfuw/left_arm_link4.
2026-05-12 16:19:04 [71,043ms] [Warning] [omni.physx.plugin] Invalid PhysX transform detected for /World/scene_0/controllable__r1__robot_xblfuw/right_arm_link4.
2026-05-12 16:19:04 [71,043ms] [Warning] [omni.physx.plugin] Invalid PhysX transform detected for /World/scene_0/controllable__r1__robot_xblfuw/left_arm_link5.
2026-05-12 16:19:04 [71,043ms] [Warning] [omni.physx.plugin] Invalid PhysX transform detected for /World/scene_0/controllable__r1__robot_xblfuw/right_arm_link5.
2026-05-12 16:19:04 [71,043ms] [Warning] [omni.physx.plugin] Invalid PhysX transform detected for /World/scene_0/controllable__r1__robot_xblfuw/left_arm_link6.
2026-05-12 16:19:04 [71,043ms] [Warning] [omni.physx.plugin] Invalid PhysX transform detected for /World/scene_0/controllable__r1__robot_xblfuw/right_arm_link6.
2026-05-12 16:19:04 [71,043ms] [Warning] [omni.physx.plugin] Invalid PhysX transform detected for /World/scene_0/controllable__r1__robot_xblfuw/left_gripper_link1.
2026-05-12 16:19:04 [71,043ms] [Warning] [omni.physx.plugin] Invalid PhysX transform detected for /World/scene_0/controllable__r1__robot_xblfuw/left_gripper_link2.
2026-05-12 16:19:04 [71,043ms] [Warning] [omni.physx.plugin] Invalid PhysX transform detected for /World/scene_0/controllable__r1__robot_xblfuw/left_eef_link.
2026-05-12 16:19:04 [71,043ms] [Warning] [omni.physx.plugin] Invalid PhysX transform detected for /World/scene_0/controllable__r1__robot_xblfuw/right_gripper_link1.
2026-05-12 16:19:04 [71,043ms] [Warning] [omni.physx.plugin] Invalid PhysX transform detected for /World/scene_0/controllable__r1__robot_xblfuw/right_gripper_link2.
2026-05-12 16:19:04 [71,043ms] [Warning] [omni.physx.plugin] Invalid PhysX transform detected for /World/scene_0/controllable__r1__robot_xblfuw/right_eef_link.
2026-05-12 16:19:04 [71,127ms] [Warning] [omni.physx.plugin] Invalid PhysX transform detected for /World/scene_0/controllable__r1__robot_xblfuw/base_footprint_y.
2026-05-12 16:19:04 [71,127ms] [Warning] [omni.physx.plugin] Invalid PhysX transform detected for /World/scene_0/controllable__r1__robot_xblfuw/base_footprint_z.
2026-05-12 16:19:04 [71,127ms] [Warning] [omni.physx.plugin] Invalid PhysX transform detected for /World/scene_0/controllable__r1__robot_xblfuw/base_footprint_rx.
2026-05-12 16:19:04 [71,127ms] [Warning] [omni.physx.plugin] Invalid PhysX transform detected for /World/scene_0/controllable__r1__robot_xblfuw/base_footprint_ry.
2026-05-12 16:19:04 [71,127ms] [Warning] [omni.physx.plugin] Invalid PhysX transform detected for /World/scene_0/controllable__r1__robot_xblfuw/base_footprint_rz.
2026-05-12 16:19:04 [71,127ms] [Warning] [omni.physx.plugin] Invalid PhysX transform detected for /World/scene_0/controllable__r1__robot_xblfuw/base_link.
2026-05-12 16:19:04 [71,127ms] [Warning] [omni.physx.plugin] Invalid PhysX transform detected for /World/scene_0/controllable__r1__robot_xblfuw/servo_link1.
2026-05-12 16:19:04 [71,127ms] [Warning] [omni.physx.plugin] Invalid PhysX transform detected for /World/scene_0/controllable__r1__robot_xblfuw/servo_link2.
2026-05-12 16:19:04 [71,127ms] [Warning] [omni.physx.plugin] Invalid PhysX transform detected for /World/scene_0/controllable__r1__robot_xblfuw/servo_link3.
2026-05-12 16:19:04 [71,127ms] [Warning] [omni.physx.plugin] Invalid PhysX transform detected for /World/scene_0/controllable__r1__robot_xblfuw/torso_link1.
2026-05-12 16:19:04 [71,127ms] [Warning] [omni.physx.plugin] Invalid PhysX transform detected for /World/scene_0/controllable__r1__robot_xblfuw/wheel_link1.
2026-05-12 16:19:04 [71,127ms] [Warning] [omni.physx.plugin] Invalid PhysX transform detected for /World/scene_0/controllable__r1__robot_xblfuw/wheel_link2.
2026-05-12 16:19:04 [71,127ms] [Warning] [omni.physx.plugin] Invalid PhysX transform detected for /World/scene_0/controllable__r1__robot_xblfuw/wheel_link3.
2026-05-12 16:19:04 [71,127ms] [Warning] [omni.physx.plugin] Invalid PhysX transform detected for /World/scene_0/controllable__r1__robot_xblfuw/torso_link2.
2026-05-12 16:19:04 [71,127ms] [Warning] [omni.physx.plugin] Invalid PhysX transform detected for /World/scene_0/controllable__r1__robot_xblfuw/torso_link3.
2026-05-12 16:19:04 [71,127ms] [Warning] [omni.physx.plugin] Invalid PhysX transform detected for /World/scene_0/controllable__r1__robot_xblfuw/torso_link4.
2026-05-12 16:19:04 [71,127ms] [Warning] [omni.physx.plugin] Invalid PhysX transform detected for /World/scene_0/controllable__r1__robot_xblfuw/left_arm_link1.
2026-05-12 16:19:04 [71,127ms] [Warning] [omni.physx.plugin] Invalid PhysX transform detected for /World/scene_0/controllable__r1__robot_xblfuw/right_arm_link1.
2026-05-12 16:19:04 [71,127ms] [Warning] [omni.physx.plugin] Invalid PhysX transform detected for /World/scene_0/controllable__r1__robot_xblfuw/eyes.
2026-05-12 16:19:04 [71,127ms] [Warning] [omni.physx.plugin] Invalid PhysX transform detected for /World/scene_0/controllable__r1__robot_xblfuw/left_arm_link2.
2026-05-12 16:19:04 [71,127ms] [Warning] [omni.physx.plugin] Invalid PhysX transform detected for /World/scene_0/controllable__r1__robot_xblfuw/right_arm_link2.
2026-05-12 16:19:04 [71,127ms] [Warning] [omni.physx.plugin] Invalid PhysX transform detected for /World/scene_0/controllable__r1__robot_xblfuw/left_arm_link3.
2026-05-12 16:19:04 [71,127ms] [Warning] [omni.physx.plugin] Invalid PhysX transform detected for /World/scene_0/controllable__r1__robot_xblfuw/right_arm_link3.
2026-05-12 16:19:04 [71,127ms] [Warning] [omni.physx.plugin] Invalid PhysX transform detected for /World/scene_0/controllable__r1__robot_xblfuw/left_arm_link4.
2026-05-12 16:19:04 [71,127ms] [Warning] [omni.physx.plugin] Invalid PhysX transform detected for /World/scene_0/controllable__r1__robot_xblfuw/right_arm_link4.
2026-05-12 16:19:04 [71,127ms] [Warning] [omni.physx.plugin] Invalid PhysX transform detected for /World/scene_0/controllable__r1__robot_xblfuw/left_arm_link5.
2026-05-12 16:19:04 [71,127ms] [Warning] [omni.physx.plugin] Invalid PhysX transform detected for /World/scene_0/controllable__r1__robot_xblfuw/right_arm_link5.
2026-05-12 16:19:04 [71,127ms] [Warning] [omni.physx.plugin] Invalid PhysX transform detected for /World/scene_0/controllable__r1__robot_xblfuw/left_arm_link6.
2026-05-12 16:19:04 [71,127ms] [Warning] [omni.physx.plugin] Invalid PhysX transform detected for /World/scene_0/controllable__r1__robot_xblfuw/right_arm_link6.
2026-05-12 16:19:04 [71,127ms] [Warning] [omni.physx.plugin] Invalid PhysX transform detected for /World/scene_0/controllable__r1__robot_xblfuw/left_gripper_link1.
2026-05-12 16:19:04 [71,127ms] [Warning] [omni.physx.plugin] Invalid PhysX transform detected for /World/scene_0/controllable__r1__robot_xblfuw/left_gripper_link2.
2026-05-12 16:19:04 [71,127ms] [Warning] [omni.physx.plugin] Invalid PhysX transform detected for /World/scene_0/controllable__r1__robot_xblfuw/left_eef_link.
2026-05-12 16:19:04 [71,127ms] [Warning] [omni.physx.plugin] Invalid PhysX transform detected for /World/scene_0/controllable__r1__robot_xblfuw/right_gripper_link1.
2026-05-12 16:19:04 [71,127ms] [Warning] [omni.physx.plugin] Invalid PhysX transform detected for /World/scene_0/controllable__r1__robot_xblfuw/right_gripper_link2.
2026-05-12 16:19:04 [71,127ms] [Warning] [omni.physx.plugin] Invalid PhysX transform detected for /World/scene_0/controllable__r1__robot_xblfuw/right_eef_link.
2026-05-12 16:19:04 [71,219ms] [Warning] [omni.physx.plugin] Invalid PhysX transform detected for /World/scene_0/controllable__r1__robot_xblfuw/base_footprint_y.
2026-05-12 16:19:04 [71,219ms] [Warning] [omni.physx.plugin] Invalid PhysX transform detected for /World/scene_0/controllable__r1__robot_xblfuw/base_footprint_z.
2026-05-12 16:19:04 [71,219ms] [Warning] [omni.physx.plugin] Invalid PhysX transform detected for /World/scene_0/controllable__r1__robot_xblfuw/base_footprint_rx.
2026-05-12 16:19:04 [71,219ms] [Warning] [omni.physx.plugin] Invalid PhysX transform detected for /World/scene_0/controllable__r1__robot_xblfuw/base_footprint_ry.
2026-05-12 16:19:04 [71,219ms] [Warning] [omni.physx.plugin] Invalid PhysX transform detected for /World/scene_0/controllable__r1__robot_xblfuw/base_footprint_rz.
2026-05-12 16:19:04 [71,219ms] [Warning] [omni.physx.plugin] Invalid PhysX transform detected for /World/scene_0/controllable__r1__robot_xblfuw/base_link.
2026-05-12 16:19:04 [71,219ms] [Warning] [omni.physx.plugin] Invalid PhysX transform detected for /World/scene_0/controllable__r1__robot_xblfuw/servo_link1.
2026-05-12 16:19:04 [71,219ms] [Warning] [omni.physx.plugin] Invalid PhysX transform detected for /World/scene_0/controllable__r1__robot_xblfuw/servo_link2.
2026-05-12 16:19:04 [71,219ms] [Warning] [omni.physx.plugin] Invalid PhysX transform detected for /World/scene_0/controllable__r1__robot_xblfuw/servo_link3.
2026-05-12 16:19:04 [71,219ms] [Warning] [omni.physx.plugin] Invalid PhysX transform detected for /World/scene_0/controllable__r1__robot_xblfuw/torso_link1.
2026-05-12 16:19:04 [71,219ms] [Warning] [omni.physx.plugin] Invalid PhysX transform detected for /World/scene_0/controllable__r1__robot_xblfuw/wheel_link1.
2026-05-12 16:19:04 [71,219ms] [Warning] [omni.physx.plugin] Invalid PhysX transform detected for /World/scene_0/controllable__r1__robot_xblfuw/wheel_link2.
2026-05-12 16:19:04 [71,219ms] [Warning] [omni.physx.plugin] Invalid PhysX transform detected for /World/scene_0/controllable__r1__robot_xblfuw/wheel_link3.
2026-05-12 16:19:04 [71,219ms] [Warning] [omni.physx.plugin] Invalid PhysX transform detected for /World/scene_0/controllable__r1__robot_xblfuw/torso_link2.
2026-05-12 16:19:04 [71,219ms] [Warning] [omni.physx.plugin] Invalid PhysX transform detected for /World/scene_0/controllable__r1__robot_xblfuw/torso_link3.
2026-05-12 16:19:04 [71,219ms] [Warning] [omni.physx.plugin] Invalid PhysX transform detected for /World/scene_0/controllable__r1__robot_xblfuw/torso_link4.
2026-05-12 16:19:04 [71,219ms] [Warning] [omni.physx.plugin] Invalid PhysX transform detected for /World/scene_0/controllable__r1__robot_xblfuw/left_arm_link1.
2026-05-12 16:19:04 [71,219ms] [Warning] [omni.physx.plugin] Invalid PhysX transform detected for /World/scene_0/controllable__r1__robot_xblfuw/right_arm_link1.
2026-05-12 16:19:04 [71,219ms] [Warning] [omni.physx.plugin] Invalid PhysX transform detected for /World/scene_0/controllable__r1__robot_xblfuw/eyes.
2026-05-12 16:19:04 [71,219ms] [Warning] [omni.physx.plugin] Invalid PhysX transform detected for /World/scene_0/controllable__r1__robot_xblfuw/left_arm_link2.
2026-05-12 16:19:04 [71,219ms] [Warning] [omni.physx.plugin] Invalid PhysX transform detected for /World/scene_0/controllable__r1__robot_xblfuw/right_arm_link2.
2026-05-12 16:19:04 [71,219ms] [Warning] [omni.physx.plugin] Invalid PhysX transform detected for /World/scene_0/controllable__r1__robot_xblfuw/left_arm_link3.
2026-05-12 16:19:04 [71,220ms] [Warning] [omni.physx.plugin] Invalid PhysX transform detected for /World/scene_0/controllable__r1__robot_xblfuw/right_arm_link3.
2026-05-12 16:19:04 [71,220ms] [Warning] [omni.physx.plugin] Invalid PhysX transform detected for /World/scene_0/controllable__r1__robot_xblfuw/left_arm_link4.
2026-05-12 16:19:04 [71,220ms] [Warning] [omni.physx.plugin] Invalid PhysX transform detected for /World/scene_0/controllable__r1__robot_xblfuw/right_arm_link4.
2026-05-12 16:19:04 [71,220ms] [Warning] [omni.physx.plugin] Invalid PhysX transform detected for /World/scene_0/controllable__r1__robot_xblfuw/left_arm_link5.
2026-05-12 16:19:04 [71,220ms] [Warning] [omni.physx.plugin] Invalid PhysX transform detected for /World/scene_0/controllable__r1__robot_xblfuw/right_arm_link5.
2026-05-12 16:19:04 [71,220ms] [Warning] [omni.physx.plugin] Invalid PhysX transform detected for /World/scene_0/controllable__r1__robot_xblfuw/left_arm_link6.
2026-05-12 16:19:04 [71,220ms] [Warning] [omni.physx.plugin] Invalid PhysX transform detected for /World/scene_0/controllable__r1__robot_xblfuw/right_arm_link6.
2026-05-12 16:19:04 [71,220ms] [Warning] [omni.physx.plugin] Invalid PhysX transform detected for /World/scene_0/controllable__r1__robot_xblfuw/left_gripper_link1.
2026-05-12 16:19:04 [71,220ms] [Warning] [omni.physx.plugin] Invalid PhysX transform detected for /World/scene_0/controllable__r1__robot_xblfuw/left_gripper_link2.
2026-05-12 16:19:04 [71,220ms] [Warning] [omni.physx.plugin] Invalid PhysX transform detected for /World/scene_0/controllable__r1__robot_xblfuw/left_eef_link.
2026-05-12 16:19:04 [71,220ms] [Warning] [omni.physx.plugin] Invalid PhysX transform detected for /World/scene_0/controllable__r1__robot_xblfuw/right_gripper_link1.
2026-05-12 16:19:04 [71,220ms] [Warning] [omni.physx.plugin] Invalid PhysX transform detected for /World/scene_0/controllable__r1__robot_xblfuw/right_gripper_link2.
2026-05-12 16:19:04 [71,220ms] [Warning] [omni.physx.plugin] Invalid PhysX transform detected for /World/scene_0/controllable__r1__robot_xblfuw/right_eef_link.
2026-05-12 16:19:04 [71,323ms] [Warning] [omni.physx.plugin] Invalid PhysX transform detected for /World/scene_0/controllable__r1__robot_xblfuw/base_footprint_y.
2026-05-12 16:19:04 [71,324ms] [Warning] [omni.physx.plugin] Invalid PhysX transform detected for /World/scene_0/controllable__r1__robot_xblfuw/base_footprint_z.
2026-05-12 16:19:04 [71,324ms] [Warning] [omni.physx.plugin] Invalid PhysX transform detected for /World/scene_0/controllable__r1__robot_xblfuw/base_footprint_rx.
2026-05-12 16:19:04 [71,324ms] [Warning] [omni.physx.plugin] Invalid PhysX transform detected for /World/scene_0/controllable__r1__robot_xblfuw/base_footprint_ry.
2026-05-12 16:19:04 [71,324ms] [Warning] [omni.physx.plugin] Invalid PhysX transform detected for /World/scene_0/controllable__r1__robot_xblfuw/base_footprint_rz.
2026-05-12 16:19:04 [71,324ms] [Warning] [omni.physx.plugin] Invalid PhysX transform detected for /World/scene_0/controllable__r1__robot_xblfuw/base_link.
2026-05-12 16:19:04 [71,324ms] [Warning] [omni.physx.plugin] Invalid PhysX transform detected for /World/scene_0/controllable__r1__robot_xblfuw/servo_link1.
2026-05-12 16:19:04 [71,324ms] [Warning] [omni.physx.plugin] Invalid PhysX transform detected for /World/scene_0/controllable__r1__robot_xblfuw/servo_link2.
2026-05-12 16:19:04 [71,324ms] [Warning] [omni.physx.plugin] Invalid PhysX transform detected for /World/scene_0/controllable__r1__robot_xblfuw/servo_link3.
2026-05-12 16:19:04 [71,324ms] [Warning] [omni.physx.plugin] Invalid PhysX transform detected for /World/scene_0/controllable__r1__robot_xblfuw/torso_link1.
2026-05-12 16:19:04 [71,324ms] [Warning] [omni.physx.plugin] Invalid PhysX transform detected for /World/scene_0/controllable__r1__robot_xblfuw/wheel_link1.
2026-05-12 16:19:04 [71,324ms] [Warning] [omni.physx.plugin] Invalid PhysX transform detected for /World/scene_0/controllable__r1__robot_xblfuw/wheel_link2.
2026-05-12 16:19:04 [71,324ms] [Warning] [omni.physx.plugin] Invalid PhysX transform detected for /World/scene_0/controllable__r1__robot_xblfuw/wheel_link3.
2026-05-12 16:19:04 [71,324ms] [Warning] [omni.physx.plugin] Invalid PhysX transform detected for /World/scene_0/controllable__r1__robot_xblfuw/torso_link2.
2026-05-12 16:19:04 [71,324ms] [Warning] [omni.physx.plugin] Invalid PhysX transform detected for /World/scene_0/controllable__r1__robot_xblfuw/torso_link3.
2026-05-12 16:19:04 [71,324ms] [Warning] [omni.physx.plugin] Invalid PhysX transform detected for /World/scene_0/controllable__r1__robot_xblfuw/torso_link4.
2026-05-12 16:19:04 [71,324ms] [Warning] [omni.physx.plugin] Invalid PhysX transform detected for /World/scene_0/controllable__r1__robot_xblfuw/left_arm_link1.
2026-05-12 16:19:04 [71,324ms] [Warning] [omni.physx.plugin] Invalid PhysX transform detected for /World/scene_0/controllable__r1__robot_xblfuw/right_arm_link1.
2026-05-12 16:19:04 [71,324ms] [Warning] [omni.physx.plugin] Invalid PhysX transform detected for /World/scene_0/controllable__r1__robot_xblfuw/eyes.
2026-05-12 16:19:04 [71,324ms] [Warning] [omni.physx.plugin] Invalid PhysX transform detected for /World/scene_0/controllable__r1__robot_xblfuw/left_arm_link2.
2026-05-12 16:19:04 [71,324ms] [Warning] [omni.physx.plugin] Invalid PhysX transform detected for /World/scene_0/controllable__r1__robot_xblfuw/right_arm_link2.
2026-05-12 16:19:04 [71,324ms] [Warning] [omni.physx.plugin] Invalid PhysX transform detected for /World/scene_0/controllable__r1__robot_xblfuw/left_arm_link3.
2026-05-12 16:19:04 [71,324ms] [Warning] [omni.physx.plugin] Invalid PhysX transform detected for /World/scene_0/controllable__r1__robot_xblfuw/right_arm_link3.
2026-05-12 16:19:04 [71,324ms] [Warning] [omni.physx.plugin] Invalid PhysX transform detected for /World/scene_0/controllable__r1__robot_xblfuw/left_arm_link4.
2026-05-12 16:19:04 [71,324ms] [Warning] [omni.physx.plugin] Invalid PhysX transform detected for /World/scene_0/controllable__r1__robot_xblfuw/right_arm_link4.
2026-05-12 16:19:04 [71,324ms] [Warning] [omni.physx.plugin] Invalid PhysX transform detected for /World/scene_0/controllable__r1__robot_xblfuw/left_arm_link5.
2026-05-12 16:19:04 [71,324ms] [Warning] [omni.physx.plugin] Invalid PhysX transform detected for /World/scene_0/controllable__r1__robot_xblfuw/right_arm_link5.
2026-05-12 16:19:04 [71,324ms] [Warning] [omni.physx.plugin] Invalid PhysX transform detected for /World/scene_0/controllable__r1__robot_xblfuw/left_arm_link6.
2026-05-12 16:19:04 [71,324ms] [Warning] [omni.physx.plugin] Invalid PhysX transform detected for /World/scene_0/controllable__r1__robot_xblfuw/right_arm_link6.
2026-05-12 16:19:04 [71,324ms] [Warning] [omni.physx.plugin] Invalid PhysX transform detected for /World/scene_0/controllable__r1__robot_xblfuw/left_gripper_link1.
2026-05-12 16:19:04 [71,324ms] [Warning] [omni.physx.plugin] Invalid PhysX transform detected for /World/scene_0/controllable__r1__robot_xblfuw/left_gripper_link2.
2026-05-12 16:19:04 [71,324ms] [Warning] [omni.physx.plugin] Invalid PhysX transform detected for /World/scene_0/controllable__r1__robot_xblfuw/left_eef_link.
2026-05-12 16:19:04 [71,324ms] [Warning] [omni.physx.plugin] Invalid PhysX transform detected for /World/scene_0/controllable__r1__robot_xblfuw/right_gripper_link1.
2026-05-12 16:19:04 [71,324ms] [Warning] [omni.physx.plugin] Invalid PhysX transform detected for /World/scene_0/controllable__r1__robot_xblfuw/right_gripper_link2.
2026-05-12 16:19:04 [71,324ms] [Warning] [omni.physx.plugin] Invalid PhysX transform detected for /World/scene_0/controllable__r1__robot_xblfuw/right_eef_link.
2026-05-12 16:19:04 [71,415ms] [Warning] [omni.physx.plugin] Invalid PhysX transform detected for /World/scene_0/controllable__r1__robot_xblfuw/base_footprint_y.
2026-05-12 16:19:04 [71,415ms] [Warning] [omni.physx.plugin] Invalid PhysX transform detected for /World/scene_0/controllable__r1__robot_xblfuw/base_footprint_z.
2026-05-12 16:19:04 [71,415ms] [Warning] [omni.physx.plugin] Invalid PhysX transform detected for /World/scene_0/controllable__r1__robot_xblfuw/base_footprint_rx.
2026-05-12 16:19:04 [71,415ms] [Warning] [omni.physx.plugin] Invalid PhysX transform detected for /World/scene_0/controllable__r1__robot_xblfuw/base_footprint_ry.
2026-05-12 16:19:04 [71,415ms] [Warning] [omni.physx.plugin] Invalid PhysX transform detected for /World/scene_0/controllable__r1__robot_xblfuw/base_footprint_rz.
2026-05-12 16:19:04 [71,415ms] [Warning] [omni.physx.plugin] Invalid PhysX transform detected for /World/scene_0/controllable__r1__robot_xblfuw/base_link.
2026-05-12 16:19:04 [71,415ms] [Warning] [omni.physx.plugin] Invalid PhysX transform detected for /World/scene_0/controllable__r1__robot_xblfuw/servo_link1.
2026-05-12 16:19:04 [71,415ms] [Warning] [omni.physx.plugin] Invalid PhysX transform detected for /World/scene_0/controllable__r1__robot_xblfuw/servo_link2.
2026-05-12 16:19:04 [71,415ms] [Warning] [omni.physx.plugin] Invalid PhysX transform detected for /World/scene_0/controllable__r1__robot_xblfuw/servo_link3.
2026-05-12 16:19:04 [71,416ms] [Warning] [omni.physx.plugin] Invalid PhysX transform detected for /World/scene_0/controllable__r1__robot_xblfuw/torso_link1.
2026-05-12 16:19:04 [71,416ms] [Warning] [omni.physx.plugin] Invalid PhysX transform detected for /World/scene_0/controllable__r1__robot_xblfuw/wheel_link1.
2026-05-12 16:19:04 [71,416ms] [Warning] [omni.physx.plugin] Invalid PhysX transform detected for /World/scene_0/controllable__r1__robot_xblfuw/wheel_link2.
2026-05-12 16:19:04 [71,416ms] [Warning] [omni.physx.plugin] Invalid PhysX transform detected for /World/scene_0/controllable__r1__robot_xblfuw/wheel_link3.
2026-05-12 16:19:04 [71,416ms] [Warning] [omni.physx.plugin] Invalid PhysX transform detected for /World/scene_0/controllable__r1__robot_xblfuw/torso_link2.
2026-05-12 16:19:04 [71,416ms] [Warning] [omni.physx.plugin] Invalid PhysX transform detected for /World/scene_0/controllable__r1__robot_xblfuw/torso_link3.
2026-05-12 16:19:04 [71,416ms] [Warning] [omni.physx.plugin] Invalid PhysX transform detected for /World/scene_0/controllable__r1__robot_xblfuw/torso_link4.
2026-05-12 16:19:04 [71,416ms] [Warning] [omni.physx.plugin] Invalid PhysX transform detected for /World/scene_0/controllable__r1__robot_xblfuw/left_arm_link1.
2026-05-12 16:19:04 [71,416ms] [Warning] [omni.physx.plugin] Invalid PhysX transform detected for /World/scene_0/controllable__r1__robot_xblfuw/right_arm_link1.
2026-05-12 16:19:04 [71,416ms] [Warning] [omni.physx.plugin] Invalid PhysX transform detected for /World/scene_0/controllable__r1__robot_xblfuw/eyes.
2026-05-12 16:19:04 [71,416ms] [Warning] [omni.physx.plugin] Invalid PhysX transform detected for /World/scene_0/controllable__r1__robot_xblfuw/left_arm_link2.
2026-05-12 16:19:04 [71,416ms] [Warning] [omni.physx.plugin] Invalid PhysX transform detected for /World/scene_0/controllable__r1__robot_xblfuw/right_arm_link2.
2026-05-12 16:19:04 [71,416ms] [Warning] [omni.physx.plugin] Invalid PhysX transform detected for /World/scene_0/controllable__r1__robot_xblfuw/left_arm_link3.
2026-05-12 16:19:04 [71,416ms] [Warning] [omni.physx.plugin] Invalid PhysX transform detected for /World/scene_0/controllable__r1__robot_xblfuw/right_arm_link3.
2026-05-12 16:19:04 [71,416ms] [Warning] [omni.physx.plugin] Invalid PhysX transform detected for /World/scene_0/controllable__r1__robot_xblfuw/left_arm_link4.
2026-05-12 16:19:04 [71,416ms] [Warning] [omni.physx.plugin] Invalid PhysX transform detected for /World/scene_0/controllable__r1__robot_xblfuw/right_arm_link4.
2026-05-12 16:19:04 [71,416ms] [Warning] [omni.physx.plugin] Invalid PhysX transform detected for /World/scene_0/controllable__r1__robot_xblfuw/left_arm_link5.
2026-05-12 16:19:04 [71,416ms] [Warning] [omni.physx.plugin] Invalid PhysX transform detected for /World/scene_0/controllable__r1__robot_xblfuw/right_arm_link5.
2026-05-12 16:19:04 [71,416ms] [Warning] [omni.physx.plugin] Invalid PhysX transform detected for /World/scene_0/controllable__r1__robot_xblfuw/left_arm_link6.
2026-05-12 16:19:04 [71,416ms] [Warning] [omni.physx.plugin] Invalid PhysX transform detected for /World/scene_0/controllable__r1__robot_xblfuw/right_arm_link6.
2026-05-12 16:19:04 [71,416ms] [Warning] [omni.physx.plugin] Invalid PhysX transform detected for /World/scene_0/controllable__r1__robot_xblfuw/left_gripper_link1.
2026-05-12 16:19:04 [71,416ms] [Warning] [omni.physx.plugin] Invalid PhysX transform detected for /World/scene_0/controllable__r1__robot_xblfuw/left_gripper_link2.
2026-05-12 16:19:04 [71,416ms] [Warning] [omni.physx.plugin] Invalid PhysX transform detected for /World/scene_0/controllable__r1__robot_xblfuw/left_eef_link.
2026-05-12 16:19:04 [71,416ms] [Warning] [omni.physx.plugin] Invalid PhysX transform detected for /World/scene_0/controllable__r1__robot_xblfuw/right_gripper_link1.
2026-05-12 16:19:04 [71,416ms] [Warning] [omni.physx.plugin] Invalid PhysX transform detected for /World/scene_0/controllable__r1__robot_xblfuw/right_gripper_link2.
2026-05-12 16:19:04 [71,416ms] [Warning] [omni.physx.plugin] Invalid PhysX transform detected for /World/scene_0/controllable__r1__robot_xblfuw/right_eef_link.
2026-05-12 16:19:04 [71,514ms] [Warning] [omni.physx.plugin] Invalid PhysX transform detected for /World/scene_0/controllable__r1__robot_xblfuw/base_footprint_y.
2026-05-12 16:19:04 [71,514ms] [Warning] [omni.physx.plugin] Invalid PhysX transform detected for /World/scene_0/controllable__r1__robot_xblfuw/base_footprint_z.
2026-05-12 16:19:04 [71,514ms] [Warning] [omni.physx.plugin] Invalid PhysX transform detected for /World/scene_0/controllable__r1__robot_xblfuw/base_footprint_rx.
2026-05-12 16:19:04 [71,514ms] [Warning] [omni.physx.plugin] Invalid PhysX transform detected for /World/scene_0/controllable__r1__robot_xblfuw/base_footprint_ry.
2026-05-12 16:19:04 [71,514ms] [Warning] [omni.physx.plugin] Invalid PhysX transform detected for /World/scene_0/controllable__r1__robot_xblfuw/base_footprint_rz.
2026-05-12 16:19:04 [71,514ms] [Warning] [omni.physx.plugin] Invalid PhysX transform detected for /World/scene_0/controllable__r1__robot_xblfuw/base_link.
2026-05-12 16:19:04 [71,514ms] [Warning] [omni.physx.plugin] Invalid PhysX transform detected for /World/scene_0/controllable__r1__robot_xblfuw/servo_link1.
2026-05-12 16:19:04 [71,514ms] [Warning] [omni.physx.plugin] Invalid PhysX transform detected for /World/scene_0/controllable__r1__robot_xblfuw/servo_link2.
2026-05-12 16:19:04 [71,514ms] [Warning] [omni.physx.plugin] Invalid PhysX transform detected for /World/scene_0/controllable__r1__robot_xblfuw/servo_link3.
2026-05-12 16:19:04 [71,514ms] [Warning] [omni.physx.plugin] Invalid PhysX transform detected for /World/scene_0/controllable__r1__robot_xblfuw/torso_link1.
2026-05-12 16:19:04 [71,514ms] [Warning] [omni.physx.plugin] Invalid PhysX transform detected for /World/scene_0/controllable__r1__robot_xblfuw/wheel_link1.
2026-05-12 16:19:04 [71,514ms] [Warning] [omni.physx.plugin] Invalid PhysX transform detected for /World/scene_0/controllable__r1__robot_xblfuw/wheel_link2.
2026-05-12 16:19:04 [71,514ms] [Warning] [omni.physx.plugin] Invalid PhysX transform detected for /World/scene_0/controllable__r1__robot_xblfuw/wheel_link3.
2026-05-12 16:19:04 [71,514ms] [Warning] [omni.physx.plugin] Invalid PhysX transform detected for /World/scene_0/controllable__r1__robot_xblfuw/torso_link2.
2026-05-12 16:19:04 [71,514ms] [Warning] [omni.physx.plugin] Invalid PhysX transform detected for /World/scene_0/controllable__r1__robot_xblfuw/torso_link3.
2026-05-12 16:19:04 [71,514ms] [Warning] [omni.physx.plugin] Invalid PhysX transform detected for /World/scene_0/controllable__r1__robot_xblfuw/torso_link4.
2026-05-12 16:19:04 [71,514ms] [Warning] [omni.physx.plugin] Invalid PhysX transform detected for /World/scene_0/controllable__r1__robot_xblfuw/left_arm_link1.
2026-05-12 16:19:04 [71,515ms] [Warning] [omni.physx.plugin] Invalid PhysX transform detected for /World/scene_0/controllable__r1__robot_xblfuw/right_arm_link1.
2026-05-12 16:19:04 [71,515ms] [Warning] [omni.physx.plugin] Invalid PhysX transform detected for /World/scene_0/controllable__r1__robot_xblfuw/eyes.
2026-05-12 16:19:04 [71,515ms] [Warning] [omni.physx.plugin] Invalid PhysX transform detected for /World/scene_0/controllable__r1__robot_xblfuw/left_arm_link2.
2026-05-12 16:19:04 [71,515ms] [Warning] [omni.physx.plugin] Invalid PhysX transform detected for /World/scene_0/controllable__r1__robot_xblfuw/right_arm_link2.
2026-05-12 16:19:04 [71,515ms] [Warning] [omni.physx.plugin] Invalid PhysX transform detected for /World/scene_0/controllable__r1__robot_xblfuw/left_arm_link3.
2026-05-12 16:19:04 [71,515ms] [Warning] [omni.physx.plugin] Invalid PhysX transform detected for /World/scene_0/controllable__r1__robot_xblfuw/right_arm_link3.
2026-05-12 16:19:04 [71,515ms] [Warning] [omni.physx.plugin] Invalid PhysX transform detected for /World/scene_0/controllable__r1__robot_xblfuw/left_arm_link4.
2026-05-12 16:19:04 [71,515ms] [Warning] [omni.physx.plugin] Invalid PhysX transform detected for /World/scene_0/controllable__r1__robot_xblfuw/right_arm_link4.
2026-05-12 16:19:04 [71,515ms] [Warning] [omni.physx.plugin] Invalid PhysX transform detected for /World/scene_0/controllable__r1__robot_xblfuw/left_arm_link5.
2026-05-12 16:19:04 [71,515ms] [Warning] [omni.physx.plugin] Invalid PhysX transform detected for /World/scene_0/controllable__r1__robot_xblfuw/right_arm_link5.
2026-05-12 16:19:04 [71,515ms] [Warning] [omni.physx.plugin] Invalid PhysX transform detected for /World/scene_0/controllable__r1__robot_xblfuw/left_arm_link6.
2026-05-12 16:19:04 [71,515ms] [Warning] [omni.physx.plugin] Invalid PhysX transform detected for /World/scene_0/controllable__r1__robot_xblfuw/right_arm_link6.
2026-05-12 16:19:04 [71,515ms] [Warning] [omni.physx.plugin] Invalid PhysX transform detected for /World/scene_0/controllable__r1__robot_xblfuw/left_gripper_link1.
2026-05-12 16:19:04 [71,515ms] [Warning] [omni.physx.plugin] Invalid PhysX transform detected for /World/scene_0/controllable__r1__robot_xblfuw/left_gripper_link2.
2026-05-12 16:19:04 [71,515ms] [Warning] [omni.physx.plugin] Invalid PhysX transform detected for /World/scene_0/controllable__r1__robot_xblfuw/left_eef_link.
2026-05-12 16:19:04 [71,515ms] [Warning] [omni.physx.plugin] Invalid PhysX transform detected for /World/scene_0/controllable__r1__robot_xblfuw/right_gripper_link1.
2026-05-12 16:19:04 [71,515ms] [Warning] [omni.physx.plugin] Invalid PhysX transform detected for /World/scene_0/controllable__r1__robot_xblfuw/right_gripper_link2.
2026-05-12 16:19:04 [71,515ms] [Warning] [omni.physx.plugin] Invalid PhysX transform detected for /World/scene_0/controllable__r1__robot_xblfuw/right_eef_link.
2026-05-12 16:19:04 [71,604ms] [Warning] [omni.physx.plugin] Invalid PhysX transform detected for /World/scene_0/controllable__r1__robot_xblfuw/base_footprint_y.
2026-05-12 16:19:04 [71,604ms] [Warning] [omni.physx.plugin] Invalid PhysX transform detected for /World/scene_0/controllable__r1__robot_xblfuw/base_footprint_z.
2026-05-12 16:19:04 [71,604ms] [Warning] [omni.physx.plugin] Invalid PhysX transform detected for /World/scene_0/controllable__r1__robot_xblfuw/base_footprint_rx.
2026-05-12 16:19:04 [71,604ms] [Warning] [omni.physx.plugin] Invalid PhysX transform detected for /World/scene_0/controllable__r1__robot_xblfuw/base_footprint_ry.
2026-05-12 16:19:04 [71,604ms] [Warning] [omni.physx.plugin] Invalid PhysX transform detected for /World/scene_0/controllable__r1__robot_xblfuw/base_footprint_rz.
2026-05-12 16:19:04 [71,604ms] [Warning] [omni.physx.plugin] Invalid PhysX transform detected for /World/scene_0/controllable__r1__robot_xblfuw/base_link.
2026-05-12 16:19:04 [71,604ms] [Warning] [omni.physx.plugin] Invalid PhysX transform detected for /World/scene_0/controllable__r1__robot_xblfuw/servo_link1.
2026-05-12 16:19:04 [71,604ms] [Warning] [omni.physx.plugin] Invalid PhysX transform detected for /World/scene_0/controllable__r1__robot_xblfuw/servo_link2.
2026-05-12 16:19:04 [71,604ms] [Warning] [omni.physx.plugin] Invalid PhysX transform detected for /World/scene_0/controllable__r1__robot_xblfuw/servo_link3.
2026-05-12 16:19:04 [71,604ms] [Warning] [omni.physx.plugin] Invalid PhysX transform detected for /World/scene_0/controllable__r1__robot_xblfuw/torso_link1.
2026-05-12 16:19:04 [71,604ms] [Warning] [omni.physx.plugin] Invalid PhysX transform detected for /World/scene_0/controllable__r1__robot_xblfuw/wheel_link1.
2026-05-12 16:19:04 [71,604ms] [Warning] [omni.physx.plugin] Invalid PhysX transform detected for /World/scene_0/controllable__r1__robot_xblfuw/wheel_link2.
2026-05-12 16:19:04 [71,604ms] [Warning] [omni.physx.plugin] Invalid PhysX transform detected for /World/scene_0/controllable__r1__robot_xblfuw/wheel_link3.
2026-05-12 16:19:04 [71,604ms] [Warning] [omni.physx.plugin] Invalid PhysX transform detected for /World/scene_0/controllable__r1__robot_xblfuw/torso_link2.
2026-05-12 16:19:04 [71,604ms] [Warning] [omni.physx.plugin] Invalid PhysX transform detected for /World/scene_0/controllable__r1__robot_xblfuw/torso_link3.
2026-05-12 16:19:04 [71,604ms] [Warning] [omni.physx.plugin] Invalid PhysX transform detected for /World/scene_0/controllable__r1__robot_xblfuw/torso_link4.
2026-05-12 16:19:04 [71,604ms] [Warning] [omni.physx.plugin] Invalid PhysX transform detected for /World/scene_0/controllable__r1__robot_xblfuw/left_arm_link1.
2026-05-12 16:19:04 [71,604ms] [Warning] [omni.physx.plugin] Invalid PhysX transform detected for /World/scene_0/controllable__r1__robot_xblfuw/right_arm_link1.
2026-05-12 16:19:04 [71,604ms] [Warning] [omni.physx.plugin] Invalid PhysX transform detected for /World/scene_0/controllable__r1__robot_xblfuw/eyes.
2026-05-12 16:19:04 [71,604ms] [Warning] [omni.physx.plugin] Invalid PhysX transform detected for /World/scene_0/controllable__r1__robot_xblfuw/left_arm_link2.
2026-05-12 16:19:04 [71,604ms] [Warning] [omni.physx.plugin] Invalid PhysX transform detected for /World/scene_0/controllable__r1__robot_xblfuw/right_arm_link2.
2026-05-12 16:19:04 [71,604ms] [Warning] [omni.physx.plugin] Invalid PhysX transform detected for /World/scene_0/controllable__r1__robot_xblfuw/left_arm_link3.
2026-05-12 16:19:04 [71,604ms] [Warning] [omni.physx.plugin] Invalid PhysX transform detected for /World/scene_0/controllable__r1__robot_xblfuw/right_arm_link3.
2026-05-12 16:19:04 [71,604ms] [Warning] [omni.physx.plugin] Invalid PhysX transform detected for /World/scene_0/controllable__r1__robot_xblfuw/left_arm_link4.
2026-05-12 16:19:04 [71,604ms] [Warning] [omni.physx.plugin] Invalid PhysX transform detected for /World/scene_0/controllable__r1__robot_xblfuw/right_arm_link4.
2026-05-12 16:19:04 [71,604ms] [Warning] [omni.physx.plugin] Invalid PhysX transform detected for /World/scene_0/controllable__r1__robot_xblfuw/left_arm_link5.
2026-05-12 16:19:04 [71,604ms] [Warning] [omni.physx.plugin] Invalid PhysX transform detected for /World/scene_0/controllable__r1__robot_xblfuw/right_arm_link5.
2026-05-12 16:19:04 [71,604ms] [Warning] [omni.physx.plugin] Invalid PhysX transform detected for /World/scene_0/controllable__r1__robot_xblfuw/left_arm_link6.
2026-05-12 16:19:04 [71,604ms] [Warning] [omni.physx.plugin] Invalid PhysX transform detected for /World/scene_0/controllable__r1__robot_xblfuw/right_arm_link6.
2026-05-12 16:19:04 [71,604ms] [Warning] [omni.physx.plugin] Invalid PhysX transform detected for /World/scene_0/controllable__r1__robot_xblfuw/left_gripper_link1.
2026-05-12 16:19:04 [71,604ms] [Warning] [omni.physx.plugin] Invalid PhysX transform detected for /World/scene_0/controllable__r1__robot_xblfuw/left_gripper_link2.
2026-05-12 16:19:04 [71,604ms] [Warning] [omni.physx.plugin] Invalid PhysX transform detected for /World/scene_0/controllable__r1__robot_xblfuw/left_eef_link.
2026-05-12 16:19:04 [71,604ms] [Warning] [omni.physx.plugin] Invalid PhysX transform detected for /World/scene_0/controllable__r1__robot_xblfuw/right_gripper_link1.
2026-05-12 16:19:04 [71,604ms] [Warning] [omni.physx.plugin] Invalid PhysX transform detected for /World/scene_0/controllable__r1__robot_xblfuw/right_gripper_link2.
2026-05-12 16:19:04 [71,604ms] [Warning] [omni.physx.plugin] Invalid PhysX transform detected for /World/scene_0/controllable__r1__robot_xblfuw/right_eef_link.
2026-05-12 16:19:04 [71,836ms] [Warning] [omni.physx.plugin] Invalid PhysX transform detected for /World/scene_0/controllable__r1__robot_xblfuw/base_footprint_y.
2026-05-12 16:19:04 [71,836ms] [Warning] [omni.physx.plugin] Invalid PhysX transform detected for /World/scene_0/controllable__r1__robot_xblfuw/base_footprint_z.
2026-05-12 16:19:04 [71,836ms] [Warning] [omni.physx.plugin] Invalid PhysX transform detected for /World/scene_0/controllable__r1__robot_xblfuw/base_footprint_rx.
2026-05-12 16:19:04 [71,836ms] [Warning] [omni.physx.plugin] Invalid PhysX transform detected for /World/scene_0/controllable__r1__robot_xblfuw/base_footprint_ry.
2026-05-12 16:19:04 [71,836ms] [Warning] [omni.physx.plugin] Invalid PhysX transform detected for /World/scene_0/controllable__r1__robot_xblfuw/base_footprint_rz.
2026-05-12 16:19:04 [71,837ms] [Warning] [omni.physx.plugin] Invalid PhysX transform detected for /World/scene_0/controllable__r1__robot_xblfuw/base_link.
2026-05-12 16:19:04 [71,837ms] [Warning] [omni.physx.plugin] Invalid PhysX transform detected for /World/scene_0/controllable__r1__robot_xblfuw/servo_link1.
2026-05-12 16:19:04 [71,837ms] [Warning] [omni.physx.plugin] Invalid PhysX transform detected for /World/scene_0/controllable__r1__robot_xblfuw/servo_link2.
2026-05-12 16:19:04 [71,837ms] [Warning] [omni.physx.plugin] Invalid PhysX transform detected for /World/scene_0/controllable__r1__robot_xblfuw/servo_link3.
2026-05-12 16:19:04 [71,837ms] [Warning] [omni.physx.plugin] Invalid PhysX transform detected for /World/scene_0/controllable__r1__robot_xblfuw/torso_link1.
2026-05-12 16:19:04 [71,837ms] [Warning] [omni.physx.plugin] Invalid PhysX transform detected for /World/scene_0/controllable__r1__robot_xblfuw/wheel_link1.
2026-05-12 16:19:04 [71,837ms] [Warning] [omni.physx.plugin] Invalid PhysX transform detected for /World/scene_0/controllable__r1__robot_xblfuw/wheel_link2.
2026-05-12 16:19:04 [71,837ms] [Warning] [omni.physx.plugin] Invalid PhysX transform detected for /World/scene_0/controllable__r1__robot_xblfuw/wheel_link3.
2026-05-12 16:19:04 [71,837ms] [Warning] [omni.physx.plugin] Invalid PhysX transform detected for /World/scene_0/controllable__r1__robot_xblfuw/torso_link2.
2026-05-12 16:19:04 [71,837ms] [Warning] [omni.physx.plugin] Invalid PhysX transform detected for /World/scene_0/controllable__r1__robot_xblfuw/torso_link3.
2026-05-12 16:19:04 [71,837ms] [Warning] [omni.physx.plugin] Invalid PhysX transform detected for /World/scene_0/controllable__r1__robot_xblfuw/torso_link4.
2026-05-12 16:19:04 [71,837ms] [Warning] [omni.physx.plugin] Invalid PhysX transform detected for /World/scene_0/controllable__r1__robot_xblfuw/left_arm_link1.
2026-05-12 16:19:04 [71,837ms] [Warning] [omni.physx.plugin] Invalid PhysX transform detected for /World/scene_0/controllable__r1__robot_xblfuw/right_arm_link1.
2026-05-12 16:19:04 [71,837ms] [Warning] [omni.physx.plugin] Invalid PhysX transform detected for /World/scene_0/controllable__r1__robot_xblfuw/eyes.
2026-05-12 16:19:04 [71,837ms] [Warning] [omni.physx.plugin] Invalid PhysX transform detected for /World/scene_0/controllable__r1__robot_xblfuw/left_arm_link2.
2026-05-12 16:19:04 [71,837ms] [Warning] [omni.physx.plugin] Invalid PhysX transform detected for /World/scene_0/controllable__r1__robot_xblfuw/right_arm_link2.
2026-05-12 16:19:04 [71,837ms] [Warning] [omni.physx.plugin] Invalid PhysX transform detected for /World/scene_0/controllable__r1__robot_xblfuw/left_arm_link3.
2026-05-12 16:19:04 [71,837ms] [Warning] [omni.physx.plugin] Invalid PhysX transform detected for /World/scene_0/controllable__r1__robot_xblfuw/right_arm_link3.
2026-05-12 16:19:04 [71,837ms] [Warning] [omni.physx.plugin] Invalid PhysX transform detected for /World/scene_0/controllable__r1__robot_xblfuw/left_arm_link4.
2026-05-12 16:19:04 [71,837ms] [Warning] [omni.physx.plugin] Invalid PhysX transform detected for /World/scene_0/controllable__r1__robot_xblfuw/right_arm_link4.
2026-05-12 16:19:04 [71,837ms] [Warning] [omni.physx.plugin] Invalid PhysX transform detected for /World/scene_0/controllable__r1__robot_xblfuw/left_arm_link5.
2026-05-12 16:19:04 [71,837ms] [Warning] [omni.physx.plugin] Invalid PhysX transform detected for /World/scene_0/controllable__r1__robot_xblfuw/right_arm_link5.
2026-05-12 16:19:04 [71,837ms] [Warning] [omni.physx.plugin] Invalid PhysX transform detected for /World/scene_0/controllable__r1__robot_xblfuw/left_arm_link6.
2026-05-12 16:19:04 [71,837ms] [Warning] [omni.physx.plugin] Invalid PhysX transform detected for /World/scene_0/controllable__r1__robot_xblfuw/right_arm_link6.
2026-05-12 16:19:04 [71,837ms] [Warning] [omni.physx.plugin] Invalid PhysX transform detected for /World/scene_0/controllable__r1__robot_xblfuw/left_gripper_link1.
2026-05-12 16:19:04 [71,837ms] [Warning] [omni.physx.plugin] Invalid PhysX transform detected for /World/scene_0/controllable__r1__robot_xblfuw/left_gripper_link2.
2026-05-12 16:19:04 [71,837ms] [Warning] [omni.physx.plugin] Invalid PhysX transform detected for /World/scene_0/controllable__r1__robot_xblfuw/left_eef_link.
2026-05-12 16:19:04 [71,837ms] [Warning] [omni.physx.plugin] Invalid PhysX transform detected for /World/scene_0/controllable__r1__robot_xblfuw/right_gripper_link1.
2026-05-12 16:19:04 [71,837ms] [Warning] [omni.physx.plugin] Invalid PhysX transform detected for /World/scene_0/controllable__r1__robot_xblfuw/right_gripper_link2.
2026-05-12 16:19:04 [71,837ms] [Warning] [omni.physx.plugin] Invalid PhysX transform detected for /World/scene_0/controllable__r1__robot_xblfuw/right_eef_link.
2026-05-12 16:19:05 [71,924ms] [Warning] [omni.physx.plugin] Invalid PhysX transform detected for /World/scene_0/controllable__r1__robot_xblfuw/base_footprint_y.
2026-05-12 16:19:05 [71,924ms] [Warning] [omni.physx.plugin] Invalid PhysX transform detected for /World/scene_0/controllable__r1__robot_xblfuw/base_footprint_z.
2026-05-12 16:19:05 [71,924ms] [Warning] [omni.physx.plugin] Invalid PhysX transform detected for /World/scene_0/controllable__r1__robot_xblfuw/base_footprint_rx.
2026-05-12 16:19:05 [71,924ms] [Warning] [omni.physx.plugin] Invalid PhysX transform detected for /World/scene_0/controllable__r1__robot_xblfuw/base_footprint_ry.
2026-05-12 16:19:05 [71,924ms] [Warning] [omni.physx.plugin] Invalid PhysX transform detected for /World/scene_0/controllable__r1__robot_xblfuw/base_footprint_rz.
2026-05-12 16:19:05 [71,924ms] [Warning] [omni.physx.plugin] Invalid PhysX transform detected for /World/scene_0/controllable__r1__robot_xblfuw/base_link.
2026-05-12 16:19:05 [71,924ms] [Warning] [omni.physx.plugin] Invalid PhysX transform detected for /World/scene_0/controllable__r1__robot_xblfuw/servo_link1.
2026-05-12 16:19:05 [71,924ms] [Warning] [omni.physx.plugin] Invalid PhysX transform detected for /World/scene_0/controllable__r1__robot_xblfuw/servo_link2.
2026-05-12 16:19:05 [71,924ms] [Warning] [omni.physx.plugin] Invalid PhysX transform detected for /World/scene_0/controllable__r1__robot_xblfuw/servo_link3.
2026-05-12 16:19:05 [71,924ms] [Warning] [omni.physx.plugin] Invalid PhysX transform detected for /World/scene_0/controllable__r1__robot_xblfuw/torso_link1.
2026-05-12 16:19:05 [71,924ms] [Warning] [omni.physx.plugin] Invalid PhysX transform detected for /World/scene_0/controllable__r1__robot_xblfuw/wheel_link1.
2026-05-12 16:19:05 [71,924ms] [Warning] [omni.physx.plugin] Invalid PhysX transform detected for /World/scene_0/controllable__r1__robot_xblfuw/wheel_link2.
2026-05-12 16:19:05 [71,924ms] [Warning] [omni.physx.plugin] Invalid PhysX transform detected for /World/scene_0/controllable__r1__robot_xblfuw/wheel_link3.
2026-05-12 16:19:05 [71,924ms] [Warning] [omni.physx.plugin] Invalid PhysX transform detected for /World/scene_0/controllable__r1__robot_xblfuw/torso_link2.
2026-05-12 16:19:05 [71,924ms] [Warning] [omni.physx.plugin] Invalid PhysX transform detected for /World/scene_0/controllable__r1__robot_xblfuw/torso_link3.
2026-05-12 16:19:05 [71,924ms] [Warning] [omni.physx.plugin] Invalid PhysX transform detected for /World/scene_0/controllable__r1__robot_xblfuw/torso_link4.
2026-05-12 16:19:05 [71,924ms] [Warning] [omni.physx.plugin] Invalid PhysX transform detected for /World/scene_0/controllable__r1__robot_xblfuw/left_arm_link1.
2026-05-12 16:19:05 [71,924ms] [Warning] [omni.physx.plugin] Invalid PhysX transform detected for /World/scene_0/controllable__r1__robot_xblfuw/right_arm_link1.
2026-05-12 16:19:05 [71,924ms] [Warning] [omni.physx.plugin] Invalid PhysX transform detected for /World/scene_0/controllable__r1__robot_xblfuw/eyes.
2026-05-12 16:19:05 [71,924ms] [Warning] [omni.physx.plugin] Invalid PhysX transform detected for /World/scene_0/controllable__r1__robot_xblfuw/left_arm_link2.
2026-05-12 16:19:05 [71,924ms] [Warning] [omni.physx.plugin] Invalid PhysX transform detected for /World/scene_0/controllable__r1__robot_xblfuw/right_arm_link2.
2026-05-12 16:19:05 [71,924ms] [Warning] [omni.physx.plugin] Invalid PhysX transform detected for /World/scene_0/controllable__r1__robot_xblfuw/left_arm_link3.
2026-05-12 16:19:05 [71,924ms] [Warning] [omni.physx.plugin] Invalid PhysX transform detected for /World/scene_0/controllable__r1__robot_xblfuw/right_arm_link3.
2026-05-12 16:19:05 [71,924ms] [Warning] [omni.physx.plugin] Invalid PhysX transform detected for /World/scene_0/controllable__r1__robot_xblfuw/left_arm_link4.
2026-05-12 16:19:05 [71,925ms] [Warning] [omni.physx.plugin] Invalid PhysX transform detected for /World/scene_0/controllable__r1__robot_xblfuw/right_arm_link4.
2026-05-12 16:19:05 [71,925ms] [Warning] [omni.physx.plugin] Invalid PhysX transform detected for /World/scene_0/controllable__r1__robot_xblfuw/left_arm_link5.
2026-05-12 16:19:05 [71,925ms] [Warning] [omni.physx.plugin] Invalid PhysX transform detected for /World/scene_0/controllable__r1__robot_xblfuw/right_arm_link5.
2026-05-12 16:19:05 [71,925ms] [Warning] [omni.physx.plugin] Invalid PhysX transform detected for /World/scene_0/controllable__r1__robot_xblfuw/left_arm_link6.
2026-05-12 16:19:05 [71,925ms] [Warning] [omni.physx.plugin] Invalid PhysX transform detected for /World/scene_0/controllable__r1__robot_xblfuw/right_arm_link6.
2026-05-12 16:19:05 [71,925ms] [Warning] [omni.physx.plugin] Invalid PhysX transform detected for /World/scene_0/controllable__r1__robot_xblfuw/left_gripper_link1.
2026-05-12 16:19:05 [71,925ms] [Warning] [omni.physx.plugin] Invalid PhysX transform detected for /World/scene_0/controllable__r1__robot_xblfuw/left_gripper_link2.
2026-05-12 16:19:05 [71,925ms] [Warning] [omni.physx.plugin] Invalid PhysX transform detected for /World/scene_0/controllable__r1__robot_xblfuw/left_eef_link.
2026-05-12 16:19:05 [71,925ms] [Warning] [omni.physx.plugin] Invalid PhysX transform detected for /World/scene_0/controllable__r1__robot_xblfuw/right_gripper_link1.
2026-05-12 16:19:05 [71,925ms] [Warning] [omni.physx.plugin] Invalid PhysX transform detected for /World/scene_0/controllable__r1__robot_xblfuw/right_gripper_link2.
2026-05-12 16:19:05 [71,925ms] [Warning] [omni.physx.plugin] Invalid PhysX transform detected for /World/scene_0/controllable__r1__robot_xblfuw/right_eef_link.
2026-05-12 16:19:05 [72,012ms] [Warning] [omni.physx.plugin] Invalid PhysX transform detected for /World/scene_0/controllable__r1__robot_xblfuw/base_footprint_y.
2026-05-12 16:19:05 [72,012ms] [Warning] [omni.physx.plugin] Invalid PhysX transform detected for /World/scene_0/controllable__r1__robot_xblfuw/base_footprint_z.
2026-05-12 16:19:05 [72,012ms] [Warning] [omni.physx.plugin] Invalid PhysX transform detected for /World/scene_0/controllable__r1__robot_xblfuw/base_footprint_rx.
2026-05-12 16:19:05 [72,012ms] [Warning] [omni.physx.plugin] Invalid PhysX transform detected for /World/scene_0/controllable__r1__robot_xblfuw/base_footprint_ry.
2026-05-12 16:19:05 [72,012ms] [Warning] [omni.physx.plugin] Invalid PhysX transform detected for /World/scene_0/controllable__r1__robot_xblfuw/base_footprint_rz.
2026-05-12 16:19:05 [72,012ms] [Warning] [omni.physx.plugin] Invalid PhysX transform detected for /World/scene_0/controllable__r1__robot_xblfuw/base_link.
2026-05-12 16:19:05 [72,012ms] [Warning] [omni.physx.plugin] Invalid PhysX transform detected for /World/scene_0/controllable__r1__robot_xblfuw/servo_link1.
2026-05-12 16:19:05 [72,012ms] [Warning] [omni.physx.plugin] Invalid PhysX transform detected for /World/scene_0/controllable__r1__robot_xblfuw/servo_link2.
2026-05-12 16:19:05 [72,013ms] [Warning] [omni.physx.plugin] Invalid PhysX transform detected for /World/scene_0/controllable__r1__robot_xblfuw/servo_link3.
2026-05-12 16:19:05 [72,013ms] [Warning] [omni.physx.plugin] Invalid PhysX transform detected for /World/scene_0/controllable__r1__robot_xblfuw/torso_link1.
2026-05-12 16:19:05 [72,013ms] [Warning] [omni.physx.plugin] Invalid PhysX transform detected for /World/scene_0/controllable__r1__robot_xblfuw/wheel_link1.
2026-05-12 16:19:05 [72,013ms] [Warning] [omni.physx.plugin] Invalid PhysX transform detected for /World/scene_0/controllable__r1__robot_xblfuw/wheel_link2.
2026-05-12 16:19:05 [72,013ms] [Warning] [omni.physx.plugin] Invalid PhysX transform detected for /World/scene_0/controllable__r1__robot_xblfuw/wheel_link3.
2026-05-12 16:19:05 [72,013ms] [Warning] [omni.physx.plugin] Invalid PhysX transform detected for /World/scene_0/controllable__r1__robot_xblfuw/torso_link2.
2026-05-12 16:19:05 [72,013ms] [Warning] [omni.physx.plugin] Invalid PhysX transform detected for /World/scene_0/controllable__r1__robot_xblfuw/torso_link3.
2026-05-12 16:19:05 [72,013ms] [Warning] [omni.physx.plugin] Invalid PhysX transform detected for /World/scene_0/controllable__r1__robot_xblfuw/torso_link4.
2026-05-12 16:19:05 [72,013ms] [Warning] [omni.physx.plugin] Invalid PhysX transform detected for /World/scene_0/controllable__r1__robot_xblfuw/left_arm_link1.
2026-05-12 16:19:05 [72,013ms] [Warning] [omni.physx.plugin] Invalid PhysX transform detected for /World/scene_0/controllable__r1__robot_xblfuw/right_arm_link1.
2026-05-12 16:19:05 [72,013ms] [Warning] [omni.physx.plugin] Invalid PhysX transform detected for /World/scene_0/controllable__r1__robot_xblfuw/eyes.
2026-05-12 16:19:05 [72,013ms] [Warning] [omni.physx.plugin] Invalid PhysX transform detected for /World/scene_0/controllable__r1__robot_xblfuw/left_arm_link2.
2026-05-12 16:19:05 [72,013ms] [Warning] [omni.physx.plugin] Invalid PhysX transform detected for /World/scene_0/controllable__r1__robot_xblfuw/right_arm_link2.
2026-05-12 16:19:05 [72,013ms] [Warning] [omni.physx.plugin] Invalid PhysX transform detected for /World/scene_0/controllable__r1__robot_xblfuw/left_arm_link3.
2026-05-12 16:19:05 [72,013ms] [Warning] [omni.physx.plugin] Invalid PhysX transform detected for /World/scene_0/controllable__r1__robot_xblfuw/right_arm_link3.
2026-05-12 16:19:05 [72,013ms] [Warning] [omni.physx.plugin] Invalid PhysX transform detected for /World/scene_0/controllable__r1__robot_xblfuw/left_arm_link4.
2026-05-12 16:19:05 [72,013ms] [Warning] [omni.physx.plugin] Invalid PhysX transform detected for /World/scene_0/controllable__r1__robot_xblfuw/right_arm_link4.
2026-05-12 16:19:05 [72,013ms] [Warning] [omni.physx.plugin] Invalid PhysX transform detected for /World/scene_0/controllable__r1__robot_xblfuw/left_arm_link5.
2026-05-12 16:19:05 [72,013ms] [Warning] [omni.physx.plugin] Invalid PhysX transform detected for /World/scene_0/controllable__r1__robot_xblfuw/right_arm_link5.
2026-05-12 16:19:05 [72,013ms] [Warning] [omni.physx.plugin] Invalid PhysX transform detected for /World/scene_0/controllable__r1__robot_xblfuw/left_arm_link6.
2026-05-12 16:19:05 [72,013ms] [Warning] [omni.physx.plugin] Invalid PhysX transform detected for /World/scene_0/controllable__r1__robot_xblfuw/right_arm_link6.
2026-05-12 16:19:05 [72,013ms] [Warning] [omni.physx.plugin] Invalid PhysX transform detected for /World/scene_0/controllable__r1__robot_xblfuw/left_gripper_link1.
2026-05-12 16:19:05 [72,013ms] [Warning] [omni.physx.plugin] Invalid PhysX transform detected for /World/scene_0/controllable__r1__robot_xblfuw/left_gripper_link2.
2026-05-12 16:19:05 [72,013ms] [Warning] [omni.physx.plugin] Invalid PhysX transform detected for /World/scene_0/controllable__r1__robot_xblfuw/left_eef_link.
2026-05-12 16:19:05 [72,013ms] [Warning] [omni.physx.plugin] Invalid PhysX transform detected for /World/scene_0/controllable__r1__robot_xblfuw/right_gripper_link1.
2026-05-12 16:19:05 [72,013ms] [Warning] [omni.physx.plugin] Invalid PhysX transform detected for /World/scene_0/controllable__r1__robot_xblfuw/right_gripper_link2.
2026-05-12 16:19:05 [72,013ms] [Warning] [omni.physx.plugin] Invalid PhysX transform detected for /World/scene_0/controllable__r1__robot_xblfuw/right_eef_link.
2026-05-12 16:19:05 [72,100ms] [Warning] [omni.physx.plugin] Invalid PhysX transform detected for /World/scene_0/controllable__r1__robot_xblfuw/base_footprint_y.
2026-05-12 16:19:05 [72,100ms] [Warning] [omni.physx.plugin] Invalid PhysX transform detected for /World/scene_0/controllable__r1__robot_xblfuw/base_footprint_z.
2026-05-12 16:19:05 [72,100ms] [Warning] [omni.physx.plugin] Invalid PhysX transform detected for /World/scene_0/controllable__r1__robot_xblfuw/base_footprint_rx.
2026-05-12 16:19:05 [72,100ms] [Warning] [omni.physx.plugin] Invalid PhysX transform detected for /World/scene_0/controllable__r1__robot_xblfuw/base_footprint_ry.
2026-05-12 16:19:05 [72,100ms] [Warning] [omni.physx.plugin] Invalid PhysX transform detected for /World/scene_0/controllable__r1__robot_xblfuw/base_footprint_rz.
2026-05-12 16:19:05 [72,100ms] [Warning] [omni.physx.plugin] Invalid PhysX transform detected for /World/scene_0/controllable__r1__robot_xblfuw/base_link.
2026-05-12 16:19:05 [72,100ms] [Warning] [omni.physx.plugin] Invalid PhysX transform detected for /World/scene_0/controllable__r1__robot_xblfuw/servo_link1.
2026-05-12 16:19:05 [72,100ms] [Warning] [omni.physx.plugin] Invalid PhysX transform detected for /World/scene_0/controllable__r1__robot_xblfuw/servo_link2.
2026-05-12 16:19:05 [72,100ms] [Warning] [omni.physx.plugin] Invalid PhysX transform detected for /World/scene_0/controllable__r1__robot_xblfuw/servo_link3.
2026-05-12 16:19:05 [72,100ms] [Warning] [omni.physx.plugin] Invalid PhysX transform detected for /World/scene_0/controllable__r1__robot_xblfuw/torso_link1.
2026-05-12 16:19:05 [72,100ms] [Warning] [omni.physx.plugin] Invalid PhysX transform detected for /World/scene_0/controllable__r1__robot_xblfuw/wheel_link1.
2026-05-12 16:19:05 [72,100ms] [Warning] [omni.physx.plugin] Invalid PhysX transform detected for /World/scene_0/controllable__r1__robot_xblfuw/wheel_link2.
2026-05-12 16:19:05 [72,100ms] [Warning] [omni.physx.plugin] Invalid PhysX transform detected for /World/scene_0/controllable__r1__robot_xblfuw/wheel_link3.
2026-05-12 16:19:05 [72,100ms] [Warning] [omni.physx.plugin] Invalid PhysX transform detected for /World/scene_0/controllable__r1__robot_xblfuw/torso_link2.
2026-05-12 16:19:05 [72,100ms] [Warning] [omni.physx.plugin] Invalid PhysX transform detected for /World/scene_0/controllable__r1__robot_xblfuw/torso_link3.
2026-05-12 16:19:05 [72,100ms] [Warning] [omni.physx.plugin] Invalid PhysX transform detected for /World/scene_0/controllable__r1__robot_xblfuw/torso_link4.
2026-05-12 16:19:05 [72,100ms] [Warning] [omni.physx.plugin] Invalid PhysX transform detected for /World/scene_0/controllable__r1__robot_xblfuw/left_arm_link1.
2026-05-12 16:19:05 [72,100ms] [Warning] [omni.physx.plugin] Invalid PhysX transform detected for /World/scene_0/controllable__r1__robot_xblfuw/right_arm_link1.
2026-05-12 16:19:05 [72,100ms] [Warning] [omni.physx.plugin] Invalid PhysX transform detected for /World/scene_0/controllable__r1__robot_xblfuw/eyes.
2026-05-12 16:19:05 [72,100ms] [Warning] [omni.physx.plugin] Invalid PhysX transform detected for /World/scene_0/controllable__r1__robot_xblfuw/left_arm_link2.
2026-05-12 16:19:05 [72,100ms] [Warning] [omni.physx.plugin] Invalid PhysX transform detected for /World/scene_0/controllable__r1__robot_xblfuw/right_arm_link2.
2026-05-12 16:19:05 [72,100ms] [Warning] [omni.physx.plugin] Invalid PhysX transform detected for /World/scene_0/controllable__r1__robot_xblfuw/left_arm_link3.
2026-05-12 16:19:05 [72,100ms] [Warning] [omni.physx.plugin] Invalid PhysX transform detected for /World/scene_0/controllable__r1__robot_xblfuw/right_arm_link3.
2026-05-12 16:19:05 [72,100ms] [Warning] [omni.physx.plugin] Invalid PhysX transform detected for /World/scene_0/controllable__r1__robot_xblfuw/left_arm_link4.
2026-05-12 16:19:05 [72,100ms] [Warning] [omni.physx.plugin] Invalid PhysX transform detected for /World/scene_0/controllable__r1__robot_xblfuw/right_arm_link4.
2026-05-12 16:19:05 [72,100ms] [Warning] [omni.physx.plugin] Invalid PhysX transform detected for /World/scene_0/controllable__r1__robot_xblfuw/left_arm_link5.
2026-05-12 16:19:05 [72,100ms] [Warning] [omni.physx.plugin] Invalid PhysX transform detected for /World/scene_0/controllable__r1__robot_xblfuw/right_arm_link5.
2026-05-12 16:19:05 [72,100ms] [Warning] [omni.physx.plugin] Invalid PhysX transform detected for /World/scene_0/controllable__r1__robot_xblfuw/left_arm_link6.
2026-05-12 16:19:05 [72,100ms] [Warning] [omni.physx.plugin] Invalid PhysX transform detected for /World/scene_0/controllable__r1__robot_xblfuw/right_arm_link6.
2026-05-12 16:19:05 [72,100ms] [Warning] [omni.physx.plugin] Invalid PhysX transform detected for /World/scene_0/controllable__r1__robot_xblfuw/left_gripper_link1.
2026-05-12 16:19:05 [72,100ms] [Warning] [omni.physx.plugin] Invalid PhysX transform detected for /World/scene_0/controllable__r1__robot_xblfuw/left_gripper_link2.
2026-05-12 16:19:05 [72,100ms] [Warning] [omni.physx.plugin] Invalid PhysX transform detected for /World/scene_0/controllable__r1__robot_xblfuw/left_eef_link.
2026-05-12 16:19:05 [72,100ms] [Warning] [omni.physx.plugin] Invalid PhysX transform detected for /World/scene_0/controllable__r1__robot_xblfuw/right_gripper_link1.
2026-05-12 16:19:05 [72,100ms] [Warning] [omni.physx.plugin] Invalid PhysX transform detected for /World/scene_0/controllable__r1__robot_xblfuw/right_gripper_link2.
2026-05-12 16:19:05 [72,100ms] [Warning] [omni.physx.plugin] Invalid PhysX transform detected for /World/scene_0/controllable__r1__robot_xblfuw/right_eef_link.
2026-05-12 16:19:05 [72,186ms] [Warning] [omni.physx.plugin] Invalid PhysX transform detected for /World/scene_0/controllable__r1__robot_xblfuw/base_footprint_y.
2026-05-12 16:19:05 [72,186ms] [Warning] [omni.physx.plugin] Invalid PhysX transform detected for /World/scene_0/controllable__r1__robot_xblfuw/base_footprint_z.
2026-05-12 16:19:05 [72,187ms] [Warning] [omni.physx.plugin] Invalid PhysX transform detected for /World/scene_0/controllable__r1__robot_xblfuw/base_footprint_rx.
2026-05-12 16:19:05 [72,187ms] [Warning] [omni.physx.plugin] Invalid PhysX transform detected for /World/scene_0/controllable__r1__robot_xblfuw/base_footprint_ry.
2026-05-12 16:19:05 [72,187ms] [Warning] [omni.physx.plugin] Invalid PhysX transform detected for /World/scene_0/controllable__r1__robot_xblfuw/base_footprint_rz.
2026-05-12 16:19:05 [72,187ms] [Warning] [omni.physx.plugin] Invalid PhysX transform detected for /World/scene_0/controllable__r1__robot_xblfuw/base_link.
2026-05-12 16:19:05 [72,187ms] [Warning] [omni.physx.plugin] Invalid PhysX transform detected for /World/scene_0/controllable__r1__robot_xblfuw/servo_link1.
2026-05-12 16:19:05 [72,187ms] [Warning] [omni.physx.plugin] Invalid PhysX transform detected for /World/scene_0/controllable__r1__robot_xblfuw/servo_link2.
2026-05-12 16:19:05 [72,187ms] [Warning] [omni.physx.plugin] Invalid PhysX transform detected for /World/scene_0/controllable__r1__robot_xblfuw/servo_link3.
2026-05-12 16:19:05 [72,187ms] [Warning] [omni.physx.plugin] Invalid PhysX transform detected for /World/scene_0/controllable__r1__robot_xblfuw/torso_link1.
2026-05-12 16:19:05 [72,187ms] [Warning] [omni.physx.plugin] Invalid PhysX transform detected for /World/scene_0/controllable__r1__robot_xblfuw/wheel_link1.
2026-05-12 16:19:05 [72,187ms] [Warning] [omni.physx.plugin] Invalid PhysX transform detected for /World/scene_0/controllable__r1__robot_xblfuw/wheel_link2.
2026-05-12 16:19:05 [72,187ms] [Warning] [omni.physx.plugin] Invalid PhysX transform detected for /World/scene_0/controllable__r1__robot_xblfuw/wheel_link3.
2026-05-12 16:19:05 [72,187ms] [Warning] [omni.physx.plugin] Invalid PhysX transform detected for /World/scene_0/controllable__r1__robot_xblfuw/torso_link2.
2026-05-12 16:19:05 [72,187ms] [Warning] [omni.physx.plugin] Invalid PhysX transform detected for /World/scene_0/controllable__r1__robot_xblfuw/torso_link3.
2026-05-12 16:19:05 [72,187ms] [Warning] [omni.physx.plugin] Invalid PhysX transform detected for /World/scene_0/controllable__r1__robot_xblfuw/torso_link4.
2026-05-12 16:19:05 [72,187ms] [Warning] [omni.physx.plugin] Invalid PhysX transform detected for /World/scene_0/controllable__r1__robot_xblfuw/left_arm_link1.
2026-05-12 16:19:05 [72,187ms] [Warning] [omni.physx.plugin] Invalid PhysX transform detected for /World/scene_0/controllable__r1__robot_xblfuw/right_arm_link1.
2026-05-12 16:19:05 [72,187ms] [Warning] [omni.physx.plugin] Invalid PhysX transform detected for /World/scene_0/controllable__r1__robot_xblfuw/eyes.
2026-05-12 16:19:05 [72,187ms] [Warning] [omni.physx.plugin] Invalid PhysX transform detected for /World/scene_0/controllable__r1__robot_xblfuw/left_arm_link2.
2026-05-12 16:19:05 [72,187ms] [Warning] [omni.physx.plugin] Invalid PhysX transform detected for /World/scene_0/controllable__r1__robot_xblfuw/right_arm_link2.
2026-05-12 16:19:05 [72,187ms] [Warning] [omni.physx.plugin] Invalid PhysX transform detected for /World/scene_0/controllable__r1__robot_xblfuw/left_arm_link3.
2026-05-12 16:19:05 [72,187ms] [Warning] [omni.physx.plugin] Invalid PhysX transform detected for /World/scene_0/controllable__r1__robot_xblfuw/right_arm_link3.
2026-05-12 16:19:05 [72,187ms] [Warning] [omni.physx.plugin] Invalid PhysX transform detected for /World/scene_0/controllable__r1__robot_xblfuw/left_arm_link4.
2026-05-12 16:19:05 [72,187ms] [Warning] [omni.physx.plugin] Invalid PhysX transform detected for /World/scene_0/controllable__r1__robot_xblfuw/right_arm_link4.
2026-05-12 16:19:05 [72,187ms] [Warning] [omni.physx.plugin] Invalid PhysX transform detected for /World/scene_0/controllable__r1__robot_xblfuw/left_arm_link5.
2026-05-12 16:19:05 [72,187ms] [Warning] [omni.physx.plugin] Invalid PhysX transform detected for /World/scene_0/controllable__r1__robot_xblfuw/right_arm_link5.
2026-05-12 16:19:05 [72,187ms] [Warning] [omni.physx.plugin] Invalid PhysX transform detected for /World/scene_0/controllable__r1__robot_xblfuw/left_arm_link6.
2026-05-12 16:19:05 [72,187ms] [Warning] [omni.physx.plugin] Invalid PhysX transform detected for /World/scene_0/controllable__r1__robot_xblfuw/right_arm_link6.
2026-05-12 16:19:05 [72,187ms] [Warning] [omni.physx.plugin] Invalid PhysX transform detected for /World/scene_0/controllable__r1__robot_xblfuw/left_gripper_link1.
2026-05-12 16:19:05 [72,187ms] [Warning] [omni.physx.plugin] Invalid PhysX transform detected for /World/scene_0/controllable__r1__robot_xblfuw/left_gripper_link2.
2026-05-12 16:19:05 [72,187ms] [Warning] [omni.physx.plugin] Invalid PhysX transform detected for /World/scene_0/controllable__r1__robot_xblfuw/left_eef_link.
2026-05-12 16:19:05 [72,187ms] [Warning] [omni.physx.plugin] Invalid PhysX transform detected for /World/scene_0/controllable__r1__robot_xblfuw/right_gripper_link1.
2026-05-12 16:19:05 [72,187ms] [Warning] [omni.physx.plugin] Invalid PhysX transform detected for /World/scene_0/controllable__r1__robot_xblfuw/right_gripper_link2.
2026-05-12 16:19:05 [72,187ms] [Warning] [omni.physx.plugin] Invalid PhysX transform detected for /World/scene_0/controllable__r1__robot_xblfuw/right_eef_link.
2026-05-12 16:19:05 [72,269ms] [Warning] [omni.physx.plugin] Invalid PhysX transform detected for /World/scene_0/controllable__r1__robot_xblfuw/base_footprint_y.
2026-05-12 16:19:05 [72,269ms] [Warning] [omni.physx.plugin] Invalid PhysX transform detected for /World/scene_0/controllable__r1__robot_xblfuw/base_footprint_z.
2026-05-12 16:19:05 [72,269ms] [Warning] [omni.physx.plugin] Invalid PhysX transform detected for /World/scene_0/controllable__r1__robot_xblfuw/base_footprint_rx.
2026-05-12 16:19:05 [72,269ms] [Warning] [omni.physx.plugin] Invalid PhysX transform detected for /World/scene_0/controllable__r1__robot_xblfuw/base_footprint_ry.
2026-05-12 16:19:05 [72,269ms] [Warning] [omni.physx.plugin] Invalid PhysX transform detected for /World/scene_0/controllable__r1__robot_xblfuw/base_footprint_rz.
2026-05-12 16:19:05 [72,269ms] [Warning] [omni.physx.plugin] Invalid PhysX transform detected for /World/scene_0/controllable__r1__robot_xblfuw/base_link.
2026-05-12 16:19:05 [72,269ms] [Warning] [omni.physx.plugin] Invalid PhysX transform detected for /World/scene_0/controllable__r1__robot_xblfuw/servo_link1.
2026-05-12 16:19:05 [72,269ms] [Warning] [omni.physx.plugin] Invalid PhysX transform detected for /World/scene_0/controllable__r1__robot_xblfuw/servo_link2.
2026-05-12 16:19:05 [72,270ms] [Warning] [omni.physx.plugin] Invalid PhysX transform detected for /World/scene_0/controllable__r1__robot_xblfuw/servo_link3.
2026-05-12 16:19:05 [72,270ms] [Warning] [omni.physx.plugin] Invalid PhysX transform detected for /World/scene_0/controllable__r1__robot_xblfuw/torso_link1.
2026-05-12 16:19:05 [72,270ms] [Warning] [omni.physx.plugin] Invalid PhysX transform detected for /World/scene_0/controllable__r1__robot_xblfuw/wheel_link1.
2026-05-12 16:19:05 [72,270ms] [Warning] [omni.physx.plugin] Invalid PhysX transform detected for /World/scene_0/controllable__r1__robot_xblfuw/wheel_link2.
2026-05-12 16:19:05 [72,270ms] [Warning] [omni.physx.plugin] Invalid PhysX transform detected for /World/scene_0/controllable__r1__robot_xblfuw/wheel_link3.
2026-05-12 16:19:05 [72,270ms] [Warning] [omni.physx.plugin] Invalid PhysX transform detected for /World/scene_0/controllable__r1__robot_xblfuw/torso_link2.
2026-05-12 16:19:05 [72,270ms] [Warning] [omni.physx.plugin] Invalid PhysX transform detected for /World/scene_0/controllable__r1__robot_xblfuw/torso_link3.
2026-05-12 16:19:05 [72,270ms] [Warning] [omni.physx.plugin] Invalid PhysX transform detected for /World/scene_0/controllable__r1__robot_xblfuw/torso_link4.
2026-05-12 16:19:05 [72,270ms] [Warning] [omni.physx.plugin] Invalid PhysX transform detected for /World/scene_0/controllable__r1__robot_xblfuw/left_arm_link1.
2026-05-12 16:19:05 [72,270ms] [Warning] [omni.physx.plugin] Invalid PhysX transform detected for /World/scene_0/controllable__r1__robot_xblfuw/right_arm_link1.
2026-05-12 16:19:05 [72,270ms] [Warning] [omni.physx.plugin] Invalid PhysX transform detected for /World/scene_0/controllable__r1__robot_xblfuw/eyes.
2026-05-12 16:19:05 [72,270ms] [Warning] [omni.physx.plugin] Invalid PhysX transform detected for /World/scene_0/controllable__r1__robot_xblfuw/left_arm_link2.
2026-05-12 16:19:05 [72,270ms] [Warning] [omni.physx.plugin] Invalid PhysX transform detected for /World/scene_0/controllable__r1__robot_xblfuw/right_arm_link2.
2026-05-12 16:19:05 [72,270ms] [Warning] [omni.physx.plugin] Invalid PhysX transform detected for /World/scene_0/controllable__r1__robot_xblfuw/left_arm_link3.
2026-05-12 16:19:05 [72,270ms] [Warning] [omni.physx.plugin] Invalid PhysX transform detected for /World/scene_0/controllable__r1__robot_xblfuw/right_arm_link3.
2026-05-12 16:19:05 [72,270ms] [Warning] [omni.physx.plugin] Invalid PhysX transform detected for /World/scene_0/controllable__r1__robot_xblfuw/left_arm_link4.
2026-05-12 16:19:05 [72,270ms] [Warning] [omni.physx.plugin] Invalid PhysX transform detected for /World/scene_0/controllable__r1__robot_xblfuw/right_arm_link4.
2026-05-12 16:19:05 [72,270ms] [Warning] [omni.physx.plugin] Invalid PhysX transform detected for /World/scene_0/controllable__r1__robot_xblfuw/left_arm_link5.
2026-05-12 16:19:05 [72,270ms] [Warning] [omni.physx.plugin] Invalid PhysX transform detected for /World/scene_0/controllable__r1__robot_xblfuw/right_arm_link5.
2026-05-12 16:19:05 [72,270ms] [Warning] [omni.physx.plugin] Invalid PhysX transform detected for /World/scene_0/controllable__r1__robot_xblfuw/left_arm_link6.
2026-05-12 16:19:05 [72,270ms] [Warning] [omni.physx.plugin] Invalid PhysX transform detected for /World/scene_0/controllable__r1__robot_xblfuw/right_arm_link6.
2026-05-12 16:19:05 [72,270ms] [Warning] [omni.physx.plugin] Invalid PhysX transform detected for /World/scene_0/controllable__r1__robot_xblfuw/left_gripper_link1.
2026-05-12 16:19:05 [72,270ms] [Warning] [omni.physx.plugin] Invalid PhysX transform detected for /World/scene_0/controllable__r1__robot_xblfuw/left_gripper_link2.
2026-05-12 16:19:05 [72,270ms] [Warning] [omni.physx.plugin] Invalid PhysX transform detected for /World/scene_0/controllable__r1__robot_xblfuw/left_eef_link.
2026-05-12 16:19:05 [72,270ms] [Warning] [omni.physx.plugin] Invalid PhysX transform detected for /World/scene_0/controllable__r1__robot_xblfuw/right_gripper_link1.
2026-05-12 16:19:05 [72,270ms] [Warning] [omni.physx.plugin] Invalid PhysX transform detected for /World/scene_0/controllable__r1__robot_xblfuw/right_gripper_link2.
2026-05-12 16:19:05 [72,270ms] [Warning] [omni.physx.plugin] Invalid PhysX transform detected for /World/scene_0/controllable__r1__robot_xblfuw/right_eef_link.
2026-05-12 16:19:05 [72,352ms] [Warning] [omni.physx.plugin] Invalid PhysX transform detected for /World/scene_0/controllable__r1__robot_xblfuw/base_footprint_y.
2026-05-12 16:19:05 [72,353ms] [Warning] [omni.physx.plugin] Invalid PhysX transform detected for /World/scene_0/controllable__r1__robot_xblfuw/base_footprint_z.
2026-05-12 16:19:05 [72,353ms] [Warning] [omni.physx.plugin] Invalid PhysX transform detected for /World/scene_0/controllable__r1__robot_xblfuw/base_footprint_rx.
2026-05-12 16:19:05 [72,353ms] [Warning] [omni.physx.plugin] Invalid PhysX transform detected for /World/scene_0/controllable__r1__robot_xblfuw/base_footprint_ry.
2026-05-12 16:19:05 [72,353ms] [Warning] [omni.physx.plugin] Invalid PhysX transform detected for /World/scene_0/controllable__r1__robot_xblfuw/base_footprint_rz.
2026-05-12 16:19:05 [72,353ms] [Warning] [omni.physx.plugin] Invalid PhysX transform detected for /World/scene_0/controllable__r1__robot_xblfuw/base_link.
2026-05-12 16:19:05 [72,353ms] [Warning] [omni.physx.plugin] Invalid PhysX transform detected for /World/scene_0/controllable__r1__robot_xblfuw/servo_link1.
2026-05-12 16:19:05 [72,353ms] [Warning] [omni.physx.plugin] Invalid PhysX transform detected for /World/scene_0/controllable__r1__robot_xblfuw/servo_link2.
2026-05-12 16:19:05 [72,353ms] [Warning] [omni.physx.plugin] Invalid PhysX transform detected for /World/scene_0/controllable__r1__robot_xblfuw/servo_link3.
2026-05-12 16:19:05 [72,353ms] [Warning] [omni.physx.plugin] Invalid PhysX transform detected for /World/scene_0/controllable__r1__robot_xblfuw/torso_link1.
2026-05-12 16:19:05 [72,353ms] [Warning] [omni.physx.plugin] Invalid PhysX transform detected for /World/scene_0/controllable__r1__robot_xblfuw/wheel_link1.
2026-05-12 16:19:05 [72,353ms] [Warning] [omni.physx.plugin] Invalid PhysX transform detected for /World/scene_0/controllable__r1__robot_xblfuw/wheel_link2.
2026-05-12 16:19:05 [72,353ms] [Warning] [omni.physx.plugin] Invalid PhysX transform detected for /World/scene_0/controllable__r1__robot_xblfuw/wheel_link3.
2026-05-12 16:19:05 [72,353ms] [Warning] [omni.physx.plugin] Invalid PhysX transform detected for /World/scene_0/controllable__r1__robot_xblfuw/torso_link2.
2026-05-12 16:19:05 [72,353ms] [Warning] [omni.physx.plugin] Invalid PhysX transform detected for /World/scene_0/controllable__r1__robot_xblfuw/torso_link3.
2026-05-12 16:19:05 [72,353ms] [Warning] [omni.physx.plugin] Invalid PhysX transform detected for /World/scene_0/controllable__r1__robot_xblfuw/torso_link4.
2026-05-12 16:19:05 [72,353ms] [Warning] [omni.physx.plugin] Invalid PhysX transform detected for /World/scene_0/controllable__r1__robot_xblfuw/left_arm_link1.
2026-05-12 16:19:05 [72,353ms] [Warning] [omni.physx.plugin] Invalid PhysX transform detected for /World/scene_0/controllable__r1__robot_xblfuw/right_arm_link1.
2026-05-12 16:19:05 [72,353ms] [Warning] [omni.physx.plugin] Invalid PhysX transform detected for /World/scene_0/controllable__r1__robot_xblfuw/eyes.
2026-05-12 16:19:05 [72,353ms] [Warning] [omni.physx.plugin] Invalid PhysX transform detected for /World/scene_0/controllable__r1__robot_xblfuw/left_arm_link2.
2026-05-12 16:19:05 [72,353ms] [Warning] [omni.physx.plugin] Invalid PhysX transform detected for /World/scene_0/controllable__r1__robot_xblfuw/right_arm_link2.
2026-05-12 16:19:05 [72,353ms] [Warning] [omni.physx.plugin] Invalid PhysX transform detected for /World/scene_0/controllable__r1__robot_xblfuw/left_arm_link3.
2026-05-12 16:19:05 [72,353ms] [Warning] [omni.physx.plugin] Invalid PhysX transform detected for /World/scene_0/controllable__r1__robot_xblfuw/right_arm_link3.
2026-05-12 16:19:05 [72,353ms] [Warning] [omni.physx.plugin] Invalid PhysX transform detected for /World/scene_0/controllable__r1__robot_xblfuw/left_arm_link4.
2026-05-12 16:19:05 [72,353ms] [Warning] [omni.physx.plugin] Invalid PhysX transform detected for /World/scene_0/controllable__r1__robot_xblfuw/right_arm_link4.
2026-05-12 16:19:05 [72,353ms] [Warning] [omni.physx.plugin] Invalid PhysX transform detected for /World/scene_0/controllable__r1__robot_xblfuw/left_arm_link5.
2026-05-12 16:19:05 [72,353ms] [Warning] [omni.physx.plugin] Invalid PhysX transform detected for /World/scene_0/controllable__r1__robot_xblfuw/right_arm_link5.
2026-05-12 16:19:05 [72,353ms] [Warning] [omni.physx.plugin] Invalid PhysX transform detected for /World/scene_0/controllable__r1__robot_xblfuw/left_arm_link6.
2026-05-12 16:19:05 [72,353ms] [Warning] [omni.physx.plugin] Invalid PhysX transform detected for /World/scene_0/controllable__r1__robot_xblfuw/right_arm_link6.
2026-05-12 16:19:05 [72,353ms] [Warning] [omni.physx.plugin] Invalid PhysX transform detected for /World/scene_0/controllable__r1__robot_xblfuw/left_gripper_link1.
2026-05-12 16:19:05 [72,353ms] [Warning] [omni.physx.plugin] Invalid PhysX transform detected for /World/scene_0/controllable__r1__robot_xblfuw/left_gripper_link2.
2026-05-12 16:19:05 [72,353ms] [Warning] [omni.physx.plugin] Invalid PhysX transform detected for /World/scene_0/controllable__r1__robot_xblfuw/left_eef_link.
2026-05-12 16:19:05 [72,353ms] [Warning] [omni.physx.plugin] Invalid PhysX transform detected for /World/scene_0/controllable__r1__robot_xblfuw/right_gripper_link1.
2026-05-12 16:19:05 [72,353ms] [Warning] [omni.physx.plugin] Invalid PhysX transform detected for /World/scene_0/controllable__r1__robot_xblfuw/right_gripper_link2.
2026-05-12 16:19:05 [72,353ms] [Warning] [omni.physx.plugin] Invalid PhysX transform detected for /World/scene_0/controllable__r1__robot_xblfuw/right_eef_link.
2026-05-12 16:19:05 [72,652ms] [Warning] [omni.physx.plugin] Invalid PhysX transform detected for /World/scene_0/controllable__r1__robot_xblfuw/base_footprint_y.
2026-05-12 16:19:05 [72,652ms] [Warning] [omni.physx.plugin] Invalid PhysX transform detected for /World/scene_0/controllable__r1__robot_xblfuw/base_footprint_z.
2026-05-12 16:19:05 [72,652ms] [Warning] [omni.physx.plugin] Invalid PhysX transform detected for /World/scene_0/controllable__r1__robot_xblfuw/base_footprint_rx.
2026-05-12 16:19:05 [72,652ms] [Warning] [omni.physx.plugin] Invalid PhysX transform detected for /World/scene_0/controllable__r1__robot_xblfuw/base_footprint_ry.
2026-05-12 16:19:05 [72,652ms] [Warning] [omni.physx.plugin] Invalid PhysX transform detected for /World/scene_0/controllable__r1__robot_xblfuw/base_footprint_rz.
2026-05-12 16:19:05 [72,652ms] [Warning] [omni.physx.plugin] Invalid PhysX transform detected for /World/scene_0/controllable__r1__robot_xblfuw/base_link.
2026-05-12 16:19:05 [72,652ms] [Warning] [omni.physx.plugin] Invalid PhysX transform detected for /World/scene_0/controllable__r1__robot_xblfuw/servo_link1.
2026-05-12 16:19:05 [72,652ms] [Warning] [omni.physx.plugin] Invalid PhysX transform detected for /World/scene_0/controllable__r1__robot_xblfuw/servo_link2.
2026-05-12 16:19:05 [72,652ms] [Warning] [omni.physx.plugin] Invalid PhysX transform detected for /World/scene_0/controllable__r1__robot_xblfuw/servo_link3.
2026-05-12 16:19:05 [72,652ms] [Warning] [omni.physx.plugin] Invalid PhysX transform detected for /World/scene_0/controllable__r1__robot_xblfuw/torso_link1.
2026-05-12 16:19:05 [72,652ms] [Warning] [omni.physx.plugin] Invalid PhysX transform detected for /World/scene_0/controllable__r1__robot_xblfuw/wheel_link1.
2026-05-12 16:19:05 [72,652ms] [Warning] [omni.physx.plugin] Invalid PhysX transform detected for /World/scene_0/controllable__r1__robot_xblfuw/wheel_link2.
2026-05-12 16:19:05 [72,652ms] [Warning] [omni.physx.plugin] Invalid PhysX transform detected for /World/scene_0/controllable__r1__robot_xblfuw/wheel_link3.
2026-05-12 16:19:05 [72,652ms] [Warning] [omni.physx.plugin] Invalid PhysX transform detected for /World/scene_0/controllable__r1__robot_xblfuw/torso_link2.
2026-05-12 16:19:05 [72,652ms] [Warning] [omni.physx.plugin] Invalid PhysX transform detected for /World/scene_0/controllable__r1__robot_xblfuw/torso_link3.
2026-05-12 16:19:05 [72,652ms] [Warning] [omni.physx.plugin] Invalid PhysX transform detected for /World/scene_0/controllable__r1__robot_xblfuw/torso_link4.
2026-05-12 16:19:05 [72,652ms] [Warning] [omni.physx.plugin] Invalid PhysX transform detected for /World/scene_0/controllable__r1__robot_xblfuw/left_arm_link1.
2026-05-12 16:19:05 [72,652ms] [Warning] [omni.physx.plugin] Invalid PhysX transform detected for /World/scene_0/controllable__r1__robot_xblfuw/right_arm_link1.
2026-05-12 16:19:05 [72,652ms] [Warning] [omni.physx.plugin] Invalid PhysX transform detected for /World/scene_0/controllable__r1__robot_xblfuw/eyes.
2026-05-12 16:19:05 [72,652ms] [Warning] [omni.physx.plugin] Invalid PhysX transform detected for /World/scene_0/controllable__r1__robot_xblfuw/left_arm_link2.
2026-05-12 16:19:05 [72,652ms] [Warning] [omni.physx.plugin] Invalid PhysX transform detected for /World/scene_0/controllable__r1__robot_xblfuw/right_arm_link2.
2026-05-12 16:19:05 [72,652ms] [Warning] [omni.physx.plugin] Invalid PhysX transform detected for /World/scene_0/controllable__r1__robot_xblfuw/left_arm_link3.
2026-05-12 16:19:05 [72,652ms] [Warning] [omni.physx.plugin] Invalid PhysX transform detected for /World/scene_0/controllable__r1__robot_xblfuw/right_arm_link3.
2026-05-12 16:19:05 [72,652ms] [Warning] [omni.physx.plugin] Invalid PhysX transform detected for /World/scene_0/controllable__r1__robot_xblfuw/left_arm_link4.
2026-05-12 16:19:05 [72,652ms] [Warning] [omni.physx.plugin] Invalid PhysX transform detected for /World/scene_0/controllable__r1__robot_xblfuw/right_arm_link4.
2026-05-12 16:19:05 [72,652ms] [Warning] [omni.physx.plugin] Invalid PhysX transform detected for /World/scene_0/controllable__r1__robot_xblfuw/left_arm_link5.
2026-05-12 16:19:05 [72,652ms] [Warning] [omni.physx.plugin] Invalid PhysX transform detected for /World/scene_0/controllable__r1__robot_xblfuw/right_arm_link5.
2026-05-12 16:19:05 [72,652ms] [Warning] [omni.physx.plugin] Invalid PhysX transform detected for /World/scene_0/controllable__r1__robot_xblfuw/left_arm_link6.
2026-05-12 16:19:05 [72,652ms] [Warning] [omni.physx.plugin] Invalid PhysX transform detected for /World/scene_0/controllable__r1__robot_xblfuw/right_arm_link6.
2026-05-12 16:19:05 [72,652ms] [Warning] [omni.physx.plugin] Invalid PhysX transform detected for /World/scene_0/controllable__r1__robot_xblfuw/left_gripper_link1.
2026-05-12 16:19:05 [72,652ms] [Warning] [omni.physx.plugin] Invalid PhysX transform detected for /World/scene_0/controllable__r1__robot_xblfuw/left_gripper_link2.
2026-05-12 16:19:05 [72,652ms] [Warning] [omni.physx.plugin] Invalid PhysX transform detected for /World/scene_0/controllable__r1__robot_xblfuw/left_eef_link.
2026-05-12 16:19:05 [72,652ms] [Warning] [omni.physx.plugin] Invalid PhysX transform detected for /World/scene_0/controllable__r1__robot_xblfuw/right_gripper_link1.
2026-05-12 16:19:05 [72,652ms] [Warning] [omni.physx.plugin] Invalid PhysX transform detected for /World/scene_0/controllable__r1__robot_xblfuw/right_gripper_link2.
2026-05-12 16:19:05 [72,652ms] [Warning] [omni.physx.plugin] Invalid PhysX transform detected for /World/scene_0/controllable__r1__robot_xblfuw/right_eef_link.
2026-05-12 16:19:05 [72,736ms] [Warning] [omni.physx.plugin] Invalid PhysX transform detected for /World/scene_0/controllable__r1__robot_xblfuw/base_footprint_y.
2026-05-12 16:19:05 [72,737ms] [Warning] [omni.physx.plugin] Invalid PhysX transform detected for /World/scene_0/controllable__r1__robot_xblfuw/base_footprint_z.
2026-05-12 16:19:05 [72,737ms] [Warning] [omni.physx.plugin] Invalid PhysX transform detected for /World/scene_0/controllable__r1__robot_xblfuw/base_footprint_rx.
2026-05-12 16:19:05 [72,737ms] [Warning] [omni.physx.plugin] Invalid PhysX transform detected for /World/scene_0/controllable__r1__robot_xblfuw/base_footprint_ry.
2026-05-12 16:19:05 [72,737ms] [Warning] [omni.physx.plugin] Invalid PhysX transform detected for /World/scene_0/controllable__r1__robot_xblfuw/base_footprint_rz.
2026-05-12 16:19:05 [72,737ms] [Warning] [omni.physx.plugin] Invalid PhysX transform detected for /World/scene_0/controllable__r1__robot_xblfuw/base_link.
2026-05-12 16:19:05 [72,737ms] [Warning] [omni.physx.plugin] Invalid PhysX transform detected for /World/scene_0/controllable__r1__robot_xblfuw/servo_link1.
2026-05-12 16:19:05 [72,737ms] [Warning] [omni.physx.plugin] Invalid PhysX transform detected for /World/scene_0/controllable__r1__robot_xblfuw/servo_link2.
2026-05-12 16:19:05 [72,737ms] [Warning] [omni.physx.plugin] Invalid PhysX transform detected for /World/scene_0/controllable__r1__robot_xblfuw/servo_link3.
2026-05-12 16:19:05 [72,737ms] [Warning] [omni.physx.plugin] Invalid PhysX transform detected for /World/scene_0/controllable__r1__robot_xblfuw/torso_link1.
2026-05-12 16:19:05 [72,737ms] [Warning] [omni.physx.plugin] Invalid PhysX transform detected for /World/scene_0/controllable__r1__robot_xblfuw/wheel_link1.
2026-05-12 16:19:05 [72,737ms] [Warning] [omni.physx.plugin] Invalid PhysX transform detected for /World/scene_0/controllable__r1__robot_xblfuw/wheel_link2.
2026-05-12 16:19:05 [72,737ms] [Warning] [omni.physx.plugin] Invalid PhysX transform detected for /World/scene_0/controllable__r1__robot_xblfuw/wheel_link3.
2026-05-12 16:19:05 [72,737ms] [Warning] [omni.physx.plugin] Invalid PhysX transform detected for /World/scene_0/controllable__r1__robot_xblfuw/torso_link2.
2026-05-12 16:19:05 [72,737ms] [Warning] [omni.physx.plugin] Invalid PhysX transform detected for /World/scene_0/controllable__r1__robot_xblfuw/torso_link3.
2026-05-12 16:19:05 [72,737ms] [Warning] [omni.physx.plugin] Invalid PhysX transform detected for /World/scene_0/controllable__r1__robot_xblfuw/torso_link4.
2026-05-12 16:19:05 [72,737ms] [Warning] [omni.physx.plugin] Invalid PhysX transform detected for /World/scene_0/controllable__r1__robot_xblfuw/left_arm_link1.
2026-05-12 16:19:05 [72,737ms] [Warning] [omni.physx.plugin] Invalid PhysX transform detected for /World/scene_0/controllable__r1__robot_xblfuw/right_arm_link1.
2026-05-12 16:19:05 [72,737ms] [Warning] [omni.physx.plugin] Invalid PhysX transform detected for /World/scene_0/controllable__r1__robot_xblfuw/eyes.
2026-05-12 16:19:05 [72,737ms] [Warning] [omni.physx.plugin] Invalid PhysX transform detected for /World/scene_0/controllable__r1__robot_xblfuw/left_arm_link2.
2026-05-12 16:19:05 [72,737ms] [Warning] [omni.physx.plugin] Invalid PhysX transform detected for /World/scene_0/controllable__r1__robot_xblfuw/right_arm_link2.
2026-05-12 16:19:05 [72,737ms] [Warning] [omni.physx.plugin] Invalid PhysX transform detected for /World/scene_0/controllable__r1__robot_xblfuw/left_arm_link3.
2026-05-12 16:19:05 [72,737ms] [Warning] [omni.physx.plugin] Invalid PhysX transform detected for /World/scene_0/controllable__r1__robot_xblfuw/right_arm_link3.
2026-05-12 16:19:05 [72,737ms] [Warning] [omni.physx.plugin] Invalid PhysX transform detected for /World/scene_0/controllable__r1__robot_xblfuw/left_arm_link4.
2026-05-12 16:19:05 [72,737ms] [Warning] [omni.physx.plugin] Invalid PhysX transform detected for /World/scene_0/controllable__r1__robot_xblfuw/right_arm_link4.
2026-05-12 16:19:05 [72,737ms] [Warning] [omni.physx.plugin] Invalid PhysX transform detected for /World/scene_0/controllable__r1__robot_xblfuw/left_arm_link5.
2026-05-12 16:19:05 [72,737ms] [Warning] [omni.physx.plugin] Invalid PhysX transform detected for /World/scene_0/controllable__r1__robot_xblfuw/right_arm_link5.
2026-05-12 16:19:05 [72,737ms] [Warning] [omni.physx.plugin] Invalid PhysX transform detected for /World/scene_0/controllable__r1__robot_xblfuw/left_arm_link6.
2026-05-12 16:19:05 [72,737ms] [Warning] [omni.physx.plugin] Invalid PhysX transform detected for /World/scene_0/controllable__r1__robot_xblfuw/right_arm_link6.
2026-05-12 16:19:05 [72,737ms] [Warning] [omni.physx.plugin] Invalid PhysX transform detected for /World/scene_0/controllable__r1__robot_xblfuw/left_gripper_link1.
2026-05-12 16:19:05 [72,737ms] [Warning] [omni.physx.plugin] Invalid PhysX transform detected for /World/scene_0/controllable__r1__robot_xblfuw/left_gripper_link2.
2026-05-12 16:19:05 [72,737ms] [Warning] [omni.physx.plugin] Invalid PhysX transform detected for /World/scene_0/controllable__r1__robot_xblfuw/left_eef_link.
2026-05-12 16:19:05 [72,737ms] [Warning] [omni.physx.plugin] Invalid PhysX transform detected for /World/scene_0/controllable__r1__robot_xblfuw/right_gripper_link1.
2026-05-12 16:19:05 [72,737ms] [Warning] [omni.physx.plugin] Invalid PhysX transform detected for /World/scene_0/controllable__r1__robot_xblfuw/right_gripper_link2.
2026-05-12 16:19:05 [72,737ms] [Warning] [omni.physx.plugin] Invalid PhysX transform detected for /World/scene_0/controllable__r1__robot_xblfuw/right_eef_link.
2026-05-12 16:19:05 [72,820ms] [Warning] [omni.physx.plugin] Invalid PhysX transform detected for /World/scene_0/controllable__r1__robot_xblfuw/base_footprint_y.
2026-05-12 16:19:05 [72,820ms] [Warning] [omni.physx.plugin] Invalid PhysX transform detected for /World/scene_0/controllable__r1__robot_xblfuw/base_footprint_z.
2026-05-12 16:19:05 [72,820ms] [Warning] [omni.physx.plugin] Invalid PhysX transform detected for /World/scene_0/controllable__r1__robot_xblfuw/base_footprint_rx.
2026-05-12 16:19:05 [72,820ms] [Warning] [omni.physx.plugin] Invalid PhysX transform detected for /World/scene_0/controllable__r1__robot_xblfuw/base_footprint_ry.
2026-05-12 16:19:05 [72,820ms] [Warning] [omni.physx.plugin] Invalid PhysX transform detected for /World/scene_0/controllable__r1__robot_xblfuw/base_footprint_rz.
2026-05-12 16:19:05 [72,820ms] [Warning] [omni.physx.plugin] Invalid PhysX transform detected for /World/scene_0/controllable__r1__robot_xblfuw/base_link.
2026-05-12 16:19:05 [72,820ms] [Warning] [omni.physx.plugin] Invalid PhysX transform detected for /World/scene_0/controllable__r1__robot_xblfuw/servo_link1.
2026-05-12 16:19:05 [72,820ms] [Warning] [omni.physx.plugin] Invalid PhysX transform detected for /World/scene_0/controllable__r1__robot_xblfuw/servo_link2.
2026-05-12 16:19:05 [72,820ms] [Warning] [omni.physx.plugin] Invalid PhysX transform detected for /World/scene_0/controllable__r1__robot_xblfuw/servo_link3.
2026-05-12 16:19:05 [72,820ms] [Warning] [omni.physx.plugin] Invalid PhysX transform detected for /World/scene_0/controllable__r1__robot_xblfuw/torso_link1.
2026-05-12 16:19:05 [72,820ms] [Warning] [omni.physx.plugin] Invalid PhysX transform detected for /World/scene_0/controllable__r1__robot_xblfuw/wheel_link1.
2026-05-12 16:19:05 [72,820ms] [Warning] [omni.physx.plugin] Invalid PhysX transform detected for /World/scene_0/controllable__r1__robot_xblfuw/wheel_link2.
2026-05-12 16:19:05 [72,820ms] [Warning] [omni.physx.plugin] Invalid PhysX transform detected for /World/scene_0/controllable__r1__robot_xblfuw/wheel_link3.
2026-05-12 16:19:05 [72,820ms] [Warning] [omni.physx.plugin] Invalid PhysX transform detected for /World/scene_0/controllable__r1__robot_xblfuw/torso_link2.
2026-05-12 16:19:05 [72,820ms] [Warning] [omni.physx.plugin] Invalid PhysX transform detected for /World/scene_0/controllable__r1__robot_xblfuw/torso_link3.
2026-05-12 16:19:05 [72,821ms] [Warning] [omni.physx.plugin] Invalid PhysX transform detected for /World/scene_0/controllable__r1__robot_xblfuw/torso_link4.
2026-05-12 16:19:05 [72,821ms] [Warning] [omni.physx.plugin] Invalid PhysX transform detected for /World/scene_0/controllable__r1__robot_xblfuw/left_arm_link1.
2026-05-12 16:19:05 [72,821ms] [Warning] [omni.physx.plugin] Invalid PhysX transform detected for /World/scene_0/controllable__r1__robot_xblfuw/right_arm_link1.
2026-05-12 16:19:05 [72,821ms] [Warning] [omni.physx.plugin] Invalid PhysX transform detected for /World/scene_0/controllable__r1__robot_xblfuw/eyes.
2026-05-12 16:19:05 [72,821ms] [Warning] [omni.physx.plugin] Invalid PhysX transform detected for /World/scene_0/controllable__r1__robot_xblfuw/left_arm_link2.
2026-05-12 16:19:05 [72,821ms] [Warning] [omni.physx.plugin] Invalid PhysX transform detected for /World/scene_0/controllable__r1__robot_xblfuw/right_arm_link2.
2026-05-12 16:19:05 [72,821ms] [Warning] [omni.physx.plugin] Invalid PhysX transform detected for /World/scene_0/controllable__r1__robot_xblfuw/left_arm_link3.
2026-05-12 16:19:05 [72,821ms] [Warning] [omni.physx.plugin] Invalid PhysX transform detected for /World/scene_0/controllable__r1__robot_xblfuw/right_arm_link3.
2026-05-12 16:19:05 [72,821ms] [Warning] [omni.physx.plugin] Invalid PhysX transform detected for /World/scene_0/controllable__r1__robot_xblfuw/left_arm_link4.
2026-05-12 16:19:05 [72,821ms] [Warning] [omni.physx.plugin] Invalid PhysX transform detected for /World/scene_0/controllable__r1__robot_xblfuw/right_arm_link4.
2026-05-12 16:19:05 [72,821ms] [Warning] [omni.physx.plugin] Invalid PhysX transform detected for /World/scene_0/controllable__r1__robot_xblfuw/left_arm_link5.
2026-05-12 16:19:05 [72,821ms] [Warning] [omni.physx.plugin] Invalid PhysX transform detected for /World/scene_0/controllable__r1__robot_xblfuw/right_arm_link5.
2026-05-12 16:19:05 [72,821ms] [Warning] [omni.physx.plugin] Invalid PhysX transform detected for /World/scene_0/controllable__r1__robot_xblfuw/left_arm_link6.
2026-05-12 16:19:05 [72,821ms] [Warning] [omni.physx.plugin] Invalid PhysX transform detected for /World/scene_0/controllable__r1__robot_xblfuw/right_arm_link6.
2026-05-12 16:19:05 [72,821ms] [Warning] [omni.physx.plugin] Invalid PhysX transform detected for /World/scene_0/controllable__r1__robot_xblfuw/left_gripper_link1.
2026-05-12 16:19:05 [72,821ms] [Warning] [omni.physx.plugin] Invalid PhysX transform detected for /World/scene_0/controllable__r1__robot_xblfuw/left_gripper_link2.
2026-05-12 16:19:05 [72,821ms] [Warning] [omni.physx.plugin] Invalid PhysX transform detected for /World/scene_0/controllable__r1__robot_xblfuw/left_eef_link.
2026-05-12 16:19:05 [72,821ms] [Warning] [omni.physx.plugin] Invalid PhysX transform detected for /World/scene_0/controllable__r1__robot_xblfuw/right_gripper_link1.
2026-05-12 16:19:05 [72,821ms] [Warning] [omni.physx.plugin] Invalid PhysX transform detected for /World/scene_0/controllable__r1__robot_xblfuw/right_gripper_link2.
2026-05-12 16:19:05 [72,821ms] [Warning] [omni.physx.plugin] Invalid PhysX transform detected for /World/scene_0/controllable__r1__robot_xblfuw/right_eef_link.
2026-05-12 16:19:06 [72,902ms] [Warning] [omni.physx.plugin] Invalid PhysX transform detected for /World/scene_0/controllable__r1__robot_xblfuw/base_footprint_y.
2026-05-12 16:19:06 [72,902ms] [Warning] [omni.physx.plugin] Invalid PhysX transform detected for /World/scene_0/controllable__r1__robot_xblfuw/base_footprint_z.
2026-05-12 16:19:06 [72,902ms] [Warning] [omni.physx.plugin] Invalid PhysX transform detected for /World/scene_0/controllable__r1__robot_xblfuw/base_footprint_rx.
2026-05-12 16:19:06 [72,902ms] [Warning] [omni.physx.plugin] Invalid PhysX transform detected for /World/scene_0/controllable__r1__robot_xblfuw/base_footprint_ry.
2026-05-12 16:19:06 [72,902ms] [Warning] [omni.physx.plugin] Invalid PhysX transform detected for /World/scene_0/controllable__r1__robot_xblfuw/base_footprint_rz.
2026-05-12 16:19:06 [72,902ms] [Warning] [omni.physx.plugin] Invalid PhysX transform detected for /World/scene_0/controllable__r1__robot_xblfuw/base_link.
2026-05-12 16:19:06 [72,902ms] [Warning] [omni.physx.plugin] Invalid PhysX transform detected for /World/scene_0/controllable__r1__robot_xblfuw/servo_link1.
2026-05-12 16:19:06 [72,902ms] [Warning] [omni.physx.plugin] Invalid PhysX transform detected for /World/scene_0/controllable__r1__robot_xblfuw/servo_link2.
2026-05-12 16:19:06 [72,902ms] [Warning] [omni.physx.plugin] Invalid PhysX transform detected for /World/scene_0/controllable__r1__robot_xblfuw/servo_link3.
2026-05-12 16:19:06 [72,902ms] [Warning] [omni.physx.plugin] Invalid PhysX transform detected for /World/scene_0/controllable__r1__robot_xblfuw/torso_link1.
2026-05-12 16:19:06 [72,902ms] [Warning] [omni.physx.plugin] Invalid PhysX transform detected for /World/scene_0/controllable__r1__robot_xblfuw/wheel_link1.
2026-05-12 16:19:06 [72,902ms] [Warning] [omni.physx.plugin] Invalid PhysX transform detected for /World/scene_0/controllable__r1__robot_xblfuw/wheel_link2.
2026-05-12 16:19:06 [72,902ms] [Warning] [omni.physx.plugin] Invalid PhysX transform detected for /World/scene_0/controllable__r1__robot_xblfuw/wheel_link3.
2026-05-12 16:19:06 [72,903ms] [Warning] [omni.physx.plugin] Invalid PhysX transform detected for /World/scene_0/controllable__r1__robot_xblfuw/torso_link2.
2026-05-12 16:19:06 [72,903ms] [Warning] [omni.physx.plugin] Invalid PhysX transform detected for /World/scene_0/controllable__r1__robot_xblfuw/torso_link3.
2026-05-12 16:19:06 [72,903ms] [Warning] [omni.physx.plugin] Invalid PhysX transform detected for /World/scene_0/controllable__r1__robot_xblfuw/torso_link4.
2026-05-12 16:19:06 [72,903ms] [Warning] [omni.physx.plugin] Invalid PhysX transform detected for /World/scene_0/controllable__r1__robot_xblfuw/left_arm_link1.
2026-05-12 16:19:06 [72,903ms] [Warning] [omni.physx.plugin] Invalid PhysX transform detected for /World/scene_0/controllable__r1__robot_xblfuw/right_arm_link1.
2026-05-12 16:19:06 [72,903ms] [Warning] [omni.physx.plugin] Invalid PhysX transform detected for /World/scene_0/controllable__r1__robot_xblfuw/eyes.
2026-05-12 16:19:06 [72,903ms] [Warning] [omni.physx.plugin] Invalid PhysX transform detected for /World/scene_0/controllable__r1__robot_xblfuw/left_arm_link2.
2026-05-12 16:19:06 [72,903ms] [Warning] [omni.physx.plugin] Invalid PhysX transform detected for /World/scene_0/controllable__r1__robot_xblfuw/right_arm_link2.
2026-05-12 16:19:06 [72,903ms] [Warning] [omni.physx.plugin] Invalid PhysX transform detected for /World/scene_0/controllable__r1__robot_xblfuw/left_arm_link3.
2026-05-12 16:19:06 [72,903ms] [Warning] [omni.physx.plugin] Invalid PhysX transform detected for /World/scene_0/controllable__r1__robot_xblfuw/right_arm_link3.
2026-05-12 16:19:06 [72,903ms] [Warning] [omni.physx.plugin] Invalid PhysX transform detected for /World/scene_0/controllable__r1__robot_xblfuw/left_arm_link4.
2026-05-12 16:19:06 [72,903ms] [Warning] [omni.physx.plugin] Invalid PhysX transform detected for /World/scene_0/controllable__r1__robot_xblfuw/right_arm_link4.
2026-05-12 16:19:06 [72,903ms] [Warning] [omni.physx.plugin] Invalid PhysX transform detected for /World/scene_0/controllable__r1__robot_xblfuw/left_arm_link5.
2026-05-12 16:19:06 [72,903ms] [Warning] [omni.physx.plugin] Invalid PhysX transform detected for /World/scene_0/controllable__r1__robot_xblfuw/right_arm_link5.
2026-05-12 16:19:06 [72,903ms] [Warning] [omni.physx.plugin] Invalid PhysX transform detected for /World/scene_0/controllable__r1__robot_xblfuw/left_arm_link6.
2026-05-12 16:19:06 [72,903ms] [Warning] [omni.physx.plugin] Invalid PhysX transform detected for /World/scene_0/controllable__r1__robot_xblfuw/right_arm_link6.
2026-05-12 16:19:06 [72,903ms] [Warning] [omni.physx.plugin] Invalid PhysX transform detected for /World/scene_0/controllable__r1__robot_xblfuw/left_gripper_link1.
2026-05-12 16:19:06 [72,903ms] [Warning] [omni.physx.plugin] Invalid PhysX transform detected for /World/scene_0/controllable__r1__robot_xblfuw/left_gripper_link2.
2026-05-12 16:19:06 [72,903ms] [Warning] [omni.physx.plugin] Invalid PhysX transform detected for /World/scene_0/controllable__r1__robot_xblfuw/left_eef_link.
2026-05-12 16:19:06 [72,903ms] [Warning] [omni.physx.plugin] Invalid PhysX transform detected for /World/scene_0/controllable__r1__robot_xblfuw/right_gripper_link1.
2026-05-12 16:19:06 [72,903ms] [Warning] [omni.physx.plugin] Invalid PhysX transform detected for /World/scene_0/controllable__r1__robot_xblfuw/right_gripper_link2.
2026-05-12 16:19:06 [72,903ms] [Warning] [omni.physx.plugin] Invalid PhysX transform detected for /World/scene_0/controllable__r1__robot_xblfuw/right_eef_link.
2026-05-12 16:19:06 [72,985ms] [Warning] [omni.physx.plugin] Invalid PhysX transform detected for /World/scene_0/controllable__r1__robot_xblfuw/base_footprint_y.
2026-05-12 16:19:06 [72,985ms] [Warning] [omni.physx.plugin] Invalid PhysX transform detected for /World/scene_0/controllable__r1__robot_xblfuw/base_footprint_z.
2026-05-12 16:19:06 [72,985ms] [Warning] [omni.physx.plugin] Invalid PhysX transform detected for /World/scene_0/controllable__r1__robot_xblfuw/base_footprint_rx.
2026-05-12 16:19:06 [72,985ms] [Warning] [omni.physx.plugin] Invalid PhysX transform detected for /World/scene_0/controllable__r1__robot_xblfuw/base_footprint_ry.
2026-05-12 16:19:06 [72,985ms] [Warning] [omni.physx.plugin] Invalid PhysX transform detected for /World/scene_0/controllable__r1__robot_xblfuw/base_footprint_rz.
2026-05-12 16:19:06 [72,985ms] [Warning] [omni.physx.plugin] Invalid PhysX transform detected for /World/scene_0/controllable__r1__robot_xblfuw/base_link.
2026-05-12 16:19:06 [72,985ms] [Warning] [omni.physx.plugin] Invalid PhysX transform detected for /World/scene_0/controllable__r1__robot_xblfuw/servo_link1.
2026-05-12 16:19:06 [72,985ms] [Warning] [omni.physx.plugin] Invalid PhysX transform detected for /World/scene_0/controllable__r1__robot_xblfuw/servo_link2.
2026-05-12 16:19:06 [72,985ms] [Warning] [omni.physx.plugin] Invalid PhysX transform detected for /World/scene_0/controllable__r1__robot_xblfuw/servo_link3.
2026-05-12 16:19:06 [72,985ms] [Warning] [omni.physx.plugin] Invalid PhysX transform detected for /World/scene_0/controllable__r1__robot_xblfuw/torso_link1.
2026-05-12 16:19:06 [72,985ms] [Warning] [omni.physx.plugin] Invalid PhysX transform detected for /World/scene_0/controllable__r1__robot_xblfuw/wheel_link1.
2026-05-12 16:19:06 [72,985ms] [Warning] [omni.physx.plugin] Invalid PhysX transform detected for /World/scene_0/controllable__r1__robot_xblfuw/wheel_link2.
2026-05-12 16:19:06 [72,985ms] [Warning] [omni.physx.plugin] Invalid PhysX transform detected for /World/scene_0/controllable__r1__robot_xblfuw/wheel_link3.
2026-05-12 16:19:06 [72,985ms] [Warning] [omni.physx.plugin] Invalid PhysX transform detected for /World/scene_0/controllable__r1__robot_xblfuw/torso_link2.
2026-05-12 16:19:06 [72,985ms] [Warning] [omni.physx.plugin] Invalid PhysX transform detected for /World/scene_0/controllable__r1__robot_xblfuw/torso_link3.
2026-05-12 16:19:06 [72,985ms] [Warning] [omni.physx.plugin] Invalid PhysX transform detected for /World/scene_0/controllable__r1__robot_xblfuw/torso_link4.
2026-05-12 16:19:06 [72,985ms] [Warning] [omni.physx.plugin] Invalid PhysX transform detected for /World/scene_0/controllable__r1__robot_xblfuw/left_arm_link1.
2026-05-12 16:19:06 [72,985ms] [Warning] [omni.physx.plugin] Invalid PhysX transform detected for /World/scene_0/controllable__r1__robot_xblfuw/right_arm_link1.
2026-05-12 16:19:06 [72,985ms] [Warning] [omni.physx.plugin] Invalid PhysX transform detected for /World/scene_0/controllable__r1__robot_xblfuw/eyes.
2026-05-12 16:19:06 [72,985ms] [Warning] [omni.physx.plugin] Invalid PhysX transform detected for /World/scene_0/controllable__r1__robot_xblfuw/left_arm_link2.
2026-05-12 16:19:06 [72,985ms] [Warning] [omni.physx.plugin] Invalid PhysX transform detected for /World/scene_0/controllable__r1__robot_xblfuw/right_arm_link2.
2026-05-12 16:19:06 [72,985ms] [Warning] [omni.physx.plugin] Invalid PhysX transform detected for /World/scene_0/controllable__r1__robot_xblfuw/left_arm_link3.
2026-05-12 16:19:06 [72,985ms] [Warning] [omni.physx.plugin] Invalid PhysX transform detected for /World/scene_0/controllable__r1__robot_xblfuw/right_arm_link3.
2026-05-12 16:19:06 [72,985ms] [Warning] [omni.physx.plugin] Invalid PhysX transform detected for /World/scene_0/controllable__r1__robot_xblfuw/left_arm_link4.
2026-05-12 16:19:06 [72,985ms] [Warning] [omni.physx.plugin] Invalid PhysX transform detected for /World/scene_0/controllable__r1__robot_xblfuw/right_arm_link4.
2026-05-12 16:19:06 [72,985ms] [Warning] [omni.physx.plugin] Invalid PhysX transform detected for /World/scene_0/controllable__r1__robot_xblfuw/left_arm_link5.
2026-05-12 16:19:06 [72,985ms] [Warning] [omni.physx.plugin] Invalid PhysX transform detected for /World/scene_0/controllable__r1__robot_xblfuw/right_arm_link5.
2026-05-12 16:19:06 [72,985ms] [Warning] [omni.physx.plugin] Invalid PhysX transform detected for /World/scene_0/controllable__r1__robot_xblfuw/left_arm_link6.
2026-05-12 16:19:06 [72,985ms] [Warning] [omni.physx.plugin] Invalid PhysX transform detected for /World/scene_0/controllable__r1__robot_xblfuw/right_arm_link6.
2026-05-12 16:19:06 [72,985ms] [Warning] [omni.physx.plugin] Invalid PhysX transform detected for /World/scene_0/controllable__r1__robot_xblfuw/left_gripper_link1.
2026-05-12 16:19:06 [72,985ms] [Warning] [omni.physx.plugin] Invalid PhysX transform detected for /World/scene_0/controllable__r1__robot_xblfuw/left_gripper_link2.
2026-05-12 16:19:06 [72,985ms] [Warning] [omni.physx.plugin] Invalid PhysX transform detected for /World/scene_0/controllable__r1__robot_xblfuw/left_eef_link.
2026-05-12 16:19:06 [72,985ms] [Warning] [omni.physx.plugin] Invalid PhysX transform detected for /World/scene_0/controllable__r1__robot_xblfuw/right_gripper_link1.
2026-05-12 16:19:06 [72,985ms] [Warning] [omni.physx.plugin] Invalid PhysX transform detected for /World/scene_0/controllable__r1__robot_xblfuw/right_gripper_link2.
2026-05-12 16:19:06 [72,985ms] [Warning] [omni.physx.plugin] Invalid PhysX transform detected for /World/scene_0/controllable__r1__robot_xblfuw/right_eef_link.
2026-05-12 16:19:06 [73,067ms] [Warning] [omni.physx.plugin] Invalid PhysX transform detected for /World/scene_0/controllable__r1__robot_xblfuw/base_footprint_y.
2026-05-12 16:19:06 [73,067ms] [Warning] [omni.physx.plugin] Invalid PhysX transform detected for /World/scene_0/controllable__r1__robot_xblfuw/base_footprint_z.
2026-05-12 16:19:06 [73,067ms] [Warning] [omni.physx.plugin] Invalid PhysX transform detected for /World/scene_0/controllable__r1__robot_xblfuw/base_footprint_rx.
2026-05-12 16:19:06 [73,067ms] [Warning] [omni.physx.plugin] Invalid PhysX transform detected for /World/scene_0/controllable__r1__robot_xblfuw/base_footprint_ry.
2026-05-12 16:19:06 [73,067ms] [Warning] [omni.physx.plugin] Invalid PhysX transform detected for /World/scene_0/controllable__r1__robot_xblfuw/base_footprint_rz.
2026-05-12 16:19:06 [73,067ms] [Warning] [omni.physx.plugin] Invalid PhysX transform detected for /World/scene_0/controllable__r1__robot_xblfuw/base_link.
2026-05-12 16:19:06 [73,067ms] [Warning] [omni.physx.plugin] Invalid PhysX transform detected for /World/scene_0/controllable__r1__robot_xblfuw/servo_link1.
2026-05-12 16:19:06 [73,067ms] [Warning] [omni.physx.plugin] Invalid PhysX transform detected for /World/scene_0/controllable__r1__robot_xblfuw/servo_link2.
2026-05-12 16:19:06 [73,067ms] [Warning] [omni.physx.plugin] Invalid PhysX transform detected for /World/scene_0/controllable__r1__robot_xblfuw/servo_link3.
2026-05-12 16:19:06 [73,067ms] [Warning] [omni.physx.plugin] Invalid PhysX transform detected for /World/scene_0/controllable__r1__robot_xblfuw/torso_link1.
2026-05-12 16:19:06 [73,067ms] [Warning] [omni.physx.plugin] Invalid PhysX transform detected for /World/scene_0/controllable__r1__robot_xblfuw/wheel_link1.
2026-05-12 16:19:06 [73,067ms] [Warning] [omni.physx.plugin] Invalid PhysX transform detected for /World/scene_0/controllable__r1__robot_xblfuw/wheel_link2.
2026-05-12 16:19:06 [73,067ms] [Warning] [omni.physx.plugin] Invalid PhysX transform detected for /World/scene_0/controllable__r1__robot_xblfuw/wheel_link3.
2026-05-12 16:19:06 [73,067ms] [Warning] [omni.physx.plugin] Invalid PhysX transform detected for /World/scene_0/controllable__r1__robot_xblfuw/torso_link2.
2026-05-12 16:19:06 [73,067ms] [Warning] [omni.physx.plugin] Invalid PhysX transform detected for /World/scene_0/controllable__r1__robot_xblfuw/torso_link3.
2026-05-12 16:19:06 [73,067ms] [Warning] [omni.physx.plugin] Invalid PhysX transform detected for /World/scene_0/controllable__r1__robot_xblfuw/torso_link4.
2026-05-12 16:19:06 [73,067ms] [Warning] [omni.physx.plugin] Invalid PhysX transform detected for /World/scene_0/controllable__r1__robot_xblfuw/left_arm_link1.
2026-05-12 16:19:06 [73,067ms] [Warning] [omni.physx.plugin] Invalid PhysX transform detected for /World/scene_0/controllable__r1__robot_xblfuw/right_arm_link1.
2026-05-12 16:19:06 [73,067ms] [Warning] [omni.physx.plugin] Invalid PhysX transform detected for /World/scene_0/controllable__r1__robot_xblfuw/eyes.
2026-05-12 16:19:06 [73,067ms] [Warning] [omni.physx.plugin] Invalid PhysX transform detected for /World/scene_0/controllable__r1__robot_xblfuw/left_arm_link2.
2026-05-12 16:19:06 [73,067ms] [Warning] [omni.physx.plugin] Invalid PhysX transform detected for /World/scene_0/controllable__r1__robot_xblfuw/right_arm_link2.
2026-05-12 16:19:06 [73,067ms] [Warning] [omni.physx.plugin] Invalid PhysX transform detected for /World/scene_0/controllable__r1__robot_xblfuw/left_arm_link3.
2026-05-12 16:19:06 [73,067ms] [Warning] [omni.physx.plugin] Invalid PhysX transform detected for /World/scene_0/controllable__r1__robot_xblfuw/right_arm_link3.
2026-05-12 16:19:06 [73,067ms] [Warning] [omni.physx.plugin] Invalid PhysX transform detected for /World/scene_0/controllable__r1__robot_xblfuw/left_arm_link4.
2026-05-12 16:19:06 [73,067ms] [Warning] [omni.physx.plugin] Invalid PhysX transform detected for /World/scene_0/controllable__r1__robot_xblfuw/right_arm_link4.
2026-05-12 16:19:06 [73,067ms] [Warning] [omni.physx.plugin] Invalid PhysX transform detected for /World/scene_0/controllable__r1__robot_xblfuw/left_arm_link5.
2026-05-12 16:19:06 [73,067ms] [Warning] [omni.physx.plugin] Invalid PhysX transform detected for /World/scene_0/controllable__r1__robot_xblfuw/right_arm_link5.
2026-05-12 16:19:06 [73,067ms] [Warning] [omni.physx.plugin] Invalid PhysX transform detected for /World/scene_0/controllable__r1__robot_xblfuw/left_arm_link6.
2026-05-12 16:19:06 [73,067ms] [Warning] [omni.physx.plugin] Invalid PhysX transform detected for /World/scene_0/controllable__r1__robot_xblfuw/right_arm_link6.
2026-05-12 16:19:06 [73,067ms] [Warning] [omni.physx.plugin] Invalid PhysX transform detected for /World/scene_0/controllable__r1__robot_xblfuw/left_gripper_link1.
2026-05-12 16:19:06 [73,067ms] [Warning] [omni.physx.plugin] Invalid PhysX transform detected for /World/scene_0/controllable__r1__robot_xblfuw/left_gripper_link2.
2026-05-12 16:19:06 [73,067ms] [Warning] [omni.physx.plugin] Invalid PhysX transform detected for /World/scene_0/controllable__r1__robot_xblfuw/left_eef_link.
2026-05-12 16:19:06 [73,067ms] [Warning] [omni.physx.plugin] Invalid PhysX transform detected for /World/scene_0/controllable__r1__robot_xblfuw/right_gripper_link1.
2026-05-12 16:19:06 [73,067ms] [Warning] [omni.physx.plugin] Invalid PhysX transform detected for /World/scene_0/controllable__r1__robot_xblfuw/right_gripper_link2.
2026-05-12 16:19:06 [73,067ms] [Warning] [omni.physx.plugin] Invalid PhysX transform detected for /World/scene_0/controllable__r1__robot_xblfuw/right_eef_link.
2026-05-12 16:19:06 [73,148ms] [Warning] [omni.physx.plugin] Invalid PhysX transform detected for /World/scene_0/controllable__r1__robot_xblfuw/base_footprint_y.
2026-05-12 16:19:06 [73,148ms] [Warning] [omni.physx.plugin] Invalid PhysX transform detected for /World/scene_0/controllable__r1__robot_xblfuw/base_footprint_z.
2026-05-12 16:19:06 [73,148ms] [Warning] [omni.physx.plugin] Invalid PhysX transform detected for /World/scene_0/controllable__r1__robot_xblfuw/base_footprint_rx.
2026-05-12 16:19:06 [73,148ms] [Warning] [omni.physx.plugin] Invalid PhysX transform detected for /World/scene_0/controllable__r1__robot_xblfuw/base_footprint_ry.
2026-05-12 16:19:06 [73,148ms] [Warning] [omni.physx.plugin] Invalid PhysX transform detected for /World/scene_0/controllable__r1__robot_xblfuw/base_footprint_rz.
2026-05-12 16:19:06 [73,148ms] [Warning] [omni.physx.plugin] Invalid PhysX transform detected for /World/scene_0/controllable__r1__robot_xblfuw/base_link.
2026-05-12 16:19:06 [73,148ms] [Warning] [omni.physx.plugin] Invalid PhysX transform detected for /World/scene_0/controllable__r1__robot_xblfuw/servo_link1.
2026-05-12 16:19:06 [73,148ms] [Warning] [omni.physx.plugin] Invalid PhysX transform detected for /World/scene_0/controllable__r1__robot_xblfuw/servo_link2.
2026-05-12 16:19:06 [73,148ms] [Warning] [omni.physx.plugin] Invalid PhysX transform detected for /World/scene_0/controllable__r1__robot_xblfuw/servo_link3.
2026-05-12 16:19:06 [73,148ms] [Warning] [omni.physx.plugin] Invalid PhysX transform detected for /World/scene_0/controllable__r1__robot_xblfuw/torso_link1.
2026-05-12 16:19:06 [73,148ms] [Warning] [omni.physx.plugin] Invalid PhysX transform detected for /World/scene_0/controllable__r1__robot_xblfuw/wheel_link1.
2026-05-12 16:19:06 [73,148ms] [Warning] [omni.physx.plugin] Invalid PhysX transform detected for /World/scene_0/controllable__r1__robot_xblfuw/wheel_link2.
2026-05-12 16:19:06 [73,148ms] [Warning] [omni.physx.plugin] Invalid PhysX transform detected for /World/scene_0/controllable__r1__robot_xblfuw/wheel_link3.
2026-05-12 16:19:06 [73,148ms] [Warning] [omni.physx.plugin] Invalid PhysX transform detected for /World/scene_0/controllable__r1__robot_xblfuw/torso_link2.
2026-05-12 16:19:06 [73,148ms] [Warning] [omni.physx.plugin] Invalid PhysX transform detected for /World/scene_0/controllable__r1__robot_xblfuw/torso_link3.
2026-05-12 16:19:06 [73,148ms] [Warning] [omni.physx.plugin] Invalid PhysX transform detected for /World/scene_0/controllable__r1__robot_xblfuw/torso_link4.
2026-05-12 16:19:06 [73,148ms] [Warning] [omni.physx.plugin] Invalid PhysX transform detected for /World/scene_0/controllable__r1__robot_xblfuw/left_arm_link1.
2026-05-12 16:19:06 [73,148ms] [Warning] [omni.physx.plugin] Invalid PhysX transform detected for /World/scene_0/controllable__r1__robot_xblfuw/right_arm_link1.
2026-05-12 16:19:06 [73,148ms] [Warning] [omni.physx.plugin] Invalid PhysX transform detected for /World/scene_0/controllable__r1__robot_xblfuw/eyes.
2026-05-12 16:19:06 [73,148ms] [Warning] [omni.physx.plugin] Invalid PhysX transform detected for /World/scene_0/controllable__r1__robot_xblfuw/left_arm_link2.
2026-05-12 16:19:06 [73,148ms] [Warning] [omni.physx.plugin] Invalid PhysX transform detected for /World/scene_0/controllable__r1__robot_xblfuw/right_arm_link2.
2026-05-12 16:19:06 [73,149ms] [Warning] [omni.physx.plugin] Invalid PhysX transform detected for /World/scene_0/controllable__r1__robot_xblfuw/left_arm_link3.
2026-05-12 16:19:06 [73,149ms] [Warning] [omni.physx.plugin] Invalid PhysX transform detected for /World/scene_0/controllable__r1__robot_xblfuw/right_arm_link3.
2026-05-12 16:19:06 [73,149ms] [Warning] [omni.physx.plugin] Invalid PhysX transform detected for /World/scene_0/controllable__r1__robot_xblfuw/left_arm_link4.
2026-05-12 16:19:06 [73,149ms] [Warning] [omni.physx.plugin] Invalid PhysX transform detected for /World/scene_0/controllable__r1__robot_xblfuw/right_arm_link4.
2026-05-12 16:19:06 [73,149ms] [Warning] [omni.physx.plugin] Invalid PhysX transform detected for /World/scene_0/controllable__r1__robot_xblfuw/left_arm_link5.
2026-05-12 16:19:06 [73,149ms] [Warning] [omni.physx.plugin] Invalid PhysX transform detected for /World/scene_0/controllable__r1__robot_xblfuw/right_arm_link5.
2026-05-12 16:19:06 [73,149ms] [Warning] [omni.physx.plugin] Invalid PhysX transform detected for /World/scene_0/controllable__r1__robot_xblfuw/left_arm_link6.
2026-05-12 16:19:06 [73,149ms] [Warning] [omni.physx.plugin] Invalid PhysX transform detected for /World/scene_0/controllable__r1__robot_xblfuw/right_arm_link6.
2026-05-12 16:19:06 [73,149ms] [Warning] [omni.physx.plugin] Invalid PhysX transform detected for /World/scene_0/controllable__r1__robot_xblfuw/left_gripper_link1.
2026-05-12 16:19:06 [73,149ms] [Warning] [omni.physx.plugin] Invalid PhysX transform detected for /World/scene_0/controllable__r1__robot_xblfuw/left_gripper_link2.
2026-05-12 16:19:06 [73,149ms] [Warning] [omni.physx.plugin] Invalid PhysX transform detected for /World/scene_0/controllable__r1__robot_xblfuw/left_eef_link.
2026-05-12 16:19:06 [73,149ms] [Warning] [omni.physx.plugin] Invalid PhysX transform detected for /World/scene_0/controllable__r1__robot_xblfuw/right_gripper_link1.
2026-05-12 16:19:06 [73,149ms] [Warning] [omni.physx.plugin] Invalid PhysX transform detected for /World/scene_0/controllable__r1__robot_xblfuw/right_gripper_link2.
2026-05-12 16:19:06 [73,149ms] [Warning] [omni.physx.plugin] Invalid PhysX transform detected for /World/scene_0/controllable__r1__robot_xblfuw/right_eef_link.
2026-05-12 16:19:06 [73,232ms] [Warning] [omni.physx.plugin] Invalid PhysX transform detected for /World/scene_0/controllable__r1__robot_xblfuw/base_footprint_y.
2026-05-12 16:19:06 [73,232ms] [Warning] [omni.physx.plugin] Invalid PhysX transform detected for /World/scene_0/controllable__r1__robot_xblfuw/base_footprint_z.
2026-05-12 16:19:06 [73,232ms] [Warning] [omni.physx.plugin] Invalid PhysX transform detected for /World/scene_0/controllable__r1__robot_xblfuw/base_footprint_rx.
2026-05-12 16:19:06 [73,233ms] [Warning] [omni.physx.plugin] Invalid PhysX transform detected for /World/scene_0/controllable__r1__robot_xblfuw/base_footprint_ry.
2026-05-12 16:19:06 [73,233ms] [Warning] [omni.physx.plugin] Invalid PhysX transform detected for /World/scene_0/controllable__r1__robot_xblfuw/base_footprint_rz.
2026-05-12 16:19:06 [73,233ms] [Warning] [omni.physx.plugin] Invalid PhysX transform detected for /World/scene_0/controllable__r1__robot_xblfuw/base_link.
2026-05-12 16:19:06 [73,233ms] [Warning] [omni.physx.plugin] Invalid PhysX transform detected for /World/scene_0/controllable__r1__robot_xblfuw/servo_link1.
2026-05-12 16:19:06 [73,233ms] [Warning] [omni.physx.plugin] Invalid PhysX transform detected for /World/scene_0/controllable__r1__robot_xblfuw/servo_link2.
2026-05-12 16:19:06 [73,233ms] [Warning] [omni.physx.plugin] Invalid PhysX transform detected for /World/scene_0/controllable__r1__robot_xblfuw/servo_link3.
2026-05-12 16:19:06 [73,233ms] [Warning] [omni.physx.plugin] Invalid PhysX transform detected for /World/scene_0/controllable__r1__robot_xblfuw/torso_link1.
2026-05-12 16:19:06 [73,233ms] [Warning] [omni.physx.plugin] Invalid PhysX transform detected for /World/scene_0/controllable__r1__robot_xblfuw/wheel_link1.
2026-05-12 16:19:06 [73,233ms] [Warning] [omni.physx.plugin] Invalid PhysX transform detected for /World/scene_0/controllable__r1__robot_xblfuw/wheel_link2.
2026-05-12 16:19:06 [73,233ms] [Warning] [omni.physx.plugin] Invalid PhysX transform detected for /World/scene_0/controllable__r1__robot_xblfuw/wheel_link3.
2026-05-12 16:19:06 [73,233ms] [Warning] [omni.physx.plugin] Invalid PhysX transform detected for /World/scene_0/controllable__r1__robot_xblfuw/torso_link2.
2026-05-12 16:19:06 [73,233ms] [Warning] [omni.physx.plugin] Invalid PhysX transform detected for /World/scene_0/controllable__r1__robot_xblfuw/torso_link3.
2026-05-12 16:19:06 [73,233ms] [Warning] [omni.physx.plugin] Invalid PhysX transform detected for /World/scene_0/controllable__r1__robot_xblfuw/torso_link4.
2026-05-12 16:19:06 [73,233ms] [Warning] [omni.physx.plugin] Invalid PhysX transform detected for /World/scene_0/controllable__r1__robot_xblfuw/left_arm_link1.
2026-05-12 16:19:06 [73,233ms] [Warning] [omni.physx.plugin] Invalid PhysX transform detected for /World/scene_0/controllable__r1__robot_xblfuw/right_arm_link1.
2026-05-12 16:19:06 [73,233ms] [Warning] [omni.physx.plugin] Invalid PhysX transform detected for /World/scene_0/controllable__r1__robot_xblfuw/eyes.
2026-05-12 16:19:06 [73,233ms] [Warning] [omni.physx.plugin] Invalid PhysX transform detected for /World/scene_0/controllable__r1__robot_xblfuw/left_arm_link2.
2026-05-12 16:19:06 [73,233ms] [Warning] [omni.physx.plugin] Invalid PhysX transform detected for /World/scene_0/controllable__r1__robot_xblfuw/right_arm_link2.
2026-05-12 16:19:06 [73,233ms] [Warning] [omni.physx.plugin] Invalid PhysX transform detected for /World/scene_0/controllable__r1__robot_xblfuw/left_arm_link3.
2026-05-12 16:19:06 [73,233ms] [Warning] [omni.physx.plugin] Invalid PhysX transform detected for /World/scene_0/controllable__r1__robot_xblfuw/right_arm_link3.
2026-05-12 16:19:06 [73,233ms] [Warning] [omni.physx.plugin] Invalid PhysX transform detected for /World/scene_0/controllable__r1__robot_xblfuw/left_arm_link4.
2026-05-12 16:19:06 [73,233ms] [Warning] [omni.physx.plugin] Invalid PhysX transform detected for /World/scene_0/controllable__r1__robot_xblfuw/right_arm_link4.
2026-05-12 16:19:06 [73,233ms] [Warning] [omni.physx.plugin] Invalid PhysX transform detected for /World/scene_0/controllable__r1__robot_xblfuw/left_arm_link5.
2026-05-12 16:19:06 [73,233ms] [Warning] [omni.physx.plugin] Invalid PhysX transform detected for /World/scene_0/controllable__r1__robot_xblfuw/right_arm_link5.
2026-05-12 16:19:06 [73,233ms] [Warning] [omni.physx.plugin] Invalid PhysX transform detected for /World/scene_0/controllable__r1__robot_xblfuw/left_arm_link6.
2026-05-12 16:19:06 [73,233ms] [Warning] [omni.physx.plugin] Invalid PhysX transform detected for /World/scene_0/controllable__r1__robot_xblfuw/right_arm_link6.
2026-05-12 16:19:06 [73,233ms] [Warning] [omni.physx.plugin] Invalid PhysX transform detected for /World/scene_0/controllable__r1__robot_xblfuw/left_gripper_link1.
2026-05-12 16:19:06 [73,233ms] [Warning] [omni.physx.plugin] Invalid PhysX transform detected for /World/scene_0/controllable__r1__robot_xblfuw/left_gripper_link2.
2026-05-12 16:19:06 [73,233ms] [Warning] [omni.physx.plugin] Invalid PhysX transform detected for /World/scene_0/controllable__r1__robot_xblfuw/left_eef_link.
2026-05-12 16:19:06 [73,233ms] [Warning] [omni.physx.plugin] Invalid PhysX transform detected for /World/scene_0/controllable__r1__robot_xblfuw/right_gripper_link1.
2026-05-12 16:19:06 [73,233ms] [Warning] [omni.physx.plugin] Invalid PhysX transform detected for /World/scene_0/controllable__r1__robot_xblfuw/right_gripper_link2.
2026-05-12 16:19:06 [73,233ms] [Warning] [omni.physx.plugin] Invalid PhysX transform detected for /World/scene_0/controllable__r1__robot_xblfuw/right_eef_link.
2026-05-12 16:19:06 [73,317ms] [Warning] [omni.physx.plugin] Invalid PhysX transform detected for /World/scene_0/controllable__r1__robot_xblfuw/base_footprint_y.
2026-05-12 16:19:06 [73,317ms] [Warning] [omni.physx.plugin] Invalid PhysX transform detected for /World/scene_0/controllable__r1__robot_xblfuw/base_footprint_z.
2026-05-12 16:19:06 [73,317ms] [Warning] [omni.physx.plugin] Invalid PhysX transform detected for /World/scene_0/controllable__r1__robot_xblfuw/base_footprint_rx.
2026-05-12 16:19:06 [73,317ms] [Warning] [omni.physx.plugin] Invalid PhysX transform detected for /World/scene_0/controllable__r1__robot_xblfuw/base_footprint_ry.
2026-05-12 16:19:06 [73,317ms] [Warning] [omni.physx.plugin] Invalid PhysX transform detected for /World/scene_0/controllable__r1__robot_xblfuw/base_footprint_rz.
2026-05-12 16:19:06 [73,317ms] [Warning] [omni.physx.plugin] Invalid PhysX transform detected for /World/scene_0/controllable__r1__robot_xblfuw/base_link.
2026-05-12 16:19:06 [73,317ms] [Warning] [omni.physx.plugin] Invalid PhysX transform detected for /World/scene_0/controllable__r1__robot_xblfuw/servo_link1.
2026-05-12 16:19:06 [73,317ms] [Warning] [omni.physx.plugin] Invalid PhysX transform detected for /World/scene_0/controllable__r1__robot_xblfuw/servo_link2.
2026-05-12 16:19:06 [73,317ms] [Warning] [omni.physx.plugin] Invalid PhysX transform detected for /World/scene_0/controllable__r1__robot_xblfuw/servo_link3.
2026-05-12 16:19:06 [73,317ms] [Warning] [omni.physx.plugin] Invalid PhysX transform detected for /World/scene_0/controllable__r1__robot_xblfuw/torso_link1.
2026-05-12 16:19:06 [73,317ms] [Warning] [omni.physx.plugin] Invalid PhysX transform detected for /World/scene_0/controllable__r1__robot_xblfuw/wheel_link1.
2026-05-12 16:19:06 [73,317ms] [Warning] [omni.physx.plugin] Invalid PhysX transform detected for /World/scene_0/controllable__r1__robot_xblfuw/wheel_link2.
2026-05-12 16:19:06 [73,317ms] [Warning] [omni.physx.plugin] Invalid PhysX transform detected for /World/scene_0/controllable__r1__robot_xblfuw/wheel_link3.
2026-05-12 16:19:06 [73,317ms] [Warning] [omni.physx.plugin] Invalid PhysX transform detected for /World/scene_0/controllable__r1__robot_xblfuw/torso_link2.
2026-05-12 16:19:06 [73,317ms] [Warning] [omni.physx.plugin] Invalid PhysX transform detected for /World/scene_0/controllable__r1__robot_xblfuw/torso_link3.
2026-05-12 16:19:06 [73,317ms] [Warning] [omni.physx.plugin] Invalid PhysX transform detected for /World/scene_0/controllable__r1__robot_xblfuw/torso_link4.
2026-05-12 16:19:06 [73,317ms] [Warning] [omni.physx.plugin] Invalid PhysX transform detected for /World/scene_0/controllable__r1__robot_xblfuw/left_arm_link1.
2026-05-12 16:19:06 [73,317ms] [Warning] [omni.physx.plugin] Invalid PhysX transform detected for /World/scene_0/controllable__r1__robot_xblfuw/right_arm_link1.
2026-05-12 16:19:06 [73,317ms] [Warning] [omni.physx.plugin] Invalid PhysX transform detected for /World/scene_0/controllable__r1__robot_xblfuw/eyes.
2026-05-12 16:19:06 [73,317ms] [Warning] [omni.physx.plugin] Invalid PhysX transform detected for /World/scene_0/controllable__r1__robot_xblfuw/left_arm_link2.
2026-05-12 16:19:06 [73,317ms] [Warning] [omni.physx.plugin] Invalid PhysX transform detected for /World/scene_0/controllable__r1__robot_xblfuw/right_arm_link2.
2026-05-12 16:19:06 [73,317ms] [Warning] [omni.physx.plugin] Invalid PhysX transform detected for /World/scene_0/controllable__r1__robot_xblfuw/left_arm_link3.
2026-05-12 16:19:06 [73,317ms] [Warning] [omni.physx.plugin] Invalid PhysX transform detected for /World/scene_0/controllable__r1__robot_xblfuw/right_arm_link3.
2026-05-12 16:19:06 [73,317ms] [Warning] [omni.physx.plugin] Invalid PhysX transform detected for /World/scene_0/controllable__r1__robot_xblfuw/left_arm_link4.
2026-05-12 16:19:06 [73,317ms] [Warning] [omni.physx.plugin] Invalid PhysX transform detected for /World/scene_0/controllable__r1__robot_xblfuw/right_arm_link4.
2026-05-12 16:19:06 [73,317ms] [Warning] [omni.physx.plugin] Invalid PhysX transform detected for /World/scene_0/controllable__r1__robot_xblfuw/left_arm_link5.
2026-05-12 16:19:06 [73,317ms] [Warning] [omni.physx.plugin] Invalid PhysX transform detected for /World/scene_0/controllable__r1__robot_xblfuw/right_arm_link5.
2026-05-12 16:19:06 [73,317ms] [Warning] [omni.physx.plugin] Invalid PhysX transform detected for /World/scene_0/controllable__r1__robot_xblfuw/left_arm_link6.
2026-05-12 16:19:06 [73,317ms] [Warning] [omni.physx.plugin] Invalid PhysX transform detected for /World/scene_0/controllable__r1__robot_xblfuw/right_arm_link6.
2026-05-12 16:19:06 [73,317ms] [Warning] [omni.physx.plugin] Invalid PhysX transform detected for /World/scene_0/controllable__r1__robot_xblfuw/left_gripper_link1.
2026-05-12 16:19:06 [73,317ms] [Warning] [omni.physx.plugin] Invalid PhysX transform detected for /World/scene_0/controllable__r1__robot_xblfuw/left_gripper_link2.
2026-05-12 16:19:06 [73,317ms] [Warning] [omni.physx.plugin] Invalid PhysX transform detected for /World/scene_0/controllable__r1__robot_xblfuw/left_eef_link.
2026-05-12 16:19:06 [73,317ms] [Warning] [omni.physx.plugin] Invalid PhysX transform detected for /World/scene_0/controllable__r1__robot_xblfuw/right_gripper_link1.
2026-05-12 16:19:06 [73,317ms] [Warning] [omni.physx.plugin] Invalid PhysX transform detected for /World/scene_0/controllable__r1__robot_xblfuw/right_gripper_link2.
2026-05-12 16:19:06 [73,317ms] [Warning] [omni.physx.plugin] Invalid PhysX transform detected for /World/scene_0/controllable__r1__robot_xblfuw/right_eef_link.
2026-05-12 16:19:06 [73,399ms] [Warning] [omni.physx.plugin] Invalid PhysX transform detected for /World/scene_0/controllable__r1__robot_xblfuw/base_footprint_y.
2026-05-12 16:19:06 [73,399ms] [Warning] [omni.physx.plugin] Invalid PhysX transform detected for /World/scene_0/controllable__r1__robot_xblfuw/base_footprint_z.
2026-05-12 16:19:06 [73,399ms] [Warning] [omni.physx.plugin] Invalid PhysX transform detected for /World/scene_0/controllable__r1__robot_xblfuw/base_footprint_rx.
2026-05-12 16:19:06 [73,399ms] [Warning] [omni.physx.plugin] Invalid PhysX transform detected for /World/scene_0/controllable__r1__robot_xblfuw/base_footprint_ry.
2026-05-12 16:19:06 [73,399ms] [Warning] [omni.physx.plugin] Invalid PhysX transform detected for /World/scene_0/controllable__r1__robot_xblfuw/base_footprint_rz.
2026-05-12 16:19:06 [73,399ms] [Warning] [omni.physx.plugin] Invalid PhysX transform detected for /World/scene_0/controllable__r1__robot_xblfuw/base_link.
2026-05-12 16:19:06 [73,399ms] [Warning] [omni.physx.plugin] Invalid PhysX transform detected for /World/scene_0/controllable__r1__robot_xblfuw/servo_link1.
2026-05-12 16:19:06 [73,399ms] [Warning] [omni.physx.plugin] Invalid PhysX transform detected for /World/scene_0/controllable__r1__robot_xblfuw/servo_link2.
2026-05-12 16:19:06 [73,399ms] [Warning] [omni.physx.plugin] Invalid PhysX transform detected for /World/scene_0/controllable__r1__robot_xblfuw/servo_link3.
2026-05-12 16:19:06 [73,399ms] [Warning] [omni.physx.plugin] Invalid PhysX transform detected for /World/scene_0/controllable__r1__robot_xblfuw/torso_link1.
2026-05-12 16:19:06 [73,399ms] [Warning] [omni.physx.plugin] Invalid PhysX transform detected for /World/scene_0/controllable__r1__robot_xblfuw/wheel_link1.
2026-05-12 16:19:06 [73,399ms] [Warning] [omni.physx.plugin] Invalid PhysX transform detected for /World/scene_0/controllable__r1__robot_xblfuw/wheel_link2.
2026-05-12 16:19:06 [73,399ms] [Warning] [omni.physx.plugin] Invalid PhysX transform detected for /World/scene_0/controllable__r1__robot_xblfuw/wheel_link3.
2026-05-12 16:19:06 [73,399ms] [Warning] [omni.physx.plugin] Invalid PhysX transform detected for /World/scene_0/controllable__r1__robot_xblfuw/torso_link2.
2026-05-12 16:19:06 [73,399ms] [Warning] [omni.physx.plugin] Invalid PhysX transform detected for /World/scene_0/controllable__r1__robot_xblfuw/torso_link3.
2026-05-12 16:19:06 [73,399ms] [Warning] [omni.physx.plugin] Invalid PhysX transform detected for /World/scene_0/controllable__r1__robot_xblfuw/torso_link4.
2026-05-12 16:19:06 [73,399ms] [Warning] [omni.physx.plugin] Invalid PhysX transform detected for /World/scene_0/controllable__r1__robot_xblfuw/left_arm_link1.
2026-05-12 16:19:06 [73,399ms] [Warning] [omni.physx.plugin] Invalid PhysX transform detected for /World/scene_0/controllable__r1__robot_xblfuw/right_arm_link1.
2026-05-12 16:19:06 [73,399ms] [Warning] [omni.physx.plugin] Invalid PhysX transform detected for /World/scene_0/controllable__r1__robot_xblfuw/eyes.
2026-05-12 16:19:06 [73,399ms] [Warning] [omni.physx.plugin] Invalid PhysX transform detected for /World/scene_0/controllable__r1__robot_xblfuw/left_arm_link2.
2026-05-12 16:19:06 [73,399ms] [Warning] [omni.physx.plugin] Invalid PhysX transform detected for /World/scene_0/controllable__r1__robot_xblfuw/right_arm_link2.
2026-05-12 16:19:06 [73,399ms] [Warning] [omni.physx.plugin] Invalid PhysX transform detected for /World/scene_0/controllable__r1__robot_xblfuw/left_arm_link3.
2026-05-12 16:19:06 [73,399ms] [Warning] [omni.physx.plugin] Invalid PhysX transform detected for /World/scene_0/controllable__r1__robot_xblfuw/right_arm_link3.
2026-05-12 16:19:06 [73,399ms] [Warning] [omni.physx.plugin] Invalid PhysX transform detected for /World/scene_0/controllable__r1__robot_xblfuw/left_arm_link4.
2026-05-12 16:19:06 [73,399ms] [Warning] [omni.physx.plugin] Invalid PhysX transform detected for /World/scene_0/controllable__r1__robot_xblfuw/right_arm_link4.
2026-05-12 16:19:06 [73,399ms] [Warning] [omni.physx.plugin] Invalid PhysX transform detected for /World/scene_0/controllable__r1__robot_xblfuw/left_arm_link5.
2026-05-12 16:19:06 [73,399ms] [Warning] [omni.physx.plugin] Invalid PhysX transform detected for /World/scene_0/controllable__r1__robot_xblfuw/right_arm_link5.
2026-05-12 16:19:06 [73,399ms] [Warning] [omni.physx.plugin] Invalid PhysX transform detected for /World/scene_0/controllable__r1__robot_xblfuw/left_arm_link6.
2026-05-12 16:19:06 [73,399ms] [Warning] [omni.physx.plugin] Invalid PhysX transform detected for /World/scene_0/controllable__r1__robot_xblfuw/right_arm_link6.
2026-05-12 16:19:06 [73,399ms] [Warning] [omni.physx.plugin] Invalid PhysX transform detected for /World/scene_0/controllable__r1__robot_xblfuw/left_gripper_link1.
2026-05-12 16:19:06 [73,399ms] [Warning] [omni.physx.plugin] Invalid PhysX transform detected for /World/scene_0/controllable__r1__robot_xblfuw/left_gripper_link2.
2026-05-12 16:19:06 [73,399ms] [Warning] [omni.physx.plugin] Invalid PhysX transform detected for /World/scene_0/controllable__r1__robot_xblfuw/left_eef_link.
2026-05-12 16:19:06 [73,399ms] [Warning] [omni.physx.plugin] Invalid PhysX transform detected for /World/scene_0/controllable__r1__robot_xblfuw/right_gripper_link1.
2026-05-12 16:19:06 [73,399ms] [Warning] [omni.physx.plugin] Invalid PhysX transform detected for /World/scene_0/controllable__r1__robot_xblfuw/right_gripper_link2.
2026-05-12 16:19:06 [73,399ms] [Warning] [omni.physx.plugin] Invalid PhysX transform detected for /World/scene_0/controllable__r1__robot_xblfuw/right_eef_link.
2026-05-12 16:19:06 [73,484ms] [Warning] [omni.physx.plugin] Invalid PhysX transform detected for /World/scene_0/controllable__r1__robot_xblfuw/base_footprint_y.
2026-05-12 16:19:06 [73,484ms] [Warning] [omni.physx.plugin] Invalid PhysX transform detected for /World/scene_0/controllable__r1__robot_xblfuw/base_footprint_z.
2026-05-12 16:19:06 [73,484ms] [Warning] [omni.physx.plugin] Invalid PhysX transform detected for /World/scene_0/controllable__r1__robot_xblfuw/base_footprint_rx.
2026-05-12 16:19:06 [73,484ms] [Warning] [omni.physx.plugin] Invalid PhysX transform detected for /World/scene_0/controllable__r1__robot_xblfuw/base_footprint_ry.
2026-05-12 16:19:06 [73,484ms] [Warning] [omni.physx.plugin] Invalid PhysX transform detected for /World/scene_0/controllable__r1__robot_xblfuw/base_footprint_rz.
2026-05-12 16:19:06 [73,484ms] [Warning] [omni.physx.plugin] Invalid PhysX transform detected for /World/scene_0/controllable__r1__robot_xblfuw/base_link.
2026-05-12 16:19:06 [73,484ms] [Warning] [omni.physx.plugin] Invalid PhysX transform detected for /World/scene_0/controllable__r1__robot_xblfuw/servo_link1.
2026-05-12 16:19:06 [73,484ms] [Warning] [omni.physx.plugin] Invalid PhysX transform detected for /World/scene_0/controllable__r1__robot_xblfuw/servo_link2.
2026-05-12 16:19:06 [73,484ms] [Warning] [omni.physx.plugin] Invalid PhysX transform detected for /World/scene_0/controllable__r1__robot_xblfuw/servo_link3.
2026-05-12 16:19:06 [73,484ms] [Warning] [omni.physx.plugin] Invalid PhysX transform detected for /World/scene_0/controllable__r1__robot_xblfuw/torso_link1.
2026-05-12 16:19:06 [73,484ms] [Warning] [omni.physx.plugin] Invalid PhysX transform detected for /World/scene_0/controllable__r1__robot_xblfuw/wheel_link1.
2026-05-12 16:19:06 [73,484ms] [Warning] [omni.physx.plugin] Invalid PhysX transform detected for /World/scene_0/controllable__r1__robot_xblfuw/wheel_link2.
2026-05-12 16:19:06 [73,484ms] [Warning] [omni.physx.plugin] Invalid PhysX transform detected for /World/scene_0/controllable__r1__robot_xblfuw/wheel_link3.
2026-05-12 16:19:06 [73,484ms] [Warning] [omni.physx.plugin] Invalid PhysX transform detected for /World/scene_0/controllable__r1__robot_xblfuw/torso_link2.
2026-05-12 16:19:06 [73,484ms] [Warning] [omni.physx.plugin] Invalid PhysX transform detected for /World/scene_0/controllable__r1__robot_xblfuw/torso_link3.
2026-05-12 16:19:06 [73,484ms] [Warning] [omni.physx.plugin] Invalid PhysX transform detected for /World/scene_0/controllable__r1__robot_xblfuw/torso_link4.
2026-05-12 16:19:06 [73,484ms] [Warning] [omni.physx.plugin] Invalid PhysX transform detected for /World/scene_0/controllable__r1__robot_xblfuw/left_arm_link1.
2026-05-12 16:19:06 [73,484ms] [Warning] [omni.physx.plugin] Invalid PhysX transform detected for /World/scene_0/controllable__r1__robot_xblfuw/right_arm_link1.
2026-05-12 16:19:06 [73,484ms] [Warning] [omni.physx.plugin] Invalid PhysX transform detected for /World/scene_0/controllable__r1__robot_xblfuw/eyes.
2026-05-12 16:19:06 [73,484ms] [Warning] [omni.physx.plugin] Invalid PhysX transform detected for /World/scene_0/controllable__r1__robot_xblfuw/left_arm_link2.
2026-05-12 16:19:06 [73,484ms] [Warning] [omni.physx.plugin] Invalid PhysX transform detected for /World/scene_0/controllable__r1__robot_xblfuw/right_arm_link2.
2026-05-12 16:19:06 [73,484ms] [Warning] [omni.physx.plugin] Invalid PhysX transform detected for /World/scene_0/controllable__r1__robot_xblfuw/left_arm_link3.
2026-05-12 16:19:06 [73,484ms] [Warning] [omni.physx.plugin] Invalid PhysX transform detected for /World/scene_0/controllable__r1__robot_xblfuw/right_arm_link3.
2026-05-12 16:19:06 [73,484ms] [Warning] [omni.physx.plugin] Invalid PhysX transform detected for /World/scene_0/controllable__r1__robot_xblfuw/left_arm_link4.
2026-05-12 16:19:06 [73,484ms] [Warning] [omni.physx.plugin] Invalid PhysX transform detected for /World/scene_0/controllable__r1__robot_xblfuw/right_arm_link4.
2026-05-12 16:19:06 [73,484ms] [Warning] [omni.physx.plugin] Invalid PhysX transform detected for /World/scene_0/controllable__r1__robot_xblfuw/left_arm_link5.
2026-05-12 16:19:06 [73,484ms] [Warning] [omni.physx.plugin] Invalid PhysX transform detected for /World/scene_0/controllable__r1__robot_xblfuw/right_arm_link5.
2026-05-12 16:19:06 [73,484ms] [Warning] [omni.physx.plugin] Invalid PhysX transform detected for /World/scene_0/controllable__r1__robot_xblfuw/left_arm_link6.
2026-05-12 16:19:06 [73,484ms] [Warning] [omni.physx.plugin] Invalid PhysX transform detected for /World/scene_0/controllable__r1__robot_xblfuw/right_arm_link6.
2026-05-12 16:19:06 [73,484ms] [Warning] [omni.physx.plugin] Invalid PhysX transform detected for /World/scene_0/controllable__r1__robot_xblfuw/left_gripper_link1.
2026-05-12 16:19:06 [73,484ms] [Warning] [omni.physx.plugin] Invalid PhysX transform detected for /World/scene_0/controllable__r1__robot_xblfuw/left_gripper_link2.
2026-05-12 16:19:06 [73,484ms] [Warning] [omni.physx.plugin] Invalid PhysX transform detected for /World/scene_0/controllable__r1__robot_xblfuw/left_eef_link.
2026-05-12 16:19:06 [73,484ms] [Warning] [omni.physx.plugin] Invalid PhysX transform detected for /World/scene_0/controllable__r1__robot_xblfuw/right_gripper_link1.
2026-05-12 16:19:06 [73,484ms] [Warning] [omni.physx.plugin] Invalid PhysX transform detected for /World/scene_0/controllable__r1__robot_xblfuw/right_gripper_link2.
2026-05-12 16:19:06 [73,484ms] [Warning] [omni.physx.plugin] Invalid PhysX transform detected for /World/scene_0/controllable__r1__robot_xblfuw/right_eef_link.
2026-05-12 16:19:06 [73,573ms] [Warning] [omni.physx.plugin] Invalid PhysX transform detected for /World/scene_0/controllable__r1__robot_xblfuw/base_footprint_y.
2026-05-12 16:19:06 [73,573ms] [Warning] [omni.physx.plugin] Invalid PhysX transform detected for /World/scene_0/controllable__r1__robot_xblfuw/base_footprint_z.
2026-05-12 16:19:06 [73,573ms] [Warning] [omni.physx.plugin] Invalid PhysX transform detected for /World/scene_0/controllable__r1__robot_xblfuw/base_footprint_rx.
2026-05-12 16:19:06 [73,573ms] [Warning] [omni.physx.plugin] Invalid PhysX transform detected for /World/scene_0/controllable__r1__robot_xblfuw/base_footprint_ry.
2026-05-12 16:19:06 [73,573ms] [Warning] [omni.physx.plugin] Invalid PhysX transform detected for /World/scene_0/controllable__r1__robot_xblfuw/base_footprint_rz.
2026-05-12 16:19:06 [73,573ms] [Warning] [omni.physx.plugin] Invalid PhysX transform detected for /World/scene_0/controllable__r1__robot_xblfuw/base_link.
2026-05-12 16:19:06 [73,573ms] [Warning] [omni.physx.plugin] Invalid PhysX transform detected for /World/scene_0/controllable__r1__robot_xblfuw/servo_link1.
2026-05-12 16:19:06 [73,573ms] [Warning] [omni.physx.plugin] Invalid PhysX transform detected for /World/scene_0/controllable__r1__robot_xblfuw/servo_link2.
2026-05-12 16:19:06 [73,573ms] [Warning] [omni.physx.plugin] Invalid PhysX transform detected for /World/scene_0/controllable__r1__robot_xblfuw/servo_link3.
2026-05-12 16:19:06 [73,573ms] [Warning] [omni.physx.plugin] Invalid PhysX transform detected for /World/scene_0/controllable__r1__robot_xblfuw/torso_link1.
2026-05-12 16:19:06 [73,573ms] [Warning] [omni.physx.plugin] Invalid PhysX transform detected for /World/scene_0/controllable__r1__robot_xblfuw/wheel_link1.
2026-05-12 16:19:06 [73,573ms] [Warning] [omni.physx.plugin] Invalid PhysX transform detected for /World/scene_0/controllable__r1__robot_xblfuw/wheel_link2.
2026-05-12 16:19:06 [73,573ms] [Warning] [omni.physx.plugin] Invalid PhysX transform detected for /World/scene_0/controllable__r1__robot_xblfuw/wheel_link3.
2026-05-12 16:19:06 [73,573ms] [Warning] [omni.physx.plugin] Invalid PhysX transform detected for /World/scene_0/controllable__r1__robot_xblfuw/torso_link2.
2026-05-12 16:19:06 [73,573ms] [Warning] [omni.physx.plugin] Invalid PhysX transform detected for /World/scene_0/controllable__r1__robot_xblfuw/torso_link3.
2026-05-12 16:19:06 [73,574ms] [Warning] [omni.physx.plugin] Invalid PhysX transform detected for /World/scene_0/controllable__r1__robot_xblfuw/torso_link4.
2026-05-12 16:19:06 [73,574ms] [Warning] [omni.physx.plugin] Invalid PhysX transform detected for /World/scene_0/controllable__r1__robot_xblfuw/left_arm_link1.
2026-05-12 16:19:06 [73,574ms] [Warning] [omni.physx.plugin] Invalid PhysX transform detected for /World/scene_0/controllable__r1__robot_xblfuw/right_arm_link1.
2026-05-12 16:19:06 [73,574ms] [Warning] [omni.physx.plugin] Invalid PhysX transform detected for /World/scene_0/controllable__r1__robot_xblfuw/eyes.
2026-05-12 16:19:06 [73,574ms] [Warning] [omni.physx.plugin] Invalid PhysX transform detected for /World/scene_0/controllable__r1__robot_xblfuw/left_arm_link2.
2026-05-12 16:19:06 [73,574ms] [Warning] [omni.physx.plugin] Invalid PhysX transform detected for /World/scene_0/controllable__r1__robot_xblfuw/right_arm_link2.
2026-05-12 16:19:06 [73,574ms] [Warning] [omni.physx.plugin] Invalid PhysX transform detected for /World/scene_0/controllable__r1__robot_xblfuw/left_arm_link3.
2026-05-12 16:19:06 [73,574ms] [Warning] [omni.physx.plugin] Invalid PhysX transform detected for /World/scene_0/controllable__r1__robot_xblfuw/right_arm_link3.
2026-05-12 16:19:06 [73,574ms] [Warning] [omni.physx.plugin] Invalid PhysX transform detected for /World/scene_0/controllable__r1__robot_xblfuw/left_arm_link4.
2026-05-12 16:19:06 [73,574ms] [Warning] [omni.physx.plugin] Invalid PhysX transform detected for /World/scene_0/controllable__r1__robot_xblfuw/right_arm_link4.
2026-05-12 16:19:06 [73,574ms] [Warning] [omni.physx.plugin] Invalid PhysX transform detected for /World/scene_0/controllable__r1__robot_xblfuw/left_arm_link5.
2026-05-12 16:19:06 [73,574ms] [Warning] [omni.physx.plugin] Invalid PhysX transform detected for /World/scene_0/controllable__r1__robot_xblfuw/right_arm_link5.
2026-05-12 16:19:06 [73,574ms] [Warning] [omni.physx.plugin] Invalid PhysX transform detected for /World/scene_0/controllable__r1__robot_xblfuw/left_arm_link6.
2026-05-12 16:19:06 [73,574ms] [Warning] [omni.physx.plugin] Invalid PhysX transform detected for /World/scene_0/controllable__r1__robot_xblfuw/right_arm_link6.
2026-05-12 16:19:06 [73,574ms] [Warning] [omni.physx.plugin] Invalid PhysX transform detected for /World/scene_0/controllable__r1__robot_xblfuw/left_gripper_link1.
2026-05-12 16:19:06 [73,574ms] [Warning] [omni.physx.plugin] Invalid PhysX transform detected for /World/scene_0/controllable__r1__robot_xblfuw/left_gripper_link2.
2026-05-12 16:19:06 [73,574ms] [Warning] [omni.physx.plugin] Invalid PhysX transform detected for /World/scene_0/controllable__r1__robot_xblfuw/left_eef_link.
2026-05-12 16:19:06 [73,574ms] [Warning] [omni.physx.plugin] Invalid PhysX transform detected for /World/scene_0/controllable__r1__robot_xblfuw/right_gripper_link1.
2026-05-12 16:19:06 [73,574ms] [Warning] [omni.physx.plugin] Invalid PhysX transform detected for /World/scene_0/controllable__r1__robot_xblfuw/right_gripper_link2.
2026-05-12 16:19:06 [73,574ms] [Warning] [omni.physx.plugin] Invalid PhysX transform detected for /World/scene_0/controllable__r1__robot_xblfuw/right_eef_link.
2026-05-12 16:19:07 [73,949ms] [Warning] [carb] Client omni.kit.viewport.legacy_gizmos has acquired [carb::dictionary::IDictionary v1.1] 100 times. Consider accessing this interface with carb::getCachedInterface() (Performance warning)
2026-05-12 16:19:07 [74,123ms] [Warning] [omni.physx.plugin] Invalid PhysX transform detected for /World/scene_0/controllable__r1__robot_xblfuw/base_footprint_y.
2026-05-12 16:19:07 [74,123ms] [Warning] [omni.physx.plugin] Invalid PhysX transform detected for /World/scene_0/controllable__r1__robot_xblfuw/base_footprint_z.
2026-05-12 16:19:07 [74,123ms] [Warning] [omni.physx.plugin] Invalid PhysX transform detected for /World/scene_0/controllable__r1__robot_xblfuw/base_footprint_rx.
2026-05-12 16:19:07 [74,123ms] [Warning] [omni.physx.plugin] Invalid PhysX transform detected for /World/scene_0/controllable__r1__robot_xblfuw/base_footprint_ry.
2026-05-12 16:19:07 [74,123ms] [Warning] [omni.physx.plugin] Invalid PhysX transform detected for /World/scene_0/controllable__r1__robot_xblfuw/base_footprint_rz.
2026-05-12 16:19:07 [74,123ms] [Warning] [omni.physx.plugin] Invalid PhysX transform detected for /World/scene_0/controllable__r1__robot_xblfuw/base_link.
2026-05-12 16:19:07 [74,123ms] [Warning] [omni.physx.plugin] Invalid PhysX transform detected for /World/scene_0/controllable__r1__robot_xblfuw/servo_link1.
2026-05-12 16:19:07 [74,123ms] [Warning] [omni.physx.plugin] Invalid PhysX transform detected for /World/scene_0/controllable__r1__robot_xblfuw/servo_link2.
2026-05-12 16:19:07 [74,123ms] [Warning] [omni.physx.plugin] Invalid PhysX transform detected for /World/scene_0/controllable__r1__robot_xblfuw/servo_link3.
2026-05-12 16:19:07 [74,123ms] [Warning] [omni.physx.plugin] Invalid PhysX transform detected for /World/scene_0/controllable__r1__robot_xblfuw/torso_link1.
2026-05-12 16:19:07 [74,123ms] [Warning] [omni.physx.plugin] Invalid PhysX transform detected for /World/scene_0/controllable__r1__robot_xblfuw/wheel_link1.
2026-05-12 16:19:07 [74,123ms] [Warning] [omni.physx.plugin] Invalid PhysX transform detected for /World/scene_0/controllable__r1__robot_xblfuw/wheel_link2.
2026-05-12 16:19:07 [74,123ms] [Warning] [omni.physx.plugin] Invalid PhysX transform detected for /World/scene_0/controllable__r1__robot_xblfuw/wheel_link3.
2026-05-12 16:19:07 [74,123ms] [Warning] [omni.physx.plugin] Invalid PhysX transform detected for /World/scene_0/controllable__r1__robot_xblfuw/torso_link2.
2026-05-12 16:19:07 [74,123ms] [Warning] [omni.physx.plugin] Invalid PhysX transform detected for /World/scene_0/controllable__r1__robot_xblfuw/torso_link3.
2026-05-12 16:19:07 [74,123ms] [Warning] [omni.physx.plugin] Invalid PhysX transform detected for /World/scene_0/controllable__r1__robot_xblfuw/torso_link4.
2026-05-12 16:19:07 [74,123ms] [Warning] [omni.physx.plugin] Invalid PhysX transform detected for /World/scene_0/controllable__r1__robot_xblfuw/left_arm_link1.
2026-05-12 16:19:07 [74,123ms] [Warning] [omni.physx.plugin] Invalid PhysX transform detected for /World/scene_0/controllable__r1__robot_xblfuw/right_arm_link1.
2026-05-12 16:19:07 [74,123ms] [Warning] [omni.physx.plugin] Invalid PhysX transform detected for /World/scene_0/controllable__r1__robot_xblfuw/eyes.
2026-05-12 16:19:07 [74,123ms] [Warning] [omni.physx.plugin] Invalid PhysX transform detected for /World/scene_0/controllable__r1__robot_xblfuw/left_arm_link2.
2026-05-12 16:19:07 [74,123ms] [Warning] [omni.physx.plugin] Invalid PhysX transform detected for /World/scene_0/controllable__r1__robot_xblfuw/right_arm_link2.
2026-05-12 16:19:07 [74,123ms] [Warning] [omni.physx.plugin] Invalid PhysX transform detected for /World/scene_0/controllable__r1__robot_xblfuw/left_arm_link3.
2026-05-12 16:19:07 [74,123ms] [Warning] [omni.physx.plugin] Invalid PhysX transform detected for /World/scene_0/controllable__r1__robot_xblfuw/right_arm_link3.
2026-05-12 16:19:07 [74,123ms] [Warning] [omni.physx.plugin] Invalid PhysX transform detected for /World/scene_0/controllable__r1__robot_xblfuw/left_arm_link4.
2026-05-12 16:19:07 [74,123ms] [Warning] [omni.physx.plugin] Invalid PhysX transform detected for /World/scene_0/controllable__r1__robot_xblfuw/right_arm_link4.
2026-05-12 16:19:07 [74,123ms] [Warning] [omni.physx.plugin] Invalid PhysX transform detected for /World/scene_0/controllable__r1__robot_xblfuw/left_arm_link5.
2026-05-12 16:19:07 [74,123ms] [Warning] [omni.physx.plugin] Invalid PhysX transform detected for /World/scene_0/controllable__r1__robot_xblfuw/right_arm_link5.
2026-05-12 16:19:07 [74,123ms] [Warning] [omni.physx.plugin] Invalid PhysX transform detected for /World/scene_0/controllable__r1__robot_xblfuw/left_arm_link6.
2026-05-12 16:19:07 [74,123ms] [Warning] [omni.physx.plugin] Invalid PhysX transform detected for /World/scene_0/controllable__r1__robot_xblfuw/right_arm_link6.
2026-05-12 16:19:07 [74,123ms] [Warning] [omni.physx.plugin] Invalid PhysX transform detected for /World/scene_0/controllable__r1__robot_xblfuw/left_gripper_link1.
2026-05-12 16:19:07 [74,123ms] [Warning] [omni.physx.plugin] Invalid PhysX transform detected for /World/scene_0/controllable__r1__robot_xblfuw/left_gripper_link2.
2026-05-12 16:19:07 [74,123ms] [Warning] [omni.physx.plugin] Invalid PhysX transform detected for /World/scene_0/controllable__r1__robot_xblfuw/left_eef_link.
2026-05-12 16:19:07 [74,123ms] [Warning] [omni.physx.plugin] Invalid PhysX transform detected for /World/scene_0/controllable__r1__robot_xblfuw/right_gripper_link1.
2026-05-12 16:19:07 [74,123ms] [Warning] [omni.physx.plugin] Invalid PhysX transform detected for /World/scene_0/controllable__r1__robot_xblfuw/right_gripper_link2.
2026-05-12 16:19:07 [74,124ms] [Warning] [omni.physx.plugin] Invalid PhysX transform detected for /World/scene_0/controllable__r1__robot_xblfuw/right_eef_link.
2026-05-12 16:19:07 [74,208ms] [Warning] [omni.physx.plugin] Invalid PhysX transform detected for /World/scene_0/controllable__r1__robot_xblfuw/base_footprint_y.
2026-05-12 16:19:07 [74,208ms] [Warning] [omni.physx.plugin] Invalid PhysX transform detected for /World/scene_0/controllable__r1__robot_xblfuw/base_footprint_z.
2026-05-12 16:19:07 [74,208ms] [Warning] [omni.physx.plugin] Invalid PhysX transform detected for /World/scene_0/controllable__r1__robot_xblfuw/base_footprint_rx.
2026-05-12 16:19:07 [74,208ms] [Warning] [omni.physx.plugin] Invalid PhysX transform detected for /World/scene_0/controllable__r1__robot_xblfuw/base_footprint_ry.
2026-05-12 16:19:07 [74,208ms] [Warning] [omni.physx.plugin] Invalid PhysX transform detected for /World/scene_0/controllable__r1__robot_xblfuw/base_footprint_rz.
2026-05-12 16:19:07 [74,208ms] [Warning] [omni.physx.plugin] Invalid PhysX transform detected for /World/scene_0/controllable__r1__robot_xblfuw/base_link.
2026-05-12 16:19:07 [74,208ms] [Warning] [omni.physx.plugin] Invalid PhysX transform detected for /World/scene_0/controllable__r1__robot_xblfuw/servo_link1.
2026-05-12 16:19:07 [74,208ms] [Warning] [omni.physx.plugin] Invalid PhysX transform detected for /World/scene_0/controllable__r1__robot_xblfuw/servo_link2.
2026-05-12 16:19:07 [74,208ms] [Warning] [omni.physx.plugin] Invalid PhysX transform detected for /World/scene_0/controllable__r1__robot_xblfuw/servo_link3.
2026-05-12 16:19:07 [74,208ms] [Warning] [omni.physx.plugin] Invalid PhysX transform detected for /World/scene_0/controllable__r1__robot_xblfuw/torso_link1.
2026-05-12 16:19:07 [74,208ms] [Warning] [omni.physx.plugin] Invalid PhysX transform detected for /World/scene_0/controllable__r1__robot_xblfuw/wheel_link1.
2026-05-12 16:19:07 [74,208ms] [Warning] [omni.physx.plugin] Invalid PhysX transform detected for /World/scene_0/controllable__r1__robot_xblfuw/wheel_link2.
2026-05-12 16:19:07 [74,208ms] [Warning] [omni.physx.plugin] Invalid PhysX transform detected for /World/scene_0/controllable__r1__robot_xblfuw/wheel_link3.
2026-05-12 16:19:07 [74,208ms] [Warning] [omni.physx.plugin] Invalid PhysX transform detected for /World/scene_0/controllable__r1__robot_xblfuw/torso_link2.
2026-05-12 16:19:07 [74,208ms] [Warning] [omni.physx.plugin] Invalid PhysX transform detected for /World/scene_0/controllable__r1__robot_xblfuw/torso_link3.
2026-05-12 16:19:07 [74,208ms] [Warning] [omni.physx.plugin] Invalid PhysX transform detected for /World/scene_0/controllable__r1__robot_xblfuw/torso_link4.
2026-05-12 16:19:07 [74,208ms] [Warning] [omni.physx.plugin] Invalid PhysX transform detected for /World/scene_0/controllable__r1__robot_xblfuw/left_arm_link1.
2026-05-12 16:19:07 [74,208ms] [Warning] [omni.physx.plugin] Invalid PhysX transform detected for /World/scene_0/controllable__r1__robot_xblfuw/right_arm_link1.
2026-05-12 16:19:07 [74,208ms] [Warning] [omni.physx.plugin] Invalid PhysX transform detected for /World/scene_0/controllable__r1__robot_xblfuw/eyes.
2026-05-12 16:19:07 [74,208ms] [Warning] [omni.physx.plugin] Invalid PhysX transform detected for /World/scene_0/controllable__r1__robot_xblfuw/left_arm_link2.
2026-05-12 16:19:07 [74,208ms] [Warning] [omni.physx.plugin] Invalid PhysX transform detected for /World/scene_0/controllable__r1__robot_xblfuw/right_arm_link2.
2026-05-12 16:19:07 [74,208ms] [Warning] [omni.physx.plugin] Invalid PhysX transform detected for /World/scene_0/controllable__r1__robot_xblfuw/left_arm_link3.
2026-05-12 16:19:07 [74,208ms] [Warning] [omni.physx.plugin] Invalid PhysX transform detected for /World/scene_0/controllable__r1__robot_xblfuw/right_arm_link3.
2026-05-12 16:19:07 [74,208ms] [Warning] [omni.physx.plugin] Invalid PhysX transform detected for /World/scene_0/controllable__r1__robot_xblfuw/left_arm_link4.
2026-05-12 16:19:07 [74,208ms] [Warning] [omni.physx.plugin] Invalid PhysX transform detected for /World/scene_0/controllable__r1__robot_xblfuw/right_arm_link4.
2026-05-12 16:19:07 [74,208ms] [Warning] [omni.physx.plugin] Invalid PhysX transform detected for /World/scene_0/controllable__r1__robot_xblfuw/left_arm_link5.
2026-05-12 16:19:07 [74,208ms] [Warning] [omni.physx.plugin] Invalid PhysX transform detected for /World/scene_0/controllable__r1__robot_xblfuw/right_arm_link5.
2026-05-12 16:19:07 [74,208ms] [Warning] [omni.physx.plugin] Invalid PhysX transform detected for /World/scene_0/controllable__r1__robot_xblfuw/left_arm_link6.
2026-05-12 16:19:07 [74,208ms] [Warning] [omni.physx.plugin] Invalid PhysX transform detected for /World/scene_0/controllable__r1__robot_xblfuw/right_arm_link6.
2026-05-12 16:19:07 [74,208ms] [Warning] [omni.physx.plugin] Invalid PhysX transform detected for /World/scene_0/controllable__r1__robot_xblfuw/left_gripper_link1.
2026-05-12 16:19:07 [74,208ms] [Warning] [omni.physx.plugin] Invalid PhysX transform detected for /World/scene_0/controllable__r1__robot_xblfuw/left_gripper_link2.
2026-05-12 16:19:07 [74,208ms] [Warning] [omni.physx.plugin] Invalid PhysX transform detected for /World/scene_0/controllable__r1__robot_xblfuw/left_eef_link.
2026-05-12 16:19:07 [74,208ms] [Warning] [omni.physx.plugin] Invalid PhysX transform detected for /World/scene_0/controllable__r1__robot_xblfuw/right_gripper_link1.
2026-05-12 16:19:07 [74,208ms] [Warning] [omni.physx.plugin] Invalid PhysX transform detected for /World/scene_0/controllable__r1__robot_xblfuw/right_gripper_link2.
2026-05-12 16:19:07 [74,208ms] [Warning] [omni.physx.plugin] Invalid PhysX transform detected for /World/scene_0/controllable__r1__robot_xblfuw/right_eef_link.
2026-05-12 16:19:07 [74,445ms] [Warning] [omni.physx.plugin] Invalid PhysX transform detected for /World/scene_0/controllable__r1__robot_xblfuw/base_footprint_y.
2026-05-12 16:19:07 [74,445ms] [Warning] [omni.physx.plugin] Invalid PhysX transform detected for /World/scene_0/controllable__r1__robot_xblfuw/base_footprint_z.
2026-05-12 16:19:07 [74,445ms] [Warning] [omni.physx.plugin] Invalid PhysX transform detected for /World/scene_0/controllable__r1__robot_xblfuw/base_footprint_rx.
2026-05-12 16:19:07 [74,445ms] [Warning] [omni.physx.plugin] Invalid PhysX transform detected for /World/scene_0/controllable__r1__robot_xblfuw/base_footprint_ry.
2026-05-12 16:19:07 [74,445ms] [Warning] [omni.physx.plugin] Invalid PhysX transform detected for /World/scene_0/controllable__r1__robot_xblfuw/base_footprint_rz.
2026-05-12 16:19:07 [74,445ms] [Warning] [omni.physx.plugin] Invalid PhysX transform detected for /World/scene_0/controllable__r1__robot_xblfuw/base_link.
2026-05-12 16:19:07 [74,445ms] [Warning] [omni.physx.plugin] Invalid PhysX transform detected for /World/scene_0/controllable__r1__robot_xblfuw/servo_link1.
2026-05-12 16:19:07 [74,445ms] [Warning] [omni.physx.plugin] Invalid PhysX transform detected for /World/scene_0/controllable__r1__robot_xblfuw/servo_link2.
2026-05-12 16:19:07 [74,445ms] [Warning] [omni.physx.plugin] Invalid PhysX transform detected for /World/scene_0/controllable__r1__robot_xblfuw/servo_link3.
2026-05-12 16:19:07 [74,445ms] [Warning] [omni.physx.plugin] Invalid PhysX transform detected for /World/scene_0/controllable__r1__robot_xblfuw/torso_link1.
2026-05-12 16:19:07 [74,445ms] [Warning] [omni.physx.plugin] Invalid PhysX transform detected for /World/scene_0/controllable__r1__robot_xblfuw/wheel_link1.
2026-05-12 16:19:07 [74,445ms] [Warning] [omni.physx.plugin] Invalid PhysX transform detected for /World/scene_0/controllable__r1__robot_xblfuw/wheel_link2.
2026-05-12 16:19:07 [74,445ms] [Warning] [omni.physx.plugin] Invalid PhysX transform detected for /World/scene_0/controllable__r1__robot_xblfuw/wheel_link3.
2026-05-12 16:19:07 [74,445ms] [Warning] [omni.physx.plugin] Invalid PhysX transform detected for /World/scene_0/controllable__r1__robot_xblfuw/torso_link2.
2026-05-12 16:19:07 [74,445ms] [Warning] [omni.physx.plugin] Invalid PhysX transform detected for /World/scene_0/controllable__r1__robot_xblfuw/torso_link3.
2026-05-12 16:19:07 [74,445ms] [Warning] [omni.physx.plugin] Invalid PhysX transform detected for /World/scene_0/controllable__r1__robot_xblfuw/torso_link4.
2026-05-12 16:19:07 [74,445ms] [Warning] [omni.physx.plugin] Invalid PhysX transform detected for /World/scene_0/controllable__r1__robot_xblfuw/left_arm_link1.
2026-05-12 16:19:07 [74,445ms] [Warning] [omni.physx.plugin] Invalid PhysX transform detected for /World/scene_0/controllable__r1__robot_xblfuw/right_arm_link1.
2026-05-12 16:19:07 [74,445ms] [Warning] [omni.physx.plugin] Invalid PhysX transform detected for /World/scene_0/controllable__r1__robot_xblfuw/eyes.
2026-05-12 16:19:07 [74,445ms] [Warning] [omni.physx.plugin] Invalid PhysX transform detected for /World/scene_0/controllable__r1__robot_xblfuw/left_arm_link2.
2026-05-12 16:19:07 [74,445ms] [Warning] [omni.physx.plugin] Invalid PhysX transform detected for /World/scene_0/controllable__r1__robot_xblfuw/right_arm_link2.
2026-05-12 16:19:07 [74,445ms] [Warning] [omni.physx.plugin] Invalid PhysX transform detected for /World/scene_0/controllable__r1__robot_xblfuw/left_arm_link3.
2026-05-12 16:19:07 [74,445ms] [Warning] [omni.physx.plugin] Invalid PhysX transform detected for /World/scene_0/controllable__r1__robot_xblfuw/right_arm_link3.
2026-05-12 16:19:07 [74,445ms] [Warning] [omni.physx.plugin] Invalid PhysX transform detected for /World/scene_0/controllable__r1__robot_xblfuw/left_arm_link4.
2026-05-12 16:19:07 [74,445ms] [Warning] [omni.physx.plugin] Invalid PhysX transform detected for /World/scene_0/controllable__r1__robot_xblfuw/right_arm_link4.
2026-05-12 16:19:07 [74,445ms] [Warning] [omni.physx.plugin] Invalid PhysX transform detected for /World/scene_0/controllable__r1__robot_xblfuw/left_arm_link5.
2026-05-12 16:19:07 [74,445ms] [Warning] [omni.physx.plugin] Invalid PhysX transform detected for /World/scene_0/controllable__r1__robot_xblfuw/right_arm_link5.
2026-05-12 16:19:07 [74,445ms] [Warning] [omni.physx.plugin] Invalid PhysX transform detected for /World/scene_0/controllable__r1__robot_xblfuw/left_arm_link6.
2026-05-12 16:19:07 [74,445ms] [Warning] [omni.physx.plugin] Invalid PhysX transform detected for /World/scene_0/controllable__r1__robot_xblfuw/right_arm_link6.
2026-05-12 16:19:07 [74,446ms] [Warning] [omni.physx.plugin] Invalid PhysX transform detected for /World/scene_0/controllable__r1__robot_xblfuw/left_gripper_link1.
2026-05-12 16:19:07 [74,446ms] [Warning] [omni.physx.plugin] Invalid PhysX transform detected for /World/scene_0/controllable__r1__robot_xblfuw/left_gripper_link2.
2026-05-12 16:19:07 [74,446ms] [Warning] [omni.physx.plugin] Invalid PhysX transform detected for /World/scene_0/controllable__r1__robot_xblfuw/left_eef_link.
2026-05-12 16:19:07 [74,446ms] [Warning] [omni.physx.plugin] Invalid PhysX transform detected for /World/scene_0/controllable__r1__robot_xblfuw/right_gripper_link1.
2026-05-12 16:19:07 [74,446ms] [Warning] [omni.physx.plugin] Invalid PhysX transform detected for /World/scene_0/controllable__r1__robot_xblfuw/right_gripper_link2.
2026-05-12 16:19:07 [74,446ms] [Warning] [omni.physx.plugin] Invalid PhysX transform detected for /World/scene_0/controllable__r1__robot_xblfuw/right_eef_link.
2026-05-12 16:19:07 [74,538ms] [Warning] [omni.physx.plugin] Invalid PhysX transform detected for /World/scene_0/controllable__r1__robot_xblfuw/base_footprint_y.
2026-05-12 16:19:07 [74,538ms] [Warning] [omni.physx.plugin] Invalid PhysX transform detected for /World/scene_0/controllable__r1__robot_xblfuw/base_footprint_z.
2026-05-12 16:19:07 [74,538ms] [Warning] [omni.physx.plugin] Invalid PhysX transform detected for /World/scene_0/controllable__r1__robot_xblfuw/base_footprint_rx.
2026-05-12 16:19:07 [74,538ms] [Warning] [omni.physx.plugin] Invalid PhysX transform detected for /World/scene_0/controllable__r1__robot_xblfuw/base_footprint_ry.
2026-05-12 16:19:07 [74,538ms] [Warning] [omni.physx.plugin] Invalid PhysX transform detected for /World/scene_0/controllable__r1__robot_xblfuw/base_footprint_rz.
2026-05-12 16:19:07 [74,538ms] [Warning] [omni.physx.plugin] Invalid PhysX transform detected for /World/scene_0/controllable__r1__robot_xblfuw/base_link.
2026-05-12 16:19:07 [74,538ms] [Warning] [omni.physx.plugin] Invalid PhysX transform detected for /World/scene_0/controllable__r1__robot_xblfuw/servo_link1.
2026-05-12 16:19:07 [74,538ms] [Warning] [omni.physx.plugin] Invalid PhysX transform detected for /World/scene_0/controllable__r1__robot_xblfuw/servo_link2.
2026-05-12 16:19:07 [74,538ms] [Warning] [omni.physx.plugin] Invalid PhysX transform detected for /World/scene_0/controllable__r1__robot_xblfuw/servo_link3.
2026-05-12 16:19:07 [74,538ms] [Warning] [omni.physx.plugin] Invalid PhysX transform detected for /World/scene_0/controllable__r1__robot_xblfuw/torso_link1.
2026-05-12 16:19:07 [74,538ms] [Warning] [omni.physx.plugin] Invalid PhysX transform detected for /World/scene_0/controllable__r1__robot_xblfuw/wheel_link1.
2026-05-12 16:19:07 [74,538ms] [Warning] [omni.physx.plugin] Invalid PhysX transform detected for /World/scene_0/controllable__r1__robot_xblfuw/wheel_link2.
2026-05-12 16:19:07 [74,538ms] [Warning] [omni.physx.plugin] Invalid PhysX transform detected for /World/scene_0/controllable__r1__robot_xblfuw/wheel_link3.
2026-05-12 16:19:07 [74,538ms] [Warning] [omni.physx.plugin] Invalid PhysX transform detected for /World/scene_0/controllable__r1__robot_xblfuw/torso_link2.
2026-05-12 16:19:07 [74,538ms] [Warning] [omni.physx.plugin] Invalid PhysX transform detected for /World/scene_0/controllable__r1__robot_xblfuw/torso_link3.
2026-05-12 16:19:07 [74,538ms] [Warning] [omni.physx.plugin] Invalid PhysX transform detected for /World/scene_0/controllable__r1__robot_xblfuw/torso_link4.
2026-05-12 16:19:07 [74,538ms] [Warning] [omni.physx.plugin] Invalid PhysX transform detected for /World/scene_0/controllable__r1__robot_xblfuw/left_arm_link1.
2026-05-12 16:19:07 [74,538ms] [Warning] [omni.physx.plugin] Invalid PhysX transform detected for /World/scene_0/controllable__r1__robot_xblfuw/right_arm_link1.
2026-05-12 16:19:07 [74,538ms] [Warning] [omni.physx.plugin] Invalid PhysX transform detected for /World/scene_0/controllable__r1__robot_xblfuw/eyes.
2026-05-12 16:19:07 [74,538ms] [Warning] [omni.physx.plugin] Invalid PhysX transform detected for /World/scene_0/controllable__r1__robot_xblfuw/left_arm_link2.
2026-05-12 16:19:07 [74,538ms] [Warning] [omni.physx.plugin] Invalid PhysX transform detected for /World/scene_0/controllable__r1__robot_xblfuw/right_arm_link2.
2026-05-12 16:19:07 [74,538ms] [Warning] [omni.physx.plugin] Invalid PhysX transform detected for /World/scene_0/controllable__r1__robot_xblfuw/left_arm_link3.
2026-05-12 16:19:07 [74,538ms] [Warning] [omni.physx.plugin] Invalid PhysX transform detected for /World/scene_0/controllable__r1__robot_xblfuw/right_arm_link3.
2026-05-12 16:19:07 [74,538ms] [Warning] [omni.physx.plugin] Invalid PhysX transform detected for /World/scene_0/controllable__r1__robot_xblfuw/left_arm_link4.
2026-05-12 16:19:07 [74,538ms] [Wa[record_scene_video] task setup complete
[record_scene_video] deformable-unveil target=[0.00079974 0.00175564 0.0016781 ] cloth=cover_small_item_render_cloth_4175346132
[record_scene_video] setting initial viewer camera
[record_scene_video] capturing first frame
[record_scene_video] first frame captured shape=(720, 1280, 3)
rning] [omni.physx.plugin] Invalid PhysX transform detected for /World/scene_0/controllable__r1__robot_xblfuw/right_arm_link4.
2026-05-12 16:19:07 [74,538ms] [Warning] [omni.physx.plugin] Invalid PhysX transform detected for /World/scene_0/controllable__r1__robot_xblfuw/left_arm_link5.
2026-05-12 16:19:07 [74,538ms] [Warning] [omni.physx.plugin] Invalid PhysX transform detected for /World/scene_0/controllable__r1__robot_xblfuw/right_arm_link5.
2026-05-12 16:19:07 [74,538ms] [Warning] [omni.physx.plugin] Invalid PhysX transform detected for /World/scene_0/controllable__r1__robot_xblfuw/left_arm_link6.
2026-05-12 16:19:07 [74,538ms] [Warning] [omni.physx.plugin] Invalid PhysX transform detected for /World/scene_0/controllable__r1__robot_xblfuw/right_arm_link6.
2026-05-12 16:19:07 [74,538ms] [Warning] [omni.physx.plugin] Invalid PhysX transform detected for /World/scene_0/controllable__r1__robot_xblfuw/left_gripper_link1.
2026-05-12 16:19:07 [74,538ms] [Warning] [omni.physx.plugin] Invalid PhysX transform detected for /World/scene_0/controllable__r1__robot_xblfuw/left_gripper_link2.
2026-05-12 16:19:07 [74,538ms] [Warning] [omni.physx.plugin] Invalid PhysX transform detected for /World/scene_0/controllable__r1__robot_xblfuw/left_eef_link.
2026-05-12 16:19:07 [74,538ms] [Warning] [omni.physx.plugin] Invalid PhysX transform detected for /World/scene_0/controllable__r1__robot_xblfuw/right_gripper_link1.
2026-05-12 16:19:07 [74,538ms] [Warning] [omni.physx.plugin] Invalid PhysX transform detected for /World/scene_0/controllable__r1__robot_xblfuw/right_gripper_link2.
2026-05-12 16:19:07 [74,538ms] [Warning] [omni.physx.plugin] Invalid PhysX transform detected for /World/scene_0/controllable__r1__robot_xblfuw/right_eef_link.
2026-05-12 16:19:12 [79,589ms] [Warning] [carb] Plugin interface for a client: omni.hydratexture.plugin was already released.
2026-05-12 16:19:12 [79,589ms] [Warning] [carb] Plugin interface for a client: omni.hydratexture.plugin was already released.
2026-05-12 16:19:12 [79,589ms] [Warning] [carb] Plugin interface for a client: omni.hydratexture.plugin was already released.
2026-05-12 16:19:12 [79,590ms] [Warning] [carb] Plugin interface for a client: omni.hydratexture.plugin was already released.
2026-05-12 16:19:12 [79,590ms] [Warning] [carb] Plugin interface for a client: omni.hydratexture.plugin was already released.
2026-05-12 16:19:12 [79,590ms] [Warning] [carb] Plugin interface for a client: omni.hydratexture.plugin was already released.
2026-05-12 16:19:12 [79,590ms] [Warning] [carb] Plugin interface for a client: omni.hydratexture.plugin was already released.
[79.729s] Simulation App Shutting Down
